pt_code,term_ja,reading_kana,reading_alt
10000002,１１βヒドロキシラーゼ欠損症,11ベータヒドロキシラーゼケッソンショウ,
10000005,尿中１７ケトステロイド,ニョウチュウ17ケトステロイド,
10000007,尿中１７ケトステロイド減少,ニョウチュウ17ケトステロイドゲンショウ,
10000009,尿中１７ケトステロイド増加,ニョウチュウ17ケトステロイドゾウカ,
10000011,尿中１７ケトステロイド正常,ニョウチュウ17ケトステロイドセイジョウ,
10000013,１７，２０－デスモラーゼ欠損症,1720デスモラーゼケッソンショウ,
10000014,１７αヒドロキシラーゼ欠損症,17アルファヒドロキシラーゼケッソンショウ,
10000020,２０，２２－デスモラーゼ欠損症,2022デスモラーゼケッソンショウ,
10000021,２１－ヒドロキシラーゼ欠損症,21ヒドロキシラーゼケッソンショウ,
10000028,５－ヌクレオチダーゼ上昇,5ヌクレオチダーゼジョウショウ,
10000029,５－α還元酵素欠損症,5アルファカンゲンコウソケッソンショウ,
10000044,腹部圧挫,フクブアツザ,
10000050,腹部癒着,フクブユチャク,
10000059,腹部不快感,フクブフカイカン,
10000060,腹部膨満,フクブボウマン,
10000077,腹部腫瘤,フクブシュリュウ,
10000081,腹痛,フクツウ,
10000084,下腹部痛,カフクブツウ,
10000087,上腹部痛,ジョウフクブツウ,
10000090,腹部硬直,フクブコウチョク,
10000094,腹部瘻孔修復,フクブロウコウシュウフク,
10000097,腹部圧痛,フクブアッツウ,
10000098,腹部内臓転位,フクブナイゾウテンイ,
10000099,腹壁膿瘍,フクヘキノウヨウ,
10000101,腹壁形成異常,フクヘキケイセイイジョウ,
10000111,外転神経手術,ガイテンシンケイシュジュツ,
10000125,異常な夢,イジョウナユメ,
10000133,異常便,イジョウベン,
10000153,異常分娩,イジョウブンベン,
10000154,胎児に影響する異常分娩,タイジニエイキョウスルイジョウブンベン,
10000159,異常体重減少,イジョウタイジュウゲンショウ,
10000162,手掌／足底皮線異常,シュショウソクテイヒセンイジョウ,
10000173,眼の異常感,メノイジョウカン,
10000188,異常体重増加,イジョウタイジュウゾウカ,
10000205,新生児ＡＢＯ溶血性疾患,シンセイジABOヨウケツセイシッカン,
10000206,ＡＢＯ不適合,ABOフテキゴウ,
10000209,妊娠流産,ニンシンリュウザン,
10000210,流産,リュウザン,
10000212,合併症を伴う完全流産,ガッペイショウヲトモナウカンゼンリュウザン,
10000217,不全流産,フゼンリュウザン,
10000218,合併症を伴う不全流産,ガッペイショウヲトモナウフゼンリュウザン,
10000220,人工流産,ジンコウリュウザン,
10000221,合併症を伴う完全人工流産,ガッペイショウヲトモナウカンゼンジンコウリュウザン,
10000223,合併症を伴う人工流産,ガッペイショウヲトモナウジンコウリュウザン,
10000225,合併症を伴う不完全人工流産,ガッペイショウヲトモナウフカンゼンジンコウリュウザン,
10000228,感染性流産,カンセンセイリュウザン,
10000230,稽留流産,ケイリュウリュウザン,
10000234,自然流産,シゼンリュウザン,
10000236,合併症を伴う完全自然流産,ガッペイショウヲトモナウカンゼンシゼンリュウザン,
10000238,合併症を伴う自然流産,ガッペイショウヲトモナウシゼンリュウザン,
10000239,合併症を伴う不全自然流産,ガッペイショウヲトモナウフゼンシゼンリュウザン,
10000242,切迫流産,セッパクリュウザン,
10000269,膿瘍,ノウヨウ,
10000272,細菌性膿瘍,サイキンセイノウヨウ,
10000279,膿瘍ドレナージ,ノウヨウドレナージ,
10000285,腸管膿瘍,チョウカンノウヨウ,
10000296,外耳膿瘍,ガイジノウヨウ,
10000297,眼瞼膿瘍,ガンケンノウヨウ,
10000305,唾液腺膿瘍,ダエキセンノウヨウ,
10000311,口腔膿瘍,コウクウノウヨウ,コウコウノウヨウ
10000317,無菌膿瘍,ムキンノウヨウ,
10000318,汗腺膿瘍,カンセンノウヨウ,
10000340,禁酒,キンシュ,
10000346,失算症,シッサンショウ,
10000349,表皮肥厚,ヒョウヒヒコウ,
10000350,黒色表皮腫,コクショクヒョウヒシュ,
10000351,ダニ症,ダニショウ,
10000358,進行性高血圧,シンコウセイコウケツアツ,
10000361,副耳,フクジ,
10000362,副手根骨,フクシュコンコツ,
10000364,副筋,フクキン,
10000368,副唾液腺,フクダエキセン,
10000369,事故,ジコ,
10000370,家庭内事故,カテイナイジコ,
10000372,労働災害,ロウドウサイガイ,
10000381,偶発的過量投与,グウハツテキカリョウトウヨ,
10000383,偶発的中毒,グウハツテキチュウドク,
10000389,調節障害,チョウセツショウガイ,
10000397,寛骨臼骨折,カンコツキュウコッセツ,
10000410,アセトン血症,アセトンケツショウ,アセトンケッショウ
10000451,無酸症,ムサンショウ,
10000456,酸塩基平衡,サンエンキヘイコウ,
10000457,酸塩基平衡異常,サンエンキヘイコウイジョウ,
10000458,酸塩基平衡正常,サンエンキヘイコウセイジョウ,
10000483,混合型酸塩基平衡障害,コンゴウガタサンエンキヘイコウショウガイ,
10000486,アシドーシス,アシドーシス,
10000489,高クロール血性アシドーシス,コウクロールケツセイアシドーシス,
10000496,ざ瘡,ザソウ,
10000501,集簇性ざ瘡,シュウゾクセイザソウ,
10000502,化粧品性ざ瘡,ケショウヒンセイザソウ,
10000503,嚢胞性ざ瘡,ノウホウセイザソウ,
10000507,乳児性ざ瘡,ニュウジセイザソウ,
10000511,職業性ざ瘡,ショクギョウセイザソウ,
10000513,膿疱性ざ瘡,ノウホウセイザソウ,
10000518,痘瘡状ざ瘡,トウソウジョウザソウ,
10000523,聴神経腫,チョウシンケイシュ,
10000524,聴神経腫切除,チョウシンケイシュセツジョ,
10000525,聴覚刺激検査,チョウカクシゲキケンサ,
10000526,聴覚刺激検査異常,チョウカクシゲキケンサイジョウ,
10000527,聴覚刺激検査正常,チョウカクシゲキケンサセイジョウ,
10000533,後天性心中隔欠損症,コウテンセイシンチュウカクケッソンショウ,
10000555,後天性陰嚢水瘤,コウテンセイインノウスイリュウ,
10000565,後天性免疫不全症候群,コウテンセイメンエキフゼンショウコウグン,
10000582,後天性気管食道瘻,コウテンセイキカンショクドウロウ,
10000583,末端部黒子様黒色腫,マッタンブコクシヨウコクショクシュ,マッタンブホクロヨウコクショクシュ
10000585,末端部黒子様黒色腫第１期,マッタンブコクシヨウコクショクシュダイ1キ,マッタンブホクロヨウコクショクシュダイ1キ
10000586,末端部黒子様黒色腫第２期,マッタンブコクシヨウコクショクシュダイ2キ,マッタンブホクロヨウコクショクシュダイ2キ
10000587,末端部黒子様黒色腫第３期,マッタンブコクシヨウコクショクシュダイ3キ,マッタンブホクロヨウコクショクシュダイ3キ
10000588,末端部黒子様黒色腫第４期,マッタンブコクシヨウコクショクシュダイ4キ,マッタンブホクロヨウコクショクシュダイ4キ
10000590,短頭合指症,タントウゴウシショウ,
10000591,アクロコルドン,アクロコルドン,
10000594,慢性萎縮性肢端皮膚炎,マンセイイシュクセイシタンヒフエン,
10000596,腸性肢端皮膚炎,チョウセイシタンヒフエン,
10000598,肢端疼痛症,シタントウツウショウ,
10000599,先端巨大症,センタンキョダイショウ,
10000605,高所恐怖症,コウショキョウフショウ,
10000606,先端硬化症,センタンコウカショウ,
10000613,ＡＣＴＨ産生性下垂体腫瘍,ACTHサンセイセイカスイタイシュヨウ,
10000614,光線角化症,コウセンカクカショウ,
10000616,光線痒疹,コウセンヨウシン,
10000620,放線菌症,ホウセンキンショウ,
10000621,放線菌性腹部感染,ホウセンキンセイフクブカンセン,
10000628,放線菌性肺感染,ホウセンキンセイハイカンセン,
10000629,放線菌性皮膚感染,ホウセンキンセイヒフカンセン,
10000630,活性化部分トロンボプラスチン時間,カッセイカブブントロンボプラスチンジカン,
10000631,活性化部分トロンボプラスチン時間異常,カッセイカブブントロンボプラスチンジカンイジョウ,
10000635,活性化部分トロンボプラスチン時間正常,カッセイカブブントロンボプラスチンジカンセイジョウ,
10000636,活性化部分トロンボプラスチン時間延長,カッセイカブブントロンボプラスチンジカンエンチョウ,
10000637,活性化部分トロンボプラスチン時間短縮,カッセイカブブントロンボプラスチンジカンタンシュク,
10000646,刺鍼法,シシンホウ,
10000647,急性腹症,キュウセイフクショウ,
10000709,急性散在性脳脊髄炎,キュウセイサンザイセイノウセキズイエン,
10000739,急性赤白血病,キュウセイセキハッケツビョウ,
10000746,妊娠時の急性脂肪肝,ニンシンジノキュウセイシボウカン,
10000748,急性熱性好中球性皮膚症,キュウセイネッセイコウチュウキュウセイヒフショウ,キュウセイネツセイコウチュウキュウセイヒフショウ
10000804,急性肝不全,キュウセイカンフゼン,
10000807,急性ＨＩＶ感染,キュウセイHIVカンセン,
10000830,急性白血病,キュウセイハッケツビョウ,
10000846,急性リンパ性白血病,キュウセイリンパセイハッケツビョウ,
10000847,急性リンパ性白血病（寛解期）,キュウセイリンパセイハッケツビョウカンカイキ,
10000860,急性巨核芽球性白血病,キュウセイキョカクガキュウセイハッケツビョウ,
10000871,急性単球性白血病,キュウセイタンキュウセイハッケツビョウ,
10000872,急性単球性白血病（寛解期）,キュウセイタンキュウセイハッケツビョウカンカイキ,
10000880,急性骨髄性白血病,キュウセイコツズイセイハッケツビョウ,
10000881,急性骨髄性白血病（寛解期）,キュウセイコツズイセイハッケツビョウカンカイキ,
10000890,急性骨髄単球性白血病,キュウセイコツズイタンキュウセイハッケツビョウ,
10000891,急性心筋梗塞,キュウセイシンキンコウソク,
10001019,急性前骨髄球性白血病,キュウセイゼンコツズイキュウセイハッケツビョウ,
10001022,急性精神病,キュウセイセイシンビョウ,
10001027,急性肺ヒストプラスマ症,キュウセイハイヒストプラスマショウ,
10001029,急性肺水腫,キュウセイハイスイシュ,
10001052,急性呼吸窮迫症候群,キュウセイコキュウキュウハクショウコウグン,
10001053,急性呼吸不全,キュウセイコキュウフゼン,
10001076,急性副鼻腔炎,キュウセイフクビクウエン,
10001084,急性ストレス障害,キュウセイストレスショウガイ,
10001115,アダムス・ストークス症候群,アダムスストークスショウコウグン,
10001130,アジソン病,アジソンビョウ,
10001136,声帯内転筋無力,セイタイナイテンキンムリョク,
10001141,腺癌,センガン,
10001150,胃腺癌,イセンガン,
10001152,再発胃腺癌,サイハツイセンガン,
10001153,胃腺癌第０期,イセンガンダイ0キ,
10001154,胃腺癌第１期,イセンガンダイ1キ,
10001155,胃腺癌第２期,イセンガンダイ2キ,
10001156,胃腺癌第３期,イセンガンダイ3キ,
10001167,結腸腺癌,ケッチョウセンガン,
10001197,子宮頚部腺癌,シキュウケイブセンガン,
10001229,アデノイド肥大,アデノイドヒダイ,
10001230,アデノイド切除,アデノイドセツジョ,
10001233,良性腺腫,リョウセイセンシュ,
10001242,梅毒性リンパ節症,バイドクセイリンパセツショウ,
10001243,硬化性腺症,コウカセイセンショウ,
10001244,子宮頚部腺扁平上皮癌,シキュウケイブセンヘンペイジョウヒガン,
10001245,肺腺扁平上皮癌,ハイセンヘンペイジョウヒガン,
10001247,再発肺腺扁平上皮癌,サイハツハイセンヘンペイジョウヒガン,
10001248,肺腺扁平上皮癌第０期,ハイセンヘンペイジョウヒガンダイ0キ,
10001249,肺腺扁平上皮癌第１期,ハイセンヘンペイジョウヒガンダイ1キ,
10001250,肺腺扁平上皮癌第２期,ハイセンヘンペイジョウヒガンダイ2キ,
10001251,肺腺扁平上皮癌第３期,ハイセンヘンペイジョウヒガンダイ3キ,
10001254,肺腺扁平上皮癌第４期,ハイセンヘンペイジョウヒガンダイ4キ,
10001256,アデノイド口蓋扁桃摘出,アデノイドコウガイヘントウテキシュツ,
10001257,アデノウイルス結膜炎,アデノウイルスケツマクエン,
10001260,アデノウイルス性上気道感染,アデノウイルスセイジョウキドウカンセン,
10001294,有痛性脂肪症,ユウツウセイシボウショウ,
10001296,不安を伴う適応障害,フアンヲトモナウテキオウショウガイ,
10001297,抑うつ気分を伴う適応障害,ヨクウツキブンヲトモナウテキオウショウガイ,
10001298,素行障害を伴う適応障害,ソコウショウガイヲトモナウテキオウショウガイ,
10001299,混合性不安抑うつを伴う適応障害,コンゴウセイフアンヨクウツヲトモナウテキオウショウガイ,
10001300,情動障害および素行障害を伴う適応障害,ジョウドウショウガイオヨビソコウショウガイヲトモナウテキオウショウガイ,
10001315,投与部位反応,トウヨブイハンノウ,
10001318,青年期,セイネンキ,
10001322,養子縁組,ヨウシエングミ,
10001323,副腎腺腫,フクジンセンシュ,
10001324,副腎萎縮,フクジンイシュク,
10001325,副腎ブロック療法,フクジンブロックリョウホウ,
10001331,副腎皮質形成不全,フクジンヒシツケイセイフゼン,
10001337,副腎皮質壊死,フクジンヒシツエシ,
10001347,副腎障害,フクジンショウガイ,
10001356,副腎損傷,フクジンソンショウ,
10001358,副腎結核,フクジンケッカク,
10001360,副腎球状層異常,フクジンキュウジョウソウイジョウ,
10001361,副腎出血,フクジンシュッケツ,
10001367,副腎機能不全,フクジンキノウフゼン,
10001368,新生児副腎機能不全,シンセイジフクジンキノウフゼン,
10001371,副腎髄質機能亢進,フクジンズイシツキノウコウシン,
10001379,精巣部の副副腎腫瘍,セイソウブノフクフクジンシュヨウ,
10001382,副腎抑制,フクジンヨクセイ,
10001387,アドレナリン作動性症候群,アドレナリンサドウセイショウコウグン,
10001388,副腎皮質癌,フクジンヒシツガン,
10001389,急性副腎皮質機能不全,キュウセイフクジンヒシツキノウフゼン,
10001391,新生児副腎皮質不全,シンセイジフクジンヒシツフゼン,
10001392,副腎皮質ステロイド療法,フクジンヒシツステロイドリョウホウ,
10001402,抗アドレナリン作動性症候群,コウアドレナリンサドウセイショウコウグン,
10001413,成人Ｔ細胞リンパ腫・白血病,セイジンTサイボウリンパシュハッケツビョウ,
10001416,再発成人Ｔ細胞リンパ腫・白血病,サイハツセイジンTサイボウリンパシュハッケツビョウ,
10001417,治療抵抗性成人Ｔ細胞リンパ腫・白血病,チリョウテイコウセイセイジンTサイボウリンパシュハッケツビョウ,
10001418,成人Ｔ細胞リンパ腫・白血病第１期,セイジンTサイボウリンパシュハッケツビョウダイ1キ,
10001419,成人Ｔ細胞リンパ腫・白血病第２期,セイジンTサイボウリンパシュハッケツビョウダイ2キ,
10001420,成人Ｔ細胞リンパ腫・白血病第３期,セイジンTサイボウリンパシュハッケツビョウダイ3キ,
10001421,成人Ｔ細胞リンパ腫・白血病第４期,セイジンTサイボウリンパシュハッケツビョウダイ4キ,
10001423,進行睡眠期,シンコウスイミンキ,
10001433,感覚神経芽腫,カンカクシンケイガシュ,
10001443,感情障害,カンジョウショウガイ,
10001461,アフリカ・トリパノソーマ症,アフリカトリパノソーマショウ,
10001477,老齢の両親,ロウレイノリョウシン,
10001480,味覚消失,ミカクショウシツ,
10001488,攻撃性,コウゲキセイ,
10001496,激越性うつ病,ゲキエツセイウツビョウ,
10001497,激越,ゲキエツ,
10001500,新生児不穏,シンセイジフオン,
10001501,無舌症,ムゼツショウ,
10001502,広場恐怖症,ヒロバキョウフショウ,
10001507,無顆粒球症,ムカリュウキュウショウ,
10001508,失書症,シッショショウ,
10001513,エイズ関連症候群,エイズカンレンショウコウグン,
10001524,アインフム,アインフム,
10001526,空気塞栓症,クウキソクセンショウ,
10001534,空気伝播,クウキデンパ,
10001540,アカシジア,アカシジア,
10001541,無動,ムドウ,
10001546,アラニンアミノトランスフェラーゼ,アラニンアミノトランスフェラーゼ,
10001547,アラニンアミノトランスフェラーゼ異常,アラニンアミノトランスフェラーゼイジョウ,
10001549,アラニンアミノトランスフェラーゼ減少,アラニンアミノトランスフェラーゼゲンショウ,
10001551,アラニンアミノトランスフェラーゼ増加,アラニンアミノトランスフェラーゼゾウカ,
10001552,アラニンアミノトランスフェラーゼ正常,アラニンアミノトランスフェラーゼセイジョウ,
10001557,白皮症,ハクヒショウ,
10001562,アルブミン・グロブリン比,アルブミングロブリンヒ,
10001563,アルブミン・グロブリン比異常,アルブミングロブリンヒイジョウ,
10001565,アルブミン・グロブリン比減少,アルブミングロブリンヒゲンショウ,
10001567,アルブミン・グロブリン比増加,アルブミングロブリンヒゾウカ,
10001569,アルブミン・グロブリン比正常,アルブミングロブリンヒセイジョウ,
10001575,尿中アルブミン,ニョウチュウアルブミン,
10001580,アルブミン尿,アルブミンニョウ,
10001581,尿中アルブミン陰性,ニョウチュウアルブミンインセイ,
10001582,尿中アルブミン陽性,ニョウチュウアルブミンヨウセイ,
10001584,アルコール乱用,アルコールランヨウ,
10001596,アルコール性持続性認知症,アルコールセイジゾクセイニンチショウ,
10001597,アルコール相互作用,アルコールソウゴサヨウ,
10001598,アルコール不耐性,アルコールフタイセイ,
10001605,アルコール中毒,アルコールチュウドク,
10001606,アルコールに関連する問題,アルコールニカンレンスルモンダイ,
10001612,アルコール中毒者,アルコールチュウドクシャ,
10001623,アルコールによる宿酔,アルコールニヨルシュクスイ,
10001627,アルコール性肝疾患,アルコールセイカンシッカン,
10001632,アルコール精神病,アルコールセイシンビョウ,
10001635,アルコール中毒の近親者,アルコールチュウドクノキンシンシャ,
10001639,アルコール症,アルコールショウ,
10001641,アルドラーゼ減少,アルドラーゼゲンショウ,
10001642,アルドラーゼ増加,アルドラーゼゾウカ,
10001643,アルドラーゼ正常,アルドラーゼセイジョウ,
10001649,尿中アルドステロン,ニョウチュウアルドステロン,
10001651,尿中アルドステロン減少,ニョウチュウアルドステロンゲンショウ,
10001653,尿中アルドステロン増加,ニョウチュウアルドステロンゾウカ,
10001655,尿中アルドステロン正常,ニョウチュウアルドステロンセイジョウ,
10001660,無白血病性白血病,ムハッケツビョウセイハッケツビョウ,
10001663,失読,シツドク,
10001666,不思議の国のアリス症候群,フシギノクニノアリスショウコウグン,
10001680,アルカローシス,アルカローシス,
10001682,低クロール血性アルカローシス,テイクロールケツセイアルカローシス,テイクロールケッセイアルカローシス
10001684,低カリウム血性アルカローシス,テイカリウムケツセイアルカローシス,テイカリウムケッセイアルカローシス
10001689,アルカプトン尿症,アルカプトンニョウショウ,
10001742,動物アレルギー,ドウブツアレルギー,
10001749,刺し傷アレルギー,サシキズアレルギー,
10001751,動物性毒アレルギー,ドウブツセイドクアレルギー,
10001754,アレシェリア症,アレシェリアショウ,
10001756,同種骨髄移植療法,ドウシュコツズイイショクリョウホウ,
10001760,脱毛症,ダツモウショウ,
10001761,円形脱毛症,エンケイダツモウショウ,
10001764,瘢痕性脱毛症,ハンコンセイダツモウショウ,
10001765,梅毒性脱毛症,バイドクセイダツモウショウ,
10001766,全頭脱毛症,ゼントウダツモウショウ,
10001767,汎発性脱毛症,ハンパツセイダツモウショウ,
10001772,α１フェトプロテイン,アルファ1フェトプロテイン,
10001773,α１フェトプロテイン異常,アルファ1フェトプロテインイジョウ,
10001775,羊水中α１フェトプロテイン,ヨウスイチュウアルファ1フェトプロテイン,
10001776,羊水中α１フェトプロテイン異常,ヨウスイチュウアルファ1フェトプロテインイジョウ,
10001778,羊水中α１フェトプロテイン増加,ヨウスイチュウアルファ1フェトプロテインゾウカ,
10001779,羊水中α１フェトプロテイン正常,ヨウスイチュウアルファ1フェトプロテインセイジョウ,
10001780,α１フェトプロテイン減少,アルファ1フェトプロテインゲンショウ,
10001781,α１フェトプロテイン増加,アルファ1フェトプロテインゾウカ,
10001782,α１フェトプロテイン正常,アルファ1フェトプロテインセイジョウ,
10001783,α１グロブリン,アルファ1グロブリン,
10001784,α１グロブリン異常,アルファ1グロブリンイジョウ,
10001785,α１グロブリン減少,アルファ1グロブリンゲンショウ,
10001787,α１グロブリン増加,アルファ1グロブリンゾウカ,
10001789,α１グロブリン正常,アルファ1グロブリンセイジョウ,
10001792,α２グロブリン,アルファ2グロブリン,
10001793,α２グロブリン異常,アルファ2グロブリンイジョウ,
10001794,α２グロブリン減少,アルファ2グロブリンゲンショウ,
10001796,α２グロブリン増加,アルファ2グロブリンゾウカ,
10001798,α２グロブリン正常,アルファ2グロブリンセイジョウ,
10001799,インターフェロンα療法,インターフェロンアルファリョウホウ,
10001803,α１アンチトリプシン,アルファ1アンチトリプシン,
10001804,α１アンチトリプシン異常,アルファ1アンチトリプシンイジョウ,
10001805,α１アンチトリプシン減少,アルファ1アンチトリプシンゲンショウ,
10001808,α１アンチトリプシン増加,アルファ1アンチトリプシンゾウカ,
10001810,α１アンチトリプシン正常,アルファ1アンチトリプシンセイジョウ,
10001812,α２マクログロブリン,アルファ2マクログロブリン,
10001814,α２マクログロブリン増加,アルファ2マクログロブリンゾウカ,
10001815,α２マクログロブリン正常,アルファ2マクログロブリンセイジョウ,
10001843,アルポート症候群,アルポートショウコウグン,
10001854,意識変容状態,イシキヘンヨウジョウタイ,
10001874,肺胞含気亢進,ハイホウガンキコウシン,
10001881,肺胞蛋白症,ハイホウタンパクショウ,
10001882,胞巣状軟部肉腫,ホウソウジョウナンブニクシュ,
10001884,遠隔転移を伴う胞巣状軟部肉腫,エンカクテンイヲトモナウホウソウジョウナンブニクシュ,
10001887,再発胞巣状軟部肉腫,サイハツホウソウジョウナンブニクシュ,
10001889,胞隔炎,ホウカクエン,
10001901,アマルガム刺青,アマルガムイレズミ,
10001902,黒内障,コクナイショウ,
10001903,一過性黒内障,イッカセイコクナイショウ,
10001906,弱視,ジャクシ,
10001907,アルコール性弱視,アルコールセイジャクシ,
10001908,先天性弱視,センテンセイジャクシ,
10001912,斜視弱視,シャシジャクシ,
10001914,タバコ性弱視,タバコセイジャクシ,
10001928,無月経,ムゲッケイ,
10001935,アメリカ・トリパノソーマ症,アメリカトリパノソーマショウ,
10001937,アミノ酸異化異常,アミノサンイカイジョウ,
10001938,アミノ酸代謝障害,アミノサンタイシャショウガイ,
10001939,アミノ酸尿,アミノサンニョウ,
10001942,アンモニア異常,アンモニアイジョウ,
10001945,アンモニア減少,アンモニアゲンショウ,
10001946,アンモニア増加,アンモニアゾウカ,
10001947,アンモニア正常,アンモニアセイジョウ,
10001949,健忘,ケンボウ,
10001958,羊水穿刺,ヨウスイセンシ,
10001959,羊水穿刺異常,ヨウスイセンシイジョウ,
10001963,羊水穿刺正常,ヨウスイセンシセイジョウ,
10001964,羊水鏡検査,ヨウスイキョウケンサ,
10001965,羊水鏡検査異常,ヨウスイキョウケンサイジョウ,
10001966,羊水鏡検査正常,ヨウスイキョウケンサセイジョウ,
10001980,アメーバ症,アメーバショウ,
10001984,アメーバ性脳膿瘍,アメーバセイノウノウヨウ,
10001985,アメーバ性大腸炎,アメーバセイダイチョウエン,
10001986,アメーバ赤痢,アメーバセキリ,
10001990,アメーバ性肺膿瘍,アメーバセイハイノウヨウ,
10001992,アメーバ性皮膚潰瘍,アメーバセイヒフカイヨウ,
10002011,陰茎切断術,インケイセツダンジュツ,
10002013,アミラーゼ,アミラーゼ,
10002014,アミラーゼ減少,アミラーゼゲンショウ,
10002016,アミラーゼ増加,アミラーゼゾウカ,
10002022,アミロイドーシス,アミロイドーシス,
10002026,筋萎縮性側索硬化症,キンイシュクセイソクサクコウカショウ,
10002027,筋萎縮症,キンイシュクショウ,
10002034,貧血,ヒンケツ,
10002043,葉酸欠乏性貧血,ヨウサンケツボウセイヒンケツ,
10002058,ハインツ小体貧血,ハインツショウタイヒンケツ,
10002064,大球性貧血,ダイキュウセイヒンケツ,
10002065,巨赤芽球性貧血,キョセキガキュウセイヒンケツ,
10002068,新生児貧血,シンセイジヒンケツ,
10002073,慢性疾患の貧血,マンセイシッカンノヒンケツ,
10002080,ビタミンＢ１２欠乏性貧血,ビタミンB12ケツボウセイヒンケツ,
10002081,ビタミンＢ６欠乏性貧血,ビタミンB6ケツボウセイヒンケツ,
10002091,無感覚,ムカンカク,
10002100,麻酔による心臓合併症,マスイニヨルシンゾウガッペイショウ,
10002105,麻酔による神経系合併症,マスイニヨルシンケイケイガッペイショウ,
10002108,麻酔による呼吸器合併症,マスイニヨルコキュウキガッペイショウ,
10002120,鎖肛,サコウ,
10002133,再発肛門癌,サイハツコウモンガン,
10002134,肛門癌第０期,コウモンガンダイ0キ,
10002135,肛門癌第１期,コウモンガンダイ1キ,
10002136,肛門癌第２期,コウモンガンダイ2キ,
10002137,肛門癌第３期,コウモンガンダイ3キ,
10002138,肛門癌第４期,コウモンガンダイ4キ,
10002140,肛門カンジダ症,コウモンカンジダショウ,
10002149,肛門クラミジア感染,コウモンクラミジアカンセン,
10002150,肛門拡張,コウモンカクチョウ,
10002153,裂肛,レッコウ,
10002155,裂肛切除,レッコウセツジョ,
10002156,痔瘻,ジロウ,
10002160,肛門病変部切除,コウモンビョウヘンブセツジョ,
10002161,肛門白板症,コウモンハクバンショウ,
10002169,肛門ポリープ切除,コウモンポリープセツジョ,
10002171,肛門垂切除,コウモンスイセツジョ,
10002172,肛門皮膚垂,コウモンヒフスイ,
10002173,肛門痙攣,コウモンケイレン,
10002175,肛門括約筋切離,コウモンカツヤクキンセツリ,
10002176,肛門狭窄,コウモンキョウサク,
10002179,肛門白癬,コウモンハクセン,
10002180,肛門潰瘍,コウモンカイヨウ,
10002198,アナフィラキシー反応,アナフィラキシーハンノウ,
10002199,アナフィラキシーショック,アナフィラキシーショック,
10002216,アナフィラキシー様反応,アナフィラキシーヨウハンノウ,
10002222,アナフィラキシー治療,アナフィラキシーチリョウ,
10002227,未分化大細胞型リンパ腫、Ｔ細胞およびヌル細胞型,ミブンカダイサイボウガタリンパシュTサイボウオヨビヌルサイボウガタ,
10002229,再発未分化大細胞型リンパ腫、Ｔ細胞およびヌル細胞型,サイハツミブンカダイサイボウガタリンパシュTサイボウオヨビヌルサイボウガタ,
10002230,治療抵抗性未分化大細胞型リンパ腫、Ｔ細胞およびヌル細胞型,チリョウテイコウセイミブンカダイサイボウガタリンパシュTサイボウオヨビヌルサイボウガタ,
10002231,未分化大細胞型リンパ腫、Ｔ細胞およびヌル細胞型第１期,ミブンカダイサイボウガタリンパシュTサイボウオヨビヌルサイボウガタダイ1キ,
10002232,未分化大細胞型リンパ腫、Ｔ細胞およびヌル細胞型第２期,ミブンカダイサイボウガタリンパシュTサイボウオヨビヌルサイボウガタダイ2キ,
10002233,未分化大細胞型リンパ腫、Ｔ細胞およびヌル細胞型第３期,ミブンカダイサイボウガタリンパシュTサイボウオヨビヌルサイボウガタダイ3キ,
10002234,未分化大細胞型リンパ腫、Ｔ細胞およびヌル細胞型第４期,ミブンカダイサイボウガタリンパシュTサイボウオヨビヌルサイボウガタダイ4キ,
10002240,甲状腺未分化癌,コウジョウセンミブンカガン,
10002243,吻合部潰瘍,フンゴウブカイヨウ,
10002244,出血性吻合部潰瘍,シュッケツセイフンゴウブカイヨウ,
10002248,穿孔性吻合部潰瘍,センコウセイフンゴウブカイヨウ,
10002250,閉塞性吻合部潰瘍,ヘイソクセイフンゴウブカイヨウ,
10002261,アンドロゲン欠乏症,アンドロゲンケツボウショウ,
10002263,アンドロゲン補充療法,アンドロゲンホジュウリョウホウ,
10002264,アンドロゲン療法,アンドロゲンリョウホウ,
10002265,アンドロゲン増加,アンドロゲンゾウカ,
10002320,無脳症,ムノウショウ,
10002329,動脈瘤,ドウミャクリュウ,
10002331,動静脈瘤,ドウジョウミャクリュウ,
10002362,動脈瘤様骨嚢腫,ドウミャクリュウヨウコツノウシュ,
10002368,怒り,イカリ,
10002379,壊疽性アンギナ,エソセイアンギナ,
10002383,狭心症,キョウシンショウ,
10002388,不安定狭心症,フアンテイキョウシンショウ,
10002411,血管中心性リンパ腫,ケッカンチュウシンセイリンパシュ,
10002414,再発血管中心性リンパ腫,サイハツケッカンチュウシンセイリンパシュ,
10002415,治療抵抗性血管中心性リンパ腫,チリョウテイコウセイケッカンチュウシンセイリンパシュ,
10002416,血管中心性リンパ腫第１期,ケッカンチュウシンセイリンパシュダイ1キ,
10002417,血管中心性リンパ腫第２期,ケッカンチュウシンセイリンパシュダイ2キ,
10002418,血管中心性リンパ腫第３期,ケッカンチュウシンセイリンパシュダイ3キ,
10002419,血管中心性リンパ腫第４期,ケッカンチュウシンセイリンパシュダイ4キ,
10002424,血管性浮腫,ケッカンセイフシュ,
10002429,血管線維腫,ケッカンセンイシュ,
10002440,肺血管造影,ハイケッカンゾウエイ,
10002441,肺血管造影異常,ハイケッカンゾウエイイジョウ,
10002442,肺血管造影正常,ハイケッカンゾウエイセイジョウ,
10002443,網膜血管造影,モウマクケッカンゾウエイ,
10002444,網膜血管造影異常,モウマクケッカンゾウエイイジョウ,
10002445,網膜血管造影正常,モウマクケッカンゾウエイセイジョウ,
10002449,血管免疫芽球性Ｔ細胞性リンパ腫,ケッカンメンエキガキュウセイTサイボウセイリンパシュ,
10002452,再発血管免疫芽球性Ｔ細胞性リンパ腫,サイハツケッカンメンエキガキュウセイTサイボウセイリンパシュ,
10002453,治療抵抗性血管免疫芽球性Ｔ細胞性リンパ腫,チリョウテイコウセイケッカンメンエキガキュウセイTサイボウセイリンパシュ,
10002454,血管免疫芽球性Ｔ細胞性リンパ腫第１期,ケッカンメンエキガキュウセイTサイボウセイリンパシュダイ1キ,
10002455,血管免疫芽球性Ｔ細胞性リンパ腫第２期,ケッカンメンエキガキュウセイTサイボウセイリンパシュダイ2キ,
10002456,血管免疫芽球性Ｔ細胞性リンパ腫第３期,ケッカンメンエキガキュウセイTサイボウセイリンパシュダイ3キ,
10002457,血管免疫芽球性Ｔ細胞性リンパ腫第４期,ケッカンメンエキガキュウセイTサイボウセイリンパシュダイ4キ,
10002475,血管形成,ケッカンケイセイ,
10002476,血管肉腫,ケッカンニクシュ,
10002477,遠隔転移を伴う血管肉腫,エンカクテンイヲトモナウケッカンニクシュ,
10002480,再発血管肉腫,サイハツケッカンニクシュ,
10002482,血管硬化,ケッカンコウカ,
10002484,アンジオテンシン１,アンジオテンシン1,
10002485,アンジオテンシン１異常,アンジオテンシン1イジョウ,
10002486,アンジオテンシン１減少,アンジオテンシン1ゲンショウ,
10002488,アンジオテンシン１増加,アンジオテンシン1ゾウカ,
10002490,アンジオテンシン１正常,アンジオテンシン1セイジョウ,
10002491,アンジオテンシン２,アンジオテンシン2,
10002492,アンジオテンシン２異常,アンジオテンシン2イジョウ,
10002493,アンジオテンシン２減少,アンジオテンシン2ゲンショウ,
10002495,アンジオテンシン２増加,アンジオテンシン2ゾウカ,
10002497,アンジオテンシン２正常,アンジオテンシン2セイジョウ,
10002500,閉塞隅角緑内障,ヘイソクグウカクリョクナイショウ,
10002509,口角口唇炎,コウカクコウシンエン,
10002511,快感消失,カイカンショウシツ,
10002512,無汗症,ムカンショウ,
10002514,無黄疸性レプトスピラ症,ムオウダンセイレプトスピラショウ,
10002515,動物咬傷,ドウブツコウショウ,
10002518,動物恐怖症,ドウブツキョウフショウ,
10002519,動物による引っかき傷,ドウブツニヨルヒッカキキズ,
10002522,アニオンギャップ,アニオンギャップ,
10002523,アニオンギャップ異常,アニオンギャップイジョウ,
10002526,アニオンギャップ減少,アニオンギャップゲンショウ,
10002528,アニオンギャップ増加,アニオンギャップゾウカ,
10002530,アニオンギャップ正常,アニオンギャップセイジョウ,
10002532,無虹彩症,ムコウサイショウ,
10002533,アニサキス症,アニサキスショウ,
10002534,不等像視,フトウゾウシ,
10002535,瞳孔不同症,ドウコウフドウショウ,
10002536,赤血球大小不同症,セッケッキュウダイショウフドウショウ,
10002537,不同視,フドウシ,
10002544,足関節部骨折,ソクカンセツブコッセツ,アシカンセツブコッセツ
10002556,強直性脊椎炎,キョウチョクセイセキツイエン,
10002581,肛門直腸狭窄,コウモンチョクチョウキョウサク,
10002582,肛門直腸潰瘍,コウモンチョクチョウカイヨウ,
10002611,房室興奮の異常,ボウシツコウフンノイジョウ,
10002633,先天性眼窩異常,センテンセイガンカイジョウ,
10002640,無眼球症,ムガンキュウショウ,
10002641,無精巣,ムセイソウ,
10002643,肛門直腸蜂巣炎,コウモンチョクチョウホウソウエン,
10002644,肛門直腸障害,コウモンチョクチョウショウガイ,
10002647,無食欲および大食症候群,ムショクヨクオヨビタイショクショウコウグン,
10002649,神経性無食欲症,シンケイセイムショクヨクショウ,
10002652,無オルガズム症,ムオルガズムショウ,
10002653,無嗅覚,ムキュウカク,
10002654,無耳症,ムジショウ,
10002659,無排卵性周期,ムハイランセイシュウキ,
10002660,無酸素症,ムサンソショウ,
10002665,アンタビュース植込み,アンタビュースウエコミ,
10002681,前眼房の変性,ゼンガンボウノヘンセイ,
10002683,前眼房混濁,ゼンガンボウコンダク,
10002703,前脊髄動脈症候群,ゼンセキズイドウミャクショウコウグン,
10002711,前向性健忘,ゼンコウセイケンボウ,
10002713,炭疽,タンソ,
10002730,抗アンドロゲン療法,コウアンドロゲンリョウホウ,
10002753,抗悪液質療法,コウアクエキシツリョウホウ,
10002757,抗コリン作動性症候群,コウコリンサドウセイショウコウグン,
10002758,予期不安,ヨキフアン,
10002776,抗利尿ホルモン異常,コウリニョウホルモンイジョウ,
10002781,制吐薬による補助療法,セイトヤクニヨルホジョリョウホウ,
10002787,抗ゴナドトロピン陽性,コウゴナドトロピンヨウセイ,
10002791,抗菌薬感受性試験,コウキンヤクカンジュセイシケン,
10002792,抗菌薬感受性反応,コウキンヤクカンジュセイハンノウ,
10002793,抗菌薬感受性試験耐性,コウキンヤクカンジュセイシケンタイセイ,
10002794,抗菌薬感受性試験感受性,コウキンヤクカンジュセイシケンカンジュセイ,
10002795,抗ミトコンドリア抗体,コウミトコンドリアコウタイ,
10002798,抗ミトコンドリア抗体正常,コウミトコンドリアコウタイセイジョウ,
10002799,抗ミトコンドリア抗体陽性,コウミトコンドリアコウタイヨウセイ,
10002807,抗核抗体,コウカクコウタイ,
10002809,抗核抗体陰性,コウカクコウタイインセイ,
10002816,抗エストロゲン療法,コウエストロゲンリョウホウ,
10002817,抗リン脂質抗体症候群,コウリンシシツコウタイショウコウグン,
10002818,抗プロゲステロン療法,コウプロゲステロンリョウホウ,
10002819,抗プロラクチン療法,コウプロラクチンリョウホウ,
10002820,反社会的行動,ハンシャカイテキコウドウ,
10002822,反社会性パーソナリティ障害,ハンシャカイセイパーソナリティショウガイ,
10002832,アンチトロンビンＩＩＩ欠乏症,アンチトロンビン3ケツボウショウ,
10002844,上顎洞洗浄,ジョウガクドウセンジョウ,
10002847,無尿,ムニョウ,
10002855,不安,フアン,
10002859,身体疾患による不安障害,シンタイシッカンニヨルフアンショウガイ,
10002877,心配性の両親,シンパイショウノリョウシン,
10002879,大動脈縮窄修復,ダイドウミャクシュクサクシュウフク,
10002882,大動脈瘤,ダイドウミャクリュウ,
10002885,大動脈瘤修復,ダイドウミャクリュウシュウフク,
10002886,大動脈瘤破裂,ダイドウミャクリュウハレツ,
10002887,梅毒性大動脈瘤,バイドクセイダイドウミャクリュウ,
10002895,大動脈解離,ダイドウミャクカイリ,
10002897,大動脈塞栓,ダイドウミャクソクセン,
10002899,大動脈損傷,ダイドウミャクソンショウ,
10002900,大動脈壊死,ダイドウミャクエシ,
10002906,大動脈狭窄,ダイドウミャクキョウサク,
10002910,大動脈血栓症,ダイドウミャクケッセンショウ,
10002912,混合性大動脈弁疾患,コンゴウセイダイドウミャクベンシッカン,
10002915,大動脈弁閉鎖不全症,ダイドウミャクベンヘイサフゼンショウ,
10002916,大動脈弁置換,ダイドウミャクベンチカン,
10002917,大動脈弁硬化症,ダイドウミャクベンコウカショウ,
10002918,大動脈弁狭窄,ダイドウミャクベンキョウサク,
10002920,大動脈弁切開,ダイドウミャクベンセッカイ,
10002921,大動脈炎,ダイドウミャクエン,
10002923,梅毒性大動脈炎,バイドクセイダイドウミャクエン,
10002941,失外套症候群,シツガイトウショウコウグン,
10002942,無感情,ムカンジョウ,
10002944,アプガールスコア低値,アプガールスコアテイチ,
10002945,無水晶体眼,ムスイショウタイガン,
10002947,先天性無水晶体眼,センテンセイムスイショウタイガン,
10002948,失語症,シツゴショウ,
10002953,失声症,シッセイショウ,
10002954,心因性失声症,シンインセイシッセイショウ,
10002959,アフタ性潰瘍,アフタセイカイヨウ,
10002960,歯根端切除,シコンタンセツジョ,
10002963,先天性皮膚形成不全,センテンセイヒフケイセイフゼン,
10002965,赤芽球癆,セキガキュウロウ,
10002967,再生不良性貧血,サイセイフリョウセイヒンケツ,
10002974,無呼吸,ムコキュウ,
10002977,無呼吸発作,ムコキュウホッサ,
10002983,アポクリン汗疹,アポクリンカンシン,
10002984,アポリポ蛋白Ａ－Ｉ,アポリポタンパクA1,
10002985,アポリポ蛋白Ａ－Ｉ異常,アポリポタンパクA1イジョウ,
10002986,アポリポ蛋白Ａ－Ｉ減少,アポリポタンパクA1ゲンショウ,
10002988,アポリポ蛋白Ａ－Ｉ増加,アポリポタンパクA1ゾウカ,
10002990,アポリポ蛋白Ａ－Ｉ正常,アポリポタンパクA1セイジョウ,
10002991,アポリポ蛋白Ａ－ＩＩ,アポリポタンパクA2,
10002993,アポリポ蛋白Ａ－ＩＩ減少,アポリポタンパクA2ゲンショウ,
10002994,アポリポ蛋白Ａ－ＩＩ増加,アポリポタンパクA2ゾウカ,
10002995,アポリポ蛋白Ａ－ＩＩ正常,アポリポタンパクA2セイジョウ,
10002996,アポリポ蛋白Ｂ,アポリポタンパクB,
10002997,アポリポ蛋白Ｂ異常,アポリポタンパクBイジョウ,
10002998,アポリポ蛋白Ｂ減少,アポリポタンパクBゲンショウ,
10003000,アポリポ蛋白Ｂ増加,アポリポタンパクBゾウカ,
10003002,アポリポ蛋白Ｂ正常,アポリポタンパクBセイジョウ,
10003010,虫垂切除,チュウスイセツジョ,
10003011,虫垂炎,チュウスイエン,
10003012,穿孔性虫垂炎,センコウセイチュウスイエン,
10003033,適用部位知覚消失,テキヨウブイチカクショウシツ,
10003035,適用部位萎縮,テキヨウブイイシュク,
10003036,適用部位皮膚炎,テキヨウブイヒフエン,
10003041,適用部位紅斑,テキヨウブイコウハン,
10003046,適用部位刺激感,テキヨウブイシゲキカン,
10003048,適用部位壊死,テキヨウブイエシ,
10003050,適用部位浮腫,テキヨウブイフシュ,
10003051,適用部位疼痛,テキヨウブイトウツウ,
10003053,適用部位そう痒感,テキヨウブイソウヨウカン,
10003054,適用部位発疹,テキヨウブイホッシン,テキヨウブイハッシン
10003055,適用部位反応,テキヨウブイハンノウ,
10003059,適用部位潰瘍,テキヨウブイカイヨウ,
10003060,適用部位熱感,テキヨウブイネッカン,テキヨウブイネツカン
10003062,失行症,シッコウショウ,
10003063,失韻症,シツインショウ,
10003069,アプドーマ,アプドーマ,
10003071,水原性そう痒症,スイゲンセイソウヨウショウ,
10003074,くも膜炎,クモマクエン,
10003084,反射消失,ハンシャショウシツ,
10003085,アレナウイルス出血熱,アレナウイルスシュッケツネツ,
10003090,アルゼンチン出血熱,アルゼンチンシュッケツネツ,
10003093,アーガイルロバートソン瞳孔,アーガイルロバートソンドウコウ,
10003094,銀皮症,ギンヒショウ,ギンピショウ
10003096,腕切断,ウデセツダン,
10003101,アーノルド・キアリ奇形,アーノルドキアリキケイ,
10003102,アロマターゼ阻害療法,アロマターゼソガイリョウホウ,
10003103,アロマテラピー,アロマテラピー,
10003118,分娩過程停止,ブンベンカテイテイシ,
10003119,不整脈,フセイミャク,
10003124,新生児不整脈,シンセイジフセイミャク,
10003130,上室性不整脈,ジョウシツセイフセイミャク,
10003139,砒素角化症,ヒソカクカショウ,
10003140,動脈置換,ドウミャクチカン,
10003144,動脈瘤修復,ドウミャクリュウシュウフク,
10003148,動脈カテーテル挿入,ドウミャクカテーテルソウニュウ,
10003149,動脈カテーテル検査異常,ドウミャクカテーテルケンサイジョウ,
10003150,動脈カテーテル検査正常,ドウミャクカテーテルケンサセイジョウ,
10003162,動脈損傷,ドウミャクソンショウ,
10003165,動脈結紮,ドウミャクケッサツ,
10003173,動脈破裂,ドウミャクハレツ,
10003175,動脈攣縮,ドウミャクレンシュク,
10003178,動脈血栓症,ドウミャクケッセンショウ,
10003190,動静脈瘻手術,ドウジョウミャクロウシュジュツ,
10003192,動静脈瘻血栓症,ドウジョウミャクロウケッセンショウ,
10003193,動静脈奇形,ドウジョウミャクキケイ,
10003194,頚動脈造影,ケイドウミャクゾウエイ,
10003195,頚動脈血管造影異常,ケイドウミャクケッカンゾウエイイジョウ,
10003196,頚動脈血管造影正常,ケイドウミャクケッカンゾウエイセイジョウ,
10003201,冠血管造影異常,カンケッカンゾウエイイジョウ,
10003202,冠血管造影正常,カンケッカンゾウエイセイジョウ,
10003203,腎動脈撮影,ジンドウミャクサツエイ,
10003204,腎動脈造影異常,ジンドウミャクゾウエイイジョウ,
10003205,腎動脈造影正常,ジンドウミャクゾウエイセイジョウ,
10003210,動脈硬化症,ドウミャクコウカショウ,
10003211,冠動脈硬化症,カンドウミャクコウカショウ,
10003212,メンケベルグ動脈硬化症,メンケベルグドウミャクコウカショウ,
10003225,冠動脈攣縮,カンドウミャクレンシュク,
10003226,動静脈瘻,ドウジョウミャクロウ,
10003230,動脈炎,ドウミャクエン,
10003232,冠動脈炎,カンドウミャクエン,
10003239,関節痛,カンセツツウ,
10003246,関節炎,カンセツエン,
10003251,更年期関節炎,コウネンキカンセツエン,
10003253,腸炎性関節炎,チョウエンセイカンセツエン,
10003256,淋菌性関節炎,リンキンセイカンセツエン,
10003267,反応性関節炎,ハンノウセイカンセツエン,
10003270,風疹性関節炎,フウシンセイカンセツエン,
10003271,サルモネラ菌性関節炎,サルモネラキンセイカンセツエン,
10003274,ウイルス性関節炎,ウイルスセイカンセツエン,
10003278,関節造影,カンセツゾウエイ,
10003279,関節造影異常,カンセツゾウエイイジョウ,
10003280,関節造影正常,カンセツゾウエイセイジョウ,
10003285,関節障害,カンセツショウガイ,
10003399,節足動物咬傷,セッソクドウブツコウショウ,
10003401,昆虫引っかき傷,コンチュウヒッカキキズ,
10003402,節足動物刺傷,セッソクドウブツシショウ,
10003411,関節鏡検査,カンセツキョウケンサ,
10003412,関節鏡検査異常,カンセツキョウケンサイジョウ,
10003414,関節鏡検査正常,カンセツキョウケンサセイジョウ,
10003422,関節石灰化,カンセツセッカイカ,
10003433,関節板障害,カンセツバンショウガイ,
10003439,人工的閉経,ジンコウテキヘイケイ,
10003440,人工破膜,ジンコウハマク,
10003441,石綿肺症,セキメンハイショウ,
10003442,回虫症,カイチュウショウ,
10003445,腹水,フクスイ,
10003472,非社会的行動,ヒシャカイテキコウドウ,
10003476,アスパラギン酸アミノトランスフェラーゼ,アスパラギンサンアミノトランスフェラーゼ,
10003477,アスパラギン酸アミノトランスフェラーゼ異常,アスパラギンサンアミノトランスフェラーゼイジョウ,
10003479,アスパラギン酸アミノトランスフェラーゼ減少,アスパラギンサンアミノトランスフェラーゼゲンショウ,
10003481,アスパラギン酸アミノトランスフェラーゼ増加,アスパラギンサンアミノトランスフェラーゼゾウカ,
10003482,アスパラギン酸アミノトランスフェラーゼ正常,アスパラギンサンアミノトランスフェラーゼセイジョウ,
10003487,アスペルギローマ,アスペルギローマ,
10003489,口腔アスペルギルス症,コウクウアスペルギルスショウ,
10003495,無精液症,ムセイエキショウ,
10003497,窒息,チッソク,
10003504,誤嚥,ゴエン,
10003505,骨髄穿刺,コツズイセンシ,
10003506,骨髄穿刺異常,コツズイセンシイジョウ,
10003507,骨髄穿刺正常,コツズイセンシセイジョウ,
10003508,滑液包吸引,カツエキホウキュウイン,
10003509,滑液包吸引異常,カツエキホウキュウインイジョウ,
10003510,滑液包吸引正常,カツエキホウキュウインセイジョウ,
10003514,精巣上体嚢胞吸引,セイソウジョウタイノウホウキュウイン,
10003515,精巣上体嚢胞吸引異常,セイソウジョウタイノウホウキュウインイジョウ,
10003516,精巣上体嚢胞吸引正常,セイソウジョウタイノウホウキュウインセイジョウ,
10003517,関節吸引,カンセツキュウイン,
10003518,関節吸引異常,カンセツキュウインイジョウ,
10003519,関節吸引正常,カンセツキュウインセイジョウ,
10003522,胸腔吸引,キョウクウキュウイン,
10003523,胸腔吸引異常,キョウクウキュウインイジョウ,
10003524,胸腔吸引正常,キョウクウキュウインセイジョウ,
10003527,精液瘤吸引,セイエキリュウキュウイン,
10003528,精液瘤吸引異常,セイエキリュウキュウインイジョウ,
10003529,精液瘤吸引正常,セイエキリュウキュウインセイジョウ,
10003531,気管吸引異常,キカンキュウインイジョウ,
10003532,気管吸引正常,キカンキュウインセイジョウ,
10003539,補助受精,ホジョジュセイ,
10003547,固定姿勢保持困難,コテイシセイホジコンナン,
10003549,無力症,ムリョクショウ,
10003552,眼精疲労,ガンセイヒロウ,
10003553,喘息,ゼンソク,
10003557,運動誘発喘息,ウンドウユウハツゼンソク,
10003559,遅発性喘息,チハツセイゼンソク,
10003569,乱視,ランシ,
10003571,星細胞腫,セイサイボウシュ,
10003581,無症候性ＨＩＶ感染,ムショウコウセイHIVカンセン,
10003591,運動失調,ウンドウシッチョウ,
10003594,毛細血管拡張運動失調,モウサイケッカンカクチョウウンドウシッチョウ,
10003598,無気肺,ムキハイ,
10003599,新生児無気肺,シンセイジムキハイ,
10003620,アテトーゼ,アテトーゼ,
10003628,脱力発作,ダツリョクホッサ,
10003629,無緊張性膀胱,ムキンチョウセイボウコウ,
10003645,アトピー,アトピー,
10003658,心房細動,シンボウサイドウ,
10003662,心房粗動,シンボウソドウ,
10003664,心房中隔欠損症,シンボウチュウカクケッソンショウ,
10003665,後天性心房中隔欠損症,コウテンセイシンボウチュウカクケッソンショウ,
10003667,心房中隔欠損修復,シンボウチュウカクケッソンシュウフク,
10003668,心房頻脈,シンボウヒンミャク,
10003671,房室ブロック,ボウシツブロック,
10003673,完全房室ブロック,カンゼンボウシツブロック,
10003674,第一度房室ブロック,ダイイチドボウシツブロック,
10003677,第二度房室ブロック,ダイニドボウシツブロック,
10003693,萎縮性外陰腟炎,イシュクセイガイインチツエン,
10003694,萎縮,イシュク,
10003739,注意喚起行動,チュウイカンキコウドウ,
10003746,非定型的注意欠陥障害,ヒテイケイテキチュウイケッカンショウガイ,
10003755,非定型マイコバクテリア性リンパ節炎,ヒテイケイマイコバクテリアセイリンパセツエン,
10003757,異型肺炎,イケイハイエン,
10003760,聴力図,チョウリョクズ,
10003761,聴力図異常,チョウリョクズイジョウ,
10003762,聴力図正常,チョウリョクズセイジョウ,
10003778,聴覚障害,チョウカクショウガイ,
10003789,補充現象,ホジュウゲンショウ,
10003791,前兆,ゼンチョウ,
10003794,耳茸,ミミタケ,
10003797,耳介血腫,ジカイケッシュ,
10003800,耳介腫脹,ジカイシュチョウ,
10003827,自己免疫性肝炎,ジコメンエキセイカンエン,
10003829,自己骨髄移植療法,ジココツズイイショクリョウホウ,
10003830,自動症,ジドウショウ,
10003831,てんかん性自動症,テンカンセイジドウショウ,
10003833,命令自動,メイレイジドウ,
10003840,自律神経失調,ジリツシンケイシッチョウ,
10003845,自己血輸血,ジコケツユケツ,
10003865,回避的パーソナリティ障害,カイヒテキパーソナリティショウガイ,
10003879,腋窩神経損傷,エキカシンケイソンショウ,
10003880,腋窩静脈血栓症,エキカジョウミャクケッセンショウ,
10003882,軸索型ニューロパチー,ジクサクガタニューロパチー,
10003883,無精子症,ムセイシショウ,
10003885,高窒素血症,コウチッソケッショウ,
10003890,前駆Ｂ細胞型急性白血病,ゼンクBサイボウガタキュウセイハッケツビョウ,
10003899,Ｂ細胞性リンパ腫,Bサイボウセイリンパシュ,
10003902,再発Ｂ細胞性リンパ腫,サイハツBサイボウセイリンパシュ,
10003903,治療抵抗性Ｂ細胞性リンパ腫,チリョウテイコウセイBサイボウセイリンパシュ,
10003904,Ｂ細胞性リンパ腫第１期,Bサイボウセイリンパシュダイ1キ,
10003905,Ｂ細胞性リンパ腫第２期,Bサイボウセイリンパシュダイ2キ,
10003906,Ｂ細胞性リンパ腫第３期,Bサイボウセイリンパシュダイ3キ,
10003907,Ｂ細胞性リンパ腫第４期,Bサイボウセイリンパシュダイ4キ,
10003908,Ｂ細胞性小リンパ球性リンパ腫,Bサイボウセイショウリンパキュウセイリンパシュ,
10003911,再発Ｂ細胞性小リンパ球性リンパ腫,サイハツBサイボウセイショウリンパキュウセイリンパシュ,
10003912,治療抵抗性Ｂ細胞性小リンパ球性リンパ腫,チリョウテイコウセイBサイボウセイショウリンパキュウセイリンパシュ,
10003913,Ｂ細胞性小リンパ球性リンパ腫第１期,Bサイボウセイショウリンパキュウセイリンパシュダイ1キ,
10003914,Ｂ細胞性小リンパ球性リンパ腫第２期,Bサイボウセイショウリンパキュウセイリンパシュダイ2キ,
10003915,Ｂ細胞性小リンパ球性リンパ腫第３期,Bサイボウセイショウリンパキュウセイリンパシュダイ3キ,
10003916,Ｂ細胞性小リンパ球性リンパ腫第４期,Bサイボウセイショウリンパキュウセイリンパシュダイ4キ,
10003917,Ｂ細胞型急性白血病,Bサイボウガタキュウセイハッケツビョウ,
10003922,分類不能なＢ細胞性リンパ腫ハイグレード,ブンルイフノウナBサイボウセイリンパシュハイグレード,
10003923,分類不能なＢ細胞性リンパ腫ローグレード,ブンルイフノウナBサイボウセイリンパシュローグレード,
10003965,バベシア症,バベシアショウ,
10003970,バッチの花療法,バッチノハナリョウホウ,
10003971,細菌性血管腫症,サイキンセイケッカンシュショウ,
10003983,背部障害,ハイブショウガイ,
10003986,背部損傷,ハイブソンショウ,
10003988,背部痛,ハイブツウ,
10003997,菌血症,キンケッショウ,
10004015,中枢神経系細菌性膿瘍,チュウスウシンケイケイサイキンセイノウヨウ,
10004016,細菌性下痢,サイキンセイゲリ,
10004017,細菌性疾患キャリアー,サイキンセイシッカンキャリアー,
10004022,細菌性食中毒,サイキンセイショクチュウドク,
10004050,細菌性心膜炎,サイキンセイシンマクエン,
10004053,細菌性毒血症,サイキンセイドクケツショウ,
10004055,細菌性腟症,サイキンセイチツショウ,
10004056,細菌尿,サイキンニョウ,
10004058,妊娠中細菌尿,ニンシンチュウサイキンニョウ,
10004074,カンジダ性亀頭炎,カンジダセイキトウエン,
10004078,亀頭包皮炎,キトウホウヒエン,
10004080,バランチジウム症,バランチジウムショウ,
10004089,破産,ハサン,
10004111,バリウム二重撮影,バリウムニジュウサツエイ,
10004115,バリウム注腸,バリウムチュウチョウ,
10004116,バリウム注腸異常,バリウムチュウチョウイジョウ,
10004117,バリウム注腸正常,バリウムチュウチョウセイジョウ,
10004118,バリウムがゆ,バリウムガユ,
10004119,バリウムがゆ異常,バリウムガユイジョウ,
10004120,バリウムがゆ追跡,バリウムガユツイセキ,
10004121,バリウムがゆ追跡異常,バリウムガユツイセキイジョウ,
10004122,バリウムがゆ追跡正常,バリウムガユツイセキセイジョウ,
10004123,バリウムがゆ正常,バリウムガユセイジョウ,
10004124,バリウム飲み込み,バリウムノミコミ,
10004125,バリウム飲み込み異常,バリウムノミコミイジョウ,
10004126,バリウム飲み込み正常,バリウムノミコミセイジョウ,
10004129,気圧性中耳炎,キアツセイチュウジエン,
10004133,樽状胸,タルジョウキョウ,
10004137,バレット食道,バレットショクドウ,
10004138,バルトリン腺膿瘍,バルトリンセンノウヨウ,
10004140,バルトリン嚢腫,バルトリンノウシュ,
10004141,バルトリン嚢胞切除,バルトリンノウホウセツジョ,
10004142,バルトリン腺炎,バルトリンセンエン,
10004145,バルトネラ症,バルトネラショウ,
10004146,基底細胞癌,キテイサイボウガン,
10004153,大脳基底核変性,ダイノウキテイカクヘンセイ,
10004167,好塩基球数減少,コウエンキキュウスウゲンショウ,
10004169,好塩基球数増加,コウエンキキュウスウゾウカ,
10004170,好塩基球数正常,コウエンキキュウスウセイジョウ,
10004173,好塩基球増加症,コウエンキキュウゾウカショウ,
10004178,基底扁平上皮癌,キテイヘンペイジョウヒガン,
10004179,皮膚基底有棘細胞癌,ヒフキテイユウシサイボウガン,
10004192,ベッカー母斑,ベッカーボハン,
10004194,トコジラミ寄生,トコジラミキセイ,
10004207,行動障害,コウドウショウガイ,
10004213,ベーチェット症候群,ベーチェットショウコウグン,
10004223,ベル麻痺,ベルマヒ,
10004224,好戦的態度,コウセンテキタイド,
10004231,ベンスジョーンズ蛋白尿,ベンスジョーンズタンパクニョウ,
10004242,良性乳房腫瘤除去,リョウセイニュウボウシュリュウジョキョ,
10004243,乳房の良性新生物,ニュウボウノリョウセイシンセイブツ,
10004245,心臓の良性新生物,シンゾウノリョウセイシンセイブツ,
10004251,十二指腸の良性新生物,ジュウニシチョウノリョウセイシンセイブツ,
10004265,良性家族性天疱瘡,リョウセイカゾクセイテンポウソウ,
10004267,胃の良性新生物,イノリョウセイシンセイブツ,
10004269,肝の良性新生物,カンノリョウセイシンセイブツ,
10004272,良性胞状奇胎,リョウセイホウジョウキタイ,
10004278,喉頭の良性新生物,コウトウノリョウセイシンセイブツ,
10004280,肺の良性新生物,ハイノリョウセイシンセイブツ,
10004288,縦隔の良性新生物,ジュウカクノリョウセイシンセイブツ,
10004292,中耳の良性新生物,チュウジノリョウセイシンセイブツ,
10004300,副腎の良性新生物,フクジンノリョウセイシンセイブツ,
10004302,膀胱の良性新生物,ボウコウノリョウセイシンセイブツ,
10004312,子宮頚部の良性新生物,シキュウケイブノリョウセイシンセイブツ,
10004313,脈絡膜の良性新生物,ミャクラクマクノリョウセイシンセイブツ,
10004315,結膜の良性新生物,ケツマクノリョウセイシンセイブツ,
10004316,角膜の良性新生物,カクマクノリョウセイシンセイブツ,
10004323,精巣上体の良性新生物,セイソウジョウタイノリョウセイシンセイブツ,
10004325,眼の良性新生物,メノリョウセイシンセイブツ,
10004334,ランゲルハンス島の良性新生物,ランゲルハンストウノリョウセイシンセイブツ,
10004337,涙管の良性新生物,ルイカンノリョウセイシンセイブツ,
10004338,涙腺の良性新生物,ルイセンノリョウセイシンセイブツ,
10004355,眼窩の良性新生物,ガンカノリョウセイシンセイブツ,
10004380,松果体の良性新生物,ショウカタイノリョウセイシンセイブツ,
10004385,前立腺の良性新生物,ゼンリツセンノリョウセイシンセイブツ,
10004390,網膜の良性新生物,モウマクノリョウセイシンセイブツ,
10004395,陰嚢の良性新生物,インノウノリョウセイシンセイブツ,
10004398,皮膚良性新生物,ヒフリョウセイシンセイブツ,
10004406,脊髄の良性新生物,セキズイノリョウセイシンセイブツ,
10004410,精巣の良性新生物,セイソウノリョウセイシンセイブツ,
10004411,胸腺の良性新生物,キョウセンノリョウセイシンセイブツ,
10004412,甲状腺の良性新生物,コウジョウセンノリョウセイシンセイブツ,
10004418,尿管の良性新生物,ニョウカンノリョウセイシンセイブツ,
10004419,尿道の良性新生物,ニョウドウノリョウセイシンセイブツ,
10004428,食道の良性新生物,ショクドウノリョウセイシンセイブツ,
10004433,卵巣良性腫瘍,ランソウリョウセイシュヨウ,
10004437,陰茎の良性新生物,インケイノリョウセイシンセイブツ,
10004438,腹膜の良性新生物,フクマクノリョウセイシンセイブツ,
10004442,良性胸膜中皮腫,リョウセイキョウマクチュウヒシュ,
10004443,胸膜の良性新生物,キョウマクノリョウセイシンセイブツ,
10004446,良性前立腺肥大症,リョウセイゼンリツセンヒダイショウ,
10004453,唾液腺の良性新生物,ダエキセンノリョウセイシンセイブツ,
10004466,気管の良性新生物,キカンノリョウセイシンセイブツ,
10004472,腟の良性新生物,チツノリョウセイシンセイブツ,
10004475,外陰の良性新生物,ガイインノリョウセイシンセイブツ,
10004478,死別,シベツ,
10004485,ベリリウム症,ベリリウムショウ,
10004494,β２ミクログロブリン減少,ベータ2ミクログロブリンゲンショウ,
10004496,β２ミクログロブリン増加,ベータ2ミクログロブリンゾウカ,
10004498,β２ミクログロブリン正常,ベータ2ミクログロブリンセイジョウ,
10004500,尿中β２ミクログロブリン減少,ニョウチュウベータ2ミクログロブリンゲンショウ,
10004501,尿中β２ミクログロブリン増加,ニョウチュウベータ2ミクログロブリンゾウカ,
10004503,尿中β２ミクログロブリン正常,ニョウチュウベータ2ミクログロブリンセイジョウ,
10004504,インターフェロンβ療法,インターフェロンベータリョウホウ,
10004506,β－ＮアセチルＤグルコサミニダーゼ,ベータNアセチルDグルコサミニダーゼ,
10004507,β－ＮアセチルＤグルコサミニダーゼ異常,ベータNアセチルDグルコサミニダーゼイジョウ,
10004509,β－ＮアセチルＤグルコサミニダーゼ減少,ベータNアセチルDグルコサミニダーゼゲンショウ,
10004511,β－ＮアセチルＤグルコサミニダーゼ増加,ベータNアセチルDグルコサミニダーゼゾウカ,
10004513,β－ＮアセチルＤグルコサミニダーゼ正常,ベータNアセチルDグルコサミニダーゼセイジョウ,
10004542,胃石,イセキ,
10004552,大動脈二尖弁,ダイドウミャクニセンベン,
10004557,両側性乳房蕾,リョウソクセイニュウボウライ,
10004585,胆管腺癌,タンカンセンガン,
10004589,胆管腺扁平上皮癌,タンカンセンヘンペイジョウヒガン,
10004593,胆管癌,タンカンガン,
10004596,再発胆管癌,サイハツタンカンガン,
10004608,胆管診査,タンカンシンサ,
10004633,胆管扁平上皮癌,タンカンヘンペイジョウヒガン,
10004637,胆管結石,タンカンケッセキ,
10004659,胆汁性肝硬変,タンジュウセイカンコウヘン,
10004663,胆道仙痛,タンドウセンツウ,
10004664,胆管線維症,タンカンセンイショウ,
10004665,胆管瘻,タンカンロウ,
10004668,胆道新生物,タンドウシンセイブツ,
10004684,抱合ビリルビン,ホウゴウビリルビン,
10004685,抱合ビリルビン増加,ホウゴウビリルビンゾウカ,
10004686,抱合ビリルビン正常,ホウゴウビリルビンセイジョウ,
10004710,ビリルビン尿,ビリルビンニョウ,
10004713,ビリング式避妊法,ビリングシキヒニンホウ,
10004716,気晴らし食い,キバラシグイ,
10004720,生検,セイケン,
10004721,腹壁生検,フクヘキセイケン,
10004722,腹壁生検異常,フクヘキセイケンイジョウ,
10004723,腹壁生検正常,フクヘキセイケンセイジョウ,
10004724,副腎生検,フクジンセイケン,
10004725,副腎生検異常,フクジンセイケンイジョウ,
10004726,副腎生検正常,フクジンセイケンセイジョウ,
10004727,肛門生検,コウモンセイケン,
10004728,肛門生検異常,コウモンセイケンイジョウ,
10004729,肛門生検正常,コウモンセイケンセイジョウ,
10004730,膀胱生検,ボウコウセイケン,
10004731,膀胱生検異常,ボウコウセイケンイジョウ,
10004732,膀胱生検正常,ボウコウセイケンセイジョウ,
10004735,骨生検,コツセイケン,
10004736,骨生検異常,コツセイケンイジョウ,
10004737,骨髄生検,コツズイセイケン,
10004738,骨髄生検異常,コツズイセイケンイジョウ,
10004739,骨髄生検正常,コツズイセイケンセイジョウ,
10004740,骨生検正常,コツセイケンセイジョウ,
10004741,脳生検,ノウセイケン,
10004742,脳生検異常,ノウセイケンイジョウ,
10004743,脳生検正常,ノウセイケンセイジョウ,
10004744,乳房生検,ニュウボウセイケン,
10004745,乳房生検異常,ニュウボウセイケンイジョウ,
10004746,乳房生検正常,ニュウボウセイケンセイジョウ,
10004747,気管支生検,キカンシセイケン,
10004748,気管支生検異常,キカンシセイケンイジョウ,
10004749,気管支生検正常,キカンシセイケンセイジョウ,
10004750,軟骨生検,ナンコツセイケン,
10004751,軟骨生検異常,ナンコツセイケンイジョウ,
10004752,軟骨生検正常,ナンコツセイケンセイジョウ,
10004753,子宮頚部生検,シキュウケイブセイケン,
10004754,子宮頚部生検異常,シキュウケイブセイケンイジョウ,
10004755,子宮頚部生検正常,シキュウケイブセイケンセイジョウ,
10004759,結腸生検,ケッチョウセイケン,
10004760,結腸生検異常,ケッチョウセイケンイジョウ,
10004761,結腸生検正常,ケッチョウセイケンセイジョウ,
10004763,結膜生検,ケツマクセイケン,
10004764,結膜生検異常,ケツマクセイケンイジョウ,
10004765,結膜生検正常,ケツマクセイケンセイジョウ,
10004766,角膜生検,カクマクセイケン,
10004767,角膜生検異常,カクマクセイケンイジョウ,
10004768,角膜生検正常,カクマクセイケンセイジョウ,
10004769,子宮内膜生検,シキュウナイマクセイケン,
10004770,子宮内膜生検異常,シキュウナイマクセイケンイジョウ,
10004771,子宮内膜生検正常,シキュウナイマクセイケンセイジョウ,
10004772,精巣上体生検,セイソウジョウタイセイケン,
10004773,精巣上体生検異常,セイソウジョウタイセイケンイジョウ,
10004774,精巣上体生検正常,セイソウジョウタイセイケンセイジョウ,
10004779,心臓生検,シンゾウセイケン,
10004780,心臓生検異常,シンゾウセイケンイジョウ,
10004781,心臓生検正常,シンゾウセイケンセイジョウ,
10004782,腎生検,ジンセイケン,
10004783,腎生検異常,ジンセイケンイジョウ,
10004784,腎生検正常,ジンセイケンセイジョウ,
10004785,喉頭生検,コウトウセイケン,
10004786,喉頭生検異常,コウトウセイケンイジョウ,
10004787,喉頭生検正常,コウトウセイケンセイジョウ,
10004788,口唇生検,コウシンセイケン,
10004789,口唇生検異常,コウシンセイケンイジョウ,
10004790,口唇生検正常,コウシンセイケンセイジョウ,
10004791,肝生検,カンセイケン,
10004792,肝生検異常,カンセイケンイジョウ,
10004793,肝生検正常,カンセイケンセイジョウ,
10004794,肺生検,ハイセイケン,
10004795,肺生検異常,ハイセイケンイジョウ,
10004796,肺生検正常,ハイセイケンセイジョウ,
10004797,リンパ節生検,リンパセツセイケン,
10004798,リンパ節生検異常,リンパセツセイケンイジョウ,
10004799,リンパ節生検正常,リンパセツセイケンセイジョウ,
10004800,粘膜生検異常,ネンマクセイケンイジョウ,
10004801,粘膜生検正常,ネンマクセイケンセイジョウ,
10004802,筋生検,キンセイケン,
10004803,筋生検異常,キンセイケンイジョウ,
10004804,筋生検正常,キンセイケンセイジョウ,
10004808,食道生検,ショクドウセイケン,
10004809,食道生検異常,ショクドウセイケンイジョウ,
10004810,食道生検正常,ショクドウセイケンセイジョウ,
10004830,卵巣生検,ランソウセイケン,
10004831,卵巣生検異常,ランソウセイケンイジョウ,
10004832,卵巣生検正常,ランソウセイケンセイジョウ,
10004833,口蓋生検,コウガイセイケン,
10004834,口蓋生検異常,コウガイセイケンイジョウ,
10004835,口蓋生検正常,コウガイセイケンセイジョウ,
10004836,副甲状腺生検,フクコウジョウセンセイケン,
10004837,副甲状腺生検異常,フクコウジョウセンセイケンイジョウ,
10004838,副甲状腺生検正常,フクコウジョウセンセイケンセイジョウ,
10004839,陰茎生検,インケイセイケン,
10004840,陰茎生検異常,インケイセイケンイジョウ,
10004841,陰茎生検正常,インケイセイケンセイジョウ,
10004842,心膜生検,シンマクセイケン,
10004843,心膜生検異常,シンマクセイケンイジョウ,
10004844,心膜生検正常,シンマクセイケンセイジョウ,
10004845,末梢神経生検,マッショウシンケイセイケン,
10004846,末梢神経生検異常,マッショウシンケイセイケンイジョウ,
10004847,末梢神経生検正常,マッショウシンケイセイケンセイジョウ,
10004848,腹膜生検,フクマクセイケン,
10004849,腹膜生検異常,フクマクセイケンイジョウ,
10004850,腹膜生検正常,フクマクセイケンセイジョウ,
10004851,咽頭生検,イントウセイケン,
10004852,咽頭生検異常,イントウセイケンイジョウ,
10004853,咽頭生検正常,イントウセイケンセイジョウ,
10004854,胸膜生検,キョウマクセイケン,
10004855,胸膜生検異常,キョウマクセイケンイジョウ,
10004856,胸膜生検正常,キョウマクセイケンセイジョウ,
10004857,前立腺生検,ゼンリツセンセイケン,
10004858,前立腺生検正常,ゼンリツセンセイケンセイジョウ,
10004859,直腸生検,チョクチョウセイケン,
10004860,直腸生検異常,チョクチョウセイケンイジョウ,
10004861,直腸生検正常,チョクチョウセイケンセイジョウ,
10004862,網膜生検,モウマクセイケン,
10004863,網膜生検異常,モウマクセイケンイジョウ,
10004864,網膜生検正常,モウマクセイケンセイジョウ,
10004865,唾液腺生検,ダエキセンセイケン,
10004866,唾液腺生検異常,ダエキセンセイケンイジョウ,
10004867,唾液腺生検正常,ダエキセンセイケンセイジョウ,
10004868,強膜生検,キョウマクセイケン,
10004869,強膜生検異常,キョウマクセイケンイジョウ,
10004870,強膜生検正常,キョウマクセイケンセイジョウ,
10004871,部位不明の生検異常,ブイフメイノセイケンイジョウ,
10004872,部位不明の生検正常,ブイフメイノセイケンセイジョウ,
10004873,皮膚生検,ヒフセイケン,
10004874,皮膚生検異常,ヒフセイケンイジョウ,
10004875,皮膚生検正常,ヒフセイケンセイジョウ,
10004876,脊髄生検,セキズイセイケン,
10004877,脊髄生検異常,セキズイセイケンイジョウ,
10004878,脊髄生検正常,セキズイセイケンセイジョウ,
10004879,胃生検,イセイケン,
10004880,胃生検異常,イセイケンイジョウ,
10004881,胃生検正常,イセイケンセイジョウ,
10004882,精巣生検,セイソウセイケン,
10004883,精巣生検異常,セイソウセイケンイジョウ,
10004884,精巣生検正常,セイソウセイケンセイジョウ,
10004885,胸腺生検,キョウセンセイケン,
10004886,胸腺生検異常,キョウセンセイケンイジョウ,
10004887,胸腺生検正常,キョウセンセイケンセイジョウ,
10004888,甲状腺生検,コウジョウセンセイケン,
10004889,甲状腺生検異常,コウジョウセンセイケンイジョウ,
10004890,甲状腺生検正常,コウジョウセンセイケンセイジョウ,
10004891,舌生検,ゼツセイケン,
10004892,舌生検異常,ゼツセイケンイジョウ,シタセイケンイジョウ
10004893,舌生検正常,ゼツセイケンセイジョウ,シタセイケンセイジョウ
10004894,気管生検,キカンセイケン,
10004895,気管生検異常,キカンセイケンイジョウ,
10004896,気管生検正常,キカンセイケンセイジョウ,
10004897,尿道生検,ニョウドウセイケン,
10004898,尿道生検異常,ニョウドウセイケンイジョウ,
10004899,尿道生検正常,ニョウドウセイケンセイジョウ,
10004900,腟生検,チツセイケン,
10004901,腟生検異常,チツセイケンイジョウ,
10004902,腟生検正常,チツセイケンセイジョウ,
10004903,外陰生検,ガイインセイケン,
10004904,外陰生検異常,ガイインセイケンイジョウ,
10004905,外陰生検正常,ガイインセイケンセイジョウ,
10004906,ビオチン欠乏,ビオチンケツボウ,
10004939,双極１型障害,ソウキョク1ガタショウガイ,
10004940,双極２型障害,ソウキョク2ガタショウガイ,
10004950,あざ,アザ,
10004954,分娩時外傷,ブンベンジガイショウ,
10004963,バイセクシャル,バイセクシャル,
10004966,咬刺傷,コウシショウ,
10004975,黒色砂毛,コクショクサモウ,
10004984,黒水熱,コクスイネツ,
10004986,再発膀胱腺癌,サイハツボウコウセンガン,
10004987,膀胱腺癌第０期,ボウコウセンガンダイ0キ,
10004988,膀胱腺癌第１期,ボウコウセンガンダイ1キ,
10004989,膀胱腺癌第２期,ボウコウセンガンダイ2キ,
10004990,膀胱腺癌第３期,ボウコウセンガンダイ3キ,
10004991,膀胱腺癌第４期,ボウコウセンガンダイ4キ,
10004992,膀胱腺癌、病期不明,ボウコウセンガンビョウキフメイ,
10004993,膀胱吻合,ボウコウフンゴウ,
10005002,膀胱結石除去,ボウコウケッセキジョキョ,
10005003,膀胱癌,ボウコウガン,
10005005,再発膀胱癌,サイハツボウコウガン,
10005006,膀胱癌第０期、上皮内癌を伴う,ボウコウガンダイ0キジョウヒナイガンヲトモナウ,
10005007,膀胱癌第０期、上皮内癌を除く,ボウコウガンダイ0キジョウヒナイガンヲノゾク,
10005008,膀胱癌第１期、上皮内癌を伴う,ボウコウガンダイ1キジョウヒナイガンヲトモナウ,
10005009,膀胱癌第１期、上皮内癌を除く,ボウコウガンダイ1キジョウヒナイガンヲノゾク,
10005010,膀胱癌第２期,ボウコウガンダイ2キ,
10005011,膀胱癌第３期,ボウコウガンダイ3キ,
10005012,膀胱癌第４期,ボウコウガンダイ4キ,
10005024,永久的膀胱カテーテル留置,エイキュウテキボウコウカテーテルリュウチ,
10005025,膀胱カテーテル除去,ボウコウカテーテルジョキョ,
10005026,膀胱カテーテル置換,ボウコウカテーテルチカン,
10005027,一時的膀胱カテーテル留置,イチジテキボウコウカテーテルリュウチ,
10005028,膀胱カテーテル留置,ボウコウカテーテルリュウチ,
10005033,膀胱拡大,ボウコウカクダイ,
10005034,膀胱不快感,ボウコウフカイカン,
10005038,膀胱憩室,ボウコウケイシツ,
10005042,膀胱線維症,ボウコウセンイショウ,
10005043,膀胱肉芽腫,ボウコウニクゲシュ,
10005052,膀胱刺激症状,ボウコウシゲキショウジョウ,
10005053,膀胱頚部閉塞,ボウコウケイブヘイソク,
10005055,膀胱頚部切除,ボウコウケイブセツジョ,
10005056,膀胱新生物,ボウコウシンセイブツ,
10005060,膀胱閉塞,ボウコウヘイソク,
10005063,膀胱痛,ボウコウツウ,
10005064,膀胱乳頭腫,ボウコウニュウトウシュ,
10005070,膀胱修復,ボウコウシュウフク,
10005073,膀胱括約筋無緊張症,ボウコウカツヤクキンムキンチョウショウ,
10005075,再発膀胱扁平上皮癌,サイハツボウコウヘンペイジョウヒガン,
10005076,膀胱扁平上皮癌第０期,ボウコウヘンペイジョウヒガンダイ0キ,
10005077,膀胱扁平上皮癌第１期,ボウコウヘンペイジョウヒガンダイ1キ,
10005078,膀胱扁平上皮癌第２期,ボウコウヘンペイジョウヒガンダイ2キ,
10005079,膀胱扁平上皮癌第３期,ボウコウヘンペイジョウヒガンダイ3キ,
10005080,膀胱扁平上皮癌第４期,ボウコウヘンペイジョウヒガンダイ4キ,
10005081,膀胱扁平上皮癌、病期不明,ボウコウヘンペイジョウヒガンビョウキフメイ,
10005082,膀胱狭窄,ボウコウキョウサク,
10005083,膀胱毛細血管拡張,ボウコウモウサイケッカンカクチョウ,
10005084,膀胱移行上皮癌,ボウコウイコウジョウヒガン,
10005089,芽球細胞増殖,ガキュウサイボウゾウショク,
10005092,ブラストシスティス感染,ブラストシスティスカンセン,
10005098,ブラストミセス症,ブラストミセスショウ,
10005104,無排卵性出血,ムハイランセイシュッケツ,
10005136,出血時間,シュッケツジカン,
10005139,出血時間正常,シュッケツジカンセイジョウ,
10005140,出血時間延長,シュッケツジカンエンチョウ,
10005141,出血時間短縮,シュッケツジカンタンシュク,
10005144,出血性静脈瘤,シュッケツセイジョウミャクリュウ,
10005147,眼瞼色素沈着,ガンケンシキソチンチャク,マブタシキソチンチャク
10005148,眼瞼炎,ガンケンエン,
10005149,アレルギー性眼瞼炎,アレルギーセイガンケンエン,
10005152,眼瞼弛緩症,ガンケンシカンショウ,
10005155,瞼裂狭小,ケンレツキョウショウ,
10005156,眼瞼形成術,ガンケンケイセイジュツ,
10005158,眼瞼縫合,ガンケンホウゴウ,
10005159,眼瞼痙攣,ガンケンケイレン,
10005169,失明,シツメイ,
10005176,先天性失明,センテンセイシツメイ,
10005177,皮質盲,ヒシツモウ,
10005178,昼盲,チュウモウ,
10005184,一過性失明,イッカセイシツメイ,
10005185,外傷性失明,ガイショウセイシツメイ,
10005186,片側失明,ヘンソクシツメイ,
10005191,水疱,スイホウ,
10005192,感染性水疱,カンセンセイスイホウ,
10005269,鼠径部ブロック郭清術,ソケイブブロックカクセイジュツ,
10005278,血中酸性ホスファターゼ,ケッチュウサンセイホスファターゼ,
10005279,血中酸性ホスファターゼ異常,ケッチュウサンセイホスファターゼイジョウ,
10005281,血中酸性ホスファターゼ減少,ケッチュウサンセイホスファターゼゲンショウ,
10005282,血中酸性ホスファターゼ増加,ケッチュウサンセイホスファターゼゾウカ,
10005283,血中酸性ホスファターゼ正常,ケッチュウサンセイホスファターゼセイジョウ,
10005285,血中アルブミン,ケッチュウアルブミン,
10005286,血中アルブミン異常,ケッチュウアルブミンイジョウ,
10005287,血中アルブミン減少,ケッチュウアルブミンゲンショウ,
10005288,血中アルブミン増加,ケッチュウアルブミンゾウカ,
10005289,血中アルブミン正常,ケッチュウアルブミンセイジョウ,
10005293,血中アルドステロン,ケッチュウアルドステロン,
10005294,血中アルドステロン異常,ケッチュウアルドステロンイジョウ,
10005295,血中アルドステロン減少,ケッチュウアルドステロンゲンショウ,
10005296,血中アルドステロン増加,ケッチュウアルドステロンゾウカ,
10005297,血中アルドステロン正常,ケッチュウアルドステロンセイジョウ,
10005298,血中アルカリホスファターゼ,ケッチュウアルカリホスファターゼ,
10005310,血中アルカリホスファターゼ正常,ケッチュウアルカリホスファターゼセイジョウ,
10005318,血中アルミニウム,ケッチュウアルミニウム,
10005319,血中アルミニウム異常,ケッチュウアルミニウムイジョウ,
10005320,血中アルミニウム減少,ケッチュウアルミニウムゲンショウ,
10005321,血中アルミニウム増加,ケッチュウアルミニウムゾウカ,
10005322,血中アルミニウム正常,ケッチュウアルミニウムセイジョウ,
10005331,血中抗利尿ホルモン,ケッチュウコウリニョウホルモン,
10005332,血中抗利尿ホルモン検査異常,ケッチュウコウリニョウホルモンケンサイジョウ,
10005334,血中抗利尿ホルモン減少,ケッチュウコウリニョウホルモンゲンショウ,
10005335,血中抗利尿ホルモン増加,ケッチュウコウリニョウホルモンゾウカ,
10005336,血中抗利尿ホルモン検査正常,ケッチュウコウリニョウホルモンケンサセイジョウ,
10005337,血中アンチモン,ケッチュウアンチモン,
10005338,血中アンチモン減少,ケッチュウアンチモンゲンショウ,
10005339,血中アンチモン増加,ケッチュウアンチモンゾウカ,
10005340,血中アンチモン正常,ケッチュウアンチモンセイジョウ,
10005342,血中砒素増加,ケッチュウヒソゾウカ,
10005343,血中砒素正常,ケッチュウヒソセイジョウ,
10005344,血中殺菌活性,ケッチュウサッキンカッセイ,
10005353,血中ベリリウム,ケッチュウベリリウム,
10005354,血中ベリリウム減少,ケッチュウベリリウムゲンショウ,
10005355,血中ベリリウム増加,ケッチュウベリリウムゾウカ,
10005356,血中ベリリウム正常,ケッチュウベリリウムセイジョウ,
10005357,血中重炭酸塩,ケッチュウジュウタンサンエン,
10005358,血中重炭酸塩異常,ケッチュウジュウタンサンエンイジョウ,
10005359,血中重炭酸塩減少,ケッチュウジュウタンサンエンゲンショウ,
10005360,血中重炭酸塩増加,ケッチュウジュウタンサンエンゾウカ,
10005361,血中重炭酸塩正常,ケッチュウジュウタンサンエンセイジョウ,
10005362,血中ビリルビン,ケッチュウビリルビン,
10005364,血中ビリルビン増加,ケッチュウビリルビンゾウカ,
10005367,血中ビリルビン正常,ケッチュウビリルビンセイジョウ,
10005369,血中非抱合ビリルビン,ケッチュウヒホウゴウビリルビン,
10005370,血中非抱合ビリルビン増加,ケッチュウヒホウゴウビリルビンゾウカ,
10005371,血中非抱合ビリルビン正常,ケッチュウヒホウゴウビリルビンセイジョウ,
10005372,血性水疱,ケツセイスイホウ,ケッセイスイホウ
10005373,血中臭素,ケッチュウシュウソ,
10005374,血中臭素異常,ケッチュウシュウソイジョウ,
10005375,血中臭素減少,ケッチュウシュウソゲンショウ,
10005376,血中臭素増加,ケッチュウシュウソゾウカ,
10005377,血中臭素正常,ケッチュウシュウソセイジョウ,
10005378,血中カドミウム,ケッチュウカドミウム,
10005379,血中カドミウム減少,ケッチュウカドミウムゲンショウ,
10005380,血中カドミウム増加,ケッチュウカドミウムゾウカ,
10005381,血中カドミウム正常,ケッチュウカドミウムセイジョウ,
10005382,血中カフェイン,ケッチュウカフェイン,
10005383,血中カフェイン減少,ケッチュウカフェインゲンショウ,
10005384,血中カフェイン増加,ケッチュウカフェインゾウカ,
10005385,血中カフェイン正常,ケッチュウカフェインセイジョウ,
10005386,血中カルシトニン,ケッチュウカルシトニン,
10005387,血中カルシトニン異常,ケッチュウカルシトニンイジョウ,
10005389,血中カルシトニン減少,ケッチュウカルシトニンゲンショウ,
10005390,血中カルシトニン増加,ケッチュウカルシトニンゾウカ,
10005391,血中カルシトニン正常,ケッチュウカルシトニンセイジョウ,
10005392,血中カルシウム,ケッチュウカルシウム,
10005393,血中カルシウム異常,ケッチュウカルシウムイジョウ,
10005395,血中カルシウム減少,ケッチュウカルシウムゲンショウ,
10005396,血中カルシウム増加,ケッチュウカルシウムゾウカ,
10005397,血中カルシウム正常,ケッチュウカルシウムセイジョウ,
10005406,血中一酸化炭素,ケッチュウイッサンカタンソ,
10005407,血中一酸化炭素異常,ケッチュウイッサンカタンソイジョウ,
10005408,血中一酸化炭素減少,ケッチュウイッサンカタンソゲンショウ,
10005409,血中一酸化炭素増加,ケッチュウイッサンカタンソゾウカ,
10005410,血中一酸化炭素正常,ケッチュウイッサンカタンソセイジョウ,
10005411,血中カテコールアミン,ケッチュウカテコールアミン,
10005412,血中カテコールアミン異常,ケッチュウカテコールアミンイジョウ,
10005413,血中カテコールアミン減少,ケッチュウカテコールアミンゲンショウ,
10005414,血中カテコールアミン増加,ケッチュウカテコールアミンゾウカ,
10005415,血中カテコールアミン正常,ケッチュウカテコールアミンセイジョウ,
10005416,血中クロール,ケッチュウクロール,
10005417,血中クロール異常,ケッチュウクロールイジョウ,
10005419,血中クロール減少,ケッチュウクロールゲンショウ,
10005420,血中クロール増加,ケッチュウクロールゾウカ,
10005421,血中クロール正常,ケッチュウクロールセイジョウ,
10005422,血中コレステロール,ケッチュウコレステロール,
10005423,血中コレステロール異常,ケッチュウコレステロールイジョウ,
10005424,血中コレステロール減少,ケッチュウコレステロールゲンショウ,
10005425,血中コレステロール増加,ケッチュウコレステロールゾウカ,
10005426,血中コレステロール正常,ケッチュウコレステロールセイジョウ,
10005428,血中コリンエステラーゼ,ケッチュウコリンエステラーゼ,
10005429,血中コリンエステラーゼ異常,ケッチュウコリンエステラーゼイジョウ,
10005430,血中コリンエステラーゼ減少,ケッチュウコリンエステラーゼゲンショウ,
10005431,血中コリンエステラーゼ増加,ケッチュウコリンエステラーゼゾウカ,
10005432,血中コリンエステラーゼ正常,ケッチュウコリンエステラーゼセイジョウ,
10005433,血中クロム,ケッチュウクロム,
10005434,血中クロム減少,ケッチュウクロムゲンショウ,
10005435,血中クロム増加,ケッチュウクロムゾウカ,
10005436,血中クロム正常,ケッチュウクロムセイジョウ,
10005439,血中銅,ケッチュウドウ,
10005440,血中銅異常,ケッチュウドウイジョウ,
10005442,血中銅減少,ケッチュウドウゲンショウ,
10005443,血中銅増加,ケッチュウドウゾウカ,
10005444,血中銅正常,ケッチュウドウセイジョウ,
10005445,血中コルチコステロン,ケッチュウコルチコステロン,
10005446,血中コルチコステロン異常,ケッチュウコルチコステロンイジョウ,
10005447,血中コルチコステロン減少,ケッチュウコルチコステロンゲンショウ,
10005448,血中コルチコステロン増加,ケッチュウコルチコステロンゾウカ,
10005449,血中コルチコステロン正常,ケッチュウコルチコステロンセイジョウ,
10005450,血中コルチコトロピン,ケッチュウコルチコトロピン,
10005451,血中コルチコトロピン異常,ケッチュウコルチコトロピンイジョウ,
10005452,血中コルチコトロピン減少,ケッチュウコルチコトロピンゲンショウ,
10005453,血中コルチコトロピン増加,ケッチュウコルチコトロピンゾウカ,
10005454,血中コルチコトロピン正常,ケッチュウコルチコトロピンセイジョウ,
10005455,血中コルチゾール,ケッチュウコルチゾール,
10005461,血中クレアチン,ケッチュウクレアチン,
10005462,血中クレアチン異常,ケッチュウクレアチンイジョウ,
10005463,血中クレアチン減少,ケッチュウクレアチンゲンショウ,
10005464,血中クレアチン増加,ケッチュウクレアチンゾウカ,
10005466,血中クレアチン正常,ケッチュウクレアチンセイジョウ,
10005480,血中クレアチニン,ケッチュウクレアチニン,
10005481,血中クレアチニン異常,ケッチュウクレアチニンイジョウ,
10005482,血中クレアチニン減少,ケッチュウクレアチニンゲンショウ,
10005483,血中クレアチニン増加,ケッチュウクレアチニンゾウカ,
10005484,血中クレアチニン正常,ケッチュウクレアチニンセイジョウ,
10005485,血液培養,ケツエキバイヨウ,
10005486,血液培養陰性,ケツエキバイヨウインセイ,
10005488,血液培養陽性,ケツエキバイヨウヨウセイ,
10005489,血中シアン化物,ケッチュウシアンカブツ,
10005490,血中シアン化物減少,ケッチュウシアンカブツゲンショウ,
10005491,血中シアン化物増加,ケッチュウシアンカブツゾウカ,
10005492,血中シアン化物正常,ケッチュウシアンカブツセイジョウ,
10005494,供血者,キョウケツシャ,
10005512,血中アセトアルデヒド増加,ケッチュウアセトアルデヒドゾウカ,
10005513,血中エタノール,ケッチュウエタノール,
10005514,血中エタノール減少,ケッチュウエタノールゲンショウ,
10005515,血中エタノール増加,ケッチュウエタノールゾウカ,
10005516,血中エタノール正常,ケッチュウエタノールセイジョウ,
10005517,血中フィブリノゲン,ケッチュウフィブリノゲン,
10005518,血中フィブリノゲン異常,ケッチュウフィブリノゲンイジョウ,
10005520,血中フィブリノゲン減少,ケッチュウフィブリノゲンゲンショウ,
10005521,血中フィブリノゲン増加,ケッチュウフィブリノゲンゾウカ,
10005522,血中フィブリノゲン正常,ケッチュウフィブリノゲンセイジョウ,
10005524,血中葉酸,ケッチュウヨウサン,
10005525,血中葉酸異常,ケッチュウヨウサンイジョウ,
10005527,血中葉酸減少,ケッチュウヨウサンゲンショウ,
10005528,血中葉酸増加,ケッチュウヨウサンゾウカ,
10005529,血中葉酸正常,ケッチュウヨウサンセイジョウ,
10005531,血中卵胞刺激ホルモン,ケッチュウランポウシゲキホルモン,ケッチュウランホウシゲキホルモン
10005532,血中卵胞刺激ホルモン異常,ケッチュウランポウシゲキホルモンイジョウ,ケッチュウランホウシゲキホルモンイジョウ
10005533,血中卵胞刺激ホルモン減少,ケッチュウランポウシゲキホルモンゲンショウ,ケッチュウランホウシゲキホルモンゲンショウ
10005534,血中卵胞刺激ホルモン増加,ケッチュウランポウシゲキホルモンゾウカ,ケッチュウランホウシゲキホルモンゾウカ
10005535,血中卵胞刺激ホルモン正常,ケッチュウランポウシゲキホルモンセイジョウ,
10005537,血液ガス,ケツエキガス,
10005539,血液ガス異常,ケツエキガスイジョウ,
10005540,血液ガス正常,ケツエキガスセイジョウ,
10005544,血中ガストリン減少,ケッチュウガストリンゲンショウ,
10005545,血中ガストリン増加,ケッチュウガストリンゾウカ,
10005546,血中ガストリン正常,ケッチュウガストリンセイジョウ,
10005547,血中グルカゴン,ケッチュウグルカゴン,
10005548,血中グルカゴン異常,ケッチュウグルカゴンイジョウ,
10005550,血中グルカゴン減少,ケッチュウグルカゴンゲンショウ,
10005551,血中グルカゴン増加,ケッチュウグルカゴンゾウカ,
10005552,血中グルカゴン正常,ケッチュウグルカゴンセイジョウ,
10005553,血中ブドウ糖,ケッチュウブドウトウ,
10005554,血中ブドウ糖異常,ケッチュウブドウトウイジョウ,
10005555,血中ブドウ糖減少,ケッチュウブドウトウゲンショウ,
10005556,血中ブドウ糖偽陽性,ケッチュウブドウトウギヨウセイ,
10005557,血中ブドウ糖増加,ケッチュウブドウトウゾウカ,
10005558,血中ブドウ糖正常,ケッチュウブドウトウセイジョウ,
10005560,血中ゴナドトロピン,ケッチュウゴナドトロピン,
10005561,血中ゴナドトロピン異常,ケッチュウゴナドトロピンイジョウ,
10005562,血中ゴナドトロピン減少,ケッチュウゴナドトロピンゲンショウ,
10005563,血中ゴナドトロピン増加,ケッチュウゴナドトロピンゾウカ,
10005564,血中ゴナドトロピン正常,ケッチュウゴナドトロピンセイジョウ,
10005565,血液型Ａ,ケツエキガタA,
10005566,血液型ＡＢ,ケツエキガタAB,
10005567,血液型Ｂ,ケツエキガタB,
10005568,血液型Ｏ,ケツエキガタO,
10005569,血液型検査,ケツエキガタケンサ,
10005571,血中成長ホルモン,ケッチュウセイチョウホルモン,
10005572,血中成長ホルモン異常,ケッチュウセイチョウホルモンイジョウ,
10005573,血中成長ホルモン減少,ケッチュウセイチョウホルモンゲンショウ,
10005574,血中成長ホルモン増加,ケッチュウセイチョウホルモンゾウカ,
10005575,血中成長ホルモン正常,ケッチュウセイチョウホルモンセイジョウ,
10005582,低浸透圧血症,テイシントウアツケツショウ,テイシントウアツケッショウ
10005583,血中免疫グロブリンＡ,ケッチュウメンエキグロブリンA,
10005584,血中免疫グロブリンＡ異常,ケッチュウメンエキグロブリンAイジョウ,
10005585,血中免疫グロブリンＡ減少,ケッチュウメンエキグロブリンAゲンショウ,
10005586,血中免疫グロブリンＡ増加,ケッチュウメンエキグロブリンAゾウカ,
10005587,血中免疫グロブリンＡ正常,ケッチュウメンエキグロブリンAセイジョウ,
10005588,血中免疫グロブリンＥ,ケッチュウメンエキグロブリンE,
10005589,血中免疫グロブリンＥ異常,ケッチュウメンエキグロブリンEイジョウ,
10005590,血中免疫グロブリンＥ減少,ケッチュウメンエキグロブリンEゲンショウ,
10005591,血中免疫グロブリンＥ増加,ケッチュウメンエキグロブリンEゾウカ,
10005592,血中免疫グロブリンＥ正常,ケッチュウメンエキグロブリンEセイジョウ,
10005593,血中免疫グロブリンＧ,ケッチュウメンエキグロブリンG,
10005594,血中免疫グロブリンＧ異常,ケッチュウメンエキグロブリンGイジョウ,
10005595,血中免疫グロブリンＧ減少,ケッチュウメンエキグロブリンGゲンショウ,
10005596,血中免疫グロブリンＧ増加,ケッチュウメンエキグロブリンGゾウカ,
10005597,血中免疫グロブリンＧ正常,ケッチュウメンエキグロブリンGセイジョウ,
10005598,血中免疫グロブリンＭ,ケッチュウメンエキグロブリンM,
10005599,血中免疫グロブリンＭ異常,ケッチュウメンエキグロブリンMイジョウ,
10005600,血中免疫グロブリンＭ減少,ケッチュウメンエキグロブリンMゲンショウ,
10005601,血中免疫グロブリンＭ増加,ケッチュウメンエキグロブリンMゾウカ,
10005602,血中免疫グロブリンＭ正常,ケッチュウメンエキグロブリンMセイジョウ,
10005605,血中インスリン,ケッチュウインスリン,
10005606,血中インスリン異常,ケッチュウインスリンイジョウ,
10005613,血中インスリン減少,ケッチュウインスリンゲンショウ,
10005614,血中インスリン増加,ケッチュウインスリンゾウカ,
10005615,血中インスリン正常,ケッチュウインスリンセイジョウ,
10005616,血中鉄,ケッチュウテツ,
10005617,血中鉄異常,ケッチュウテツイジョウ,
10005619,血中鉄減少,ケッチュウテツゲンショウ,
10005620,血中鉄増加,ケッチュウテツゾウカ,
10005621,血中鉄正常,ケッチュウテツセイジョウ,
10005622,血中イソプロパノール,ケッチュウイソプロパノール,
10005623,血中イソプロパノール減少,ケッチュウイソプロパノールゲンショウ,
10005624,血中イソプロパノール増加,ケッチュウイソプロパノールゾウカ,
10005625,血中イソプロパノール正常,ケッチュウイソプロパノールセイジョウ,
10005626,血中乳酸脱水素酵素,ケッチュウニュウサンダッスイソコウソ,
10005627,血中乳酸脱水素酵素異常,ケッチュウニュウサンダッスイソコウソイジョウ,
10005629,血中乳酸脱水素酵素減少,ケッチュウニュウサンダッスイソコウソゲンショウ,
10005630,血中乳酸脱水素酵素増加,ケッチュウニュウサンダッスイソコウソゾウカ,
10005631,血中乳酸脱水素酵素正常,ケッチュウニュウサンダッスイソコウソセイジョウ,
10005632,血中乳酸,ケッチュウニュウサン,
10005633,血中乳酸異常,ケッチュウニュウサンイジョウ,
10005634,血中乳酸減少,ケッチュウニュウサンゲンショウ,
10005635,血中乳酸増加,ケッチュウニュウサンゾウカ,
10005636,血中乳酸正常,ケッチュウニュウサンセイジョウ,
10005639,血中鉛,ケッチュウナマリ,ケッチュウエン
10005640,血中鉛異常,ケッチュウエンイジョウ,ケッチュウナマリイジョウ
10005641,血中鉛減少,ケッチュウエンゲンショウ,ケッチュウナマリゲンショウ
10005642,血中鉛増加,ケッチュウナマリゾウカ,ケッチュウエンゾウカ
10005643,血中鉛正常,ケッチュウエンセイジョウ,ケッチュウナマリセイジョウ
10005644,新生児失血性貧血,シンセイジシッケツセイヒンケツ,
10005646,血中黄体形成ホルモン,ケッチュウオウタイケイセイホルモン,
10005647,血中黄体形成ホルモン異常,ケッチュウオウタイケイセイホルモンイジョウ,
10005648,血中黄体形成ホルモン減少,ケッチュウオウタイケイセイホルモンゲンショウ,
10005649,血中黄体形成ホルモン増加,ケッチュウオウタイケイセイホルモンゾウカ,
10005650,血中黄体形成ホルモン正常,ケッチュウオウタイケイセイホルモンセイジョウ,
10005651,血中マグネシウム,ケッチュウマグネシウム,
10005652,血中マグネシウム異常,ケッチュウマグネシウムイジョウ,
10005654,血中マグネシウム減少,ケッチュウマグネシウムゲンショウ,
10005655,血中マグネシウム増加,ケッチュウマグネシウムゾウカ,
10005656,血中マグネシウム正常,ケッチュウマグネシウムセイジョウ,
10005663,血中メタノール,ケッチュウメタノール,
10005664,血中メタノール減少,ケッチュウメタノールゲンショウ,
10005665,血中メタノール増加,ケッチュウメタノールゾウカ,
10005666,血中メタノール正常,ケッチュウメタノールセイジョウ,
10005684,血中エストロゲン,ケッチュウエストロゲン,
10005685,血中エストロゲン異常,ケッチュウエストロゲンイジョウ,
10005687,血中エストロゲン減少,ケッチュウエストロゲンゲンショウ,
10005688,血中エストロゲン増加,ケッチュウエストロゲンゾウカ,
10005689,血中エストロゲン正常,ケッチュウエストロゲンセイジョウ,
10005693,血液浸透圧,ケツエキシントウアツ,
10005694,血液浸透圧異常,ケツエキシントウアツイジョウ,
10005696,血液浸透圧低下,ケツエキシントウアツテイカ,
10005697,血液浸透圧上昇,ケツエキシントウアツジョウショウ,
10005698,血液浸透圧正常,ケツエキシントウアツセイジョウ,
10005699,血中副甲状腺ホルモン,ケッチュウフクコウジョウセンホルモン,
10005700,血中副甲状腺ホルモン異常,ケッチュウフクコウジョウセンホルモンイジョウ,
10005702,血中副甲状腺ホルモン減少,ケッチュウフクコウジョウセンホルモンゲンショウ,
10005703,血中副甲状腺ホルモン増加,ケッチュウフクコウジョウセンホルモンゾウカ,
10005704,血中副甲状腺ホルモン正常,ケッチュウフクコウジョウセンホルモンセイジョウ,
10005705,血液ｐＨ異常,ケツエキpHイジョウ,
10005706,血液ｐＨ低下,ケツエキpHテイカ,
10005708,血液ｐＨ上昇,ケツエキpHジョウショウ,
10005709,血液ｐＨ正常,ケツエキpHセイジョウ,
10005717,血中リン,ケッチュウリン,
10005721,血中カリウム,ケッチュウカリウム,
10005722,血中カリウム異常,ケッチュウカリウムイジョウ,
10005724,血中カリウム減少,ケッチュウカリウムゲンショウ,
10005725,血中カリウム増加,ケッチュウカリウムゾウカ,
10005726,血中カリウム正常,ケッチュウカリウムセイジョウ,
10005728,血圧異常,ケツアツイジョウ,
10005729,外来血圧,ガイライケツアツ,
10005730,外来血圧異常,ガイライケツアツイジョウ,
10005731,外来血圧低下,ガイライケツアツテイカ,
10005732,外来血圧上昇,ガイライケツアツジョウショウ,
10005733,外来血圧正常,ガイライケツアツセイジョウ,
10005734,血圧低下,ケツアツテイカ,
10005735,拡張期血圧,カクチョウキケツアツ,
10005736,拡張期血圧異常,カクチョウキケツアツイジョウ,
10005737,拡張期血圧低下,カクチョウキケツアツテイカ,
10005739,拡張期血圧上昇,カクチョウキケツアツジョウショウ,
10005741,拡張期血圧正常,カクチョウキケツアツセイジョウ,
10005746,血圧変動,ケツアツヘンドウ,
10005748,血圧測定不能,ケツアツソクテイフノウ,
10005750,血圧上昇,ケツアツジョウショウ,
10005754,血圧正常,ケツアツセイジョウ,
10005756,収縮期血圧,シュウシュクキケツアツ,
10005757,収縮期血圧異常,シュウシュクキケツアツイジョウ,
10005758,収縮期血圧低下,シュウシュクキケツアツテイカ,
10005760,収縮期血圧上昇,シュウシュクキケツアツジョウショウ,
10005761,吸気時収縮期血圧低下,キュウキジシュウシュクキケツアツテイカ,
10005762,吸気時収縮期血圧正常,キュウキジシュウシュクキケツアツセイジョウ,
10005764,収縮期血圧正常,シュウシュクキケツアツセイジョウ,
10005772,血中プロインスリン,ケッチュウプロインスリン,
10005774,血中プロインスリン減少,ケッチュウプロインスリンゲンショウ,
10005775,血中プロインスリン増加,ケッチュウプロインスリンゾウカ,
10005776,血中プロインスリン正常,ケッチュウプロインスリンセイジョウ,
10005777,血中プロラクチン,ケッチュウプロラクチン,
10005778,血中プロラクチン異常,ケッチュウプロラクチンイジョウ,
10005779,血中プロラクチン減少,ケッチュウプロラクチンゲンショウ,
10005780,血中プロラクチン増加,ケッチュウプロラクチンゾウカ,
10005781,血中プロラクチン正常,ケッチュウプロラクチンセイジョウ,
10005784,血中ピルビン酸,ケッチュウピルビンサン,
10005785,血中ピルビン酸異常,ケッチュウピルビンサンイジョウ,
10005786,血中ピルビン酸減少,ケッチュウピルビンサンゲンショウ,
10005787,血中ピルビン酸増加,ケッチュウピルビンサンゾウカ,
10005788,血中ピルビン酸正常,ケッチュウピルビンサンセイジョウ,
10005793,血中セレン,ケッチュウセレン,
10005794,血中セレン異常,ケッチュウセレンイジョウ,
10005796,血中セレン減少,ケッチュウセレンゲンショウ,
10005797,血中セレン増加,ケッチュウセレンゾウカ,
10005798,血中セレン正常,ケッチュウセレンセイジョウ,
10005799,血中ナトリウム,ケッチュウナトリウム,
10005800,血中ナトリウム異常,ケッチュウナトリウムイジョウ,
10005802,血中ナトリウム減少,ケッチュウナトリウムゲンショウ,
10005803,血中ナトリウム増加,ケッチュウナトリウムゾウカ,
10005804,血中ナトリウム正常,ケッチュウナトリウムセイジョウ,
10005811,血中テストステロン,ケッチュウテストステロン,
10005812,血中テストステロン異常,ケッチュウテストステロンイジョウ,
10005814,血中テストステロン減少,ケッチュウテストステロンゲンショウ,
10005815,血中テストステロン増加,ケッチュウテストステロンゾウカ,
10005816,血中テストステロン正常,ケッチュウテストステロンセイジョウ,
10005817,血中トロンビン,ケッチュウトロンビン,
10005818,血中トロンビン異常,ケッチュウトロンビンイジョウ,
10005820,血中トロンビン減少,ケッチュウトロンビンゲンショウ,
10005821,血中トロンビン増加,ケッチュウトロンビンゾウカ,
10005822,血中トロンビン正常,ケッチュウトロンビンセイジョウ,
10005823,血中トロンボプラスチン,ケッチュウトロンボプラスチン,
10005824,血中トロンボプラスチン異常,ケッチュウトロンボプラスチンイジョウ,
10005826,血中トロンボプラスチン減少,ケッチュウトロンボプラスチンゲンショウ,
10005827,血中トロンボプラスチン増加,ケッチュウトロンボプラスチンゾウカ,
10005828,血中トロンボプラスチン正常,ケッチュウトロンボプラスチンセイジョウ,
10005829,血中甲状腺刺激ホルモン,ケッチュウコウジョウセンシゲキホルモン,
10005830,血中甲状腺刺激ホルモン異常,ケッチュウコウジョウセンシゲキホルモンイジョウ,
10005832,血中甲状腺刺激ホルモン減少,ケッチュウコウジョウセンシゲキホルモンゲンショウ,
10005833,血中甲状腺刺激ホルモン増加,ケッチュウコウジョウセンシゲキホルモンゾウカ,
10005834,血中甲状腺刺激ホルモン正常,ケッチュウコウジョウセンシゲキホルモンセイジョウ,
10005836,血中トリグリセリド,ケッチュウトリグリセリド,
10005837,血中トリグリセリド異常,ケッチュウトリグリセリドイジョウ,
10005838,血中トリグリセリド減少,ケッチュウトリグリセリドゲンショウ,
10005839,血中トリグリセリド増加,ケッチュウトリグリセリドゾウカ,
10005840,血中トリグリセリド正常,ケッチュウトリグリセリドセイジョウ,
10005845,血中尿素,ケッチュウニョウソ,
10005846,血中尿素異常,ケッチュウニョウソイジョウ,
10005850,血中尿素減少,ケッチュウニョウソゲンショウ,
10005851,血中尿素増加,ケッチュウニョウソゾウカ,
10005857,血中尿素正常,ケッチュウニョウソセイジョウ,
10005858,血中尿酸,ケッチュウニョウサン,
10005860,血中尿酸減少,ケッチュウニョウサンゲンショウ,
10005861,血中尿酸増加,ケッチュウニョウサンゾウカ,
10005862,血中尿酸正常,ケッチュウニョウサンセイジョウ,
10005863,尿中血,ニョウチュウケツ,
10005864,血中亜鉛,ケッチュウアエン,
10005865,血中亜鉛異常,ケッチュウアエンイジョウ,
10005867,血中亜鉛減少,ケッチュウアエンゲンショウ,
10005868,血中亜鉛増加,ケッチュウアエンゾウカ,
10005869,血中亜鉛正常,ケッチュウアエンセイジョウ,
10005885,情動鈍麻,ジョウドウドンマ,
10005891,身長,シンチョウ,
10005894,ボディ・マス・インデックス,ボディマスインデックス,
10005895,ボディ・マス・インデックス減少,ボディマスインデックスゲンショウ,
10005897,ボディ・マス・インデックス増加,ボディマスインデックスゾウカ,
10005906,体温,タイオン,
10005910,体温低下,タイオンテイカ,
10005911,体温上昇,タイオンジョウショウ,
10005913,体部白癬,タイブハクセン,
10005932,ボリビア出血熱,ボリビアシュッケツネツ,
10005949,骨癌,コツガン,
10005952,骨嚢腫,コツノウシュ,
10005954,骨発育異常,コツハツイクイジョウ,
10005956,骨障害,コツショウガイ,
10005963,骨形成亢進,コツケイセイコウシン,
10005969,骨巨細胞腫瘍,コツキョサイボウシュヨウ,
10005970,良性骨巨細胞腫,リョウセイコツキョサイボウシュ,
10005971,骨移植,コツイショク,
10005972,移植骨溶解,イショクコツヨウカイ,
10005973,骨肥厚,コツヒコウ,
10005978,骨病変部切除,コツビョウヘンブセツジョ,ホネビョウヘンブセツジョ
10005995,骨新生物,コツシンセイブツ,
10006002,骨痛,コツツウ,
10006007,骨の肉腫,コツノニクシュ,
10006009,骨スキャン,コツスキャン,ホネスキャン
10006014,骨トリミング,コツトリミング,
10006027,境界域緑内障,キョウカイイキリョクナイショウ,
10006029,ハンセン病、境界群,ハンセンビョウキョウカイグン,
10006032,境界悪性卵巣腫瘍,キョウカイアクセイランソウシュヨウ,
10006034,境界性パーソナリティ障害,キョウカイセイパーソナリティショウガイ,
10006039,人工栄養法,ジンコウエイヨウホウ,
10006041,ボツリヌス中毒,ボツリヌスチュウドク,
10006045,ボタン熱,ボタンネツ,
10006048,ウシ膿庖性口内炎ウイルス感染,ウシノウホウセイコウナイエンウイルスカンセン,
10006049,ウシ結核,ウシケッカク,
10006059,ボーエン病,ボーエンビョウ,
10006060,ボーエン病様丘疹症,ボーエンビョウヨウキュウシンショウ,
10006074,腕神経叢損傷,ワンシンケイソウソンショウ,ウデシンケイソウソンショウ
10006080,膀胱近距離照射療法,ボウコウキンキョリショウシャリョウホウ,
10006081,脳近距離照射療法,ノウキンキョリショウシャリョウホウ,
10006082,乳房近距離照射療法,ニュウボウキンキョリショウシャリョウホウ,
10006083,結腸近距離照射療法,ケッチョウキンキョリショウシャリョウホウ,
10006084,耳鼻咽喉頭近距離照射療法,ジビインコウトウキンキョリショウシャリョウホウ,
10006085,肺近距離照射療法,ハイキンキョリショウシャリョウホウ,
10006086,卵巣近距離照射療法,ランソウキンキョリショウシャリョウホウ,
10006087,膵臓近距離照射療法,スイゾウキンキョリショウシャリョウホウ,
10006088,下垂体近距離照射療法,カスイタイキンキョリショウシャリョウホウ,
10006089,前立腺近距離照射療法,ゼンリツセンキンキョリショウシャリョウホウ,
10006090,皮膚近距離照射療法,ヒフキンキョリショウシャリョウホウ,
10006091,子宮近距離照射療法,シキュウキンキョリショウシャリョウホウ,
10006092,腟近距離照射療法,チツキンキョリショウシャリョウホウ,
10006093,徐脈,ジョミャク,
10006094,胎児徐脈,タイジジョミャク,
10006100,運動緩慢,ウンドウカンマン,
10006102,徐呼吸,ジョコキュウ,
10006105,脳膿瘍,ノウノウヨウ,
10006112,脳圧迫,ノウアッパク,
10006126,脳ヘルニア,ノウヘルニア,
10006127,脳低酸素症,ノウテイサンソショウ,
10006129,脳の良性新生物,ノウノリョウセイシンセイブツ,
10006131,脳の悪性新生物,ノウノアクセイシンセイブツ,
10006143,脳幹神経膠腫,ノウカンシンケイコウシュ,
10006144,良性脳幹神経膠腫,リョウセイノウカンシンケイコウシュ,
10006145,脳幹出血,ノウカンシュッケツ,
10006147,脳幹梗塞,ノウカンコウソク,
10006148,脳幹部虚血,ノウカンブキョケツ,
10006162,鰓裂洞,サイレツドウ,
10006164,鰓性嚢胞,サイセイノウホウ,
10006171,乳房膿瘍,ニュウボウノウヨウ,
10006179,乳房萎縮,ニュウボウイシュク,
10006187,乳癌,ニュウガン,
10006189,乳房の上皮内癌,ニュウボウノジョウヒナイガン,
10006198,再発乳癌,サイハツニュウガン,
10006199,乳癌第１期,ニュウガンダイ1キ,
10006200,乳癌第２期,ニュウガンダイ2キ,
10006201,乳癌第３期,ニュウガンダイ3キ,
10006202,乳癌第４期,ニュウガンダイ4キ,
10006217,乳房蜂巣炎,ニュウボウホウソウエン,
10006220,乳房嚢胞,ニュウボウノウホウ,
10006221,乳房嚢胞ドレナージ,ニュウボウノウホウドレナージ,
10006223,乳房分泌,ニュウボウブンピ,ニュウボウブンピツ
10006225,感染性乳房分泌物,カンセンセイニュウボウブンピブツ,カンセンセイニュウボウブンピツブツ
10006228,乳房変色,ニュウボウヘンショク,
10006229,女性乳房障害,ジョセイニュウボウショウガイ,
10006230,男性乳房障害,ダンセイニュウボウショウガイ,
10006237,乳房形成異常,ニュウボウケイセイイジョウ,
10006240,乳房うっ滞,ニュウボウウッタイ,
10006241,新生児乳房うっ滞,シンセイジニュウボウウッタイ,
10006242,乳房腫大,ニュウボウシュダイ,
10006247,母乳栄養法,ボニュウエイヨウホウ,
10006253,乳房線維化,ニュウボウセンイカ,
10006254,乳房出血,ニュウボウシュッケツ,
10006256,乳房過形成,ニュウボウカケイセイ,
10006258,乳房硬結,ニュウボウコウケツ,
10006262,乳房炎症,ニュウボウエンショウ,
10006271,乳房奇形,ニュウボウキケイ,
10006272,乳房腫瘤,ニュウボウシュリュウ,
10006277,乳房壊死,ニュウボウエシ,
10006279,乳房新生物,ニュウボウシンセイブツ,
10006294,乳房浮腫,ニュウボウフシュ,
10006298,乳房痛,ニュウボウツウ,
10006305,乳房再建,ニュウボウサイケン,
10006312,乳房腫脹,ニュウボウシュチョウ,
10006313,乳房圧痛,ニュウボウアッツウ,
10006322,息こらえ,イキコラエ,
10006326,呼気臭,コキシュウ,
10006346,骨盤位分娩,コツバンイブンベン,
10006348,骨盤位牽出,コツバンイケンシュツ,
10006356,骨盤位,コツバンイ,
10006362,短期精神病性障害、産後発症,タンキセイシンビョウセイショウガイサンゴハッショウ,
10006375,子宮広間膜血腫,シキュウコウカンマクケッシュ,
10006377,子宮広間膜裂傷,シキュウコウカンマクレッショウ,
10006404,臭素疹,シュウソシン,
10006407,ブロモスルフォフタレイン試験,ブロモスルフォフタレインシケン,
10006408,ブロモスルフォフタレイン検査異常,ブロモスルフォフタレインケンサイジョウ,
10006409,ＢＳＰ検査正常,BSPケンサセイジョウ,
10006417,気管支癌,キカンシガン,
10006437,気管支瘻,キカンシロウ,
10006438,気管支刺激,キカンシシゲキ,
10006439,気管支病変部切除,キカンシビョウヘンブセツジョ,
10006440,気管支閉塞,キカンシヘイソク,
10006445,気管支拡張症,キカンシカクチョウショウ,
10006448,細気管支炎,サイキカンシエン,
10006451,気管支炎,キカンシエン,
10006458,慢性気管支炎,マンセイキカンシエン,
10006460,ヘモフィルス性気管支炎,ヘモフィルスセイキカンシエン,
10006465,気管支造影,キカンシゾウエイ,
10006466,気管支造影異常,キカンシゾウエイイジョウ,
10006467,気管支造影正常,キカンシゾウエイセイジョウ,
10006473,気管支肺アスペルギルス症,キカンシハイアスペルギルスショウ,
10006474,アレルギー性気管支肺アスペルギルス症,アレルギーセイキカンシハイアスペルギルスショウ,
10006475,気管支肺異形成症,キカンシハイイケイセイショウ,
10006479,気管支鏡検査,キカンシキョウケンサ,
10006480,気管支鏡検査異常,キカンシキョウケンサイジョウ,
10006481,気管支鏡検査正常,キカンシキョウケンサセイジョウ,
10006482,気管支痙攣,キカンシケイレン,
10006486,奇異性気管支痙攣,キイセイキカンシケイレン,
10006487,気管支狭窄,キカンシキョウサク,
10006491,ブラウン・セカール症候群,ブラウンセカールショウコウグン,
10006500,ブルセラ症,ブルセラショウ,
10006514,歯ぎしり,ハギシリ,
10006520,腺ペスト,センペスト,
10006532,頬舌症候群,キョウゼツショウコウグン,
10006537,バッドキアリ症候群,バッドキアリショウコウグン,
10006542,球麻痺,キュウマヒ,
10006545,延髄灰白髄炎,エンズイカイハクズイエン,
10006550,神経性過食症,シンケイセイカショクショウ,
10006563,水疱性膿痂疹,スイホウセイノウカシン,
10006564,水疱性角膜症,スイホウセイカクマクショウ,
10006578,脚ブロック,キャクブロック,
10006579,両側性脚ブロック,リョウソクセイキャクブロック,
10006580,左脚ブロック,サキャクブロック,
10006582,右脚ブロック,ウキャクブロック,
10006586,バニオン手術,バニオンシュジュツ,
10006594,強盗の被害者,ゴウトウノヒガイシャ,
10006595,バーキットリンパ腫,バーキットリンパシュ,
10006598,再発バーキットリンパ腫,サイハツバーキットリンパシュ,
10006599,治療抵抗性バーキットリンパ腫,チリョウテイコウセイバーキットリンパシュ,
10006600,バーキットリンパ腫第１期,バーキットリンパシュダイ1キ,
10006601,バーキットリンパ腫第２期,バーキットリンパシュダイ2キ,
10006602,バーキットリンパ腫第３期,バーキットリンパシュダイ3キ,
10006603,バーキットリンパ腫第４期,バーキットリンパシュダイ4キ,
10006702,熱傷部デブリドマン,ネッショウブデブリドマン,
10006703,熱傷部包帯法,ネッショウブホウタイホウ,
10006707,食道熱傷,ショクドウネッショウ,
10006712,内部臓器の熱傷,ナイブゾウキノネッショウ,
10006770,熱傷手術,ネッショウシュジュツ,
10006784,灼熱感,シャクネツカン,
10006789,粘膜の灼熱感,ネンマクノシャクネツカン,
10006797,第１度熱傷,ダイ1ドネッショウ,
10006802,第２度熱傷,ダイ2ドネッショウ,
10006803,第３度熱傷,ダイ3ドネッショウ,
10006807,滑液包切除,カツエキホウセツジョ,
10006811,滑液包炎,カツエキホウエン,
10006817,ブタノール抽出ヨウ素,ブタノールチュウシュツヨウソ,
10006818,ブタノール抽出性ヨウ素減少,ブタノールチュウシュツセイヨウソゲンショウ,
10006819,ブタノール抽出性ヨウ素増加,ブタノールチュウシュツセイヨウソゾウカ,
10006822,綿線維沈着症,メンセンイチンチャクショウ,
10006824,Ｃ－反応性蛋白,Cハンノウセイタンパク,
10006825,Ｃ－反応性蛋白増加,Cハンノウセイタンパクゾウカ,
10006826,Ｃ－反応性蛋白正常,Cハンノウセイタンパクセイジョウ,
10006895,悪液質,アクエキシツ,
10006918,盲腸病変部切除,モウチョウビョウヘンブセツジョ,
10006920,盲腸固定術,モウチョウコテイジュツ,
10006924,帝王切開,テイオウセッカイ,
10006926,カフェ・オ・レ斑,カフェオレハン,
10006936,転移性石灰化,テンイセイセッカイカ,
10006938,石灰沈着症,セッカイチンチャクショウ,
10006946,カルシトニン分泌障害,カルシトニンブンピショウガイ,カルシトニンブンピツショウガイ
10006956,カルシウム欠乏,カルシウムケツボウ,
10006966,カルシウム中毒,カルシウムチュウドク,
10006974,カルシウム代謝障害,カルシウムタイシャショウガイ,
10006987,膀胱結石,ボウコウケッセキ,
10007019,前立腺結石,ゼンリツセンケッセキ,
10007026,尿道結石,ニョウドウケッセキ,
10007027,尿路結石,ニョウロケッセキ,
10007037,仮骨形成遅延,カコツケイセイチエン,
10007048,カンピロバクター胃腸炎,カンピロバクターイチョウエン,
10007135,カンジダ性おむつ皮疹,カンジダセイオムツヒシン,
10007187,毛細虫症,モウサイチュウショウ,
10007189,毛細血管障害,モウサイケッカンショウガイ,
10007191,毛細血管脆弱,モウサイケッカンゼイジャク,
10007192,毛細血管脆弱性異常,モウサイケッカンゼイジャクセイイジョウ,
10007194,毛細血管脆弱性試験値増加,モウサイケッカンゼイジャクセイシケンチゾウカ,
10007195,毛細血管脆弱性正常,モウサイケッカンゼイジャクセイセイジョウ,
10007196,毛細血管漏出症候群,モウサイケッカンロウシュツショウコウグン,
10007198,毛細血管透過性,モウサイケッカントウカセイ,
10007200,毛細血管透過性増加,モウサイケッカントウカセイゾウカ,
10007201,毛細血管透過性正常,モウサイケッカントウカセイセイジョウ,
10007218,炭水化物耐性低下,タンスイカブツタイセイテイカ,
10007220,二酸化炭素,ニサンカタンソ,
10007223,二酸化炭素減少,ニサンカタンソゲンショウ,
10007225,二酸化炭素増加,ニサンカタンソゾウカ,
10007228,二酸化炭素正常,ニサンカタンソセイジョウ,
10007238,一酸化炭素中毒,イッサンカタンソチュウドク,
10007239,一酸化炭素ヘモグロビン,イッサンカタンソヘモグロビン,
10007241,一酸化炭素ヘモグロビン減少,イッサンカタンソヘモグロビンゲンショウ,
10007243,一酸化炭素ヘモグロビン増加,イッサンカタンソヘモグロビンゾウカ,
10007245,一酸化炭素ヘモグロビン正常,イッサンカタンソヘモグロビンセイジョウ,
10007246,一酸化炭素ヘモグロビン血症,イッサンカタンソヘモグロビンケツショウ,イッサンカタンソヘモグロビンケッショウ
10007247,よう,ヨウ,
10007262,癌胎児性抗原,ガンタイジセイコウゲン,
10007266,癌胎児性抗原増加,ガンタイジセイコウゲンゾウカ,
10007267,癌胎児性抗原正常,ガンタイジセイコウゲンセイジョウ,
10007268,子孫における発癌作用,シソンニオケルハツガンサヨウ,
10007269,発癌性,ハツガンセイ,
10007270,カルチノイド症候群,カルチノイドショウコウグン,
10007275,カルチノイド腫瘍,カルチノイドシュヨウ,
10007279,消化管のカルチノイド腫瘍,ショウカカンノカルチノイドシュヨウ,
10007280,前立腺のカルチノイド腫瘍,ゼンリツセンノカルチノイドシュヨウ,
10007281,胃のカルチノイド腫瘍,イノカルチノイドシュヨウ,
10007282,肺カルチノイド腫瘍,ハイカルチノイドシュヨウ,
10007368,眼の上皮内癌,メノジョウヒナイガン,
10007384,陰茎上皮内癌,インケイジョウヒナイガン,
10007390,皮膚上皮内癌,ヒフジョウヒナイガン,
10007401,気管の上皮内癌,キカンノジョウヒナイガン,
10007509,心アミロイドーシス,シンアミロイドーシス,
10007513,心臓瘤,シンゾウリュウ,
10007514,心臓瘤修復,シンゾウリュウシュウフク,
10007515,心停止,シンテイシ,
10007516,新生児心停止,シンセイジシンテイシ,
10007522,心臓性喘息,シンゾウセイゼンソク,
10007554,心不全,シンフゼン,
10007556,急性心不全,キュウセイシンフゼン,
10007558,慢性心不全,マンセイシンフゼン,
10007559,うっ血性心不全,ウッケツセイシンフゼン,
10007560,高拍出性心不全,コウハクシュツセイシンフゼン,
10007567,術後心機能障害,ジュツゴシンキノウショウガイ,
10007572,心肥大,シンヒダイ,
10007575,心指数,シンシスウ,
10007576,心指数異常,シンシスウイジョウ,
10007577,心指数減少,シンシスウゲンショウ,
10007578,心指数増加,シンシスウゾウカ,
10007579,心指数正常,シンシスウセイジョウ,
10007585,心臓位置異常,シンゾウイチイジョウ,
10007586,心雑音,シンザツオン,
10007587,機能性心雑音,キノウセイシンザツオン,
10007594,心拍出量,シンハクシュツリョウ,
10007595,心拍出量低下,シンハクシュツリョウテイカ,
10007596,拍出量増加,ハクシュツリョウゾウカ,
10007598,心臓ペースメーカー挿入,シンゾウペースメーカーソウニュウ,
10007601,心臓ペースメーカー除去,シンゾウペースメーカージョキョ,
10007604,心サルコイドーシス,シンサルコイドーシス,
10007610,心タンポナーデ,シンタンポナーデ,
10007617,心肺停止,シンパイテイシ,
10007618,新生児心肺停止,シンセイジシンパイテイシ,シンセイジシンハイテイシ
10007625,心原性ショック,シンゲンセイショック,
10007628,カルジオリピン抗体,カルジオリピンコウタイ,
10007629,カルジオリピン抗体陰性,カルジオリピンコウタイインセイ,
10007630,カルジオリピン抗体陽性,カルジオリピンコウタイヨウセイ,
10007632,心拡大,シンカクダイ,
10007636,心筋症,シンキンショウ,
10007637,アルコール性心筋症,アルコールセイシンキンショウ,
10007645,噴門痙攣,フンモンケイレン,
10007646,心胸郭比増加,シンキョウカクヒゾウカ,
10007649,心血管障害,シンケッカンショウガイ,
10007651,心血管機能検査異常,シンケッカンキノウケンサイジョウ,
10007652,心血管機能検査正常,シンケッカンキノウケンサセイジョウ,
10007658,心血管系梅毒,シンケッカンケイバイドク,
10007661,心臓除細動,シンゾウジョサイドウ,
10007664,介護者,カイゴシャ,
10007667,カルニチン異常,カルニチンイジョウ,
10007668,カルニチン減少,カルニチンゲンショウ,
10007669,カルニチン増加,カルニチンゾウカ,
10007670,カルニチン正常,カルニチンセイジョウ,
10007674,カロチン,カロチン,
10007676,カロチン減少,カロチンゲンショウ,
10007677,カロチン増加,カロチンゾウカ,
10007678,カロチン正常,カロチンセイジョウ,
10007684,頚動脈塞栓,ケイドウミャクソクセン,
10007686,頚動脈瘤,ケイドウミャクリュウ,
10007687,頚動脈狭窄,ケイドウミャクキョウサク,
10007688,頚動脈血栓症,ケイドウミャクケッセンショウ,
10007692,頚動脈内膜剥離術,ケイドウミャクナイマクハクリジュツ,
10007695,手根管除圧,シュコンカンジョアツ,
10007697,手根管症候群,シュコンカンショウコウグン,
10007700,弯曲手根,ワンキョクシュコン,
10007710,軟骨損傷,ナンコツソンショウ,
10007729,ネコ引っかき病,ネコヒッカキビョウ,
10007733,異化状態,イカジョウタイ,
10007737,カタプレキシー,カタプレキシー,
10007739,白内障,ハクナイショウ,
10007747,先天性白内障,センテンセイハクナイショウ,
10007748,皮質白内障,ヒシツハクナイショウ,
10007749,糖尿病性白内障,トウニョウビョウセイハクナイショウ,
10007759,核性白内障,カクセイハクナイショウ,
10007764,嚢下白内障,ノウカハクナイショウ,
10007766,外傷性白内障,ガイショウセイハクナイショウ,
10007774,カタル,カタル,
10007776,カタトニー,カタトニー,
10007811,カテーテル留置部位関連反応,カテーテルリュウチブイカンレンハンノウ,
10007815,心カテーテル検査,シンカテーテルケンサ,
10007816,心カテーテル検査異常,シンカテーテルケンサイジョウ,
10007817,心カテーテル検査正常,シンカテーテルケンサセイジョウ,
10007821,馬尾症候群,バビショウコウグン,
10007829,鼻焼灼術,ビショウシャクジュツ,ハナショウシャクジュツ
10007830,海綿静脈洞血栓症,カイメンジョウミャクドウケッセンショウ,
10007838,ＣＤ４リンパ球,CD4リンパキュウ,
10007839,ＣＤ４リンパ球減少,CD4リンパキュウゲンショウ,
10007842,ＣＤ４／ＣＤ８比,CD4CD8ヒ,
10007843,ＣＤ４／ＣＤ８比減少,CD4CD8ヒゲンショウ,
10007845,ＣＤ８リンパ球,CD8リンパキュウ,
10007847,ＣＤ８リンパ球増加,CD8リンパキュウゾウカ,
10007861,セレスチン管挿入,セレスチンカンソウニュウ,
10007862,セレスチン管除去,セレスチンカンジョキョ,
10007866,独身生活,ドクシンセイカツ,
10007877,細胞性免疫不全症,サイボウセイメンエキフゼンショウ,
10007880,尿中細胞,ニョウチュウサイボウ,
10007882,蜂巣炎,ホウソウエン,
10007904,腸球菌性蜂巣炎,チョウキュウキンセイホウソウエン,
10007905,壊疽性蜂巣炎,エソセイホウソウエン,
10007907,喉頭蜂巣炎,コウトウホウソウエン,
10007918,眼窩蜂巣炎,ガンカホウソウエン,
10007919,パスツレラ菌性蜂巣炎,パスツレラキンセイホウソウエン,
10007920,咽頭蜂巣炎,イントウホウソウエン,
10007921,ブドウ球菌性蜂巣炎,ブドウキュウキンセイホウソウエン,
10007922,レンサ球菌性蜂巣炎,レンサキュウキンセイホウソウエン,
10007942,中枢神経系類皮腫,チュウスウシンケイケイルイヒシュ,
10007947,中枢神経系機能検査異常,チュウスウシンケイケイキノウケンサイジョウ,
10007953,中枢神経系リンパ腫,チュウスウシンケイケイリンパシュ,
10007958,中枢神経系新生物,チュウスウシンケイケイシンセイブツ,
10007975,中枢性睡眠時無呼吸症候群,チュウスウセイスイミンジムコキュウショウコウグン,
10007977,中心静脈圧,チュウシンジョウミャクアツ,
10007978,中心静脈圧異常,チュウシンジョウミャクアツイジョウ,
10007979,中心静脈圧低下,チュウシンジョウミャクアツテイカ,
10007980,中心静脈圧上昇,チュウシンジョウミャクアツジョウショウ,
10007981,中心静脈圧正常,チュウシンジョウミャクアツセイジョウ,
10007982,中枢性肺胞性低換気,チュウスウセイハイホウセイテイカンキ,
10008014,頭血腫,トウケッシュ,
10008015,セファリン絮状反応,セファリンジョジョウハンノウ,
10008016,セファリン絮状反応異常,セファリンジョジョウハンノウイジョウ,
10008017,セファリン絮状反応正常,セファリンジョジョウハンノウセイジョウ,
10008020,児頭骨盤不均衡,ジトウコツバンフキンコウ,
10008023,小脳動脈血栓症,ショウノウドウミャクケッセンショウ,
10008025,小脳性運動失調,ショウノウセイウンドウシッチョウ,
10008027,小脳萎縮,ショウノウイシュク,
10008030,小脳出血,ショウノウシュッケツ,
10008033,小脳低形成,ショウノウテイケイセイ,
10008034,小脳梗塞,ショウノウコウソク,
10008072,小脳症候群,ショウノウショウコウグン,
10008076,梅毒性脳動脈瘤破裂,バイドクセイノウドウミャクリュウハレツ,
10008086,出血性脳動静脈奇形,シュッケツセイノウドウジョウミャクキケイ,
10008087,脳動脈炎,ノウドウミャクエン,
10008088,大脳動脈塞栓症,ダイノウドウミャクソクセンショウ,
10008089,大脳動脈閉塞,ダイノウドウミャクヘイソク,
10008092,大脳動脈血栓症,ダイノウドウミャクケッセンショウ,
10008096,大脳萎縮,ダイノウイシュク,
10008097,脳循環不全,ノウジュンカンフゼン,
10008111,脳出血,ノウシュッケツ,
10008112,新生児脳出血,シンセイジノウシュッケツ,
10008118,脳梗塞,ノウコウソク,
10008119,胎児脳梗塞,タイジノウコウソク,
10008120,脳虚血,ノウキョケツ,
10008128,脳浮腫治療,ノウフシュチリョウ,
10008129,脳性麻痺,ノウセイマヒ,
10008132,脳血栓症,ノウケッセンショウ,
10008138,大脳静脈血栓症,ダイノウジョウミャクケッセンショウ,
10008164,脳脊髄液漏,ノウセキズイエキロウ,
10008190,脳卒中,ノウソッチュウ,
10008196,脳血管障害,ノウケッカンショウガイ,
10008216,セルロプラスミン異常,セルロプラスミンイジョウ,
10008217,セルロプラスミン減少,セルロプラスミンゲンショウ,
10008219,セルロプラスミン増加,セルロプラスミンゾウカ,
10008221,セルロプラスミン正常,セルロプラスミンセイジョウ,
10008227,副耳介,フクジカイ,
10008252,頚髄圧迫,ケイズイアッパク,
10008254,子宮頚部嚢胞,シキュウケイブノウホウ,
10008256,子宮頚部ジアテルミー,シキュウケイブジアテルミー,
10008260,子宮頚管分泌,シキュウケイカンブンピ,シキュウケイカンブンピツ
10008263,子宮頚部上皮異形成,シキュウケイブジョウヒイケイセイ,
10008267,頚管無力症,ケイカンムリョクショウ,
10008278,子宮頚部レーザー療法,シキュウケイブレーザーリョウホウ,
10008282,子宮頚部白斑症,シキュウケイブハクハンショウ,
10008297,子宮頚管ポリープ,シキュウケイカンポリープ,
10008298,子宮頚管ポリープ切除,シキュウケイカンポリープセツジョ,
10008313,頚部脊柱管狭窄症,ケイブセキチュウカンキョウサクショウ,
10008323,子宮頚管炎,シキュウケイカンエン,
10008325,嚢胞性子宮頚管炎,ノウホウセイシキュウケイカンエン,
10008326,淋菌性子宮頚管炎,リンキンセイシキュウケイカンエン,
10008332,トリコモナス性子宮頚管炎,トリコモナスセイシキュウケイカンエン,
10008334,頚腕症候群,ケイワンショウコウグン,
10008338,子宮頚部腺腫様ポリープ,シキュウケイブセンシュヨウポリープ,
10008342,子宮頚部癌,シキュウケイブガン,
10008344,再発子宮頚部癌,サイハツシキュウケイブガン,
10008345,子宮頚部癌第１期,シキュウケイブガンダイ1キ,
10008346,子宮頚部癌第２期,シキュウケイブガンダイ2キ,
10008347,子宮頚部癌第３期,シキュウケイブガンダイ3キ,
10008348,子宮頚部癌第４期,シキュウケイブガンダイ4キ,
10008349,子宮頚部焼灼,シキュウケイブショウシャク,
10008350,子宮頚部切断腟壁形成,シキュウケイブセツダンチツヘキケイセイ,
10008351,子宮頚部障害,シキュウケイブショウガイ,
10008354,子宮頚部新生物,シキュウケイブシンセイブツ,
10008388,霰粒腫,サンリュウシュ,
10008392,軟性下疳,ナンセイゲカン,
10008398,注意力維持の変化,チュウイリョクイジノヘンカ,
10008399,便習慣変化,ベンシュウカンヘンカ,
10008413,シャルコー・ライデン結晶,シャルコーライデンケッショウ,
10008415,チェディアック・東症候群,チェディアックヒガシショウコウグン,
10008417,口唇炎,コウシンエン,
10008418,口唇症,コウシンショウ,
10008420,化学熱傷,カガクネッショウ,
10008422,眼部化学熱傷,ガンブカガクネッショウ,
10008428,化学物質中毒,カガクブッシツチュウドク,
10008444,化学療法誘発心毒性の減弱,カガクリョウホウユウハツシンドクセイノゲンジャク,
10008452,全身多剤併用化学療法,ゼンシンタザイヘイヨウカガクリョウホウ,
10008453,化学療法誘発神経毒性の減弱,カガクリョウホウユウハツシンケイドクセイノゲンジャク,
10008456,全身単剤化学療法,ゼンシンタンザイカガクリョウホウ,
10008457,化学療法誘発尿路毒性の減弱,カガクリョウホウユウハツニョウロドクセイノゲンジャク,
10008468,胸部の圧挫傷,キョウブノアツザショウ,
10008469,胸部不快感,キョウブフカイカン,
10008479,胸痛,キョウツウ,
10008498,胸部Ｘ線,キョウブXセン,
10008499,胸部Ｘ線異常,キョウブXセンイジョウ,
10008500,胸部Ｘ線正常,キョウブXセンセイジョウ,
10008501,チェーン・ストークス呼吸,チェーンストークスコキュウ,
10008509,児童虐待,ジドウギャクタイ,
10008511,未婚父母の子供,ミコンフボノコドモ,
10008513,小児虐待症候群,ショウニギャクタイショウコウグン,
10008514,育児放棄,イクジホウキ,
10008528,凍瘡,トウソウ,
10008531,悪寒,オカン,
10008534,カイロプラクティック,カイロプラクティック,
10008565,クラミジア性骨盤内炎症性疾患,クラミジアセイコツバンナイエンショウセイシッカン,
10008570,肝斑,カンハン,カンパン
10008571,クロールざ瘡,クロールザソウ,
10008583,緑色腫,リョクショクシュ,
10008584,緑色腫（寛解期）,リョクショクシュカンカイキ,
10008585,緑視症,リョクシショウ,
10008587,後鼻孔閉鎖,コウビコウヘイサ,
10008589,息詰まり,イキヅマリ,イキツマリ
10008590,息詰まり感,イキヅマリカン,
10008592,肝胆管腺腫,カンタンカンセンシュ,
10008593,胆管細胞癌,タンカンサイボウガン,
10008598,胆管造影,タンカンゾウエイ,
10008599,胆管造影異常,タンカンゾウエイイジョウ,
10008600,胆管造影正常,タンカンゾウエイセイジョウ,
10008602,細胆管炎,サイタンカンエン,
10008604,胆管炎,タンカンエン,
10008605,急性胆管炎,キュウセイタンカンエン,
10008609,硬化性胆管炎,コウカセイタンカンエン,
10008611,胆嚢切除,タンノウセツジョ,
10008612,胆嚢炎,タンノウエン,
10008614,急性胆嚢炎,キュウセイタンノウエン,
10008617,慢性胆嚢炎,マンセイタンノウエン,
10008621,経静脈胆嚢造影,ケイジョウミャクタンノウゾウエイ,
10008622,経静脈胆嚢造影異常,ケイジョウミャクタンノウゾウエイイジョウ,
10008623,経静脈胆嚢造影正常,ケイジョウミャクタンノウゾウエイセイジョウ,
10008624,胆嚢造瘻術,タンノウゾウロウジュツ,
10008627,総胆管切開術,ソウタンカンセッカイジュツ,
10008629,胆石症,タンセキショウ,
10008630,閉塞性胆石症,ヘイソクセイタンセキショウ,
10008631,コレラ,コレラ,
10008635,胆汁うっ滞,タンジュウウッタイ,
10008642,真珠腫,シンジュシュ,
10008649,中耳のコレステリン肉芽腫,チュウジノコレステリンニクゲシュ,
10008660,コレステロール肉芽腫,コレステロールニクゲシュ,
10008674,コリン作動性症候群,コリンサドウセイショウコウグン,
10008684,黄疸尿,オウダンニョウ,
10008685,軟骨炎,ナンコツエン,
10008686,軟骨芽細胞腫,ナンコツガサイボウシュ,
10008722,耳介慢性結節性軟骨膜炎,ジカイマンセイケッセツセイナンコツマクエン,
10008724,軟骨外胚葉異形成,ナンコツガイハイヨウイケイセイ,
10008725,軟骨腫,ナンコツシュ,
10008729,軟骨軟化症,ナンコツナンカショウ,
10008734,軟骨肉腫,ナンコツニクシュ,
10008736,遠隔転移を伴う軟骨肉腫,エンカクテンイヲトモナウナンコツニクシュ,
10008738,再発軟骨肉腫,サイハツナンコツニクシュ,
10008745,腱索断裂,ケンサクダンレツ,
10008746,尿道索,ニョウドウサク,
10008747,脊索腫,セキサクシュ,
10008748,舞踏病,ブトウビョウ,
10008754,舞踏病アテトーゼ,ブトウビョウアテトーゼ,
10008757,絨毛癌,ジュウモウガン,
10008761,リンパ性脈絡髄膜炎,リンパセイミャクラクズイマクエン,
10008763,先天性脈絡網膜変性,センテンセイミャクラクモウマクヘンセイ,
10008766,脈絡網膜瘢痕,ミャクラクモウマクハンコン,
10008769,脈絡網膜炎,ミャクラクモウマクエン,
10008773,脈絡膜黒色腫,ミャクラクマクコクショクシュ,
10008777,脈絡叢乳頭腫,ミャクラクソウニュウトウシュ,
10008779,脈絡膜結核結節,ミャクラクマクケッカクケッセツ,
10008780,脈絡膜腫瘍切除,ミャクラクマクシュヨウセツジョ,
10008783,脈絡膜剥離,ミャクラクマクハクリ,
10008785,脈絡膜ジストロフィー,ミャクラクマクジストロフィー,
10008786,脈絡膜出血,ミャクラクマクシュッケツ,
10008790,脈絡膜破裂,ミャクラクマクハレツ,
10008792,脈絡膜炎,ミャクラクマクエン,
10008795,色視症,シキシショウ,
10008796,着色尿,チャクショクニョウ,
10008803,クロモブラストミコーシス,クロモブラストミコーシス,
10008811,染色体分析,センショクタイブンセキ,
10008817,染色体分析異常,センショクタイブンセキイジョウ,
10008818,染色体分析正常,センショクタイブンセキセイジョウ,
10008821,染色体検査,センショクタイケンサ,
10008822,染色体検査異常,センショクタイケンサイジョウ,
10008823,染色体検査正常,センショクタイケンサセイジョウ,
10008874,慢性疲労症候群,マンセイヒロウショウコウグン,
10008882,慢性胃炎,マンセイイエン,
10008906,慢性肉芽腫性疾患,マンセイニクゲシュセイシッカン,
10008909,慢性肝炎,マンセイカンエン,
10008910,慢性Ｂ型肝炎,マンセイBガタカンエン,
10008912,慢性Ｃ型肝炎,マンセイCガタカンエン,
10008943,慢性白血病,マンセイハッケツビョウ,
10008958,慢性リンパ性白血病,マンセイリンパセイハッケツビョウ,
10008959,慢性リンパ性白血病（寛解期）,マンセイリンパセイハッケツビョウカンカイキ,
10008961,再発慢性リンパ性白血病,サイハツマンセイリンパセイハッケツビョウ,
10008962,治療抵抗性慢性リンパ性白血病,チリョウテイコウセイマンセイリンパセイハッケツビョウ,
10008963,慢性リンパ性白血病第０期,マンセイリンパセイハッケツビョウダイ0キ,
10008964,慢性リンパ性白血病第１期,マンセイリンパセイハッケツビョウダイ1キ,
10008965,慢性リンパ性白血病第２期,マンセイリンパセイハッケツビョウダイ2キ,
10008966,慢性リンパ性白血病第３期,マンセイリンパセイハッケツビョウダイ3キ,
10008967,慢性リンパ性白血病第４期,マンセイリンパセイハッケツビョウダイ4キ,
10009013,慢性骨髄性白血病,マンセイコツズイセイハッケツビョウ,
10009014,慢性骨髄性白血病（寛解期）,マンセイコツズイセイハッケツビョウカンカイキ,
10009018,慢性骨髄単球性白血病,マンセイコツズイタンキュウセイハッケツビョウ,
10009019,慢性骨髄単球性白血病（寛解期）,マンセイコツズイタンキュウセイハッケツビョウカンカイキ,
10009033,慢性閉塞性肺疾患,マンセイヘイソクセイハイシッカン,
10009094,慢性発作性片側頭痛,マンセイホッサセイヘンソクズツウ,
10009115,慢性肺ヒストプラスマ症,マンセイハイヒストプラスマショウ,
10009126,慢性呼吸不全,マンセイコキュウフゼン,
10009137,慢性副鼻腔炎,マンセイフクビクウエン,
10009152,慢性扁桃炎,マンセイヘントウエン,
10009168,乳び尿,ニュウビニョウ,
10009181,毛様体変性,モウヨウタイヘンセイ,
10009185,毛様体筋痙攣,モウヨウタイキンケイレン,
10009189,キニーネ中毒,キニーネチュウドク,
10009191,概日リズム睡眠障害,ガイジツリズムスイミンショウガイ,ガイニチリズムスイミンショウガイ
10009192,循環虚脱,ジュンカンキョダツ,
10009196,新生児循環不全,シンセイジジュンカンフゼン,
10009199,環状切除,カンジョウセツジョ,
10009207,迂遠,ウエン,
10009208,アルコール性肝硬変,アルコールセイカンコウヘン,
10009232,音連合,オンレンゴウ,オトレンゴウ
10009243,顎筋跛行,ガクキンハコウ,
10009244,閉所恐怖症,ヘイショキョウフショウ,
10009245,鎖骨骨折,サコツコッセツ,
10009252,子宮内膜明細胞癌,シキュウナイマクメイサイボウガン,
10009253,腎臓明細胞肉腫,ジンゾウメイサイボウニクシュ,
10009259,口唇裂,コウシンレツ,
10009260,口唇口蓋裂,コウシンコウガイレツ,
10009269,口蓋裂,コウガイレツ,
10009272,口蓋裂修復,コウガイレツシュウフク,
10009306,陰核充血,インカクジュウケツ,
10009307,クリトリス切除,クリトリスセツジョ,
10009344,肝吸虫症,カンキュウチュウショウ,
10009346,間代,カンダイ,カンタイ
10009506,閉鎖骨折徒手整復,ヘイサコッセツトシュセイフク,
10009657,クロストリジウム・ディフィシレ大腸炎,クロストリジウムディフィシレダイチョウエン,
10009668,血餅退縮,ケッペイタイシュク,
10009669,血餅退縮異常,ケッペイタイシュクイジョウ,
10009673,血餅退縮正常,ケッペイタイシュクセイジョウ,
10009675,血餅退縮時間延長,ケッペイタイシュクジカンエンチョウ,
10009676,血餅退縮時間短縮,ケッペイタイシュクジカンタンシュク,
10009678,凝固因子輸血,ギョウコインシユケツ,
10009691,ばち状指,バチジョウシ,
10009696,不器用,ブキヨウ,
10009697,不器用な子症候群,ブキヨウナコショウコウグン,
10009719,中枢神経系脳室炎,チュウスウシンケイケイノウシツエン,
10009732,新生児凝固障害,シンセイジギョウコショウガイ,
10009736,凝固因子減少,ギョウコインシゲンショウ,
10009743,凝固因子増加,ギョウコインシゾウカ,
10009744,凝固第ＩＸ因子量,ギョウコダイ9インシリョウ,
10009746,凝固第ＩＸ因子量減少,ギョウコダイ9インシリョウゲンショウ,
10009748,凝固第ＩＸ因子量増加,ギョウコダイ9インシリョウゾウカ,
10009750,凝固第ＩＸ因子量正常,ギョウコダイ9インシリョウセイジョウ,
10009751,凝固因子量正常,ギョウコインシリョウセイジョウ,
10009752,凝固第Ｖ因子量,ギョウコダイ5インシリョウ,
10009754,凝固第Ｖ因子量減少,ギョウコダイ5インシリョウゲンショウ,
10009756,凝固第Ｖ因子量増加,ギョウコダイ5インシリョウゾウカ,
10009758,凝固第Ｖ因子量正常,ギョウコダイ5インシリョウセイジョウ,
10009759,凝固第ＶＩＩ因子量,ギョウコダイ7インシリョウ,
10009761,凝固第ＶＩＩ因子量減少,ギョウコダイ7インシリョウゲンショウ,
10009763,凝固第ＶＩＩ因子量増加,ギョウコダイ7インシリョウゾウカ,
10009765,凝固第ＶＩＩ因子量正常,ギョウコダイ7インシリョウセイジョウ,
10009766,凝固第ＶＩＩＩ因子量,ギョウコダイ8インシリョウ,
10009768,凝固第ＶＩＩＩ因子量減少,ギョウコダイ8インシリョウゲンショウ,
10009770,凝固第ＶＩＩＩ因子量増加,ギョウコダイ8インシリョウゾウカ,
10009772,凝固第ＶＩＩＩ因子量正常,ギョウコダイ8インシリョウセイジョウ,
10009773,凝固第Ｘ因子量,ギョウコダイ10インシリョウ,
10009775,凝固第Ｘ因子量減少,ギョウコダイ10インシリョウゲンショウ,
10009776,凝固第Ｘ因子量増加,ギョウコダイ10インシリョウゾウカ,
10009777,凝固第ＸＩ因子量,ギョウコダイ11インシリョウ,
10009779,凝固第ＸＩ因子量減少,ギョウコダイ11インシリョウゲンショウ,
10009780,凝固第ＸＩ因子量増加,ギョウコダイ11インシリョウゾウカ,
10009781,凝固第ＸＩＩ因子量,ギョウコダイ12インシリョウ,
10009783,凝固第ＸＩＩ因子量減少,ギョウコダイ12インシリョウゲンショウ,
10009784,凝固第ＸＩＩ因子量増加,ギョウコダイ12インシリョウゾウカ,
10009785,凝固第ＸＩＩＩ因子量,ギョウコダイ13インシリョウ,
10009787,凝固第ＸＩＩＩ因子量減少,ギョウコダイ13インシリョウゲンショウ,
10009788,凝固第ＸＩＩＩ因子量増加,ギョウコダイ13インシリョウゾウカ,
10009790,凝固時間,ギョウコジカン,
10009791,凝固時間異常,ギョウコジカンイジョウ,
10009794,凝固時間正常,ギョウコジカンセイジョウ,
10009799,凝固時間延長,ギョウコジカンエンチョウ,
10009800,凝固時間短縮,ギョウコジカンタンシュク,
10009802,凝血異常,ギョウケツイジョウ,
10009807,大動脈縮窄,ダイドウミャクシュクサク,
10009825,コクシジオイデス症,コクシジオイデスショウ,
10009829,尾骨痛,ビコツツウ,
10009830,人工内耳植込み,ジンコウナイジウエコミ,
10009835,コケーン症候群,コケーンショウコウグン,
10009838,腹腔動脈圧迫症候群,フククウドウミャクアッパクショウコウグン,フックウドウミャクアッパクショウコウグン
10009839,セリアック病,セリアックビョウ,
10009848,歯車様固縮,ハグルマヨウコシュク,
10009853,寒冷凝集素陰性,カンレイギョウシュウソインセイ,
10009854,寒冷凝集素陽性,カンレイギョウシュウソヨウセイ,
10009856,低温による損傷,テイオンニヨルソンショウ,
10009866,冷汗,レイカン,ヒヤアセ
10009868,冷式溶血性貧血,レイシキヨウケツセイヒンケツ,
10009869,寒冷蕁麻疹,カンレイジンマシン,
10009879,結腸全摘除,ケッチョウゼンテキジョ,
10009887,大腸炎,ダイチョウエン,
10009895,虚血性大腸炎,キョケツセイダイチョウエン,
10009900,潰瘍性大腸炎,カイヨウセイダイチョウエン,
10009903,膠原病,コウゲンビョウ,
10009905,膠原病性脈管疾患,コウゲンビョウセイミャッカンシッカン,
10009926,コロジオンベイビー,コロジオンベイビー,
10009934,眼欠損症,ガンケッソンショウ,
10009944,結腸癌,ケッチョウガン,
10009952,再発結腸癌,サイハツケッチョウガン,
10009953,結腸癌第１期,ケッチョウガンダイ1キ,
10009954,結腸癌第２期,ケッチョウガンダイ2キ,
10009955,結腸癌第３期,ケッチョウガンダイ3キ,
10009956,結腸癌第４期,ケッチョウガンダイ4キ,
10009971,結腸壊疽,ケッチョウエソ,
10009995,結腸瘻,ケッチョウロウ,
10009996,結腸血腫,ケッチョウケッシュ,
10010007,結腸内視鏡検査,ケッチョウナイシキョウケンサ,
10010008,結腸内視鏡検査異常,ケッチョウナイシキョウケンサイジョウ,
10010011,結腸内視鏡検査正常,ケッチョウナイシキョウケンサセイジョウ,
10010014,コロニー刺激因子療法,コロニーシゲキインシリョウホウ,
10010022,コロラドダニ熱,コロラドダニネツ,
10010030,再発結腸直腸癌,サイハツケッチョウチョクチョウガン,
10010032,結腸直腸癌第１期,ケッチョウチョクチョウガンダイ1キ,
10010033,結腸直腸癌第２期,ケッチョウチョクチョウガンダイ2キ,
10010034,結腸直腸癌第３期,ケッチョウチョクチョウガンダイ3キ,
10010035,結腸直腸癌第４期,ケッチョウチョクチョウガンダイ4キ,
10010038,結腸直腸癌第０期,ケッチョウチョクチョウガンダイ0キ,
10010041,結腸瘻造設,ケッチョウロウゾウセツ,
10010045,結腸瘻閉鎖,ケッチョウロウヘイサ,
10010046,結腸瘻感染,ケッチョウロウカンセン,
10010050,色覚異常,シキカクイジョウ,
10010051,後天性色覚異常,コウテンセイシキカクイジョウ,
10010055,色覚検査,シキカクケンサ,
10010056,色覚検査異常,シキカクケンサイジョウ,
10010057,色覚検査青黄異常,シキカクケンサセイオウイジョウ,
10010058,色覚検査赤緑異常,シキカクケンサセキリョクイジョウ,
10010059,色覚検査正常,シキカクケンサセイジョウ,
10010069,コルポスコピー,コルポスコピー,
10010071,昏睡,コンスイ,
10010075,肝性昏睡,カンセイコンスイ,
10010082,尿毒症性昏睡,ニョウドクショウセイコンスイ,
10010099,複合型免疫不全,フクゴウガタメンエキフゼン,
10010121,コンパートメント症候群,コンパートメントショウコウグン,
10010123,賠償神経症,バイショウシンケイショウ,
10010126,補体成分Ｃ３増加,ホタイセイブンC3ゾウカ,
10010133,補体結合異常,ホタイケツゴウイジョウ,
10010134,補体結合反応陽性,ホタイケツゴウハンノウヨウセイ,
10010144,自殺既遂,ジサツキスイ,
10010149,複雑骨折,フクザツコッセツ,
10010151,医療機器除去合併症,イリョウキキジョキョガッペイショウ,
10010162,骨髄移植合併症,コツズイイショクガッペイショウ,
10010165,四肢再接合手術における合併症,シシサイセツゴウシュジュツニオケルガッペイショウ,
10010183,移植手術における合併症,イショクシュジュツニオケルガッペイショウ,
10010184,移植心の合併症,イショクシンノガッペイショウ,
10010185,移植腎の合併症,イショクジンノガッペイショウ,
10010186,移植肝の合併症,イショクカンノガッペイショウ,
10010187,移植肺の合併症,イショクハイノガッペイショウ,
10010190,移植膵の合併症,イショクスイノガッペイショウ,
10010214,圧迫骨折,アッパクコッセツ,
10010219,強迫行為,キョウハクコウイ,
10010234,コンピュータ断層撮影,コンピュータダンソウサツエイ,
10010235,コンピュータ断層撮影異常,コンピュータダンソウサツエイイジョウ,
10010236,コンピュータ断層撮影正常,コンピュータダンソウサツエイセイジョウ,
10010252,同心円性硬化症,ドウシンエンセイコウカショウ,
10010253,随伴疾患悪化,ズイハンシッカンアッカ,
10010254,脳振盪,ノウシントウ,
10010264,状態悪化,ジョウタイアッカ,
10010274,コンドーム,コンドーム,
10010276,伝導障害,デンドウショウガイ,
10010280,伝音難聴,デンオンナンチョウ,
10010297,作話,サクワ,
10010305,錯乱状態,サクランジョウタイ,
10010317,先天性胆管欠損,センテンセイタンカンケッソン,
10010318,先天性頭蓋円蓋部欠損,センテンセイトウガイエンガイブケッソン,
10010320,先天性脊椎欠損,センテンセイセキツイケッソン,
10010329,先天性貧血,センテンセイヒンケツ,
10010341,先天性耳小骨異常,センテンセイジショウコツイジョウ,
10010356,先天異常,センテンイジョウ,
10010368,先天性大動脈閉鎖,センテンセイダイドウミャクヘイサ,
10010369,先天性大動脈狭窄,センテンセイダイドウミャクキョウサク,
10010370,先天性大動脈弁閉鎖不全,センテンセイダイドウミャクベンヘイサフゼン,
10010371,先天性大動脈弁狭窄,センテンセイダイドウミャクベンキョウサク,
10010374,先天性動静脈瘻,センテンセイドウジョウミャクロウ,
10010381,先天性膀胱憩室,センテンセイボウコウケイシツ,
10010382,先天性膀胱頚部閉塞症,センテンセイボウコウケイブヘイソクショウ,
10010390,先天性脳損傷,センテンセイノウソンショウ,
10010391,先天性気管支拡張症,センテンセイキカンシカクチョウショウ,
10010392,先天性気管支軟化症,センテンセイキカンシナンカショウ,
10010411,先天性中枢神経系異常,センテンセイチュウスウシンケイケイイジョウ,
10010416,先天性鎖骨無形成,センテンセイサコツムケイセイ,
10010417,先天性鉤爪趾,センテンセイカギツメシ,センテンセイカギツメユビ
10010428,先天性嚢胞性腎疾患,センテンセイノウホウセイジンシッカン,
10010430,先天性サイトメガロウイルス感染,センテンセイサイトメガロウイルスカンセン,
10010434,先天性鎖骨変形,センテンセイサコツヘンケイ,
10010438,先天性横隔膜性内臓転位,センテンセイオウカクマクセイナイゾウテンイ,
10010439,先天性横隔膜ヘルニア,センテンセイオウカクマクヘルニア,
10010452,先天性外胚葉形成不全,センテンセイガイハイヨウケイセイフゼン,
10010453,先天性異所性膀胱,センテンセイイショセイボウコウ,
10010455,先天性高位肩甲骨,センテンセイコウイケンコウコツ,
10010456,先天性肺気腫,センテンセイハイキシュ,
10010466,先天性両側顔面神経麻痺,センテンセイリョウソクガンメンシンケイマヒ,
10010474,先天性弛緩麻痺,センテンセイシカンマヒ,センテンセイチカンマヒ
10010475,先天性扁平足,センテンセイヘンペイソク,
10010481,先天性女性性器奇形,センテンセイジョセイセイキキケイ,
10010493,先天性聴覚障害,センテンセイチョウカクショウガイ,
10010496,先天性Ｂ型肝炎感染症,センテンセイBガタカンエンカンセンショウ,
10010501,先天性食道裂孔ヘルニア,センテンセイショクドウレッコウヘルニア,
10010504,先天性ＨＩＶ感染症,センテンセイHIVカンセンショウ,
10010506,先天性水頭症,センテンセイスイトウショウ,
10010507,先天性多毛症,センテンセイタモウショウ,
10010510,先天性甲状腺機能低下症,センテンセイコウジョウセンキノウテイカショウ,
10010520,先天性膝関節脱臼,センテンセイシツカンセツダッキュウ,センテンセイヒザカンセツダッキュウ
10010523,先天性涙腺異常,センテンセイルイセンイジョウ,
10010526,先天性大腸閉鎖,センテンセイダイチョウヘイサ,
10010527,先天性喉頭喘鳴,センテンセイコウトウゼンメイ,
10010532,先天性口唇瘻,センテンセイコウシンロウ,
10010535,先天性リンパ浮腫,センテンセイリンパフシュ,
10010538,先天性マラリア,センテンセイマラリア,
10010539,先天性巨大結腸,センテンセイキョダイケッチョウ,
10010540,先天性巨大尿管,センテンセイキョダイニョウカン,
10010541,先天性メラノーシス,センテンセイメラノーシス,
10010543,先天性メトヘモグロビン血症,センテンセイメトヘモグロビンケツショウ,センテンセイメトヘモグロビンケッショウ
10010547,先天性僧帽弁閉鎖不全,センテンセイソウボウベンヘイサフゼン,
10010548,先天性僧帽弁狭窄,センテンセイソウボウベンキョウサク,
10010550,先天性筋欠損,センテンセイキンケッソン,
10010557,先天性爪障害,センテンセイツメショウガイ,センテンセイソウショウガイ
10010558,先天性神経変性,センテンセイシンケイヘンセイ,
10010559,先天性夜盲,センテンセイヤモウ,
10010562,先天性眼振,センテンセイガンシン,
10010564,先天性食道狭窄,センテンセイショクドウキョウサク,
10010565,先天性食道ウエッブ,センテンセイショクドウウエッブ,
10010582,先天性骨異形成,センテンセイコツイケイセイ,
10010588,先天性鼻中隔穿孔,センテンセイビチュウカクセンコウ,
10010593,先天性色素沈着障害,センテンセイシキソチンチャクショウガイ,
10010594,先天性肺炎,センテンセイハイエン,
10010607,先天性腎嚢胞,センテンセイジンノウホウ,
10010619,先天性風疹感染,センテンセイフウシンカンセン,
10010620,先天性唾液腺異常,センテンセイダエキセンイジョウ,
10010626,先天性小腸閉鎖,センテンセイショウチョウヘイサ,
10010629,先天性脊椎融合,センテンセイセキツイユウゴウ,
10010633,先天性脊椎すべり症,センテンセイセキツイスベリショウ,
10010634,先天性脊椎分離,センテンセイセキツイブンリ,
10010641,先天梅毒,センテンバイドク,
10010643,先天性梅毒性脳炎,センテンセイバイドクセイノウエン,
10010644,先天性梅毒性髄膜炎,センテンセイバイドクセイズイマクエン,
10010650,先天性斜頚,センテンセイシャケイ,
10010652,先天性トキソプラズマ症,センテンセイトキソプラズマショウ,
10010654,先天性気管軟化症,センテンセイキカンナンカショウ,
10010656,先天性三尖弁狭窄,センテンセイサンセンベンキョウサク,
10010657,先天性結核症,センテンセイケッカクショウ,
10010658,先天性臍ヘルニア,センテンセイサイヘルニア,センテンセイヘソヘルニア
10010663,先天性尿路閉塞,センテンセイニョウロヘイソク,
10010668,先天性水痘感染症,センテンセイスイトウカンセンショウ,
10010670,先天性精管欠損,センテンセイセイカンケッソン,
10010672,先天性膀胱尿管逆流,センテンセイボウコウニョウカンギャクリュウ,
10010685,コンゴ・クリミア出血熱,コンゴクリミアシュッケツネツ,
10010688,結合双生児,ケツゴウソウセイジ,
10010695,結膜擦過傷,ケツマクサッカショウ,
10010696,結膜癒着,ケツマクユチャク,
10010703,結膜嚢胞,ケツマクノウホウ,
10010705,結膜変性,ケツマクヘンセイ,
10010708,結膜沈着物,ケツマクチンチャクブツ,
10010712,結膜変色,ケツマクヘンショク,
10010716,結膜びらん,ケツマクビラン,
10010717,結膜濾胞,ケツマクロホウ,
10010718,結膜肉芽,ケツマクニクゲ,
10010719,結膜出血,ケツマクシュッケツ,
10010725,結膜刺激,ケツマクシゲキ,
10010726,結膜浮腫,ケツマクフシュ,
10010732,結膜修復,ケツマクシュウフク,
10010733,結膜瘢痕,ケツマクハンコン,
10010736,結膜潰瘍,ケツマクカイヨウ,
10010741,結膜炎,ケツマクエン,
10010744,アレルギー性結膜炎,アレルギーセイケツマクエン,
10010745,クラミジア性結膜炎,クラミジアセイケツマクエン,
10010749,新生児淋菌性結膜炎,シンセイジリンキンセイケツマクエン,
10010754,結核性結膜炎,ケッカクセイケツマクエン,
10010755,ウイルス性結膜炎,ウイルスセイケツマクエン,
10010774,便秘,ベンピ,
10010778,情動抑制,ジョウドウヨクセイ,
10010804,コンタクトレンズ不耐性,コンタクトレンズフタイセイ,
10010808,避妊,ヒニン,
10010810,避妊用キャップ,ヒニンヨウキャップ,
10010811,避妊用ペッサリー,ヒニンヨウペッサリー,
10010814,萎縮膀胱,イシュクボウコウ,
10010833,内科的治療の禁忌,ナイカテキチリョウノキンキ,
10010834,外科療法の禁忌,ゲカリョウホウノキンキ,
10010835,予防接種の禁忌,ヨボウセッシュノキンキ,
10010836,造影剤反応,ゾウエイザイハンノウ,
10010888,回復期患者,カイフクキカンジャ,
10010893,転換性障害,テンカンセイショウガイ,
10010920,局在性痙攣,キョクザイセイケイレン,
10010927,痙攣閾値低下,ケイレンイキチテイカ,
10010929,直接クームス試験,チョクセツクームスシケン,
10010931,直接クームス試験陰性,チョクセツクームスシケンインセイ,
10010933,直接クームス試験陽性,チョクセツクームスシケンヨウセイ,
10010934,間接クームス試験,カンセツクームスシケン,
10010936,間接クームス試験陰性,カンセツクームスシケンインセイ,
10010938,間接クームス試験陽性,カンセツクームスシケンヨウセイ,
10010940,クームス試験陰性溶血性貧血,クームスシケンインセイヨウケツセイヒンケツ,
10010941,クームス試験陽性溶血性貧血,クームスシケンヨウセイヨウケツセイヒンケツ,
10010947,協調運動異常,キョウチョウウンドウイジョウ,
10010957,銅欠乏,ドウケツボウ,
10010964,汚言症,オゲンショウ,
10010967,二腔心,ニクウシン,
10010968,肺性心,ハイセイシン,
10010969,急性肺性心,キュウセイハイセイシン,
10010970,慢性肺性心,マンセイハイセイシン,
10010972,三房心,サンボウシン,
10010980,臍帯血移植療法,サイタイケツイショクリョウホウ,
10010983,瞳孔偏位,ドウコウヘンイ,
10010984,角膜擦過傷,カクマクサッカショウ,
10010985,角膜膿瘍,カクマクノウヨウ,
10010996,角膜変性,カクマクヘンセイ,
10011000,角膜沈着物,カクマクチンチャクブツ,
10011005,角膜ジストロフィー,カクマクジストロフィー,
10011010,角膜上皮欠損,カクマクジョウヒケッソン,
10011013,角膜びらん,カクマクビラン,
10011017,角膜移植片拒絶反応,カクマクイショクヘンキョゼツハンノウ,
10011022,角膜浸潤,カクマクシンジュン,
10011026,角膜病変,カクマクビョウヘン,
10011028,角膜病変部切除,カクマクビョウヘンブセツジョ,
10011033,角膜浮腫,カクマクフシュ,
10011035,角膜混濁,カクマクコンダク,
10011037,先天性角膜混濁,センテンセイカクマクコンダク,
10011039,角膜穿孔,カクマクセンコウ,
10011040,角膜色素沈着,カクマクシキソチンチャク,
10011042,角膜反射低下,カクマクハンシャテイカ,
10011044,角膜瘢痕,カクマクハンコン,
10011048,角膜ブドウ腫,カクマクブドウシュ,
10011050,角膜縫合,カクマクホウゴウ,
10011051,角膜縫合部除去,カクマクホウゴウブジョキョ,
10011055,角膜接触,カクマクセッショク,
10011071,冠動脈瘤,カンドウミャクリュウ,
10011077,冠動脈バイパス,カンドウミャクバイパス,
10011078,冠動脈疾患,カンドウミャクシッカン,
10011084,冠動脈塞栓症,カンドウミャクソクセンショウ,
10011086,冠動脈閉塞,カンドウミャクヘイソク,
10011089,冠動脈狭窄,カンドウミャクキョウサク,
10011090,冠動脈手術,カンドウミャクシュジュツ,
10011091,冠動脈血栓症,カンドウミャクケッセンショウ,
10011101,冠動脈内膜剥離術,カンドウミャクナイマクハクリジュツ,
10011105,冠動脈入口部狭窄,カンドウミャクニュウコウブキョウサク,
10011120,修正大血管転位,シュウセイダイケッカンテンイ,
10011196,コルチゾール異常,コルチゾールイジョウ,
10011198,コルチゾール減少,コルチゾールゲンショウ,
10011199,尿中遊離コルチゾール,ニョウチュウユウリコルチゾール,
10011201,尿中遊離コルチゾール減少,ニョウチュウユウリコルチゾールゲンショウ,
10011203,尿中遊離コルチゾール増加,ニョウチュウユウリコルチゾールゾウカ,
10011205,尿中遊離コルチゾール正常,ニョウチュウユウリコルチゾールセイジョウ,
10011207,コルチゾール増加,コルチゾールゾウカ,
10011209,コルチゾール正常,コルチゾールセイジョウ,
10011219,肋軟骨炎,ロクナンコツエン,
10011224,咳嗽,ガイソウ,
10011238,牛痘,ギュウトウ,
10011244,牛乳を含まない食事,ギュウニュウヲフクマナイショクジ,
10011254,コクサッキー心炎,コクサッキーシンエン,
10011257,コクサッキー心内膜炎,コクサッキーシンナイマクエン,
10011258,コクサッキー心筋炎,コクサッキーシンキンエン,
10011259,コクサッキー心膜炎,コクサッキーシンマクエン,
10011260,新生児コクサッキーウイルス疾患,シンセイジコクサッキーウイルスシッカン,
10011261,コクサッキーウイルス感染,コクサッキーウイルスカンセン,
10011308,分娩時外傷による脳神経損傷,ブンベンジガイショウニヨルノウシンケイソンショウ,
10011314,多発性脳神経麻痺,タハツセイノウシンケイマヒ,
10011318,頭蓋咽頭腫,トウガイイントウシュ,
10011320,頭蓋形成,トウガイケイセイ,
10011321,頭蓋脊椎披裂,トウガイセキツイヒレツ,
10011322,開頭,カイトウ,
10011334,クレアチンキナーゼ,クレアチンキナーゼ,
10011336,クレアチンキナーゼ増加,クレアチンキナーゼゾウカ,
10011337,クレアチンキナーゼＭＢ,クレアチンキナーゼMB,
10011339,クレアチンキナーゼＭＢ増加,クレアチンキナーゼMBゾウカ,
10011340,クレアチンキナーゼＭＢ正常,クレアチンキナーゼMBセイジョウ,
10011341,クレアチンキナーゼＭＭ,クレアチンキナーゼMM,
10011342,クレアチンキナーゼＭＭ正常,クレアチンキナーゼMMセイジョウ,
10011343,クレアチンキナーゼ正常,クレアチンキナーゼセイジョウ,
10011353,尿中クレアチン,ニョウチュウクレアチン,
10011354,尿中クレアチン異常,ニョウチュウクレアチンイジョウ,
10011355,尿中クレアチン減少,ニョウチュウクレアチンゲンショウ,
10011356,尿中クレアチン増加,ニョウチュウクレアチンゾウカ,
10011357,尿中クレアチン正常,ニョウチュウクレアチンセイジョウ,
10011364,腎クレアチニン・クリアランス増加,ジンクレアチニンクリアランスゾウカ,
10011371,腎クレアチニン・クリアランス,ジンクレアチニンクリアランス,
10011372,腎クレアチニン・クリアランス減少,ジンクレアチニンクリアランスゲンショウ,
10011374,腎クレアチニン・クリアランス正常,ジンクレアチニンクリアランスセイジョウ,
10011376,捻髪音,ネンパツオン,
10011380,クレスト症候群,クレストショウコウグン,
10011384,クロイツフェルト・ヤコブ病,クロイツフェルトヤコブビョウ,
10011385,ネコ泣き症候群,ネコナキショウコウグン,
10011386,クリグラー・ナジャー症候群,クリグラーナジャーショウコウグン,
10011401,クローン病,クローンビョウ,
10011409,交差感染,コウサカンセン,
10011411,交差感受性反応,コウサカンジュセイハンノウ,
10011412,交差適合試験,コウサテキゴウシケン,
10011413,交差適合試験適合,コウサテキゴウシケンテキゴウ,
10011414,交差適合試験不適合,コウサテキゴウシケンフテキゴウ,
10011416,感染性クループ,カンセンセイクループ,
10011417,非感染性クループ,ヒカンセンセイクループ,
10011459,体幹の圧挫損傷,タイカンノアツザソンショウ,
10011469,泣き,ナキ,
10011474,クリオグロブリン血症,クリオグロブリンケツショウ,クリオグロブリンケッショウ
10011476,クリオグロブリン,クリオグロブリン,
10011477,クリオグロブリン陰性,クリオグロブリンインセイ,
10011478,クリオグロブリン陽性,クリオグロブリンヨウセイ,
10011479,クリオグロブリン尿,クリオグロブリンニョウ,
10011480,尿中クリオグロブリン陽性,ニョウチュウクリオグロブリンヨウセイ,
10011483,凍結療法,トウケツリョウホウ,
10011485,クリプトコッカス胃腸炎,クリプトコッカスイチョウエン,
10011490,クリプトコッカス症,クリプトコッカスショウ,
10011497,潜在眼球症,センザイガンキュウショウ,
10011498,停留精巣,テイリュウセイソウ,
10011502,クリプトスポリジウム感染,クリプトスポリジウムカンセン,
10011509,結晶尿,ケッショウニョウ,
10011510,尿中結晶陰性,ニョウチュウケッショウインセイ,
10011512,尿中結晶陽性,ニョウチュウケッショウヨウセイ,
10011520,ＣＳＦ細胞数,CSFサイボウスウ,
10011521,ＣＳＦ細胞数異常,CSFサイボウスウイジョウ,
10011522,ＣＳＦ細胞数増加,CSFサイボウスウゾウカ,
10011523,ＣＳＦ細胞数正常,CSFサイボウスウセイジョウ,
10011527,ＣＳＦ培養,CSFバイヨウ,
10011528,ＣＳＦ培養陰性,CSFバイヨウインセイ,
10011529,ＣＳＦ培養陽性,CSFバイヨウヨウセイ,
10011530,ＣＳＦ電気泳動,CSFデンキエイドウ,
10011531,ＣＳＦ電気泳動異常,CSFデンキエイドウイジョウ,
10011532,ＣＳＦ電気泳動正常,CSFデンキエイドウセイジョウ,
10011535,ＣＳＦブドウ糖,CSFブドウトウ,
10011536,ＣＳＦブドウ糖異常,CSFブドウトウイジョウ,
10011537,ＣＳＦブドウ糖減少,CSFブドウトウゲンショウ,
10011538,ＣＳＦブドウ糖正常,CSFブドウトウセイジョウ,
10011539,ＣＳＦ顆粒球数,CSFカリュウキュウスウ,
10011540,ＣＳＦ顆粒球数異常,CSFカリュウキュウスウイジョウ,
10011541,ＣＳＦ顆粒球数正常,CSFカリュウキュウスウセイジョウ,
10011542,ＣＳＦ乳酸脱水素酵素,CSFニュウサンダッスイソコウソ,
10011543,ＣＳＦ乳酸脱水素酵素減少,CSFニュウサンダッスイソコウソゲンショウ,
10011544,ＣＳＦ乳酸脱水素酵素増加,CSFニュウサンダッスイソコウソゾウカ,
10011545,ＣＳＦ乳酸脱水素酵素正常,CSFニュウサンダッスイソコウソセイジョウ,
10011547,ＣＳＦリンパ球数,CSFリンパキュウスウ,
10011548,ＣＳＦリンパ球数異常,CSFリンパキュウスウイジョウ,
10011549,ＣＳＦリンパ球数増加,CSFリンパキュウスウゾウカ,
10011550,ＣＳＦリンパ球数正常,CSFリンパキュウスウセイジョウ,
10011555,ＣＳＦ好中球数,CSFコウチュウキュウスウ,
10011556,ＣＳＦ好中顆粒球陰性,CSFコウチュウカリュウキュウインセイ,
10011557,ＣＳＦ好中顆粒球陽性,CSFコウチュウカリュウキュウヨウセイ,
10011560,ＣＳＦオリゴクローナルバンド陰性,CSFオリゴクローナルバンドインセイ,
10011562,ＣＳＦオリゴクローナルバンド陽性,CSFオリゴクローナルバンドヨウセイ,
10011563,ＣＳＦｐＨ,CSFpH,
10011564,ＣＳＦｐＨ異常,CSFpHイジョウ,
10011565,ＣＳＦｐＨ低下,CSFpHテイカ,
10011566,ＣＳＦｐＨ上昇,CSFpHジョウショウ,
10011567,ＣＳＦｐＨ正常,CSFpHセイジョウ,
10011569,ＣＳＦ圧低下,CSFアツテイカ,
10011570,ＣＳＦ圧上昇,CSFアツジョウショウ,
10011571,ＣＳＦ圧正常,CSFアツセイジョウ,
10011572,ＣＳＦ蛋白,CSFタンパク,
10011573,ＣＳＦ蛋白異常,CSFタンパクイジョウ,
10011574,ＣＳＦ蛋白減少,CSFタンパクゲンショウ,
10011575,ＣＳＦ蛋白増加,CSFタンパクゾウカ,
10011576,ＣＳＦ蛋白正常,CSFタンパクセイジョウ,
10011577,脳脊髄液シャント変換,ノウセキズイエキシャントヘンカン,
10011578,脳脊髄液シャント洗浄,ノウセキズイエキシャントセンジョウ,
10011580,脳脊髄液シャント除去,ノウセキズイエキシャントジョキョ,
10011581,ＣＳＦ比重,CSFヒジュウ,
10011582,ＣＳＦ比重異常,CSFヒジュウイジョウ,
10011583,ＣＳＦ比重減少,CSFヒジュウゲンショウ,
10011584,ＣＳＦ比重増加,CSFヒジュウゾウカ,
10011585,ＣＳＦ比重正常,CSFヒジュウセイジョウ,
10011587,脳脊髄液弁洗浄,ノウセキズイエキベンセンジョウ,
10011588,脳脊髄液弁除去,ノウセキズイエキベンジョキョ,
10011621,子宮頚部培養,シキュウケイブバイヨウ,
10011622,子宮頚部培養陰性,シキュウケイブバイヨウインセイ,
10011623,子宮頚部培養陽性,シキュウケイブバイヨウヨウセイ,
10011629,便培養,ベンバイヨウ,
10011630,便培養陰性,ベンバイヨウインセイ,
10011631,便培養陽性,ベンバイヨウヨウセイ,
10011632,咽頭培養,イントウバイヨウ,
10011633,咽頭培養陰性,イントウバイヨウインセイ,
10011634,咽頭培養陽性,イントウバイヨウヨウセイ,
10011635,組織検体培養,ソシキケンタイバイヨウ,
10011636,組織検体培養陰性,ソシキケンタイバイヨウインセイ,
10011637,組織検体培養陽性,ソシキケンタイバイヨウヨウセイ,
10011638,尿培養,ニョウバイヨウ,
10011639,尿培養陰性,ニョウバイヨウインセイ,
10011640,尿培養陽性,ニョウバイヨウヨウセイ,
10011641,創傷培養,ソウショウバイヨウ,
10011642,創傷培養陰性,ソウショウバイヨウインセイ,
10011643,創傷培養陽性,ソウショウバイヨウヨウセイ,
10011652,クッシング症候群,クッシングショウコウグン,
10011655,クッシング様症状,クッシングヨウショウジョウ,
10011659,皮膚アミロイドーシス,ヒフアミロイドーシス,
10011660,皮膚炭疽,ヒフタンソ,
10011668,皮膚リーシュマニア症,ヒフリーシュマニアショウ,
10011674,皮膚サルコイドーシス,ヒフサルコイドーシス,
10011676,皮膚スポロトリコーシス,ヒフスポロトリコーシス,
10011677,皮膚Ｔ細胞性リンパ腫,ヒフTサイボウセイリンパシュ,
10011678,再発皮膚Ｔ細胞性リンパ腫,サイハツヒフTサイボウセイリンパシュ,
10011679,治療抵抗性皮膚Ｔ細胞性リンパ腫,チリョウテイコウセイヒフTサイボウセイリンパシュ,
10011680,皮膚Ｔ細胞性リンパ腫第１期,ヒフTサイボウセイリンパシュダイ1キ,
10011681,皮膚Ｔ細胞性リンパ腫第２期,ヒフTサイボウセイリンパシュダイ2キ,
10011682,皮膚Ｔ細胞性リンパ腫第３期,ヒフTサイボウセイリンパシュダイ3キ,
10011683,皮膚Ｔ細胞性リンパ腫第４期,ヒフTサイボウセイリンパシュダイ4キ,
10011684,皮膚結核,ヒフケッカク,
10011686,皮膚血管炎,ヒフケッカンエン,
10011692,皮膚弛緩症,ヒフシカンショウ,
10011703,チアノーゼ,チアノーゼ,
10011704,中心性チアノーゼ,チュウシンセイチアノーゼ,
10011705,新生児チアノーゼ,シンセイジチアノーゼ,
10011710,サイクリックＡＭＰ,サイクリックAMP,
10011715,毛様体炎,モウヨウタイエン,
10011719,毛様体筋麻痺,モウヨウタイキンマヒ,
10011720,毛様体筋麻痺性屈折,モウヨウタイキンマヒセイクッセツ,
10011724,気分循環性障害,キブンジュンカンセイショウガイ,
10011730,円柱尿,エンチュウニョウ,
10011732,嚢胞,ノウホウ,
10011734,嚢胞吸引,ノウホウキュウイン,
10011737,嚢胞ドレナージ,ノウホウドレナージ,
10011761,先天性嚢胞性眼球,センテンセイノウホウセイガンキュウ,
10011762,嚢胞性線維症,ノウホウセイセンイショウ,
10011763,肺嚢胞性線維症,ハイノウホウセイセンイショウ,
10011766,膵嚢胞性線維症,スイノウホウセイセンイショウ,
10011777,シスチン蓄積症,シスチンチクセキショウ,
10011778,シスチン尿,シスチンニョウ,
10011779,尿中システイン陰性,ニョウチュウシステインインセイ,
10011781,膀胱炎,ボウコウエン,
10011790,大腸菌性膀胱炎,ダイチョウキンセイボウコウエン,
10011792,淋菌性膀胱炎,リンキンセイボウコウエン,
10011793,出血性膀胱炎,シュッケツセイボウコウエン,
10011796,間質性膀胱炎,カンシツセイボウコウエン,
10011797,クレブシエラ膀胱炎,クレブシエラボウコウエン,
10011799,シュードモナス性膀胱炎,シュードモナスセイボウコウエン,
10011800,放射線性膀胱炎,ホウシャセンセイボウコウエン,
10011801,潰瘍性膀胱炎,カイヨウセイボウコウエン,
10011803,膀胱瘤,ボウコウリュウ,
10011804,膀胱造影,ボウコウゾウエイ,
10011805,膀胱造影異常,ボウコウゾウエイイジョウ,
10011806,膀胱造影正常,ボウコウゾウエイセイジョウ,
10011814,膀胱鏡検査,ボウコウキョウケンサ,
10011815,膀胱鏡検査異常,ボウコウキョウケンサイジョウ,
10011816,膀胱鏡検査正常,ボウコウキョウケンサセイジョウ,
10011817,膀胱瘻造設,ボウコウロウゾウセツ,
10011830,サイトメガロウイルス肝炎,サイトメガロウイルスカンエン,
10011831,サイトメガロウイルス感染,サイトメガロウイルスカンセン,
10011834,サイトメガロウイルス性単核症,サイトメガロウイルスセイタンカクショウ,
10011841,後天性涙腺炎,コウテンセイルイセンエン,
10011843,涙小管炎,ルイショウカンエン,
10011844,涙嚢炎,ルイノウエン,
10011847,涙嚢鼻腔吻合,ルイノウビクウフンゴウ,
10011848,涙石,ルイセキ,
10011850,先天性涙道狭窄,センテンセイルイドウキョウサク,
10011852,乳製品不耐症,ニュウセイヒンフタイショウ,
10011858,湿気の多い住居,シッケノオオイジュウキョ,
10011859,頭部粃糠疹,トウブヒコウシン,
10011875,ろう唖,ロウア,
10011878,難聴,ナンチョウ,
10011882,先天性難聴,センテンセイナンチョウ,
10011891,感音性難聴,カンオンセイナンチョウ,
10011893,職業性難聴,ショクギョウセイナンチョウ,
10011894,永久難聴,エイキュウナンチョウ,
10011900,一過性難聴,イッカセイナンチョウ,
10011903,外傷性難聴,ガイショウセイナンチョウ,
10011906,死亡,シボウ,
10011912,新生児死亡,シンセイジシボウ,
10011919,仲間の死,ナカマノシ,
10011930,ペットの死,ペットノシ,
10011931,近親者の死,キンシンシャノシ,
10011951,潜函病,センカンビョウ,
10011953,活動性低下,カツドウセイテイカ,
10011968,免疫応答低下,メンエキオウトウテイカ,
10011971,興味の減少,キョウミノゲンショウ,
10011985,褥瘡性潰瘍,ジョクソウセイカイヨウ,
10012110,便意切迫,ベンイセッパク,
10012118,心室内伝導障害,シンシツナイデンドウショウガイ,
10012141,眼窩変形,ガンカヘンケイ,
10012174,脱水,ダッスイ,
10012177,既視感,キシカン,
10012186,遅延分娩,チエンブンベン,
10012198,遅発性放射線障害,チハツセイホウシャセンショウガイ,
10012205,思春期遅発症,シシュンキチハツショウ,
10012206,麻酔からの覚醒遅延,マスイカラノカクセイチエン,
10012209,遅延睡眠期,チエンスイミンキ,
10012215,非行,ヒコウ,
10012218,譫妄,センモウ,
10012225,振戦譫妄,シンセンセンモウ,
10012236,δ－βサラセミア,デルタベータサラセミア,
10012239,妄想,モウソウ,
10012241,誇大妄想,コダイモウソウ,
10012242,寄生虫妄想,キセイチュウモウソウ,
10012244,関係妄想,カンケイモウソウ,
10012245,替え玉妄想,カエダマモウソウ,
10012249,妄想性障害、色情型,モウソウセイショウガイシキジョウガタ,
10012250,妄想性障害、誇大型,モウソウセイショウガイコダイガタ,
10012251,妄想性障害、嫉妬型,モウソウセイショウガイシットガタ,
10012252,妄想性障害、混合型,モウソウセイショウガイコンゴウガタ,
10012254,妄想性障害、身体型,モウソウセイショウガイシンタイガタ,
10012255,妄想性障害、詳細不明,モウソウセイショウガイショウサイフメイ,
10012258,妄想知覚,モウソウチカク,
10012265,認知症の近親者,ニンチショウノキンシンシャ,
10012267,認知症,ニンチショウ,
10012271,アルツハイマー型認知症,アルツハイマーガタニンチショウ,
10012293,アルツハイマー型認知症、合併症を伴わない,アルツハイマーガタニンチショウガッペイショウヲトモナワナイ,
10012294,アルツハイマー型認知症、譫妄を伴う,アルツハイマーガタニンチショウセンモウヲトモナウ,
10012295,アルツハイマー型認知症、妄想を伴う,アルツハイマーガタニンチショウモウソウヲトモナウ,
10012296,アルツハイマー型認知症、抑うつを伴う,アルツハイマーガタニンチショウヨクウツヲトモナウ,
10012305,脱髄,ダツズイ,
10012310,デング熱,デングネツ,
10012316,歯槽異常,シソウイジョウ,
10012318,齲歯,ウシ,
10012328,歯髄障害,シズイショウガイ,
10012331,歯および顔面の異常,ハオヨビガンメンノイジョウ,
10012335,依存,イゾン,
10012355,依存性パーソナリティ障害,イゾンセイパーソナリティショウガイ,
10012364,脱毛術,ダツモウジュツ,
10012369,眼沈着物,ガンチンチャクブツ,
10012373,意識レベルの低下,イシキレベルノテイカ,
10012374,抑うつ気分,ヨクウツキブン,
10012378,うつ病,ウツビョウ,
10012390,術後うつ病,ジュツゴウツビョウ,
10012397,希死念慮を有するうつ病,キシネンリョヲユウスルウツビョウ,
10012411,脱線,ダッセン,
10012422,現実感消失,ゲンジツカンショウシツ,
10012423,皮膚擦傷術,ヒフサッショウジュツ,
10012426,皮膚嚢腫,ヒフノウシュ,
10012428,皮膚洞,ヒフドウ,
10012431,皮膚炎,ヒフエン,
10012432,ざ瘡様皮膚炎,ザソウヨウヒフエン,
10012434,アレルギー性皮膚炎,アレルギーセイヒフエン,
10012436,人工皮膚炎,ジンコウヒフエン,
10012438,アトピー性皮膚炎,アトピーセイヒフエン,
10012441,水疱性皮膚炎,スイホウセイヒフエン,
10012442,接触皮膚炎,セッショクヒフエン,
10012444,おむつ皮膚炎,オムツヒフエン,
10012455,剥脱性皮膚炎,ハクダツセイヒフエン,
10012456,全身性剥脱性皮膚炎,ゼンシンセイハクダツセイヒフエン,
10012468,疱疹状皮膚炎,ホウシンジョウヒフエン,
10012470,感染性皮膚炎,カンセンセイヒフエン,
10012493,眼瞼皮膚弛緩症,ガンケンヒフシカンショウ,
10012503,皮膚筋炎,ヒフキンエン,
10012504,皮膚糸状菌症,ヒフシジョウキンショウ,
10012511,爪の皮膚糸状菌症,ツメノヒフシジョウキンショウ,
10012522,皮様嚢腫,ヒヨウノウシュ,
10012532,デスメ膜剥離,デスメマクハクリ,
10012550,排尿筋の括約筋失調,ハイニョウキンノカツヤクキンシッチョウ,
10012557,発達性協調運動障害,ハッタツセイキョウチョウウンドウショウガイ,
10012559,発育遅延,ハツイクチエン,
10012565,発達緑内障,ハッタツリョクナイショウ,
10012575,医療機器破損,イリョウキキハソン,
10012578,医療機器圧出,イリョウキキアッシュツ,
10012579,医療機器排出,イリョウキキハイシュツ,
10012586,医療機器間相互作用,イリョウキキカンソウゴサヨウ,
10012587,医療機器リーク,イリョウキキリーク,
10012592,右胸心,ウキョウシン,
10012596,糖尿病を合併する妊娠,トウニョウビョウヲガッペイスルニンシン,
10012599,尿崩症,ニョウホウショウ,
10012601,糖尿病,トウニョウビョウ,
10012607,コントロール不良の糖尿病,コントロールフリョウノトウニョウビョウ,
10012631,高浸透圧をともなう糖尿病,コウシントウアツヲトモナウトウニョウビョウ,
10012645,糖尿病性自律神経ニューロパチー,トウニョウビョウセイジリツシンケイニューロパチー,
10012646,糖尿病性失明,トウニョウビョウセイシツメイ,
10012647,糖尿病性心筋症,トウニョウビョウセイシンキンショウ,
10012650,糖尿病性昏睡,トウニョウビョウセイコンスイ,
10012660,糖尿病性末期腎疾患,トウニョウビョウセイマッキジンシッカン,
10012661,糖尿病性眼病変,トウニョウビョウセイガンビョウヘン,
10012665,糖尿病性壊疽,トウニョウビョウセイエソ,
10012666,糖尿病性胃障害,トウニョウビョウセイイショウガイ,
10012667,糖尿病性緑内障,トウニョウビョウセイリョクナイショウ,
10012668,糖尿病性高血糖昏睡,トウニョウビョウセイコウケットウコンスイ,
10012669,糖尿病性高浸透圧性昏睡,トウニョウビョウセイコウシントウアツセイコンスイ,
10012671,糖尿病性ケトアシドーシス,トウニョウビョウセイケトアシドーシス,
10012672,糖尿病性ケトアシドーシス性高血糖昏睡,トウニョウビョウセイケトアシドーシスセイコウケットウコンスイ,
10012673,糖尿病性ケトーシス,トウニョウビョウセイケトーシス,
10012676,糖尿病性単ニューロパチー,トウニョウビョウセイタンニューロパチー,
10012680,糖尿病性ニューロパチー,トウニョウビョウセイニューロパチー,
10012686,糖尿病の近親者,トウニョウビョウノキンシンシャ,
10012688,糖尿病性網膜浮腫,トウニョウビョウセイモウマクフシュ,
10012689,糖尿病網膜症,トウニョウビョウモウマクショウ,
10012692,糖尿病性ぶどう膜炎,トウニョウビョウセイブドウマクエン,
10012708,横隔膜筋力低下,オウカクマクキンリョクテイカ,
10012711,横隔膜無形成,オウカクマクムケイセイ,
10012713,横隔膜ヘルニア,オウカクマクヘルニア,
10012716,壊疽性横隔膜ヘルニア,エソセイオウカクマクヘルニア,
10012723,横隔膜ヘルニア、閉塞を伴う,オウカクマクヘルニアヘイソクヲトモナウ,
10012725,横隔膜麻痺,オウカクマクマヒ,
10012735,下痢,ゲリ,
10012741,血性下痢,ケッセイゲリ,
10012742,感染性下痢,カンセンセイゲリ,
10012744,新生児感染性下痢,シンセイジカンセンセイゲリ,
10012750,分裂脊髄,ブンレツセキズイ,
10012758,拡張期高血圧,カクチョウキコウケツアツ,
10012762,ジアテルミー療法,ジアテルミーリョウホウ,
10012775,拒食,キョショク,
10012780,ジエチルスチルベストロール症候群,ジエチルスチルベストロールショウコウグン,
10012784,白血球百分率数,ハッケッキュウヒャクブンリツスウ,
10012785,白血球百分率数異常,ハッケッキュウヒャクブンリツスウイジョウ,
10012787,白血球百分率数正常,ハッケッキュウヒャクブンリツスウセイジョウ,
10012812,びまん性皮膚肥満細胞症,ビマンセイヒフヒマンサイボウショウ,
10012818,びまん性大細胞型Ｂ細胞性リンパ腫,ビマンセイダイサイボウガタBサイボウセイリンパシュ,
10012821,再発びまん性大細胞型Ｂ細胞性リンパ腫,サイハツビマンセイダイサイボウガタBサイボウセイリンパシュ,
10012822,治療抵抗性びまん性大細胞型Ｂ細胞性リンパ腫,チリョウテイコウセイビマンセイダイサイボウガタBサイボウセイリンパシュ,
10012823,びまん性大細胞型Ｂ細胞性リンパ腫第１期,ビマンセイダイサイボウガタBサイボウセイリンパシュダイ1キ,
10012824,びまん性大細胞型Ｂ細胞性リンパ腫第２期,ビマンセイダイサイボウガタBサイボウセイリンパシュダイ2キ,
10012825,びまん性大細胞型Ｂ細胞性リンパ腫第３期,ビマンセイダイサイボウガタBサイボウセイリンパシュダイ3キ,
10012826,びまん性大細胞型Ｂ細胞性リンパ腫第４期,ビマンセイダイサイボウガタBサイボウセイリンパシュダイ4キ,
10012978,汎血管炎,ハンケッカンエン,
10012979,ディジョージ症候群,ディジョージショウコウグン,
10013002,心房拡張,シンボウカクチョウ,
10013003,先天性肝内胆管拡張症,センテンセイカンナイタンカンカクチョウショウ,
10013012,心室拡張,シンシツカクチョウ,
10013023,ジフテリア,ジフテリア,
10013024,ジフテリアキャリアー,ジフテリアキャリアー,
10013029,裂頭条虫症,レットウジョウチュウショウ,
10013032,複聴,フクチョウ,
10013033,両麻痺,リョウマヒ,
10013036,複視,フクシ,
10013045,直接感染伝播,チョクセツカンセンデンパ,
10013047,方向性ドップラー法血流量試験,ホウコウセイドップラーホウケツリュウリョウシケン,
10013048,方向性ドップラー法血流量試験異常,ホウコウセイドップラーホウケツリュウリョウシケンイジョウ,
10013049,方向性ドップラー法血流量試験正常,ホウコウセイドップラーホウケツリュウリョウシケンセイジョウ,
10013050,障害者,ショウガイシャ,
10013053,身体障害の近親者,シンタイショウガイノキンシンシャ,
10013082,不快感,フカイカン,
10013142,脱抑制,ダツヨクセイ,
10013183,椎骨脱臼,ツイコツダッキュウ,
10013395,失見当識,シツケントウシキ,
10013439,播種性クリプトコッカス症,ハシュセイクリプトコッカスショウ,
10013442,播種性血管内凝固,ハシュセイケッカンナイギョウコ,
10013443,新生児の播種性血管内凝固,シンセイジノハシュセイケッカンナイギョウコ,
10013444,播種性リーシュマニア症,ハシュセイリーシュマニアショウ,
10013453,播種性結核,ハシュセイケッカク,
10013457,解離,カイリ,
10013461,解離性健忘,カイリセイケンボウ,
10013462,解離性障害,カイリセイショウガイ,
10013468,解離性同一性障害,カイリセイドウイツセイショウガイ,
10013486,転導性,テンドウセイ,
10013496,注意力障害,チュウイリョクショウガイ,
10013527,潜水夫痙攣,センスイフケイレン,
10013536,憩室瘻,ケイシツロウ,
10013538,憩室炎,ケイシツエン,
10013541,出血性腸憩室炎,シュッケツセイチョウケイシツエン,
10013542,メッケル憩室炎,メッケルケイシツエン,
10013544,食道憩室炎,ショクドウケイシツエン,
10013554,憩室,ケイシツ,
10013558,胃憩室,イケイシツ,
10013559,腸憩室,チョウケイシツ,
10013560,出血性腸憩室,シュッケツセイチョウケイシツ,
10013563,食道憩室,ショクドウケイシツ,
10013568,先天性咽頭憩室,センテンセイイントウケイシツ,
10013571,離婚,リコン,
10013572,離婚した両親,リコンシタリョウシン,
10013573,浮動性めまい,フドウセイメマイ,
10013576,労作性めまい,ロウサセイメマイ,
10013578,体位性めまい,タイイセイメマイ,
10013609,二重ヘテロ接合性鎌状化疾患,ニジュウヘテロセツゴウセイレンジョウカシッカン,ニジュウヘテロセツゴウセイカマジョウカシッカン
10013611,両大血管右室起始症,リョウダイケッカンウシツキシショウ,
10013613,重複尿管,ジュウフクニョウカン,チョウフクニョウカン
10013618,メジナ虫症,メジナチュウショウ,
10013634,夢幻状態,ムゲンジョウタイ,
10013642,よだれ,ヨダレ,
10013643,転倒発作,テントウホッサ,
10013647,溺死,デキシ,
10013654,薬物乱用,ヤクブツランヨウ,
10013663,薬物依存,ヤクブツイゾン,
10013675,薬物依存、分娩前,ヤクブツイゾンブンベンゼン,ヤクブツイゾンブンベンマエ
10013676,薬物依存、分娩後,ヤクブツイゾンブンベンゴ,
10013687,薬疹,ヤクシン,
10013700,薬物過敏症,ヤクブツカビンショウ,
10013709,薬効欠如,ヤッコウケツジョ,
10013710,薬物相互作用,ヤクブツソウゴサヨウ,
10013717,薬物濃度変化,ヤクブツノウドヘンカ,
10013718,薬物濃度減少,ヤクブツノウドゲンショウ,
10013722,薬物濃度増加,ヤクブツノウドゾウカ,
10013744,薬物特異性抗体陰性,ヤクブツトクイセイコウタイインセイ,
10013745,薬物特異性抗体陽性,ヤクブツトクイセイコウタイヨウセイ,
10013752,薬物離脱性痙攣,ヤクブツリダツセイケイレン,
10013753,薬物離脱性頭痛,ヤクブツリダツセイズツウ,
10013754,薬剤離脱症候群,ヤクザイリダツショウコウグン,
10013756,新生児薬物離脱症候群,シンセイジヤクブツリダツショウコウグン,
10013774,ドライアイ,ドライアイ,
10013781,口内乾燥,コウナイカンソウ,
10013786,皮膚乾燥,ヒフカンソウ,
10013789,咽喉乾燥,インコウカンソウ,
10013799,デュアン症候群,デュアンショウコウグン,
10013800,デュビン・ジョンソン症候群,デュビンジョンソンショウコウグン,
10013801,デュシェンヌ型筋ジストロフィー,デュシェンヌガタキンジストロフィー,
10013808,胎児動脈管狭窄,タイジドウミャクカンキョウサク,
10013810,ダンピング症候群,ダンピングショウコウグン,
10013812,十二指腸閉鎖,ジュウニシチョウヘイサ,
10013830,十二指腸閉塞,ジュウニシチョウヘイソク,
10013832,十二指腸穿孔,ジュウニシチョウセンコウ,
10013833,十二指腸ポリープ,ジュウニシチョウポリープ,
10013836,十二指腸潰瘍,ジュウニシチョウカイヨウ,
10013839,出血性十二指腸潰瘍,シュッケツセイジュウニシチョウカイヨウ,
10013849,穿孔性十二指腸潰瘍,センコウセイジュウニシチョウカイヨウ,
10013850,閉塞を伴う穿孔性十二指腸潰瘍,ヘイソクヲトモナウセンコウセイジュウニシチョウカイヨウ,
10013855,閉塞性十二指腸潰瘍,ヘイソクセイジュウニシチョウカイヨウ,
10013863,十二指腸切除,ジュウニシチョウセツジョ,
10013864,十二指腸炎,ジュウニシチョウエン,
10013865,出血性十二指腸炎,シュッケツセイジュウニシチョウエン,
10013872,デュプイトラン拘縮,デュプイトランコウシュク,
10013873,デュプイトラン拘縮手術,デュプイトランコウシュクシュジュツ,
10013874,硬膜膿瘍,コウマクノウヨウ,
10013883,低身長症,テイシンチョウショウ,
10013886,異常感覚,イジョウカンカク,
10013887,構語障害,コウゴショウガイ,
10013892,異常３色覚,イジョウ3シキカク,
10013896,反復拮抗運動不全,ハンプクキッコウウンドウフゼン,
10013911,味覚不全,ミカクフゼン,
10013913,異汗性湿疹,イカンセイシッシン,
10013916,ジスキネジア,ジスキネジア,
10013922,新生児ジスキネジア,シンセイジジスキネジア,
10013924,食道ジスキネジア,ショクドウジスキネジア,
10013931,構音障害,コウオンショウガイ,
10013932,失読症,シツドクショウ,
10013935,月経困難症,ゲッケイコンナンショウ,
10013936,測定障害,ソクテイショウガイ,
10013941,性交困難,セイコウコンナン,
10013946,消化不良,ショウカフリョウ,
10013950,嚥下障害,エンゲショウガイ,
10013952,発声障害,ハッセイショウガイ,
10013953,心因性発声障害,シンインセイハッセイショウガイ,
10013954,不快気分,フカイキブン,
10013960,異形成母斑症候群,イケイセイボハンショウコウグン,
10013968,呼吸困難,コキュウコンナン,
10013969,安静時呼吸困難,アンセイジコキュウコンナン,
10013971,労作性呼吸困難,ロウサセイコキュウコンナン,
10013974,発作性夜間呼吸困難,ホッサセイヤカンコキュウコンナン,
10013976,統合運動障害,トウゴウウンドウショウガイ,
10013977,韻律障害,インリツショウガイ,
10013983,ジストニア,ジストニア,
10013990,排尿困難,ハイニョウコンナン,
10013998,術後外耳道狭窄,ジュツゴガイジドウキョウサク,
10013999,外傷性外耳道狭窄,ガイショウセイガイジドウキョウサク,
10014002,後天性外耳変形,コウテンセイガイジヘンケイ,
10014004,耳の障害,ミミノショウガイ,
10014009,耳出血,ジシュッケツ,
10014011,耳感染,ジカンセン,ミミカンセン
10014014,耳垂感染,ジスイカンセン,
10014016,耳奇形,ジキケイ,ミミキケイ
10014020,耳痛,ジツウ,
10014025,耳部腫脹,ジブシュチョウ,
10014027,耳結核,ジケッカク,ミミケッカク
10014039,早期の大人への移行,ソウキノオトナヘノイコウ,
10014055,早期退職,ソウキタイショク,
10014062,摂食障害,セッショクショウガイ,
10014071,エボラ出血熱,エボラシュッケツネツ,
10014075,エプスタイン奇形,エプスタインキケイ,
10014080,斑状出血,ハンジョウシュッケツ,
10014096,包虫症,ホウチュウショウ,
10014113,心エコー図,シンエコーズ,
10014115,心エコー図正常,シンエコーズセイジョウ,
10014119,脳超音波検査,ノウチョウオンパケンサ,
10014120,脳超音波検査異常,ノウチョウオンパケンサイジョウ,
10014121,脳超音波検査正常,ノウチョウオンパケンサセイジョウ,
10014127,反響言語,ハンキョウゲンゴ,
10014128,反響動作,ハンキョウドウサ,
10014129,子癇,シカン,
10014141,膿瘡,ノウソウ,
10014144,心臓転位,シンゾウテンイ,
10014146,異所性ＡＣＴＨ症候群,イショセイACTHショウコウグン,
10014148,異所性アルドステロン分泌,イショセイアルドステロンブンピ,イショセイアルドステロンブンピツ
10014149,異所性抗利尿ホルモン分泌,イショセイコウリニョウホルモンブンピ,イショセイコウリニョウホルモンブンピツ
10014152,異所性カルシトニン産生,イショセイカルシトニンサンセイ,
10014153,異所性絨毛性ゴナドトロピン分泌,イショセイジュウモウセイゴナドトロピンブンピ,イショセイジュウモウセイゴナドトロピンブンピツ
10014158,異所性成長ホルモン分泌,イショセイセイチョウホルモンブンピ,イショセイセイチョウホルモンブンピツ
10014163,異所性甲状腺機能亢進症,イショセイコウジョウセンキノウコウシンショウ,
10014165,異所性副甲状腺ホルモン産生,イショセイフクコウジョウセンホルモンサンセイ,
10014166,異所性妊娠,イショセイニンシン,
10014168,異所性妊娠中絶,イショセイニンシンチュウゼツ,
10014170,異所性プロラクチン分泌,イショセイプロラクチンブンピ,イショセイプロラクチンブンピツ
10014171,異所性レニン分泌,イショセイレニンブンピ,イショセイレニンブンピツ
10014172,異所性尿管,イショセイニョウカン,
10014179,眼瞼外反,ガンケンガイハン,
10014181,子宮頚外反,シキュウケイガイハン,
10014184,湿疹,シッシン,
10014190,皮脂欠乏性湿疹,ヒシケツボウセイシッシン,
10014194,眼瞼湿疹,ガンケンシッシン,
10014197,ヘルペス性状湿疹,ヘルペスセイジョウシッシン,
10014198,乳児湿疹,ニュウジシッシン,
10014199,感染性湿疹,カンセンセイシッシン,
10014201,貨幣状湿疹,カヘイジョウシッシン,
10014270,教育問題,キョウイクモンダイ,
10014316,エーラース・ダンロス症候群,エーラースダンロスショウコウグン,
10014325,射精遅延,シャセイチエン,
10014326,射精障害,シャセイショウガイ,
10014328,射精不能,シャセイフノウ,
10014331,駆出率異常,クシュツリツイジョウ,
10014338,穿孔性弾性線維症,センコウセイダンセイセンイショウ,
10014347,高齢者の虐待,コウレイシャノギャクタイ,
10014348,老年者,ロウネンシャ,
10014349,高年初妊婦,コウネンショニンプ,
10014357,感電,カンデン,
10014358,電気ショック様感覚,デンキショックヨウカンカク,
10014362,心電図,シンデンズ,
10014363,心電図異常,シンデンズイジョウ,
10014368,外来心電図,ガイライシンデンズ,
10014369,外来心電図異常,ガイライシンデンズイジョウ,
10014370,外来心電図正常,ガイライシンデンズセイジョウ,
10014372,心電図δ波異常,シンデンズデルタハイジョウ,
10014373,心電図正常,シンデンズセイジョウ,
10014374,心電図ＰＲ短縮,シンデンズPRタンシュク,
10014375,心電図Ｑ波,シンデンズQハ,
10014376,心電図正常Ｑ波,シンデンズセイジョウQハ,
10014377,心電図ＱＲＳ群,シンデンズQRSグン,
10014378,心電図異常ＱＲＳ群,シンデンズイジョウQRSグン,
10014379,心電図正常ＱＲＳ群,シンデンズセイジョウQRSグン,
10014380,心電図ＱＲＳ群延長,シンデンズQRSグンエンチョウ,
10014385,心電図ＱＴ間隔,シンデンズQTカンカク,
10014386,心電図ＱＴ間隔正常,シンデンズQTカンカクセイジョウ,
10014387,心電図ＱＴ延長,シンデンズQTエンチョウ,
10014388,心電図ＱＴ短縮,シンデンズQTタンシュク,
10014389,心電図ＳＴ部分,シンデンズSTブブン,
10014390,心電図ＳＴ部分異常,シンデンズSTブブンイジョウ,
10014391,心電図ＳＴ部分下降,シンデンズSTブブンカコウ,
10014392,心電図ＳＴ部分上昇,シンデンズSTブブンジョウショウ,
10014393,心電図ＳＴ部分正常,シンデンズSTブブンセイジョウ,
10014394,心電図Ｔ波振幅減少,シンデンズTハシンプクゲンショウ,
10014395,心電図Ｔ波逆転,シンデンズTハギャクテン,
10014396,心電図Ｔ波増高,シンデンズTハゾウコウ,
10014398,蝸電図,カデンズ,
10014399,蝸電図異常,カデンズイジョウ,
10014400,蝸電図正常,カデンズセイジョウ,
10014404,電撃療法,デンゲキリョウホウ,
10014405,感電死,カンデンシ,
10014407,脳波,ノウハ,
10014408,脳波異常,ノウハイジョウ,
10014409,脳波正常,ノウハセイジョウ,
10014415,電解質低下,デンカイシツテイカ,
10014418,電解質失調,デンカイシツシッチョウ,
10014430,筋電図,キンデンズ,
10014431,筋電図異常,キンデンズイジョウ,
10014432,筋電図正常,キンデンズセイジョウ,
10014434,膀胱電子照射療法,ボウコウデンシショウシャリョウホウ,
10014435,骨電子照射療法,コツデンシショウシャリョウホウ,
10014436,脳電子照射療法,ノウデンシショウシャリョウホウ,
10014437,乳房電子照射療法,ニュウボウデンシショウシャリョウホウ,
10014438,結腸電子照射療法,ケッチョウデンシショウシャリョウホウ,
10014439,耳鼻咽喉頭電子照射療法,ジビインコウトウデンシショウシャリョウホウ,
10014440,肺電子照射療法,ハイデンシショウシャリョウホウ,
10014441,膵臓電子照射療法,スイゾウデンシショウシャリョウホウ,
10014442,前立腺電子照射療法,ゼンリツセンデンシショウシャリョウホウ,
10014443,皮膚電子照射療法,ヒフデンシショウシャリョウホウ,
10014444,子宮電子照射療法,シキュウデンシショウシャリョウホウ,
10014445,胸膜電子照射療法,キョウマクデンシショウシャリョウホウ,
10014449,電気眼振図,デンキガンシンズ,
10014450,電気眼振図異常,デンキガンシンズイジョウ,
10014451,電気眼振図正常,デンキガンシンズセイジョウ,
10014455,眼電図,ガンデンズ,
10014456,眼電図異常,ガンデンズイジョウ,
10014457,眼電図正常,ガンデンズセイジョウ,
10014458,電気泳動,デンキエイドウ,
10014459,電気泳動異常,デンキエイドウイジョウ,
10014467,蛋白電気泳動,タンパクデンキエイドウ,
10014468,蛋白電気泳動異常,タンパクデンキエイドウイジョウ,
10014469,蛋白電気泳動正常,タンパクデンキエイドウセイジョウ,
10014472,象皮病,ゾウヒビョウ,
10014489,楕円赤血球症,ダエンセッケッキュウショウ,
10014490,遺伝性楕円赤血球症,イデンセイダエンセッケッキュウショウ,
10014498,塞栓性脳卒中,ソクセンセイノウソッチュウ,
10014513,動脈塞栓症,ドウミャクソクセンショウ,
10014522,静脈塞栓症,ジョウミャクソクセンショウ,
10014551,情動障害,ジョウドウショウガイ,
10014552,小児期の感情障害,ショウニキノカンジョウショウガイ,
10014557,感情の貧困,カンジョウノヒンコン,
10014561,肺気腫,ハイキシュ,
10014566,前弯痙攣,ゼンワンケイレン,
10014567,エンプティセラ症候群,エンプティセラショウコウグン,
10014568,蓄膿,チクノウ,
10014569,蓄膿ドレナージ,チクノウドレナージ,
10014576,エナメル質異常,エナメルシツイジョウ,
10014579,粘膜疹,ネンマクシン,
10014581,脳炎,ノウエン,
10014583,オーストラリア脳炎,オーストラリアノウエン,
10014584,カリフォルニア脳炎,カリフォルニアノウエン,
10014586,サイトメガロウイルス性脳炎,サイトメガロウイルスセイノウエン,
10014587,東部ウマ脳炎,トウブウマノウエン,
10014589,出血性脳炎,シュッケツセイノウエン,
10014590,ヘルペス脳炎,ヘルペスノウエン,
10014596,日本脳炎Ｂ型,ニホンノウエンBガタ,
10014597,髄膜炎菌性脳炎,ズイマクエンキンセイノウエン,
10014598,ムンプス脳炎,ムンプスノウエン,
10014602,免疫処置後脳炎,メンエキショチゴノウエン,
10014603,水痘後脳炎,スイトウゴノウエン,
10014607,中毒性脳炎,チュウドクセイノウエン,
10014611,ベネズエラウマ脳炎,ベネズエラウマノウエン,
10014612,ウイルス性脳炎,ウイルスセイノウエン,
10014614,西部ウマ脳炎,セイブウマノウエン,
10014617,脳瘤,ノウリュウ,
10014618,脳瘤修復,ノウリュウシュウフク,
10014619,脳脊髄炎,ノウセキズイエン,
10014622,風疹性脳脊髄炎,フウシンセイノウセキズイエン,
10014625,脳症,ノウショウ,
10014627,アレルギー性脳症,アレルギーセイノウショウ,
10014633,新生児脳症,シンセイジノウショウ,
10014642,内軟骨腫症,ナイナンコツシュショウ,
10014643,遺糞,イフン,
10014648,動脈内膜剥離術,ドウミャクナイマクハクリジュツ,
10014649,大動脈内膜剥離術,ダイドウミャクナイマクハクリジュツ,
10014654,気管支内脂肪腫,キカンシナイシボウシュ,
10014657,心内膜床欠損修復,シンナイマクショウケッソンシュウフク,
10014663,心内膜線維弾性症,シンナイマクセンイダンセイショウ,
10014664,心内膜線維症,シンナイマクセンイショウ,
10014665,心内膜炎,シンナイマクエン,
10014666,細菌性心内膜炎,サイキンセイシンナイマクエン,
10014669,カンジダ性心内膜炎,カンジダセイシンナイマクエン,
10014671,腸球菌性心内膜炎,チョウキュウキンセイシンナイマクエン,
10014674,淋菌性心内膜炎,リンキンセイシンナイマクエン,
10014675,ヘモフィルス性心内膜炎,ヘモフィルスセイシンナイマクエン,
10014676,ヒストプラスマ性心内膜炎,ヒストプラスマセイシンナイマクエン,
10014679,髄膜炎菌性心内膜炎,ズイマクエンキンセイシンナイマクエン,
10014682,Ｑ熱心内膜炎,Qネツシンナイマクエン,
10014683,リウマチ性心内膜炎,リウマチセイシンナイマクエン,
10014684,ブドウ球菌性心内膜炎,ブドウキュウキンセイシンナイマクエン,
10014685,梅毒性心内膜炎,バイドクセイシンナイマクエン,
10014695,内分泌障害,ナイブンピショウガイ,ナイブンピツショウガイ
10014717,間脳性内分泌障害,カンノウセイナイブンピショウガイ,カンノウセイナイブンピツショウガイ
10014720,子宮内膜腺癌,シキュウナイマクセンガン,
10014728,子宮内膜腺腫,シキュウナイマクセンシュ,
10014733,子宮内膜癌,シキュウナイマクガン,
10014734,遠隔転移を伴う子宮内膜癌,エンカクテンイヲトモナウシキュウナイマクガン,
10014736,再発子宮内膜癌,サイハツシキュウナイマクガン,
10014737,子宮内膜癌第０期,シキュウナイマクガンダイ0キ,
10014738,子宮内膜癌第１期,シキュウナイマクガンダイ1キ,
10014739,子宮内膜癌第２期,シキュウナイマクガンダイ2キ,
10014740,子宮内膜癌第３期,シキュウナイマクガンダイ3キ,
10014741,子宮内膜癌第４期,シキュウナイマクガンダイ4キ,
10014753,子宮内膜障害,シキュウナイマクショウガイ,
10014755,子宮内膜増殖症,シキュウナイマクゾウショクショウ,
10014756,子宮内膜肥大,シキュウナイマクヒダイ,
10014757,子宮内膜形成不全,シキュウナイマクケイセイフゼン,
10014759,子宮内膜新生物,シキュウナイマクシンセイブツ,
10014778,子宮内膜症,シキュウナイマクショウ,
10014791,子宮内膜炎,シキュウナイマクエン,
10014793,淋菌性子宮内膜炎,リンキンセイシキュウナイマクエン,
10014797,子宮内膜停止相（状態）,シキュウナイマクテイシソウジョウタイ,
10014801,眼内炎,ガンナイエン,
10014802,内視鏡的逆行性胆道膵管撮影,ナイシキョウテキギャッコウセイタンドウスイカンサツエイ,
10014803,内視鏡的逆行性胆道膵管造影異常,ナイシキョウテキギャッコウセイタンドウスイカンゾウエイイジョウ,
10014804,内視鏡的逆行性胆道膵管造影正常,ナイシキョウテキギャッコウセイタンドウスイカンゾウエイセイジョウ,
10014805,内視鏡検査,ナイシキョウケンサ,
10014806,胆道内視鏡検査,タンドウナイシキョウケンサ,
10014807,胆道内視鏡検査異常,タンドウナイシキョウケンサイジョウ,
10014808,胆道内視鏡検査正常,タンドウナイシキョウケンサセイジョウ,
10014809,消化管内視鏡検査,ショウカカンナイシキョウケンサ,
10014816,小腸内視鏡検査,ショウチョウナイシキョウケンサ,
10014817,小腸内視鏡検査異常,ショウチョウナイシキョウケンサイジョウ,
10014818,小腸内視鏡検査正常,ショウチョウナイシキョウケンサセイジョウ,
10014819,上部消化管内視鏡検査,ジョウブショウカカンナイシキョウケンサ,
10014820,上部消化管内視鏡検査異常,ジョウブショウカカンナイシキョウケンサイジョウ,
10014821,上部消化管内視鏡検査正常,ジョウブショウカカンナイシキョウケンサセイジョウ,
10014824,エンドトキシンショック,エンドトキシンショック,
10014838,陰核肥大,インカクヒダイ,
10014853,眼球陥入,ガンキュウカンニュウ,
10014856,外傷による眼球陥入,ガイショウニヨルガンキュウカンニュウ,
10014866,小腸炎,ショウチョウエン,
10014877,白血球減少性腸炎,ハッケッキュウゲンショウセイチョウエン,
10014878,壊孔性腸炎,カイコウセイチョウエン,
10014881,蟯虫症,ギョウチュウショウ,
10014884,腸ヘルニア,チョウヘルニア,
10014885,腸球菌性菌血症,チョウキュウキンセイキンケツショウ,
10014893,腸炎,チョウエン,
10014894,エイズ腸炎,エイズチョウエン,
10014896,出血性腸炎,シュッケツセイチョウエン,
10014909,エンテロウイルス感染,エンテロウイルスカンセン,
10014910,腱付着部症,ケンフチャクブショウ,
10014923,先天性眼瞼内反症,センテンセイガンケンナイハンショウ,
10014928,遺尿,イニョウ,
10014935,酵素異常,コウソイジョウ,
10014940,好酸球減少症,コウサンキュウゲンショウショウ,
10014941,好酸球数,コウサンキュウスウ,
10014943,好酸球数減少,コウサンキュウスウゲンショウ,
10014945,好酸球数増加,コウサンキュウスウゾウカ,
10014946,好酸球数正常,コウサンキュウスウセイジョウ,
10014950,好酸球増加症,コウサンキュウゾウカショウ,
10014952,好酸球増加・筋痛症候群,コウサンキュウゾウカキンツウショウコウグン,
10014954,好酸球性筋膜炎,コウサンキュウセイキンマクエン,
10014958,好酸球性白血病,コウサンキュウセイハッケツビョウ,
10014961,好酸球性心筋炎,コウサンキュウセイシンキンエン,
10014962,好酸球性肺炎,コウサンキュウセイハイエン,
10014965,上衣炎,ジョウイエン,
10014967,脳室上衣細胞腫,ノウシツジョウイサイボウシュ,
10014968,悪性上衣細胞腫,アクセイジョウイサイボウシュ,
10014969,良性上衣細胞腫,リョウセイジョウイサイボウシュ,
10014970,雀卵斑,ジャクランハン,
10014971,上顆炎,ジョウカエン,
10014978,流行性胸膜痛,リュウコウセイキョウマクツウ,
10014979,発疹チフス,ホッシンチフス,ハッシンチフス
10014985,表皮母斑,ヒョウヒボハン,
10014988,類表皮嚢胞切除術,ルイヒョウヒノウホウセツジョジュツ,
10014989,表皮水疱症,ヒョウヒスイホウショウ,
10014994,精巣上体嚢胞,セイソウジョウタイノウホウ,
10014996,精巣上体嚢胞摘除,セイソウジョウタイノウホウテキジョ,
10014999,精巣上体摘除,セイソウジョウタイテキジョ,
10015000,精巣上体炎,セイソウジョウタイエン,
10015001,ブラストミセス菌性精巣上体炎,ブラストミセスキンセイセイソウジョウタイエン,
10015002,ムンプス性精巣上体炎,ムンプスセイセイソウジョウタイエン,
10015004,精巣上体結核,セイソウジョウタイケッカク,
10015006,淋菌性精巣・精巣上体炎,リンキンセイセイソウセイソウジョウタイエン,
10015011,硬膜外麻酔,コウマクガイマスイ,
10015029,喉頭蓋浮腫,コウトウガイフシュ,
10015030,喉頭蓋炎,コウトウガイエン,
10015031,ヘモフィルス性喉頭蓋炎,ヘモフィルスセイコウトウガイエン,
10015033,閉塞性喉頭蓋炎,ヘイソクセイコウトウガイエン,
10015034,持続性部分てんかん,ジゾクセイブブンテンカン,
10015037,てんかん,テンカン,
10015039,先天性てんかん,センテンセイテンカン,
10015049,てんかんの前兆,テンカンノゼンチョウ,
10015060,エピネフリン,エピネフリン,
10015062,エピネフリン減少,エピネフリンゲンショウ,
10015064,エピネフリン増加,エピネフリンゾウカ,
10015066,エピネフリン正常,エピネフリンセイジョウ,
10015077,骨端閉鎖遅延,コッタンヘイサチエン,
10015078,骨端早期閉鎖,コッタンソウキヘイサ,
10015079,骨端離開,コッタンリカイ,
10015082,骨端炎,コッタンエン,
10015084,上強膜炎,ジョウキョウマクエン,
10015087,会陰側切開,エインソクセッカイ,
10015088,尿道上裂,ニョウドウジョウレツ,
10015090,鼻出血,ビシュッケツ,ハナシュッケツ
10015099,類上皮肉腫,ルイジョウヒニクシュ,
10015101,遠隔転移を伴う類上皮肉腫,エンカクテンイヲトモナウルイジョウヒニクシュ,
10015104,再発類上皮肉腫,サイハツルイジョウヒニクシュ,
10015106,嚢状腺様上皮腫,ノウジョウセンヨウジョウヒシュ,
10015108,エプスタイン・バーウイルス感染,エプスタインバーウイルスカンセン,
10015109,エプスタイン・バーウイルス感染再燃,エプスタインバーウイルスカンセンサイネン,
10015120,勃起増強,ボッキゾウキョウ,
10015124,麦角中毒,バッカクチュウドク,
10015134,色情妄想,シキジョウモウソウ,
10015137,おくび,オクビ,
10015145,丹毒,タンドク,
10015146,類丹毒,ルイタンドク,
10015148,エリジペロスリックス感染,エリジペロスリックスカンセン,
10015150,紅斑,コウハン,
10015152,温熱性紅斑,オンネツセイコウハン,
10015153,環状紅斑,カンジョウコウハン,
10015213,硬結性紅斑,コウケツセイコウハン,
10015214,伝染性紅斑,デンセンセイコウハン,
10015216,辺縁紅斑,ヘンエンコウハン,
10015218,多形紅斑,タケイコウハン,
10015226,結節性紅斑,ケッセツセイコウハン,
10015237,眼瞼紅斑,ガンケンコウハン,
10015246,赤血病性骨髄症（寛解期）,セッケツビョウセイコツズイショウカンカイキ,
10015248,紅色陰癬,コウショクインセン,
10015251,胎児赤芽球症,タイジセキガキュウショウ,
10015278,乾癬性紅皮症,カンセンセイコウヒショウ,
10015279,赤血球系成熟停止,セッケッキュウケイセイジュクテイシ,
10015284,紅痛症,コウツウショウ,
10015287,赤血球減少症,セッケッキュウゲンショウショウ,
10015290,赤視症,セキシショウ,
10015296,大腸菌性敗血症,ダイチョウキンセイハイケツショウ,
10015487,本態性フルクトース尿症,ホンタイセイフルクトースニョウショウ,
10015488,本態性高血圧症,ホンタイセイコウケツアツショウ,
10015493,本態性血小板血症,ホンタイセイケッショウバンケツショウ,ホンタイセイケッショウバンケッショウ
10015496,本態性振戦,ホンタイセイシンセン,
10015532,類宦官症,ルイカンガンショウ,
10015535,多幸気分,タコウキブン,
10015543,耳管機能障害,ジカンキノウショウガイ,
10015544,耳管閉塞,ジカンヘイソク,
10015545,耳管手術,ジカンシュジュツ,
10015546,耳管開放,ジカンカイホウ,
10015548,安楽死,アンラクシ,
10015549,甲状腺機能正常症候群,コウジョウセンキノウセイジョウショウコウグン,
10015550,稽留受胎産物除去,ケイリュウジュタイサンブツジョキョ,
10015552,涙点外転,ルイテンガイテン,
10015560,ユーイング肉腫,ユーイングニクシュ,
10015562,遠隔転移を伴うユーイング肉腫,エンカクテンイヲトモナウユーイングニクシュ,
10015564,再発ユーイング肉腫,サイハツユーイングニクシュ,
10015571,生体外遺伝子治療,セイタイガイイデンシチリョウ,
10015586,突発性発疹,トッパツセイホッシン,トッパツセイハッシン
10015599,過激な運動,カゲキナウンドウ,
10015605,自慰過剰,ジイカジョウ,
10015610,交換輸血,コウカンユケツ,
10015620,口蓋病変部切除,コウガイビョウヘンブセツジョ,
10015636,適度な運動,テキドナウンドウ,
10015644,運動負荷心電図,ウンドウフカシンデンズ,
10015645,運動負荷心電図異常,ウンドウフカシンデンズイジョウ,
10015646,運動負荷心電図正常,ウンドウフカシンデンズセイジョウ,
10015650,運動不足,ウンドウブソク,
10015652,運動試験,ウンドウシケン,
10015653,運動試験異常,ウンドウシケンイジョウ,
10015654,運動試験正常,ウンドウシケンセイジョウ,
10015670,露出症,ロシュツショウ,
10015677,臍帯ヘルニア,サイタイヘルニア,
10015683,眼球突出症,ガンキュウトッシュツショウ,
10015688,外骨腫,ガイコツシュ,
10015689,外耳道の外骨腫,ガイジドウノガイコツシュ,
10015690,顎骨の外骨腫,ガクコツノガイコツシュ,ガッコツノガイコツシュ
10015696,予備呼気量,ヨビコキリョウ,
10015697,予備呼気量異常,ヨビコキリョウイジョウ,
10015698,予備呼気量減少,ヨビコキリョウゲンショウ,
10015700,予備呼気量増加,ヨビコキリョウゾウカ,
10015702,予備呼気量正常,ヨビコキリョウセイジョウ,
10015719,失血,シッケツ,
10015721,拡大根治的乳房切断,カクダイコンジテキニュウボウセツダン,
10015727,伸展性足底反応,シンテンセイソクテイハンノウ,
10015729,外耳蜂巣炎,ガイジホウソウエン,
10015736,外耳病変部切除,ガイジビョウヘンブセツジョ,
10015741,骨折外固定,コッセツガイコテイ,
10015742,外生殖器の圧挫,ガイセイショクキノアツザ,
10015753,鼻外部病変部切除,ビガイブビョウヘンブセツジョ,ハナガイブビョウヘンブセツジョ
10015759,骨外性ユーイング肉腫,コツガイセイユーイングニクシュ,
10015761,遠隔転移を伴う骨外性ユーイング肉腫,エンカクテンイヲトモナウコツガイセイユーイングニクシュ,
10015764,再発骨外性ユーイング肉腫,サイハツコツガイセイユーイングニクシュ,
10015769,硬膜外血腫,コウマクガイケッシュ,
10015789,性腺外原発性胎児性癌,セイセンガイゲンパツセイタイジセイガン,
10015800,性腺外原発性混合胚細胞腫瘍第１期,セイセンガイゲンパツセイコンゴウハイサイボウシュヨウダイ1キ,
10015801,性腺外原発性混合胚細胞腫瘍第２期,セイセンガイゲンパツセイコンゴウハイサイボウシュヨウダイ2キ,
10015802,性腺外原発性混合胚細胞腫瘍第３期,セイセンガイゲンパツセイコンゴウハイサイボウシュヨウダイ3キ,
10015805,性腺外原発性非セミノーマ第１期,セイセンガイゲンパツセイヒセミノーマダイ1キ,
10015806,性腺外原発性非セミノーマ第２期,セイセンガイゲンパツセイヒセミノーマダイ2キ,
10015809,性腺外原発性非セミノーマ第３期,セイセンガイゲンパツセイヒセミノーマダイ3キ,
10015810,性腺外原発性非セミノーマ第４期,セイセンガイゲンパツセイヒセミノーマダイ4キ,
10015811,性腺外原発性（純）セミノーマ第１期,セイセンガイゲンパツセイジュンセミノーマダイ1キ,
10015812,性腺外原発性（純）セミノーマ第２期,セイセンガイゲンパツセイジュンセミノーマダイ2キ,
10015815,性腺外原発性（純）セミノーマ第３期,セイセンガイゲンパツセイジュンセミノーマダイ3キ,
10015816,性腺外原発性（純）セミノーマ第４期,セイセンガイゲンパツセイジュンセミノーマダイ4キ,
10015823,再発性節外性辺縁帯Ｂ細胞リンパ腫（ＭＡＬＴ型）,サイハツセイセツガイセイヘンエンタイBサイボウリンパシュMALTガタ,
10015824,治療抵抗性節外性辺縁帯Ｂ細胞リンパ腫（ＭＡＬＴ型）,チリョウテイコウセイセツガイセイヘンエンタイBサイボウリンパシュMALTガタ,
10015825,節外性辺縁帯Ｂ細胞リンパ腫（ＭＡＬＴ型）第１期,セツガイセイヘンエンタイBサイボウリンパシュMALTガタダイ1キ,
10015826,節外性辺縁帯Ｂ細胞リンパ腫（ＭＡＬＴ型）第２期,セツガイセイヘンエンタイBサイボウリンパシュMALTガタダイ2キ,
10015827,節外性辺縁帯Ｂ細胞リンパ腫（ＭＡＬＴ型）第３期,セツガイセイヘンエンタイBサイボウリンパシュMALTガタダイ3キ,
10015828,節外性辺縁帯Ｂ細胞リンパ腫（ＭＡＬＴ型）第４期,セツガイセイヘンエンタイBサイボウリンパシュMALTガタダイ4キ,
10015831,眼球外網膜芽細胞腫,ガンキュウガイモウマクガサイボウシュ,
10015832,錐体外路障害,スイタイガイロショウガイ,
10015840,遠隔転移を伴う骨外性軟骨肉腫,エンカクテンイヲトモナウコツガイセイナンコツニクシュ,
10015843,再発骨外性軟骨肉腫,サイハツコツガイセイナンコツニクシュ,
10015847,骨外性骨肉腫,コツガイセイコツニクシュ,
10015849,遠隔転移を伴う骨外性骨肉腫,エンカクテンイヲトモナウコツガイセイコツニクシュ,
10015852,再発骨外性骨肉腫,サイハツコツガイセイコツニクシュ,
10015856,期外収縮,キガイシュウシュク,
10015866,溢出,イッシュツ,
10015867,血液溢出,ケツエキイツシュツ,ケツエキイッシュツ
10015869,尿浸潤,ニョウシンジュン,
10015871,血管外溶血,ケッカンガイヨウケツ,
10015894,抜管,バッカン,
10015901,滲出性網膜症,シンシュツセイモウマクショウ,
10015905,眼膿瘍,ガンノウヨウ,
10015907,眼のアレルギー,メノアレルギー,
10015915,眼脂,ガンシ,
10015916,眼の障害,メノショウガイ,
10015923,眼球摘除,ガンキュウテキジョ,
10015926,眼出血,ガンシュッケツ,
10015929,眼感染,ガンカンセン,
10015930,細菌性眼感染,サイキンセイガンカンセン,
10015932,クラミジア性眼感染,クラミジアセイガンカンセン,
10015933,真菌性眼感染,シンキンセイガンカンセン,
10015935,淋菌性眼感染,リンキンセイガンカンセン,
10015937,ブドウ球菌性眼感染,ブドウキュウキンセイガンカンセン,
10015938,梅毒性眼感染,バイドクセイガンカンセン,
10015939,トキソプラズマ性眼感染,トキソプラズマセイガンカンセン,
10015940,ウイルス性眼感染,ウイルスセイガンカンセン,
10015943,眼の炎症,メノエンショウ,
10015946,眼刺激,ガンシゲキ,メシゲキ
10015948,眼の脱臼,メノダッキュウ,
10015952,眼筋矯正,ガンキンキョウセイ,
10015954,眼筋後転術,ガンキンコウテンジュツ,
10015955,眼筋腱切り術,ガンキンケンキリジュツ,
10015958,眼痛,ガンツウ,
10015967,眼部腫脹,ガンブシュチョウ,
10015971,眼球裂離,ガンキュウレツリ,
10015980,眼瞼せつ,ガンケンセツ,
10015982,眼瞼変性障害,ガンケンヘンセイショウガイ,
10015988,眼瞼感染,ガンケンカンセン,
10015993,眼瞼浮腫,ガンケンフシュ,
10015995,眼瞼下垂,ガンケンカスイ,
10015996,先天性眼瞼下垂,センテンセイガンケンカスイ,
10015997,眼瞼後退,ガンケンコウタイ,
10015999,眼瞼知覚障害,ガンケンチカクショウガイ,
10016002,眼瞼保護縫合,ガンケンホゴホウゴウ,
10016016,ファブリ病,ファブリビョウ,
10016018,顔および口のＸ線,カオオヨビクチノXセン,
10016019,顔および口のＸ線異常,カオオヨビクチノXセンイジョウ,
10016020,顔および口のＸ線正常,カオオヨビクチノXセンセイジョウ,
10016023,顔面の圧挫,ガンメンノアツザ,
10016026,顔面除皺術,ガンメンジョシュウジュツ,ガンメンジョスウジュツ
10016029,顔面浮腫,ガンメンフシュ,
10016035,顔位,ガンイ,
10016050,顔面病変部切除,ガンメンビョウヘンブセツジョ,
10016055,顔面神経診査,ガンメンシンケイシンサ,
10016056,分娩時外傷による顔面神経損傷,ブンベンジガイショウニヨルガンメンシンケイソンショウ,
10016059,顔面痛,ガンメンツウ,
10016062,顔面麻痺,ガンメンマヒ,
10016075,第Ｉ因子欠乏症,ダイ1インシケツボウショウ,
10016076,第ＩＩ因子欠乏症,ダイ2インシケツボウショウ,
10016077,第ＩＸ因子欠乏症,ダイ9インシケツボウショウ,
10016079,第ＶＩＩ因子欠乏症,ダイ7インシケツボウショウ,
10016080,第ＶＩＩＩ因子欠乏症,ダイ8インシケツボウショウ,
10016082,第ＸＩ因子欠乏症,ダイ11インシケツボウショウ,
10016083,第ＸＩＩＩ因子欠乏症,ダイ13インシケツボウショウ,
10016086,便脂肪増加,ベンシボウゾウカ,
10016093,便潜血,ベンセンケツ,
10016094,便潜血陰性,ベンセンケツインセイ,
10016095,便潜血陽性,ベンセンケツヨウセイ,
10016096,糞便－口伝播感染,フンベンコウデンパカンセン,フンベンクチデンパカンセン
10016100,変色便,ヘンショクベン,
10016101,硬便,コウベン,
10016102,白色便,ハクショクベン,
10016115,試験不合格,シケンフゴウカク,
10016116,鉗子分娩不成功,カンシブンベンフセイコウ,
10016123,分娩誘発不成功,ブンベンユウハツフセイコウ,
10016142,試験分娩の不成功,シケンブンベンノフセイコウ,
10016164,吻合不全,フンゴウフゼン,
10016165,発育不全,ハツイクフゼン,
10016173,転倒,テントウ,
10016180,卵管癌,ランカンガン,
10016182,遠隔転移を伴う卵管癌,エンカクテンイヲトモナウランカンガン,
10016184,卵管癌第１期,ランカンガンダイ1キ,
10016185,卵管癌第２期,ランカンガンダイ2キ,
10016186,卵管癌第３期,ランカンガンダイ3キ,
10016187,卵管癌第４期,ランカンガンダイ4キ,
10016188,卵管病変部切除,ランカンビョウヘンブセツジョ,
10016193,ファロー四徴,ファローシチョウ,
10016194,偽陣痛,ギジンツウ,
10016202,家族性アミロイドーシス,カゾクセイアミロイドーシス,
10016207,家族性地中海熱,カゾクセイチチュウカイネツ,
10016208,家族性周期性麻痺,カゾクセイシュウキセイマヒ,
10016209,家族性赤血球増加症,カゾクセイセッケッキュウゾウカショウ,
10016212,家族性振戦,カゾクセイシンセン,
10016215,家庭内ストレス,カテイナイストレス,
10016219,ファンコニー症候群,ファンコニーショウコウグン,
10016227,筋膜切除,キンマクセツジョ,
10016228,筋膜炎,キンマクエン,
10016234,肝蛭症,カンテツショウ,
10016235,肥大吸虫症,ヒダイキュウチュウショウ,
10016237,筋膜切開,キンマクセッカイ,
10016246,脂肪塞栓症,シボウソクセンショウ,
10016248,脂肪不耐性,シボウフタイセイ,
10016251,脂肪組織増加,シボウソシキゾウカ,
10016256,疲労,ヒロウ,
10016258,疲労治療,ヒロウチリョウ,
10016260,脂肪酸欠乏症,シボウサンケツボウショウ,
10016262,アルコール性脂肪肝,アルコールセイシボウカン,
10016275,恐怖,キョウフ,
10016276,動物恐怖,ドウブツキョウフ,
10016277,閉所恐怖,ヘイショキョウフ,
10016278,疾病恐怖,シッペイキョウフ,
10016279,広場恐怖,ヒロバキョウフ,
10016280,体重増加恐怖,タイジュウゾウカキョウフ,
10016284,熱性痙攣,ネッセイケイレン,
10016288,発熱性好中球減少症,ハツネツセイコウチュウキュウゲンショウショウ,
10016322,異常感,イジョウカン,
10016326,冷感,レイカン,
10016330,酩酊感,メイテイカン,
10016334,熱感,ネッカン,
10016338,びくびく感,ビクビクカン,
10016344,絶望感,ゼツボウカン,
10016352,ゆったり感,ユッタリカン,
10016374,自己否定気分,ジコヒテイキブン,
10016386,フェルティ症候群,フェルティショウコウグン,
10016387,女性用コンドーム,ジョセイヨウコンドーム,
10016389,女性性器Ｘ線,ジョセイセイキXセン,
10016390,女性性器Ｘ線異常,ジョセイセイキXセンイジョウ,
10016391,女性性器Ｘ線正常,ジョセイセイキXセンセイジョウ,
10016405,女性オルガズム障害,ジョセイオルガズムショウガイ,
10016427,大腿動脈瘤,ダイタイドウミャクリュウ,
10016434,大腿ヘルニア,ダイタイヘルニア,
10016436,壊疽性大腿ヘルニア,エソセイダイタイヘルニア,
10016438,大腿ヘルニア修復,ダイタイヘルニアシュウフク,
10016448,閉塞性大腿ヘルニア,ヘイソクセイダイタイヘルニア,
10016450,大腿骨頚部骨折,ダイタイコツケイブコッセツ,
10016451,大腿神経損傷,ダイタイシンケイソンショウ,
10016454,大腿骨骨折,ダイタイコツコッセツ,
10016467,受胎能増加,ジュタイノウゾウカ,
10016531,フェティシズム,フェティシズム,
10016562,新生児発熱,シンセイジハツネツ,
10016574,フィブリン,フィブリン,
10016575,フィブリン異常,フィブリンイジョウ,
10016577,フィブリンＤダイマー,フィブリンDダイマー,
10016579,フィブリンＤダイマー減少,フィブリンDダイマーゲンショウ,
10016581,フィブリンＤダイマー増加,フィブリンDダイマーゾウカ,
10016583,フィブリンＤダイマー正常,フィブリンDダイマーセイジョウ,
10016584,フィブリン減少,フィブリンゲンショウ,
10016585,フィブリン分解産物,フィブリンブンカイサンブツ,
10016588,フィブリン分解産物増加,フィブリンブンカイサンブツゾウカ,
10016589,フィブリン分解産物正常,フィブリンブンカイサンブツセイジョウ,
10016590,術後水晶体のフィブリン沈着,ジュツゴスイショウタイノフィブリンチンチャク,
10016591,フィブリン増加,フィブリンゾウカ,
10016592,フィブリン正常,フィブリンセイジョウ,
10016603,線維素溶解,センイソヨウカイ,
10016604,線維素溶解異常,センイソヨウカイイジョウ,
10016606,線維素溶解減少,センイソヨウカイゲンショウ,
10016607,線維素溶解亢進,センイソヨウカイコウシン,
10016610,線維素溶解正常,センイソヨウカイセイジョウ,
10016613,乳腺線維腺腫,ニュウセンセンイセンシュ,
10016621,線維嚢胞性乳腺疾患,センイノウホウセイニュウセンシッカン,
10016629,線維腫,センイシュ,
10016632,線維肉腫,センイニクシュ,
10016635,遠隔転移を伴う線維肉腫,エンカクテンイヲトモナウセンイニクシュ,
10016642,線維症,センイショウ,
10016662,腱線維症,ケンセンイショウ,
10016664,骨の線維性異形成,ホネノセンイセイイケイセイ,
10016667,腓骨骨折,ヒコツコッセツ,
10016671,校内暴力,コウナイボウリョク,
10016674,糸状虫症,シジョウチュウショウ,
10016675,リンパ性糸状虫症,リンパセイシジョウチュウショウ,
10016678,指切断,シセツダン,ユビセツダン
10016687,指修復手術,シシュウフクシュジュツ,ユビシュウフクシュジュツ
10016715,先天性舌裂,センテンセイゼツレツ,
10016717,瘻孔,ロウコウ,
10016741,固定疹,コテイシン,
10016747,フレイルチェスト,フレイルチェスト,
10016750,側腹部痛,ソクフクブツウ,
10016754,フラッシュバック,フラッシュバック,
10016759,感情の平板化,カンジョウノヘイバンカ,
10016760,前房消失,ゼンボウショウシツ,
10016761,扁平胸,ヘンペイキョウ,
10016766,鼓腸,コチョウ,
10016773,ノミ寄生,ノミキセイ,
10016777,観念奔逸,カンネンホンイツ,
10016784,洪水,コウズイ,
10016788,穀粉過敏症,コクフンカビンショウ,
10016807,体液貯留,タイエキチョリュウ,
10016816,フッ化物増加,フッカブツゾウカ,
10016818,フッ素症,フッソショウ,
10016819,歯牙フッ素沈着症,シガフッソチンチャクショウ,
10016825,潮紅,チョウコウ,
10016845,胎児性アルコール症候群,タイジセイアルコールショウコウグン,
10016846,胎児上肢脱出,タイジジョウシダッシュツ,
10016847,胎児不整脈,タイジフセイミャク,
10016852,胎児損傷,タイジソンショウ,
10016855,胎児ジストレス症候群,タイジジストレスショウコウグン,
10016858,胎児ヘモグロビン減少,タイジヘモグロビンゲンショウ,
10016859,胎児ヘモグロビン増加,タイジヘモグロビンゾウカ,
10016860,胎児ヘモグロビン正常,タイジヘモグロビンセイジョウ,
10016862,胎児栄養失調,タイジエイヨウシッチョウ,
10016863,胎向異常,タイコウイジョウ,
10016871,胎児・母体間出血,タイジボタイカンシュッケツ,
10016880,葉酸欠乏,ヨウサンケツボウ,
10016897,再発性小細胞型濾胞中心リンパ腫びまん性,サイハツセイショウサイボウガタロホウチュウシンリンパシュビマンセイ,
10016898,治療抵抗性小細胞型濾胞中心リンパ腫びまん性,チリョウテイコウセイショウサイボウガタロホウチュウシンリンパシュビマンセイ,
10016899,小細胞型濾胞中心リンパ腫びまん性第１期,ショウサイボウガタロホウチュウシンリンパシュビマンセイダイ1キ,
10016900,小細胞型濾胞中心リンパ腫びまん性第２期,ショウサイボウガタロホウチュウシンリンパシュビマンセイダイ2キ,
10016901,小細胞型濾胞中心リンパ腫びまん性第３期,ショウサイボウガタロホウチュウシンリンパシュビマンセイダイ3キ,
10016902,小細胞型濾胞中心リンパ腫びまん性第４期,ショウサイボウガタロホウチュウシンリンパシュビマンセイダイ4キ,
10016905,再発濾胞中心リンパ腫、濾胞グレード１、２、３,サイハツロホウチュウシンリンパシュロホウグレード123,
10016906,治療抵抗性濾胞中心リンパ腫、濾胞グレード１、２、３,チリョウテイコウセイロホウチュウシンリンパシュロホウグレード123,
10016907,濾胞中心リンパ腫、濾胞グレード１、２、３第１期,ロホウチュウシンリンパシュロホウグレード123ダイ1キ,
10016908,濾胞中心リンパ腫、濾胞グレード１、２、３第２期,ロホウチュウシンリンパシュロホウグレード123ダイ2キ,
10016909,濾胞中心リンパ腫、濾胞グレード１、２、３第３期,ロホウチュウシンリンパシュロホウグレード123ダイ3キ,
10016910,濾胞中心リンパ腫、濾胞グレード１、２、３第４期,ロホウチュウシンリンパシュロホウグレード123ダイ4キ,
10016935,濾胞性甲状腺癌,ロホウセイコウジョウセンガン,
10016936,毛包炎,モウホウエン,
10016945,泉門膨隆,センモンボウリュウ,
10016946,食物アレルギー,ショクモツアレルギー,
10016948,食物との相互作用,ショクモツトノソウゴサヨウ,
10016952,食中毒,ショクチュウドク,
10016960,足切断,アシセツダン,
10016961,口蹄疫,コウテイエキ,
10016970,足骨折,ソクコッセツ,アシコッセツ
10016984,努力呼気量,ドリョクコキリョウ,
10016985,努力呼気量異常,ドリョクコキリョウイジョウ,
10016987,努力呼気量減少,ドリョクコキリョウゲンショウ,
10016989,努力呼気量増加,ドリョクコキリョウゾウカ,
10016990,努力呼気量正常,ドリョクコキリョウセイジョウ,
10016991,鉗子分娩,カンシブンベン,
10016997,前腕骨折,ゼンワンコッセツ,
10017000,異物誤嚥,イブツゴエン,
10017010,耳内異物,ジナイイブツ,
10017012,眼内異物,ガンナイイブツ,
10017021,口腔内異物,コウクウナイイブツ,
10017059,外国旅行,ガイコクリョコウ,
10017062,蟻走感,ギソウカン,
10017065,フォスター・ケネディー症候群,フォスターケネディーショウコウグン,
10017068,フルニエー壊疽,フルニエーエソ,
10017076,骨折,コッセツ,
10017081,骨折の遷延治癒,コッセツノセンエンチユ,
10017085,骨折の変形治癒,コッセツノヘンケイチユ,
10017088,骨折による偽関節,コッセツニヨルギカンセツ,
10017107,分娩時外傷による鎖骨骨折,ブンベンジガイショウニヨルサコツコッセツ,
10017296,骨折上顎骨挙上,コッセツジョウガクコツキョジョウ,
10017308,仙骨骨折,センコツコッセツ,
10017310,頭蓋骨陥没骨折,トウガイコツカンボツコッセツ,
10017324,脆弱Ｘ症候群,ゼイジャクXショウコウグン,
10017349,遊離脂肪酸増加,ユウリシボウサンゾウカ,
10017367,排便回数増加,ハイベンカイスウゾウカ,
10017374,フリードライヒ運動失調症,フリードライヒウンドウシッチョウショウ,
10017379,前頭洞手術,ゼントウドウシュジュツ,
10017382,凍傷,トウショウ,
10017389,窃触症,セツショクショウ,
10017393,フルクトサミン,フルクトサミン,
10017394,フルクトサミン減少,フルクトサミンゲンショウ,
10017395,フルクトサミン増加,フルクトサミンゾウカ,
10017396,フルクトサミン正常,フルクトサミンセイジョウ,
10017410,高周波療法,コウシュウハリョウホウ,
10017411,全血球数,ゼンケッキュウスウ,
10017412,全血球数異常,ゼンケッキュウスウイジョウ,
10017413,全血球数減少,ゼンケッキュウスウゲンショウ,
10017414,全血球数正常,ゼンケッキュウスウセイジョウ,
10017472,ファンブル,ファンブル,
10017504,機能的残気量,キノウテキザンキリョウ,
10017505,機能的残気量異常,キノウテキザンキリョウイジョウ,
10017507,機能的残気量減少,キノウテキザンキリョウゲンショウ,
10017508,機能的残気量増加,キノウテキザンキリョウゾウカ,
10017510,機能的残気量正常,キノウテキザンキリョウセイジョウ,
10017519,眼底検査,ガンテイケンサ,
10017520,眼底検査異常,ガンテイケンサイジョウ,
10017521,眼底検査正常,ガンテイケンサセイジョウ,
10017523,真菌血症,シンキンケツショウ,シンキンケッショウ
10017524,中枢神経系真菌性膿瘍,チュウスウシンケイケイシンキンセイノウヨウ,
10017525,真菌性膀胱炎,シンキンセイボウコウエン,
10017529,真菌性心内膜炎,シンキンセイシンナイマクエン,
10017533,真菌感染,シンキンカンセン,
10017540,真菌性爪囲炎,シンキンセイソウイエン,
10017543,皮膚真菌感染,ヒフシンキンカンセン,
10017553,せつ,セツ,
10017577,歩行障害,ホコウショウガイ,
10017581,歩行不能,ホコウフノウ,
10017585,痙性歩行,ケイセイホコウ,
10017590,乳瘤,ニュウリュウ,
10017600,乳汁漏出症,ニュウジュウロウシュツショウ,
10017604,ガラクトース血症,ガラクトースケツショウ,ガラクトースケッショウ
10017605,ガラクトース不耐症,ガラクトースフタイショウ,
10017606,尿中ガラクトース,ニョウチュウガラクトース,
10017607,尿中ガラクトース異常,ニョウチュウガラクトースイジョウ,
10017608,尿中ガラクトース減少,ニョウチュウガラクトースゲンショウ,
10017609,尿中ガラクトース増加,ニョウチュウガラクトースゾウカ,
10017614,胆嚢癌,タンノウガン,
10017619,再発胆嚢癌,サイハツタンノウガン,
10017624,胆嚢コレステリン沈着症,タンノウコレステリンチンチャクショウ,
10017626,胆嚢障害,タンノウショウガイ,
10017631,胆嚢瘻,タンノウロウ,
10017636,胆嚢閉塞,タンノウヘイソク,
10017637,胆嚢浮腫,タンノウフシュ,
10017642,胆嚢損傷,タンノウソンショウ,
10017649,胆石性イレウス,タンセキセイイレウス,
10017655,ギャンブル,ギャンブル,
10017658,配偶子卵管内移植,ハイグウシランカンナイイショク,
10017672,インターフェロンγ療法,インターフェロンガンマリョウホウ,
10017674,膀胱γ線療法,ボウコウガンマセンリョウホウ,
10017675,骨γ線療法,コツガンマセンリョウホウ,
10017676,脳γ線療法,ノウガンマセンリョウホウ,
10017677,乳房γ線療法,ニュウボウガンマセンリョウホウ,
10017678,結腸γ線療法,ケッチョウガンマセンリョウホウ,
10017679,耳鼻咽喉頭γ線照射療法,ジビインコウトウガンマセンショウシャリョウホウ,
10017680,肺γ線療法,ハイガンマセンリョウホウ,
10017681,膵臓γ線療法,スイゾウガンマセンリョウホウ,
10017682,胸膜γ線療法,キョウマクガンマセンリョウホウ,
10017683,前立腺γ線照射療法,ゼンリツセンガンマセンショウシャリョウホウ,
10017684,皮膚γ線療法,ヒフガンマセンリョウホウ,
10017685,甲状腺γ線療法,コウジョウセンガンマセンリョウホウ,
10017686,子宮γ線照射療法,シキュウガンマセンショウシャリョウホウ,
10017687,γ－グルタミルトランスフェラーゼ,ガンマグルタミルトランスフェラーゼ,
10017688,γ－グルタミルトランスフェラーゼ異常,ガンマグルタミルトランスフェラーゼイジョウ,
10017690,γ－グルタミルトランスフェラーゼ減少,ガンマグルタミルトランスフェラーゼゲンショウ,
10017693,γ－グルタミルトランスフェラーゼ増加,ガンマグルタミルトランスフェラーゼゾウカ,
10017694,γ－グルタミルトランスフェラーゼ正常,ガンマグルタミルトランスフェラーゼセイジョウ,
10017701,神経節膠腫,シンケイセツコウシュ,
10017708,神経節細胞芽腫,シンケイセツサイボウガシュ,
10017709,神経節腫,シンケイセツシュ,
10017711,壊疽,エソ,
10017717,新生児壊疽,シンセイジエソ,
10017728,ガードネレラ感染,ガードネレラカンセン,
10017737,ガス壊疽,ガスエソ,
10017740,ガス中毒,ガスチュウドク,
10017753,胃アトニー,イアトニー,
10017758,胃癌,イガン,
10017761,再発胃癌,サイハツイガン,
10017762,胃癌第０期,イガンダイ0キ,
10017763,胃癌第１期,イガンダイ1キ,
10017764,胃癌第２期,イガンダイ2キ,
10017765,胃癌第３期,イガンダイ3キ,
10017779,胃拡張,イカクチョウ,
10017782,胃排出検査,イハイシュツケンサ,
10017788,胃出血,イシュッケツ,
10017792,胃洗浄,イセンジョウ,
10017793,胃洗浄検査異常,イセンジョウケンサイジョウ,
10017794,胃洗浄検査正常,イセンジョウケンサセイジョウ,
10017807,胃粘膜肥厚,イネンマクヒコウ,
10017815,胃穿孔,イセンコウ,
10017816,胃ポリープ切除,イポリープセツジョ,
10017817,胃ポリープ,イポリープ,
10017822,胃潰瘍,イカイヨウ,
10017826,出血性胃潰瘍,シュッケツセイイカイヨウ,
10017829,閉塞性出血性胃潰瘍,ヘイソクセイシュッケツセイイカイヨウ,
10017835,穿孔性胃潰瘍,センコウセイイカイヨウ,
10017836,閉塞性穿孔性胃潰瘍,ヘイソクセイセンコウセイイカイヨウ,
10017840,閉塞性胃潰瘍,ヘイソクセイイカイヨウ,
10017852,ガストリノーマ,ガストリノーマ,
10017853,胃炎,イエン,
10017856,アルコール性胃炎,アルコールセイイエン,
10017857,出血性アルコール胃炎,シュッケツセイアルコールイエン,
10017865,びらん性胃炎,ビランセイイエン,
10017866,出血性胃炎,シュッケツセイイエン,
10017868,肥厚性胃炎,ヒコウセイイエン,
10017873,胃腸吻合,イチョウフンゴウ,
10017877,胃腸管瘻,イチョウカンロウ,
10017885,胃食道逆流性疾患,イショクドウギャクリュウセイシッカン,
10017886,胃十二指腸潰瘍,イジュウニシチョウカイヨウ,
10017888,胃腸炎,イチョウエン,
10017889,アデノウイルス性胃腸炎,アデノウイルスセイイチョウエン,
10017890,好気菌性胃腸炎,コウキキンセイイチョウエン,
10017891,アエロモナス性胃腸炎,アエロモナスセイイチョウエン,
10017893,アストルウイルス性胃腸炎,アストルウイルスセイイチョウエン,
10017894,バチルス性胃腸炎,バチルスセイイチョウエン,
10017898,クロストリジウム菌性胃腸炎,クロストリジウムキンセイイチョウエン,
10017899,クリプトスポリジウム性胃腸炎,クリプトスポリジウムセイイチョウエン,
10017901,エンテロウイルス性胃腸炎,エンテロウイルスセイイチョウエン,
10017902,好酸球性胃腸炎,コウサンキュウセイイチョウエン,
10017903,大腸菌性胃腸炎,ダイチョウキンセイイチョウエン,
10017908,パラ大腸菌性胃腸炎,パラダイチョウキンセイイチョウエン,
10017910,プロテウス菌性胃腸炎,プロテウスキンセイイチョウエン,
10017911,シュードモナス性胃腸炎,シュードモナスセイイチョウエン,
10017912,放射線胃腸炎,ホウシャセンイチョウエン,
10017913,ロタウイルス胃腸炎,ロタウイルスイチョウエン,
10017914,サルモネラ菌性胃腸炎,サルモネラキンセイイチョウエン,
10017915,赤痢菌性胃腸炎,セキリキンセイイチョウエン,
10017916,ブドウ球菌性胃腸炎,ブドウキュウキンセイイチョウエン,
10017917,ビブリオ性胃腸炎,ビブリオセイイチョウエン,
10017918,ウイルス性胃腸炎,ウイルスセイイチョウエン,
10017920,エルシニア菌性胃腸炎,エルシニアキンセイイチョウエン,
10017928,胃腸管血管異形成,イチョウカンケッカンイケイセイ,
10017931,胃腸炭疽,イチョウタンソ,
10017932,胃腸管動静脈奇形,イチョウカンドウジョウミャクキケイ,
10017938,消化器カンジダ症,ショウカキカンジダショウ,
10017940,消化器癌,ショウカキガン,
10017944,胃腸障害,イチョウショウガイ,
10017954,消化管壊疽,ショウカカンエソ,
10017955,胃腸出血,イチョウシュッケツ,
10017964,消化管感染,ショウカカンカンセン,
10017973,胃腸リンパ腫,イチョウリンパシュ,
10017979,消化管粘膜嚢胞,ショウカカンネンマクノウホウ,
10017980,消化管粘膜壊死,ショウカカンネンマクエシ,
10017982,消化管壊死,ショウカカンエシ,
10017999,消化器痛,ショウカキツウ,
10018001,消化管穿孔,ショウカカンセンコウ,
10018007,胃腸管狭窄,イチョウカンキョウサク,
10018019,消化管粘膜変色,ショウカカンネンマクヘンショク,
10018044,術後胃不全麻痺,ジュツゴイフゼンマヒ,
10018045,胃下垂,イカスイ,
10018046,腹壁破裂,フクヘキハレツ,
10018048,ゴーシェ病,ゴーシェビョウ,
10018060,全身麻酔,ゼンシンマスイ,
10018075,全般性不安障害,ゼンパンセイフアンショウガイ,
10018092,全身性浮腫,ゼンシンセイフシュ,
10018100,全身性強直性間代性発作,ゼンシンセイキョウチョクセイカンダイセイホッサ,ゼンシンセイキョウチョクセイカンタイセイホッサ
10018138,遺伝相談,イデンソウダン,
10018139,膝神経節炎,シツシンケイセツエン,ヒザシンケイセツエン
10018143,性器カンジダ症,セイキカンジダショウ,
10018150,陰部ヘルペス,インブヘルペス,
10018158,性器白斑症,セイキハクハンショウ,
10018160,女性生殖器の悪性新生物,ジョセイセイショクキノアクセイシンセイブツ,
10018168,性器脱,セイキダツ,
10018175,性器発疹,セイキホッシン,セイキハッシン
10018180,性器潰瘍形成,セイキカイヨウケイセイ,
10018183,性判別不能外性器,セイハンベツフノウガイセイキ,
10018185,泌尿生殖器クラミジア感染,ヒニョウセイショクキクラミジアカンセン,
10018209,妊娠糖尿病,ニンシントウニョウビョウ,
10018250,巨細胞性動脈炎,キョサイボウセイドウミャクエン,
10018251,巨細胞歯肉腫,キョサイボウシニクシュ,
10018255,腱鞘巨細胞腫,ケンショウキョサイボウシュ,
10018258,巨大乳頭結膜炎,キョダイニュウトウケツマクエン,
10018262,ジアルジア症,ジアルジアショウ,
10018265,巨人症,キョジンショウ,
10018267,ジルベール症候群,ジルベールショウコウグン,
10018275,歯肉萎縮,シニクイシュク,
10018276,歯肉出血,シニクシュッケツ,
10018278,歯肉変色,シニクヘンショク,
10018280,歯肉障害,シニクショウガイ,
10018282,歯肉びらん,シニクビラン,
10018284,歯肉肥厚,シニクヒコウ,
10018285,歯肉形成不全,シニクケイセイフゼン,
10018286,歯肉痛,シニクツウ,
10018288,歯肉ポリープ,シニクポリープ,
10018290,歯肉退縮,シニクタイシュク,
10018291,歯肉腫脹,シニクシュチョウ,
10018292,歯肉炎,シニクエン,
10018296,潰瘍性歯肉炎,カイヨウセイシニクエン,
10018303,グランツマン病,グランツマンビョウ,
10018304,緑内障,リョクナイショウ,
10018330,外傷性緑内障,ガイショウセイリョクナイショウ,
10018333,緑内障性毛様体炎発症,リョクナイショウセイモウヨウタイエンハッショウ,
10018336,神経膠芽細胞腫,シンケイコウガサイボウシュ,
10018337,多形性神経膠芽細胞腫,タケイセイシンケイコウガサイボウシュ,
10018338,神経膠腫,シンケイコウシュ,
10018340,神経膠肉腫,シンケイコウニクシュ,
10018341,グリオーシス,グリオーシス,
10018342,グロブリン,グロブリン,
10018350,グロブリン増加,グロブリンゾウカ,
10018352,グロブリン尿,グロブリンニョウ,
10018355,糸球体濾過率,シキュウタイロカリツ,
10018356,糸球体濾過率異常,シキュウタイロカリツイジョウ,
10018358,糸球体濾過率減少,シキュウタイロカリツゲンショウ,
10018359,糸球体濾過率増加,シキュウタイロカリツゾウカ,
10018361,糸球体濾過率正常,シキュウタイロカリツセイジョウ,
10018362,糸球体血管障害,シキュウタイケッカンショウガイ,
10018364,糸球体腎炎,シキュウタイジンエン,
10018366,急性糸球体腎炎,キュウセイシキュウタイジンエン,
10018367,慢性糸球体腎炎,マンセイシキュウタイジンエン,
10018370,膜性増殖性糸球体腎炎,マクセイゾウショクセイシキュウタイジンエン,
10018372,膜性糸球体腎炎,マクセイシキュウタイジンエン,
10018374,微少病変糸球体腎炎,ビショウビョウヘンシキュウタイジンエン,
10018376,増殖性糸球体腎炎,ゾウショクセイシキュウタイジンエン,
10018378,急速進行性糸球体腎炎,キュウソクシンコウセイシキュウタイジンエン,
10018381,グロムス腫瘍,グロムスシュヨウ,
10018383,舌切除,ゼツセツジョ,シタセツジョ
10018386,舌炎,ゼツエン,
10018388,舌痛,ゼツツウ,ゼッツウ
10018391,舌咽神経痛,ゼツインシンケイツウ,
10018395,声門癌,セイモンガン,
10018404,グルカゴン産生腫瘍,グルカゴンサンセイシュヨウ,
10018406,グルココルチコイド増加,グルココルチコイドゾウカ,
10018407,グルココルチコイド正常,グルココルチコイドセイジョウ,
10018428,耐糖能低下,タイトウノウテイカ,
10018429,耐糖能障害,タイトウノウショウガイ,
10018430,妊娠時の耐糖能障害,ニンシンジノタイトウノウショウガイ,
10018431,耐糖能上昇,タイトウノウジョウショウ,
10018432,ブドウ糖負荷試験,ブドウトウフカシケン,
10018433,ブドウ糖負荷試験異常,ブドウトウフカシケンイジョウ,
10018435,ブドウ糖負荷試験正常,ブドウトウフカシケンセイジョウ,
10018436,尿中ブドウ糖,ニョウチュウブドウトウ,
10018444,グルコース－６－リン酸脱水素酵素欠損症,グルコース6リンサンダッスイソコウソケッソンショウ,
10018459,グルテンなしの食事,グルテンナシノショクジ,
10018462,糖原病Ｖ型,トウゲンビョウ5ガタ,
10018464,糖原病Ｉ型,トウゲンビョウ1ガタ,
10018471,解糖増加,カイトウゾウカ,
10018473,糖尿,トウニョウ,
10018474,尿中ブドウ糖陰性,ニョウチュウブドウトウインセイ,
10018475,妊娠糖尿,ニンシントウニョウ,
10018478,尿中ブドウ糖陽性,ニョウチュウブドウトウヨウセイ,
10018480,グリコヘモグロビン,グリコヘモグロビン,
10018481,グリコヘモグロビン異常,グリコヘモグロビンイジョウ,
10018482,グリコヘモグロビン減少,グリコヘモグロビンゲンショウ,
10018484,グリコヘモグロビン増加,グリコヘモグロビンゾウカ,
10018485,グリコヘモグロビン正常,グリコヘモグロビンセイジョウ,
10018490,顎口虫症,ガクコウチュウショウ,
10018498,甲状腺腫,コウジョウセンシュ,
10018499,先天性甲状腺腫,センテンセイコウジョウセンシュ,
10018504,性腺異形成,セイセンイケイセイ,
10018516,ゴナドトロピン欠乏症,ゴナドトロピンケツボウショウ,
10018519,ゴナドトロピン放出ホルモン刺激試験,ゴナドトロピンホウシュツホルモンシゲキシケン,
10018554,隅角鏡検査,グウカクキョウケンサ,
10018555,隅角鏡検査異常,グウカクキョウケンサイジョウ,
10018556,隅角鏡検査正常,グウカクキョウケンサセイジョウ,
10018612,淋疾,リンシツ,
10018620,グッドパスチャー症候群,グッドパスチャーショウコウグン,
10018627,痛風,ツウフウ,
10018634,痛風性関節炎,ツウフウセイカンセツエン,
10018641,痛風結節,ツウフウケッセツ,
10018651,移植片対宿主病,イショクヘンタイシュクシュビョウ,
10018654,グラム染色,グラムセンショク,
10018655,グラム染色陰性,グラムセンショクインセイ,
10018656,グラム染色陽性,グラムセンショクヨウセイ,
10018671,誇大的態度,コダイテキタイド,
10018678,顆粒球数,カリュウキュウスウ,
10018681,顆粒球数減少,カリュウキュウスウゲンショウ,
10018683,顆粒球数増加,カリュウキュウスウゾウカ,
10018685,顆粒球異常,カリュウキュウイジョウ,
10018687,顆粒球減少症,カリュウキュウゲンショウショウ,
10018688,新生児顆粒球減少症,シンセイジカリュウキュウゲンショウショウ,
10018690,顆粒球増加症,カリュウキュウゾウカショウ,
10018691,肉芽腫,ニクゲシュ,
10018692,環状肉芽腫,カンジョウニクゲシュ,
10018693,鼠径肉芽腫,ソケイニクゲシュ,
10018698,皮膚肉芽腫,ヒフニクゲシュ,
10018704,肉芽腫性肝疾患,ニクゲシュセイカンシッカン,
10018706,グレーブス病,グレーブスビョウ,
10018713,重力性浮腫,ジュウリョクセイフシュ,
10018720,若木骨折,ワカギコッセツ,
10018723,新生児灰白症候群,シンセイジカイハクショウコウグン,
10018724,悲嘆反応,ヒタンハンノウ,
10018735,鼠径部痛,ソケイブツウ,
10018736,鼠径部洞切除,ソケイブドウセツジョ,
10018745,成長痛,セイチョウツウ,
10018746,成長促進,セイチョウソクシン,
10018758,成長ホルモン産生性下垂体腫瘍,セイチョウホルモンサンセイセイカスイタイシュヨウ,
10018762,喉音発生,コウオンハッセイ,
10018767,ギラン・バレー症候群,ギランバレーショウコウグン,
10018794,銃創,ジュウソウ,
10018797,滴状乾癬,テキジョウカンセン,
10018800,女性化乳房,ジョセイカニュウボウ,
10018813,血管芽腫,ケッカンガシュ,
10018814,血管腫,ケッカンシュ,
10018818,先天性血管腫,センテンセイケッカンシュ,
10018820,乳房血管腫,ニュウボウケッカンシュ,
10018821,肝臓血管腫,カンゾウケッカンシュ,
10018822,網膜血管腫,モウマクケッカンシュ,
10018823,皮膚血管腫,ヒフケッカンシュ,
10018825,血管周囲細胞腫,ケッカンシュウイサイボウシュ,
10018826,髄膜血管外皮腫,ズイマクケッカンガイヒシュ,
10018829,出血性関節症,シュッケツセイカンセツショウ,
10018830,吐血,トケツ,
10018833,血瘤,ケツリュウ,
10018836,血便排泄,ケツベンハイセツ,
10018837,ヘマトクリット,ヘマトクリット,
10018838,ヘマトクリット減少,ヘマトクリットゲンショウ,
10018840,ヘマトクリット増加,ヘマトクリットゾウカ,
10018842,ヘマトクリット正常,ヘマトクリットセイジョウ,
10018852,血腫,ケッシュ,
10018866,血精液症,ケツセイエキショウ,
10018867,血尿,ケツニョウ,
10018868,尿中血陰性,ニョウチュウケツインセイ,
10018870,尿中血陽性,ニョウチュウケツヨウセイ,
10018871,外傷性血尿,ガイショウセイケツニョウ,
10018872,ヘモクロマトーシス,ヘモクロマトーシス,
10018873,血液濃縮,ケツエキノウシュク,
10018875,血液透析,ケツエキトウセキ,
10018876,ヘモグロビン,ヘモグロビン,
10018877,ヘモグロビンＡ欠損,ヘモグロビンAケッソン,
10018878,ヘモグロビンＡ存在,ヘモグロビンAソンザイ,
10018879,ヘモグロビン異常,ヘモグロビンイジョウ,
10018881,ヘモグロビンバーツ欠損,ヘモグロビンバーツケッソン,
10018882,ヘモグロビンバーツ存在,ヘモグロビンバーツソンザイ,
10018883,ヘモグロビンＣ症,ヘモグロビンCショウ,
10018884,ヘモグロビン減少,ヘモグロビンゲンショウ,
10018885,ヘモグロビン電気泳動異常,ヘモグロビンデンキエイドウイジョウ,
10018886,ヘモグロビン電気泳動正常,ヘモグロビンデンキエイドウセイジョウ,
10018888,ヘモグロビン増加,ヘモグロビンゾウカ,
10018890,ヘモグロビン正常,ヘモグロビンセイジョウ,
10018894,ヘモグロビンＳ減少,ヘモグロビンSゲンショウ,
10018895,ヘモグロビンＳ増加,ヘモグロビンSゾウカ,
10018896,ヘモグロビンＳ正常,ヘモグロビンSセイジョウ,
10018901,ヘモグロビン血症,ヘモグロビンケツショウ,ヘモグロビンケッショウ
10018906,ヘモグロビン尿,ヘモグロビンニョウ,
10018907,尿中ヘモグロビン陰性,ニョウチュウヘモグロビンインセイ,
10018909,尿中ヘモグロビン陽性,ニョウチュウヘモグロビンヨウセイ,
10018910,溶血,ヨウケツ,
10018916,溶血性貧血,ヨウケツセイヒンケツ,
10018919,酵素特異性溶血性貧血,コウソトクイセイヨウケツセイヒンケツ,
10018932,溶血性尿毒症症候群,ヨウケツセイニョウドクショウショウコウグン,
10018935,腹膜腔出血,フクマククウシュッケツ,
10018964,喀血,カッケツ,
10018981,妊娠時出血,ニンシンジシュッケツ,
10018985,頭蓋内出血,トウガイナイシュッケツ,
10018999,皮下出血,ヒカシュッケツ,
10019001,表皮下出血,ヒョウヒカシュッケツ,
10019005,出血性脳梗塞,シュッケツセイノウコウソク,
10019008,新生児出血性疾患,シンセイジシュッケツセイシッカン,
10019009,出血性障害,シュッケツセイショウガイ,
10019013,出血性梗塞,シュッケツセイコウソク,
10019016,出血性卒中,シュッケツセイソッチュウ,
10019022,痔核,ジカク,
10019023,血栓性痔核,ケッセンセイジカク,
10019024,ヘモジデリン沈着症,ヘモジデリンチンチャクショウ,
10019027,血胸,ケッキョウ,
10019030,毛髪変色,モウハツヘンショク,
10019037,毛髪障害,モウハツショウガイ,
10019043,良性毛包腫瘍,リョウセイモウホウシュヨウ,
10019044,毛髪成長異常,モウハツセイチョウイジョウ,
10019049,毛質異常,モウシツイジョウ,
10019051,毛髪移植,モウハツイショク,
10019053,ヘアリー細胞白血病,ヘアリーサイボウハッケツビョウ,
10019063,幻覚,ゲンカク,
10019070,幻聴,ゲンチョウ,
10019071,幻味,ゲンミ,
10019072,幻嗅,ゲンキュウ,
10019074,触覚性幻覚,ショッカクセイゲンカク,
10019075,幻視,ゲンシ,
10019079,混合性幻覚,コンゴウセイゲンカク,
10019099,光輪視,コウリンシ,
10019101,ハロセン抗体,ハロセンコウタイ,
10019102,ハロセン抗体陰性,ハロセンコウタイインセイ,
10019103,ハロセン抗体陽性,ハロセンコウタイヨウセイ,
10019106,血管過誤腫,ケッカンカゴシュ,
10019110,手切断,テセツダン,
10019113,手足口病,テアシクチビョウ,
10019114,手骨折,シュコッセツ,テコッセツ
10019118,手修復手術,シュシュウフクシュジュツ,テシュウフクシュジュツ
10019133,宿酔,シュクスイ,
10019143,ハンタウイルス性肺感染,ハンタウイルスセイハイカンセン,
10019149,ハプトグロビン異常,ハプトグロビンイジョウ,
10019150,ハプトグロビン減少,ハプトグロビンゲンショウ,
10019152,ハプトグロビン増加,ハプトグロビンゾウカ,
10019154,ハプトグロビン正常,ハプトグロビンセイジョウ,
10019163,ハーレクイン胎児,ハーレクインタイジ,
10019165,ハートナップ病,ハートナップビョウ,
10019191,頭を激しくぶっつける,アタマヲハゲシクブッツケル,
10019194,頭部不快感,トウブフカイカン,
10019196,頭部損傷,トウブソンショウ,
10019211,頭痛,ズツウ,
10019263,先天性心ブロック,センテンセイシンブロック,
10019273,先天性心臓疾患,センテンセイシンゾウシッカン,
10019299,心拍数,シンパクスウ,
10019300,心拍数異常,シンパクスウイジョウ,
10019301,心拍数減少,シンパクスウゲンショウ,
10019303,心拍数増加,シンパクスウゾウカ,
10019304,心拍数不整,シンパクスウフセイ,
10019306,心拍数正常,シンパクスウセイジョウ,シンハクスウセイジョウ
10019311,心音異常,シンオンイジョウ,
10019312,心音正常,シンオンセイジョウ,
10019314,心臓移植,シンゾウイショク,
10019315,心移植拒絶反応,シンイショクキョゼツハンノウ,
10019317,心臓弁移植,シンゾウベンイショク,
10019319,心肺移植拒絶反応,シンパイイショクキョゼツハンノウ,シンハイイショクキョゼツハンノウ
10019332,熱疲労,ネツヒロウ,
10019340,熱性浮腫,ネッセイフシュ,ネツセイフシュ
10019345,熱射病,ネッシャビョウ,
10019350,重鎖病,ジュウサビョウ,
10019370,ヘールフォルト症候群,ヘールフォルトショウコウグン,
10019372,ハインツ小体,ハインツショウタイ,
10019452,半盲,ハンモウ,
10019455,異名性半盲,イミョウセイハンモウ,イメイセイハンモウ
10019456,同名性半盲,ドウメイセイハンモウ,
10019463,片側肥大,ヘンソクヒダイ,
10019465,不全片麻痺,フゼンヘンマヒ,フゼンカタマヒ
10019468,片麻痺,ヘンマヒ,カタマヒ
10019476,片麻痺性片頭痛,ヘンマヒセイヘンズツウ,カタマヒセイヘンズツウ
10019477,片側椎骨,ヘンソクツイコツ,
10019617,ヘノッホ・シェーンライン紫斑病,ヘノッホシェーンラインシハンビョウ,
10019621,ヘパプラスチン異常,ヘパプラスチンイジョウ,
10019622,ヘパプラスチン減少,ヘパプラスチンゲンショウ,
10019623,ヘパプラスチン増加,ヘパプラスチンゾウカ,
10019625,ヘパプラスチン正常,ヘパプラスチンセイジョウ,
10019629,肝腺腫,カンセンシュ,
10019633,肝動静脈奇形,カンドウジョウミャクキケイ,
10019634,肝動脈瘤,カンドウミャクリュウ,
10019635,肝動脈塞栓症,カンドウミャクソクセンショウ,
10019636,肝動脈血栓症,カンドウミャクケッセンショウ,
10019637,肝萎縮,カンイシュク,
10019641,肝硬変,カンコウヘン,
10019646,肝嚢胞,カンノウホウ,
10019659,肝包虫症,カンホウチュウショウ,
10019660,肝性脳症,カンセイノウショウ,
10019663,肝不全,カンフゼン,
10019668,肝線維症,カンセンイショウ,
10019670,肝機能異常,カンキノウイジョウ,
10019676,肝血腫,カンケッシュ,
10019677,肝出血,カンシュッケツ,
10019680,肝梗塞,カンコウソク,
10019692,肝壊死,カンエシ,
10019695,肝新生物,カンシンセイブツ,
10019705,肝臓痛,カンゾウツウ,
10019707,肝破裂,カンハレツ,
10019708,脂肪肝,シボウカン,
10019713,肝静脈血栓症,カンジョウミャクケッセンショウ,
10019717,肝炎,カンエン,
10019719,Ａ型肝炎,Aガタカンエン,
10019721,Ａ型肝炎抗体,Aガタカンエンコウタイ,
10019722,Ａ型肝炎抗体異常,Aガタカンエンコウタイイジョウ,
10019723,Ａ型肝炎抗体陰性,Aガタカンエンコウタイインセイ,
10019724,Ａ型肝炎抗体正常,Aガタカンエンコウタイセイジョウ,
10019725,Ａ型肝炎抗体陽性,Aガタカンエンコウタイヨウセイ,
10019727,急性肝炎,キュウセイカンエン,
10019728,アルコール性肝炎,アルコールセイカンエン,
10019731,Ｂ型肝炎,Bガタカンエン,
10019732,Ｂ型肝炎抗体,Bガタカンエンコウタイ,
10019733,Ｂ型肝炎抗体異常,Bガタカンエンコウタイイジョウ,
10019734,Ｂ型肝炎抗体陰性,Bガタカンエンコウタイインセイ,
10019735,Ｂ型肝炎抗体正常,Bガタカンエンコウタイセイジョウ,
10019736,Ｂ型肝炎抗体陽性,Bガタカンエンコウタイヨウセイ,
10019742,Ｂ型肝炎表面抗原陽性,Bガタカンエンヒョウメンコウゲンヨウセイ,
10019744,Ｃ型肝炎,Cガタカンエン,
10019745,Ｃ型肝炎抗体,Cガタカンエンコウタイ,
10019746,Ｃ型肝炎抗体陰性,Cガタカンエンコウタイインセイ,
10019747,Ｃ型肝炎抗体陽性,Cガタカンエンコウタイヨウセイ,
10019748,Ｃ型肝炎ＲＮＡ,CガタカンエンRNA,
10019749,Ｃ型肝炎ＲＮＡ陰性,CガタカンエンRNAインセイ,
10019750,Ｃ型肝炎ＲＮＡ陽性,CガタカンエンRNAヨウセイ,
10019754,胆汁うっ滞性肝炎,タンジュウウッタイセイカンエン,
10019755,慢性活動性肝炎,マンセイカツドウセイカンエン,
10019759,慢性持続性肝炎,マンセイジゾクセイカンエン,
10019762,Ｄ型肝炎,Dガタカンエン,
10019768,Ｅ型肝炎,Eガタカンエン,
10019771,Ｆ型肝炎,Fガタカンエン,
10019772,劇症肝炎,ゲキショウカンエン,
10019773,Ｇ型肝炎,Gガタカンエン,
10019776,Ｈ型肝炎,Hガタカンエン,
10019781,伝染性単核症肝炎,デンセンセイタンカクショウカンエン,
10019783,ムンプス性肝炎,ムンプスセイカンエン,
10019785,新生児肝炎,シンセイジカンエン,
10019786,非Ａ非Ｂ型肝炎,ヒAヒBガタカンエン,
10019787,非Ａ非Ｂ非Ｃ型肝炎,ヒAヒBヒCガタカンエン,
10019791,輸血後肝炎,ユケツゴカンエン,
10019794,梅毒性肝炎,バイドクセイカンエン,
10019795,中毒性肝炎,チュウドクセイカンエン,
10019798,トキソプラズマ性肝炎,トキソプラズマセイカンエン,
10019799,ウイルス性肝炎,ウイルスセイカンエン,
10019819,肝レンズ核変性症,カンレンズカクヘンセイショウ,
10019823,再発肝芽腫,サイハツカンガシュ,
10019834,新生児肝細胞障害,シンセイジカンサイボウショウガイ,
10019837,肝細胞損傷,カンサイボウソンショウ,
10019842,肝腫大,カンシュダイ,
10019845,肝腎不全,カンジンフゼン,
10019846,肝腎症候群,カンジンショウコウグン,
10019847,肝脾腫大,カンヒシュダイ,
10019848,新生児肝脾腫大,シンセイジカンヒシュダイ,
10019851,肝毒性,カンドクセイ,
10019860,遺伝性血管性浮腫,イデンセイケッカンセイフシュ,
10019864,遺伝性脈絡膜形成異常,イデンセイミャクラクマクケイセイイジョウ,
10019878,遺伝性フルクトース不耐症,イデンセイフルクトースフタイショウ,
10019883,遺伝性出血性毛細血管拡張症,イデンセイシュッケツセイモウサイケッカンカクチョウショウ,
10019889,遺伝性神経障害性アミロイドーシス,イデンセイシンケイショウガイセイアミロイドーシス,
10019895,遺伝性視神経萎縮,イデンセイシシンケイイシュク,
10019899,遺伝性網膜ジストロフィー,イデンセイモウマクジストロフィー,
10019902,遺伝性鉄芽球性貧血,イデンセイテツガキュウセイヒンケツ,
10019903,遺伝性痙性対麻痺,イデンセイケイセイツイマヒ,
10019904,遺伝性球状赤血球症,イデンセイキュウジョウセッケッキュウショウ,
10019906,半陰陽,ハンインヨウ,
10019909,ヘルニア,ヘルニア,
10019912,先天性ヘルニア,センテンセイヘルニア,
10019913,横隔膜ヘルニア修復,オウカクマクヘルニアシュウフク,
10019915,裂孔ヘルニア修復,レッコウヘルニアシュウフク,
10019936,ヘルパンギーナ,ヘルパンギーナ,
10019948,単純ヘルペス,タンジュンヘルペス,
10019949,先天性単純ヘルペス感染,センテンセイタンジュンヘルペスカンセン,
10019953,単純ヘルペス脳炎,タンジュンヘルペスノウエン,
10019956,単純ヘルペス髄膜炎,タンジュンヘルペスズイマクエン,
10019959,単純ヘルペス性外耳炎,タンジュンヘルペスセイガイジエン,
10019963,内臓単純ヘルペス,ナイゾウタンジュンヘルペス,
10019973,ヘルペスウイルス感染,ヘルペスウイルスカンセン,
10019974,帯状疱疹,タイジョウホウシン,
10020015,眼球斜位,ガンキュウシャイ,
10020017,異形吸虫症,イケイキュウチュウショウ,
10020018,異性愛,イセイアイ,
10020022,ヘキソキナーゼ欠乏性貧血,ヘキソキナーゼケツボウセイヒンケツ,
10020028,裂孔ヘルニア,レッコウヘルニア,
10020039,しゃっくり,シャックリ,
10020040,汗腺炎,カンセンエン,
10020046,高アーチ型口蓋,コウアーチガタコウガイ,
10020050,高比重リポ蛋白,コウヒジュウリポタンパク,
10020051,高比重リポ蛋白異常,コウヒジュウリポタンパクイジョウ,
10020060,高比重リポ蛋白減少,コウヒジュウリポタンパクゲンショウ,
10020061,高比重リポ蛋白増加,コウヒジュウリポタンパクゾウカ,
10020062,高比重リポ蛋白正常,コウヒジュウリポタンパクセイジョウ,
10020065,高位児頭,コウイジトウ,
10020067,ハイグレードＢ細胞性バーキット様リンパ腫,ハイグレードBサイボウセイバーキットヨウリンパシュ,
10020070,再発ハイグレードＢ細胞性バーキット様リンパ腫,サイハツハイグレードBサイボウセイバーキットヨウリンパシュ,
10020071,治療抵抗性ハイグレードＢ細胞性バーキット様リンパ腫,チリョウテイコウセイハイグレードBサイボウセイバーキットヨウリンパシュ,
10020072,ハイグレードＢ細胞性バーキット様リンパ腫第１期,ハイグレードBサイボウセイバーキットヨウリンパシュダイ1キ,
10020073,ハイグレードＢ細胞性バーキット様リンパ腫第２期,ハイグレードBサイボウセイバーキットヨウリンパシュダイ2キ,
10020074,ハイグレードＢ細胞性バーキット様リンパ腫第３期,ハイグレードBサイボウセイバーキットヨウリンパシュダイ3キ,
10020075,ハイグレードＢ細胞性バーキット様リンパ腫第４期,ハイグレードBサイボウセイバーキットヨウリンパシュダイ4キ,
10020082,危険のある性行動,キケンノアルセイコウドウ,
10020094,肺門リンパ節腫脹,ハイモンリンパセツシュチョウ,
10020096,股関節形成,コカンセツケイセイ,
10020098,股関節離断術,コカンセツリダンジュツ,
10020100,股関節部骨折,コカンセツブコッセツ,
10020112,男性型多毛症,ダンセイガタタモウショウ,
10020113,蛭寄生,ヒルキセイ,
10020117,組織球症,ソシキキュウショウ,
10020141,ヒストプラスマ症,ヒストプラスマショウ,
10020144,播種性ヒストプラスマ症,ハシュセイヒストプラスマショウ,
10020155,演技性パーソナリティ障害,エンギセイパーソナリティショウガイ,
10020159,ＨＩＶキャリアー,HIVキャリアー,
10020161,ＨＩＶ感染,HIVカンセン,
10020162,ＣＤＣ分類第１群ＨＩＶ感染,CDCブンルイダイ1グンHIVカンセン,
10020163,ＣＤＣ分類第２群ＨＩＶ感染,CDCブンルイダイ2グンHIVカンセン,
10020164,ＣＤＣ分類第３群ＨＩＶ感染,CDCブンルイダイ3グンHIVカンセン,
10020166,ＣＤＣ分類第４群サブグループＡのＨＩＶ感染,CDCブンルイダイ4グンサブグループAノHIVカンセン,
10020167,ＣＤＣ分類第４群サブグループＢのＨＩＶ感染,CDCブンルイダイ4グンサブグループBノHIVカンセン,
10020168,ＣＤＣ分類第４群サブグループＣ１のＨＩＶ感染,CDCブンルイダイ4グンサブグループC1ノHIVカンセン,
10020169,ＣＤＣ分類第４群サブグループＣ２のＨＩＶ感染,CDCブンルイダイ4グンサブグループC2ノHIVカンセン,
10020170,ＣＤＣ分類第４群サブグループＤのＨＩＶ感染,CDCブンルイダイ4グンサブグループDノHIVカンセン,
10020171,ＣＤＣ分類第４群サブグループＥのＨＩＶ感染,CDCブンルイダイ4グンサブグループEノHIVカンセン,
10020185,ＨＩＶ検査,HIVケンサ,
10020186,ＨＩＶ検査偽陽性,HIVケンサギヨウセイ,
10020187,ＨＩＶ検査陰性,HIVケンサインセイ,
10020188,ＨＩＶ検査陽性,HIVケンサヨウセイ,
10020194,ＨＩＶ－２型感染,HIV2ガタカンセン,
10020206,ホジキン病,ホジキンビョウ,
10020208,リンパ球減少型ホジキン病第１期、部位不明,リンパキュウゲンショウガタホジキンビョウダイ1キブイフメイ,
10020209,横隔膜下リンパ球減少型ホジキン病第１期,オウカクマクカリンパキュウゲンショウガタホジキンビョウダイ1キ,
10020210,横隔膜上リンパ球減少型ホジキン病第１期,オウカクマクジョウリンパキュウゲンショウガタホジキンビョウダイ1キ,
10020211,リンパ球減少型ホジキン病第２期、部位不明,リンパキュウゲンショウガタホジキンビョウダイ2キブイフメイ,
10020212,横隔膜下リンパ球減少型ホジキン病第２期,オウカクマクカリンパキュウゲンショウガタホジキンビョウダイ2キ,
10020213,横隔膜上リンパ球減少型ホジキン病第２期,オウカクマクジョウリンパキュウゲンショウガタホジキンビョウダイ2キ,
10020215,再発リンパ球減少型ホジキン病,サイハツリンパキュウゲンショウガタホジキンビョウ,
10020216,治療抵抗性リンパ球減少型ホジキン病,チリョウテイコウセイリンパキュウゲンショウガタホジキンビョウ,
10020217,リンパ球減少型ホジキン病第３期,リンパキュウゲンショウガタホジキンビョウダイ3キ,
10020218,リンパ球減少型ホジキン病第４期,リンパキュウゲンショウガタホジキンビョウダイ4キ,
10020219,リンパ球減少型ホジキン病、病期不明,リンパキュウゲンショウガタホジキンビョウビョウキフメイ,
10020220,リンパ球優位型ホジキン病第１期、部位不明,リンパキュウユウイガタホジキンビョウダイ1キブイフメイ,
10020221,横隔膜下リンパ球優位型ホジキン病第１期,オウカクマクカリンパキュウユウイガタホジキンビョウダイ1キ,
10020222,横隔膜上リンパ球優位型ホジキン病第１期,オウカクマクジョウリンパキュウユウイガタホジキンビョウダイ1キ,
10020223,リンパ球優位型ホジキン病第２期、部位不明,リンパキュウユウイガタホジキンビョウダイ2キブイフメイ,
10020224,横隔膜下リンパ球優位型ホジキン病第２期,オウカクマクカリンパキュウユウイガタホジキンビョウダイ2キ,
10020225,横隔膜上リンパ球優位型ホジキン病第２期,オウカクマクジョウリンパキュウユウイガタホジキンビョウダイ2キ,
10020227,再発リンパ球優位型ホジキン病,サイハツリンパキュウユウイガタホジキンビョウ,
10020228,治療抵抗性リンパ球優位型ホジキン病,チリョウテイコウセイリンパキュウユウイガタホジキンビョウ,
10020229,リンパ球優位型ホジキン病第３期,リンパキュウユウイガタホジキンビョウダイ3キ,
10020230,リンパ球優位型ホジキン病第４期,リンパキュウユウイガタホジキンビョウダイ4キ,
10020231,リンパ球優位型ホジキン病、病期不明,リンパキュウユウイガタホジキンビョウビョウキフメイ,
10020233,再発混合細胞型ホジキン病,サイハツコンゴウサイボウガタホジキンビョウ,
10020234,治療抵抗性混合細胞型ホジキン病,チリョウテイコウセイコンゴウサイボウガタホジキンビョウ,
10020235,混合細胞型ホジキン病第１期、部位不明,コンゴウサイボウガタホジキンビョウダイ1キブイフメイ,
10020236,横隔膜下混合細胞型ホジキン病第１期,オウカクマクカコンゴウサイボウガタホジキンビョウダイ1キ,
10020237,横隔膜上混合細胞型ホジキン病第１期,オウカクマクジョウコンゴウサイボウガタホジキンビョウダイ1キ,
10020238,横隔膜下混合細胞型ホジキン病第２期,オウカクマクカコンゴウサイボウガタホジキンビョウダイ2キ,
10020239,横隔膜上混合細胞型ホジキン病第２期,オウカクマクジョウコンゴウサイボウガタホジキンビョウダイ2キ,
10020240,混合細胞型ホジキン病第３期,コンゴウサイボウガタホジキンビョウダイ3キ,
10020241,混合細胞型ホジキン病第４期,コンゴウサイボウガタホジキンビョウダイ4キ,
10020242,混合細胞型ホジキン病、病期不明,コンゴウサイボウガタホジキンビョウビョウキフメイ,
10020244,結節性硬化型ホジキン病,ケッセツセイコウカガタホジキンビョウ,
10020245,再発結節性硬化症型ホジキン病,サイハツケッセツセイコウカショウガタホジキンビョウ,
10020246,治療抵抗性結節性硬化症型ホジキン病,チリョウテイコウセイケッセツセイコウカショウガタホジキンビョウ,
10020252,結節性硬化症型ホジキン病第３期,ケッセツセイコウカショウガタホジキンビョウダイ3キ,
10020253,結節性硬化症型ホジキン病第４期,ケッセツセイコウカショウガタホジキンビョウダイ4キ,
10020266,再発ホジキン病,サイハツホジキンビョウ,
10020267,治療抵抗性ホジキン病,チリョウテイコウセイホジキンビョウ,
10020268,ホジキン病第１期,ホジキンビョウダイ1キ,
10020269,ホジキン病第２期,ホジキンビョウダイ2キ,
10020270,ホジキン病第３期,ホジキンビョウダイ3キ,
10020271,分類不能のホジキン病,ブンルイフノウノホジキンビョウ,
10020352,ホームズ・アディー瞳孔,ホームズアディードウコウ,
10020360,ホルター弁挿入,ホルターベンソウニュウ,
10020361,ホームレス,ホームレス,
10020362,ホームレス家族,ホームレスカゾク,
10020363,ホメオパシー,ホメオパシー,
10020364,殺人,サツジン,
10020365,ホモシスチン尿症,ホモシスチンニョウショウ,
10020366,尿中ホモシステイン陰性,ニョウチュウホモシステインインセイ,
10020374,同性愛の両親,ドウセイアイノリョウシン,
10020375,同性愛,ドウセイアイ,
10020376,鉤虫感染,コウチュウカンセン,
10020377,麦粒腫,バクリュウシュ,
10020388,ホルモン補充療法,ホルモンホジュウリョウホウ,
10020391,ホルモン産生卵巣腫瘍,ホルモンサンセイランソウシュヨウ,
10020392,ホルネル症候群,ホルネルショウコウグン,
10020400,敵意,テキイ,
10020428,人による咬傷,ヒトニヨルコウショウ,
10020429,ヒトのエーリキア症,ヒトノエーリキアショウ,
10020431,ヒトヘルペスウイルス６感染,ヒトヘルペスウイルス6カンセン,
10020460,ヒトＴ細胞リンパ球向性ウイルス１型感染,ヒトTサイボウリンパキュウコウセイウイルス1ガタカンセン,
10020462,上腕骨骨折,ジョウワンコツコッセツ,
10020464,体液性免疫不全,タイエキセイメンエキフゼン,
10020466,空腹,クウフク,
10020478,星状硝子体症,セイジョウショウシタイショウ,
10020488,陰嚢水瘤,インノウスイリュウ,
10020495,女性水瘤,ジョセイスイリュウ,
10020497,感染性陰嚢水瘤,カンセンセイインノウスイリュウ,
10020508,水頭症,スイトウショウ,
10020523,水脊髄症,スイセキズイショウ,
10020524,水腎症,スイジンショウ,
10020525,水腎症修復,スイジンショウシュウフク,
10020529,胎児水腫,タイジスイシュ,
10020531,卵管水腫,ランカンスイシュ,
10020532,水治療法,スイチリョウホウ,ミズチリョウホウ
10020533,水尿管症,スイニョウカンショウ,
10020534,ヒドロキシコルチコステロイド増加,ヒドロキシコルチコステロイドゾウカ,
10020535,尿中ヒドロキシコルチコステロイド,ニョウチュウヒドロキシコルチコステロイド,
10020537,尿中ヒドロキシコルチコステロイド減少,ニョウチュウヒドロキシコルチコステロイドゲンショウ,
10020539,尿中ヒドロキシコルチコステロイド増加,ニョウチュウヒドロキシコルチコステロイドゾウカ,
10020541,尿中ヒドロキシコルチコステロイド正常,ニョウチュウヒドロキシコルチコステロイドセイジョウ,
10020545,処女膜切除,ショジョマクセツジョ,
10020546,膜様条虫症,マクヨウジョウチュウショウ,
10020559,聴覚過敏,チョウカクカビン,
10020562,副腎機能亢進症,フクジンキノウコウシンショウ,
10020564,副腎皮質機能亢進症,フクジンヒシツキノウコウシンショウ,
10020565,充血,ジュウケツ,
10020568,知覚過敏,チカクカビン,
10020571,高アルドステロン症,コウアルドステロンショウ,
10020575,高アンモニア血症,コウアンモニアケツショウ,コウアンモニアケッショウ
10020578,高ビリルビン血症,コウビリルビンケツショウ,コウビリルビンケッショウ
10020580,新生児高ビリルビン血症,シンセイジコウビリルビンケツショウ,シンセイジコウビリルビンケッショウ
10020583,高カルシウム血症,コウカルシウムケツショウ,コウカルシウムケッショウ
10020584,悪性腫瘍に伴う高カルシウム血症,アクセイシュヨウニトモナウコウカルシウムケツショウ,アクセイシュヨウニトモナウコウカルシウムケッショウ
10020585,高カルシウム血症治療,コウカルシウムケツショウチリョウ,コウカルシウムケッショウチリョウ
10020586,高カルシウム血症性腎症,コウカルシウムケツショウセイジンショウ,コウカルシウムケッショウセイジンショウ
10020590,高カルシウム尿症,コウカルシウムニョウショウ,
10020591,高炭酸ガス血症,コウタンサンガスケツショウ,コウタンサンガスケッショウ
10020594,高カロチン血症,コウカロチンケッショウ,
10020596,セメント質の増殖,セメントシツノゾウショク,
10020597,高クロール血症,コウクロールケツショウ,コウクロールケッショウ
10020601,胃酸過多,イサンカタ,
10020603,高コレステロール血症,コウコレステロールケツショウ,コウコレステロールケッショウ
10020605,高色素性貧血,コウシキソセイヒンケツ,
10020606,高カイロミクロン血症,コウカイロミクロンケツショウ,コウカイロミクロンケッショウ
10020608,凝固亢進,ギョウココウシン,
10020614,妊娠悪阻,ニンシンオソ,ニンシンツワリ
10020630,高γグロブリン血症,コウガンマグロブリンケツショウ,コウガンマグロブリンケッショウ
10020631,良性単クローン性高γグロブリン血症,リョウセイタンクローンセイコウガンマグロブリンケツショウ,リョウセイタンクローンセイコウガンマグロブリンケッショウ
10020633,高グロブリン血症,コウグロブリンケッショウ,
10020635,高血糖,コウケットウ,
10020642,多汗症,タカンショウ,
10020646,高カリウム血症,コウカリウムケツショウ,コウカリウムケッショウ
10020649,過角化,カカクカ,
10020651,運動過多,ウンドウカタ,
10020652,新生児運動過多,シンセイジウンドウカタ,
10020660,高乳酸血症,コウニュウサンケッショウ,
10020669,高マグネシウム血症,コウマグネシウムケツショウ,コウマグネシウムケッショウ
10020674,代謝亢進症,タイシャコウシンショウ,
10020675,遠視,エンシ,
10020677,過剰可動性症候群,カジョウカドウセイショウコウグン,
10020679,高ナトリウム血症,コウナトリウムケツショウ,コウナトリウムケッショウ
10020689,高エストロゲン症,コウエストロゲンショウ,
10020697,高浸透圧状態,コウシントウアツジョウタイ,
10020701,高シュウ酸血症,コウシュウサンケツショウ,コウシュウサンケッショウ
10020703,高シュウ酸尿症,コウシュウサンニョウショウ,
10020705,副甲状腺機能亢進症,フクコウジョウセンキノウコウシンショウ,
10020707,原発性副甲状腺機能亢進症,ゲンパツセイフクコウジョウセンキノウコウシンショウ,
10020708,続発性副甲状腺機能亢進症,ゾクハツセイフクコウジョウセンキノウコウシンショウ,
10020709,三次性副甲状腺機能亢進症,サンジセイフクコウジョウセンキノウコウシンショウ,
10020710,過食,カショク,
10020711,高リン血症,コウリンケッショウ,コウリンケツショウ
10020716,下垂体機能亢進症,カスイタイキノウコウシンショウ,
10020718,過形成,カケイセイ,
10020719,副腎過形成,フクジンカケイセイ,
10020732,過形成性胆嚢症,カケイセイセイタンノウショウ,
10020737,高プロラクチン血症,コウプロラクチンケツショウ,コウプロラクチンケッショウ
10020740,高蛋白血症,コウタンパクケツショウ,コウタンパクケッショウ
10020741,異常高熱,イジョウコウネツ,
10020745,反射亢進,ハンシャコウシン,
10020751,過敏症,カビンショウ,
10020764,過敏性血管炎,カビンセイケッカンエン,
10020765,過眠症,カミンショウ,
10020769,脾機能亢進,ヒキノウコウシン,
10020770,高張尿,コウチョウニョウ,
10020772,高血圧,コウケツアツ,
10020801,高血圧性心拡大,コウケツアツセイシンカクダイ,
10020802,高血圧クリーゼ,コウケツアツクリーゼ,
10020803,高血圧性脳症,コウケツアツセイノウショウ,
10020823,高血圧性心疾患,コウケツアツセイシンシッカン,
10020843,高体温症,コウタイオンショウ,
10020844,悪性高熱,アクセイコウネツ,
10020846,ハイパーサーミア療法,ハイパーサーミアリョウホウ,
10020850,甲状腺機能亢進症,コウジョウセンキノウコウシンショウ,
10020852,筋緊張亢進,キンキンチョウコウシン,
10020853,緊張性膀胱,キンチョウセイボウコウ,
10020864,多毛症,タモウショウ,
10020869,高トリグリセリド血症,コウトリグリセリドケツショウ,コウトリグリセリドケッショウ
10020871,肥大型心筋症,ヒダイガタシンキンショウ,
10020877,肥大性骨関節症,ヒダイセイコツカンセツショウ,
10020879,肥厚性瘢痕,ヒコウセイハンコン,
10020880,肥大,ヒダイ,
10020893,舌乳頭肥大,ゼツニュウトウヒダイ,
10020903,高尿酸血症,コウニョウサンケツショウ,コウニョウサンケッショウ
10020910,過換気,カカンキ,
10020915,ビタミン過剰症,ビタミンカジョウショウ,
10020916,ビタミンＡ過剰症,ビタミンAカジョウショウ,
10020917,ビタミンＤ過剰症,ビタミンDカジョウショウ,
10020919,血液量増加症,ケツエキリョウゾウカショウ,
10020921,高亜鉛血症,コウアエンケツショウ,コウアエンケッショウ
10020923,前房出血,ゼンボウシュッケツ,
10020927,入眠時幻覚,ニュウミンジゲンカク,
10020928,覚醒時幻覚,カクセイジゲンカク,
10020929,催眠療法,サイミンリョウホウ,
10020937,感覚鈍麻,カンカクドンマ,
10020939,眼の知覚低下,メノチカクテイカ,
10020942,低アルブミン血症,テイアルブミンケツショウ,テイアルブミンケッショウ
10020944,低アルドステロン症,テイアルドステロンショウ,
10020947,低カルシウム血症,テイカルシウムケツショウ,テイカルシウムケッショウ
10020952,低炭酸症,テイタンサンショウ,
10020955,低クロール血症,テイクロールケツショウ,テイクロールケッショウ
10020961,低コレステロール血症,テイコレステロールケツショウ,テイコレステロールケッショウ
10020967,軟骨低形成症,ナンコツテイケイセイショウ,
10020969,低色素性貧血,テイシキソセイヒンケツ,
10020973,凝固低下状態,ギョウコテイカジョウタイ,
10020974,低補体血症,テイホタイケツショウ,テイホタイケッショウ
10020983,低γグロブリン血症,テイガンマグロブリンケツショウ,テイガンマグロブリンケッショウ
10020989,味覚減退,ミカクゲンタイ,
10020993,低血糖,テイケットウ,
10020994,新生児低血糖症,シンセイジテイケットウショウ,
10020997,無自覚性低血糖,ムジカクセイテイケットウ,
10021000,低血糖昏睡,テイケットウコンスイ,
10021002,低血糖性脳症,テイケットウセイノウショウ,
10021010,女性性腺機能低下,ジョセイセイセンキノウテイカ,
10021011,男性性腺機能低下,ダンセイセイセンキノウテイカ,
10021013,乏汗症,ボウカンショウ,
10021014,術後低インスリン血症,ジュツゴテイインスリンケツショウ,ジュツゴテイインスリンケッショウ
10021015,低カリウム血症,テイカリウムケツショウ,テイカリウムケッショウ
10021017,低カリウム血症候群,テイカリウムケツショウコウグン,
10021021,運動低下,ウンドウテイカ,
10021022,新生児運動減退,シンセイジウンドウゲンタイ,
10021024,低脂血症,テイシケツショウ,テイシケッショウ
10021027,低マグネシウム血症,テイマグネシウムケツショウ,テイマグネシウムケッショウ
10021030,軽躁,ケイソウ,
10021033,過少月経,カショウゲッケイ,
10021034,代謝低下症,タイシャテイカショウ,
10021036,低ナトリウム血症,テイナトリウムケツショウ,テイナトリウムケッショウ
10021037,低ナトリウム血症候群,テイナトリウムケツショウコウグン,
10021041,副甲状腺機能低下症,フクコウジョウセンキノウテイカショウ,
10021042,下咽頭癌,カイントウガン,
10021044,再発下咽頭癌,サイハツカイントウガン,
10021045,下咽頭癌第０期,カイントウガンダイ0キ,
10021046,下咽頭癌第１期,カイントウガンダイ1キ,
10021047,下咽頭癌第２期,カイントウガンダイ2キ,
10021048,下咽頭癌第３期,カイントウガンダイ3キ,
10021049,下咽頭癌第４期,カイントウガンダイ4キ,
10021051,下咽頭の良性新生物,カイントウノリョウセイシンセイブツ,
10021058,低リン血症,テイリンケッショウ,テイリンケツショウ
10021065,眼瞼色素減少,ガンケンシキソゲンショウ,
10021067,下垂体機能低下症,カスイタイキノウテイカショウ,
10021068,胎児下垂体機能低下症,タイジカスイタイキノウテイカショウ,
10021074,低形成性貧血,テイケイセイセイヒンケツ,
10021076,左心低形成症候群,サシンテイケイセイショウコウグン,
10021079,減呼吸,ゲンコキュウ,
10021082,低プロラクチン血症,テイプロラクチンケツショウ,テイプロラクチンケッショウ
10021083,低蛋白血症,テイタンパクケツショウ,テイタンパクケッショウ
10021085,低プロトロンビン血症,テイプロトロンビンケッショウ,
10021086,前房蓄膿,ゼンボウチクノウ,
10021089,反射減弱,ハンシャゲンジャク,
10021093,尿道下裂,ニョウドウカレツ,
10021096,低張尿,テイチョウニョウ,
10021097,低血圧,テイケツアツ,
10021111,視床下部－下垂体障害,シショウカブカスイタイショウガイ,
10021113,低体温,テイタイオン,
10021114,甲状腺機能低下症,コウジョウセンキノウテイカショウ,
10021118,筋緊張低下,キンキンチョウテイカ,
10021119,新生児筋緊張低下,シンセイジキンキンチョウテイカ,
10021121,筋緊張低下－反応性低下発作,キンキンチョウテイカハンノウセイテイカホッサ,
10021124,低眼圧,テイガンアツ,
10021126,貧毛症,ヒンモウショウ,
10021128,低トリグリセリド血症,テイトリグリセリドケツショウ,テイトリグリセリドケッショウ
10021131,低尿酸血症,テイニョウサンケツショウ,テイニョウサンケッショウ
10021133,低換気,テイカンキ,
10021134,新生児低換気,シンセイジテイカンキ,
10021135,ビタミン欠乏症,ビタミンケツボウショウ,
10021137,血液量減少症,ケツエキリョウゲンショウショウ,
10021138,血液量減少性ショック,ケツエキリョウゲンショウセイショック,
10021143,低酸素症,テイサンソショウ,
10021148,低亜鉛血症,テイアエンケツショウ,テイアエンケッショウ
10021151,子宮摘出,シキュウテキシュツ,
10021167,子宮卵管造影,シキュウランカンゾウエイ,
10021168,子宮卵管造影異常,シキュウランカンゾウエイイジョウ,
10021169,子宮卵管造影正常,シキュウランカンゾウエイセイジョウ,
10021171,子宮切開,シキュウセッカイ,
10021198,魚鱗癬,ギョリンセン,
10021199,後天性魚鱗癬,コウテンセイギョリンセン,
10021209,黄疸指数上昇,オウダンシスウジョウショウ,
10021212,関連念慮,カンレンネンリョ,
10021240,特発性肺線維症,トクハツセイハイセンイショウ,
10021247,特発性蕁麻疹,トクハツセイジンマシン,
10021249,特異体質性アルコール中毒,トクイタイシツセイアルコールチュウドク,
10021263,ＩｇＡ腎症,IgAジンショウ,
10021281,第３神経損傷,ダイ3シンケイソンショウ,
10021283,第３脳神経麻痺,ダイ3ノウシンケイマヒ,
10021300,回腸壊疽,カイチョウエソ,
10021305,回腸穿孔,カイチョウセンコウ,
10021307,回腸狭窄,カイチョウキョウサク,
10021309,回腸潰瘍,カイチョウカイヨウ,
10021310,回腸潰瘍穿孔,カイチョウカイヨウセンコウ,
10021319,回腸空腸バイパス,カイチョウクウチョウバイパス,
10021321,回腸瘻造設,カイチョウロウゾウセツ,
10021328,イレウス,イレウス,
10021333,麻痺性イレウス,マヒセイイレウス,
10021335,痙性イレウス,ケイセイイレウス,
10021338,腸骨動脈塞栓症,チョウコツドウミャクソクセンショウ,
10021343,腸骨骨折,チョウコツコッセツ,
10021401,文盲,モンモウ,
10021402,非論理的思考,ヒロンリテキシコウ,
10021403,錯覚,サッカク,
10021412,未熟呼吸器系,ミジュクコキュウキケイ,
10021417,運動不能,ウンドウフノウ,
10021425,免疫系障害,メンエキケイショウガイ,
10021430,免疫,メンエキ,
10021432,免疫反応,メンエキハンノウ,
10021449,分類不能型免疫不全症,ブンルイフノウガタメンエキフゼンショウ,
10021450,先天性免疫不全症,センテンセイメンエキフゼンショウ,
10021464,免疫電気泳動,メンエキデンキエイドウ,
10021496,免疫グロブリン,メンエキグロブリン,
10021497,免疫グロブリン異常,メンエキグロブリンイジョウ,
10021499,免疫グロブリン減少,メンエキグロブリンゲンショウ,
10021500,免疫グロブリン増加,メンエキグロブリンゾウカ,
10021501,免疫グロブリン正常,メンエキグロブリンセイジョウ,
10021518,胃排出不全,イハイシュツフゼン,
10021519,治癒不良,チユフリョウ,
10021529,処女膜閉鎖,ショジョマクヘイサ,
10021530,無開口食道,ムカイコウショクドウ,
10021531,膿痂疹,ノウカシン,
10021534,疱疹状膿痂疹,ホウシンジョウノウカシン,
10021542,埋込み部位反応,ウメコミブイハンノウ,
10021546,埋没組織壊死,マイボツソシキエシ,
10021547,埋込み合併症,ウメコミガッペイショウ,
10021554,入獄,ニュウゴク,
10021558,近親者の入獄,キンシンシャノニュウゴク,
10021567,衝動行為,ショウドウコウイ,
10021576,鎮痛効果不十分,チンツウコウカフジュウブン,
10021577,不適切な食事,フテキセツナショクジ,
10021579,不十分な住居,フジュウブンナジュウキョ,
10021580,不十分な腟の潤滑,フジュウブンナチツノジュンカツ,
10021588,不相応な情動,フソウオウナジョウドウ,
10021610,嵌頓ヘルニア,カントンヘルニア,
10021611,嵌頓ヘルニア修復,カントンヘルニアシュウフク,
10021612,嵌頓裂孔ヘルニア,カントンレッコウヘルニア,
10021613,嵌頓鼠径ヘルニア,カントンソケイヘルニア,
10021616,近親相姦,キンシンソウカン,
10021619,瘢痕ヘルニア,ハンコンヘルニア,
10021621,壊疽性瘢痕ヘルニア,エソセイハンコンヘルニア,
10021623,瘢痕ヘルニア修復,ハンコンヘルニアシュウフク,
10021626,閉塞性瘢痕ヘルニア,ヘイソクセイハンコンヘルニア,
10021629,封入体結膜炎,フウニュウタイケツマクエン,
10021630,思考散乱,シコウサンラン,
10021637,不完全型思春期早発症,フカンゼンガタシシュンキソウハツショウ,
10021639,失禁,シッキン,
10021648,陣痛異常,ジンツウイジョウ,
10021654,食欲亢進,ショクヨクコウシン,
10021664,インスリン必要量の増加,インスリンヒツヨウリョウノゾウカ,
10021684,ステロイド活性増加,ステロイドカッセイゾウカ,
10021688,内出血発生の増加傾向,ナイシュッケツハッセイノゾウカケイコウ,
10021700,ハンセン病、未定型群,ハンセンビョウミテイケイグン,
10021703,無関心,ムカンシン,
10021714,間接感染伝播,カンセツカンセンデンパ,
10021718,誘発分娩,ユウハツブンベン,
10021723,麻酔導入および維持,マスイドウニュウオヨビイジ,
10021724,麻酔導入,マスイドウニュウ,
10021731,幼児,ヨウジ,
10021746,乳児仙痛,ニュウジセンツウ,
10021749,幼児壊血病,ヨウジカイケツビョウ,
10021750,点頭てんかん,テントウテンカン,
10021770,感染性腱膜瘤,カンセンセイケンマクリュウ,
10021784,感染性皮膚潰瘍,カンセンセイヒフカイヨウ,
10021789,感染,カンセン,
10021818,易感染性宿主の感染,イカンセンセイシュクシュノカンセン,
10021836,潜在性感染,センザイセイカンセン,
10021857,寄生虫感染,キセイチュウカンセン,
10021859,原虫感染,ゲンチュウカンセン,
10021866,易感染性亢進,イカンセンセイコウシン,
10021869,ヒトとの接触を介する感染症の伝播,ヒトトノセッショクヲカイスルカンセンショウノデンパ,
10021875,予防接種を受けた人を介する感染,ヨボウセッシュヲウケタヒトヲカイスルカンセン,
10021914,伝染性単核症,デンセンセイタンカクショウ,
10021918,感染性筋炎,カンセンセイキンエン,
10021925,劣等コンプレックス,レットウコンプレックス,
10021926,不妊症,フニンショウ,
10021928,女性不妊症,ジョセイフニンショウ,
10021929,男性不妊症,ダンセイフニンショウ,
10021931,不妊症検査,フニンショウケンサ,
10021945,浸潤麻酔,シンジュンマスイ,
10021966,炎症スキャン,エンショウスキャン,
10021972,炎症性腸疾患,エンショウセイチョウシッカン,
10021977,再発炎症性乳癌,サイハツエンショウセイニュウガン,
10021978,炎症性乳癌第３期,エンショウセイニュウガンダイ3キ,
10021979,炎症性乳癌第４期,エンショウセイニュウガンダイ4キ,
10021980,炎症性乳癌,エンショウセイニュウガン,
10022000,インフルエンザ,インフルエンザ,
10022004,インフルエンザ様疾患,インフルエンザヨウシッカン,
10022013,陥入爪,カンニュウソウ,
10022016,鼠径ヘルニア,ソケイヘルニア,
10022018,壊疽性鼠径ヘルニア,エソセイソケイヘルニア,
10022020,鼠径部ヘルニア修復,ソケイブヘルニアシュウフク,
10022021,閉塞性鼠径ヘルニア,ヘイソクセイソケイヘルニア,
10022034,後頭孔脳脱出症,コウトウコウノウダッシュツショウ,
10022035,初期不眠症,ショキフミンショウ,
10022044,注射部位膿瘍,チュウシャブイノウヨウ,
10022045,注射部位無菌性膿瘍,チュウシャブイムキンセイノウヨウ,
10022046,注射部位知覚消失,チュウシャブイチカクショウシツ,
10022048,注射部位萎縮,チュウシャブイイシュク,
10022052,注射部位内出血,チュウシャブイナイシュッケツ,
10022055,注射部位嚢胞,チュウシャブイノウホウ,
10022056,注射部位皮膚炎,チュウシャブイヒフエン,
10022059,注射部位びらん,チュウシャブイビラン,
10022061,注射部位紅斑,チュウシャブイコウハン,
10022062,注射部位溢出,チュウシャブイイッシュツ,
10022064,注射部位線維症,チュウシャブイセンイショウ,
10022065,注射部位肉芽腫,チュウシャブイニクゲシュ,
10022066,注射部位血腫,チュウシャブイケッシュ,
10022067,注射部位出血,チュウシャブイシュッケツ,
10022071,注射部位過敏反応,チュウシャブイカビンハンノウ,
10022072,注射部位肥厚,チュウシャブイヒコウ,
10022075,注射部位硬結,チュウシャブイコウケツ,
10022076,注射部位感染,チュウシャブイカンセン,
10022078,注射部位炎症,チュウシャブイエンショウ,
10022079,注射部位刺激感,チュウシャブイシゲキカン,
10022081,注射部位腫瘤,チュウシャブイシュリュウ,
10022082,注射部位壊死,チュウシャブイエシ,
10022083,注射部位神経損傷,チュウシャブイシンケイソンショウ,
10022085,注射部位浮腫,チュウシャブイフシュ,
10022086,注射部位疼痛,チュウシャブイトウツウ,
10022088,注射部位知覚異常,チュウシャブイチカクイジョウ,
10022090,注射部位静脈炎,チュウシャブイジョウミャクエン,
10022093,注射部位そう痒感,チュウシャブイソウヨウカン,
10022094,注射部位発疹,チュウシャブイホッシン,チュウシャブイハッシン
10022095,注射部位反応,チュウシャブイハンノウ,
10022104,注射部位血栓,チュウシャブイケッセン,
10022105,注射部位潰瘍,チュウシャブイカイヨウ,
10022107,注射部位蕁麻疹,チュウシャブイジンマシン,
10022111,注射部位小水疱,チュウシャブイショウスイホウ,
10022112,注射部位熱感,チュウシャブイネッカン,
10022116,損傷,ソンショウ,
10022120,角膜損傷,カクマクソンショウ,
10022158,分娩時外傷による腕神経叢損傷,ブンベンジガイショウニヨルワンシンケイソウソンショウ,
10022343,分娩時外傷による脊髄損傷,ブンベンジジガイショウニヨルセキズイソンショウ,
10022437,不眠症,フミンショウ,
10022445,深吸気量,シンキュウキリョウ,
10022446,深吸気量異常,シンキュウキリョウイジョウ,
10022448,深吸気量減少,シンキュウキリョウゲンショウ,
10022450,深吸気量増加,シンキュウキリョウゾウカ,
10022452,深吸気量正常,シンキュウキリョウセイジョウ,
10022459,滴下投与部位痛,テキカトウヨブイツウ,
10022472,インスリン自己免疫症候群,インスリンジコメンエキショウコウグン,
10022474,インスリンＣペプチド,インスリンCペプチド,
10022476,インスリンＣペプチド減少,インスリンCペプチドゲンショウ,
10022478,インスリンＣペプチド増加,インスリンCペプチドゾウカ,
10022480,インスリンＣペプチド正常,インスリンCペプチドセイジョウ,
10022489,インスリン抵抗性,インスリンテイコウセイ,
10022491,インスリン抵抗性糖尿病,インスリンテイコウセイトウニョウビョウ,
10022493,インスリン耐性試験,インスリンタイセイシケン,
10022494,インスリン耐性試験異常,インスリンタイセイシケンイジョウ,
10022495,インスリン耐性試験正常,インスリンタイセイシケンセイジョウ,
10022498,インスリノーマ,インスリノーマ,
10022517,知能増進,チノウゾウシン,
10022519,集中治療,シュウチュウチリョウ,
10022520,企図振戦,キトシンセン,
10022523,企図的過量投与,キトテキカリョウトウヨ,
10022524,故意の自傷行為,コイノジショウコウイ,
10022530,毛細血管間糸球体硬化症,モウサイケッカンカンシキュウタイコウカショウ,
10022532,肋間神経切除,ロッカンシンケイセツジョ,
10022536,インターフェロンγ減少,インターフェロンガンマゲンショウ,
10022538,インターフェロンγ正常,インターフェロンガンマセイジョウ,
10022539,インターロイキン療法,インターロイキンリョウホウ,
10022559,月経中間期出血,ゲッケイチュウカンキシュッケツ,
10022562,間欠性跛行,カンケツセイハコウ,
10022568,間欠性爆発性障害,カンケツセイバクハツセイショウガイ,
10022576,骨折内固定,コッセツナイコテイ,
10022591,国際標準比,コクサイヒョウジュンヒ,
10022592,国際標準比異常,コクサイヒョウジュンヒイジョウ,
10022594,国際標準比減少,コクサイヒョウジュンヒゲンショウ,
10022595,国際標準比増加,コクサイヒョウジュンヒゾウカ,
10022596,国際標準比正常,コクサイヒョウジュンヒセイジョウ,
10022599,大動脈弓離断症,ダイドウミャクキュウリダンショウ,
10022611,間質性肺疾患,カンシツセイハイシッカン,
10022622,間擦疹,カンサツシン,
10022626,心室中隔破裂,シンシツチュウカクハレツ,
10022636,椎間板変位,ツイカンバンヘンイ,
10022640,腸管アンギナ,チョウカンアンギナ,
10022642,腸管拡張症,チョウカンカクチョウショウ,
10022647,腸管瘻,チョウカンロウ,
10022651,腸壊疽,チョウエソ,
10022657,腸梗塞,チョウコウソク,
10022680,腸管虚血,チョウカンキョケツ,
10022687,腸閉塞,チョウヘイソク,
10022694,腸管穿孔,チョウカンセンコウ,
10022698,偽性腸閉塞,ギセイチョウヘイソク,
10022699,腸管狭窄,チョウカンキョウサク,
10022706,再発腸管Ｔ細胞性リンパ腫,サイハツチョウカンTサイボウセイリンパシュ,
10022707,治療抵抗性腸管Ｔ細胞性リンパ腫,チリョウテイコウセイチョウカンTサイボウセイリンパシュ,
10022708,腸管Ｔ細胞性リンパ腫第１期,チョウカンTサイボウセイリンパシュダイ1キ,
10022709,腸管Ｔ細胞性リンパ腫第２期,チョウカンTサイボウセイリンパシュダイ2キ,
10022710,腸管Ｔ細胞性リンパ腫第３期,チョウカンTサイボウセイリンパシュダイ3キ,
10022711,腸管Ｔ細胞性リンパ腫第４期,チョウカンTサイボウセイリンパシュダイ4キ,
10022712,腸管転位,チョウカンテンイ,
10022714,腸潰瘍,チョウカイヨウ,
10022728,腹腔内血管腫,フククウナイケッカンシュ,フックウナイケッカンシュ
10022731,羊膜内注入,ヨウマクナイチュウニュウ,
10022736,脳内動脈瘤手術,ノウナイドウミャクリュウシュジュツ,
10022738,頭蓋内病変部切除,トウガイナイビョウヘンブセツジョ,
10022758,頭蓋内動脈瘤,トウガイナイドウミャクリュウ,
10022759,頭蓋内血管腫,トウガイナイケッカンシュ,
10022770,頭蓋内悪性髄膜腫,トウガイナイアクセイズイマクシュ,
10022773,頭蓋内圧上昇,トウガイナイアツジョウショウ,
10022775,頭蓋内腫瘍出血,トウガイナイシュヨウシュッケツ,
10022781,乳管内乳頭腫,ニュウカンナイニュウトウシュ,
10022804,眼圧低下,ガンアツテイカ,
10022806,眼圧上昇,ガンアツジョウショウ,
10022822,血管内溶血,ケッカンナイヨウケツ,
10022840,脳室内出血,ノウシツナイシュッケツ,
10022841,新生児脳室内出血,シンセイジノウシツナイシュッケツ,
10022851,内因子抗体,ナイインシコウタイ,
10022852,内因子抗体異常,ナイインシコウタイイジョウ,
10022853,内因子抗体正常,ナイインシコウタイセイジョウ,
10022855,内因子抗体陽性,ナイインシコウタイヨウセイ,
10022856,腟入口拡張,チツニュウコウカクチョウ,
10022863,腸重積症,チョウジュウセキショウ,
10022868,腎イヌリンクリアランス,ジンイヌリンクリアランス,
10022869,腎イヌリンクリアランス異常,ジンイヌリンクリアランスイジョウ,
10022870,腎イヌリンクリアランス減少,ジンイヌリンクリアランスゲンショウ,
10022871,腎イヌリンクリアランス増加,ジンイヌリンクリアランスゾウカ,
10022873,腎イヌリンクリアランス正常,ジンイヌリンクリアランスセイジョウ,
10022917,ヨウ素摂取,ヨウソセッシュ,
10022918,ヨウ素摂取異常,ヨウソセッシュイジョウ,
10022920,ヨウ素摂取減少,ヨウソセッシュゲンショウ,
10022922,ヨウ素摂取増加,ヨウソセッシュゾウカ,
10022924,ヨウ素摂取正常,ヨウソセッシュセイジョウ,
10022928,ヨードざ瘡,ヨードザソウ,
10022940,虹彩切除,コウサイセツジョ,
10022941,虹彩毛様体炎,コウサイモウヨウタイエン,
10022942,虹彩離断,コウサイリダン,
10022943,虹彩分離,コウサイブンリ,
10022944,虹彩切開,コウサイセッカイ,
10022945,虹彩癒着,コウサイユチャク,
10022948,虹彩萎縮,コウサイイシュク,
10022949,虹彩嚢腫,コウサイノウシュ,
10022955,虹彩炎,コウサイエン,
10022960,総鉄結合能,ソウテツケツゴウノウ,
10022961,総鉄結合能異常,ソウテツケツゴウノウイジョウ,
10022963,総鉄結合能減少,ソウテツケツゴウノウゲンショウ,
10022965,総鉄結合能増加,ソウテツケツゴウノウゾウカ,
10022967,総鉄結合能正常,ソウテツケツゴウノウセイジョウ,
10022970,鉄欠乏,テツケツボウ,
10022972,鉄欠乏性貧血,テツケツボウセイヒンケツ,
10022983,鉄代謝障害,テツタイシャショウガイ,
10022995,不規則睡眠期,フキソクスイミンキ,
10022998,易刺激性,イシゲキセイ,
10023003,過敏性腸症候群,カビンセイチョウショウコウグン,
10023025,虚血性肝炎,キョケツセイカンエン,
10023044,坐骨孔ヘルニア,ザコツコウヘルニア,
10023076,イソスポーラ症,イソスポーラショウ,
10023077,等張尿,トウチョウニョウ,
10023079,胸膜アイソトープ療法,キョウマクアイソトープリョウホウ,
10023108,第４神経損傷,ダイ4シンケイソンショウ,
10023110,第４脳神経麻痺,ダイ4ノウシンケイマヒ,
10023118,未視感,ミシカン,
10023125,ヤーリッシュ・ヘルクスハイマー反応,ヤーリッシュヘルクスハイマーハンノウ,
10023126,黄疸,オウダン,
10023128,無胆汁色素尿性黄疸,ムタンジュウシキソニョウセイオウダン,
10023129,胆汁うっ滞性黄疸,タンジュウウッタイセイオウダン,
10023136,肝細胞性黄疸,カンサイボウセイオウダン,
10023138,新生児黄疸,シンセイジオウダン,
10023146,顎骨嚢胞,ガクコツノウホウ,
10023149,顎の骨折,アゴノコッセツ,
10023152,顎部病変部切除,ガクブビョウヘンブセツジョ,
10023163,ＪＣウイルス感染,JCウイルスカンセン,
10023164,嫉妬妄想,シットモウソウ,
10023172,空腸壊疽,クウチョウエソ,
10023174,空腸穿孔,クウチョウセンコウ,
10023176,空腸狭窄,クウチョウキョウサク,
10023177,空腸潰瘍,クウチョウカイヨウ,
10023178,穿孔性空腸潰瘍,センコウセイクウチョウカイヨウ,
10023180,空腸瘻造設,クウチョウロウゾウセツ,
10023181,空腸瘻修正,クウチョウロウシュウセイ,
10023192,転職,テンショク,
10023193,職業に不満足,ショクギョウニフマンゾク,
10023198,関節強直,カンセツキョウチョク,
10023201,関節拘縮,カンセツコウシュク,
10023202,関節沈着物,カンセツチンチャクブツ,
10023203,関節破壊,カンセツハカイ,
10023204,関節脱臼,カンセツダッキュウ,
10023206,関節の病的脱臼,カンセツノビョウテキダッキュウ,
10023215,関節滲出液,カンセツシンシュツエキ,
10023218,関節注入,カンセツチュウニュウ,
10023220,関節徒手整復,カンセツトシュセイフク,
10023230,関節硬直,カンセツコウチョク,
10023232,関節腫脹,カンセツシュチョウ,
10023236,判断力低下,ハンダンリョクテイカ,
10023237,頚静脈血栓症,ケイジョウミャクケッセンショウ,
10023249,若年性慢性骨髄単球性白血病,ジャクネンセイマンセイコツズイタンキュウセイハッケツビョウ,
10023256,良性若年性黒色腫,リョウセイジャクネンセイコクショクシュ,
10023269,若年性春期丘疹,ジャクネンセイシュンキキュウシン,
10023284,カポジ肉腫,カポジニクシュ,
10023286,エイズ関連カポジ肉腫,エイズカンレンカポジニクシュ,
10023288,古典的カポジ肉腫,コテンテキカポジニクシュ,
10023302,核型分析,カクガタブンセキ,
10023304,核型分析正常,カクガタブンセキセイジョウ,
10023320,川崎病,カワサキビョウ,
10023321,カイザー・フライシャー輪,カイザーフライシャーリン,カイザーフライシャーワ
10023330,ケロイド瘢痕,ケロイドハンコン,
10023332,角膜炎,カクマクエン,
10023335,角膜実質炎,カクマクジッシツエン,
10023339,硬化性角膜炎,コウカセイカクマクエン,
10023347,ケラトアカントーマ,ケラトアカントーマ,
10023349,麻疹性角結膜炎,マシンセイカクケツマクエン,
10023353,円錐角膜,エンスイカクマク,
10023358,膿漏性角皮症,ノウロウセイカクヒショウ,
10023361,角膜軟化症,カクマクナンカショウ,
10023363,角膜曲率測定,カクマクキョクリツソクテイ,
10023365,角膜症,カクマクショウ,
10023369,毛包性角化症,モウホウセイカクカショウ,モウホウセイカッカショウ
10023370,淋菌性角化症,リンキンセイカクカショウ,
10023371,閉塞性角化症,ヘイソクセイカクカショウ,
10023374,角膜切開,カクマクセッカイ,
10023375,禿瘡,トクソウ,
10023376,核黄疸,カクオウダン,
10023379,ケトアシドーシス,ケトアシドーシス,
10023388,ケトン尿,ケトンニョウ,
10023391,ケトーシス,ケトーシス,
10023392,ケトーシス傾向糖尿病,ケトーシスケイコウトウニョウビョウ,
10023395,腎吻合,ジンフンゴウ,
10023413,腎挫傷,ジンザショウ,
10023416,重複腎,ジュウフクジン,チョウフクジン
10023421,腎線維症,ジンセンイショウ,
10023424,腎感染,ジンカンセン,
10023430,腎奇形,ジンキケイ,
10023434,腎臓破裂,ジンゾウハレツ,
10023435,矮小腎,ワイショウジン,
10023439,腎移植拒絶反応,ジンイショクキョゼツハンノウ,
10023461,窃盗癖,セットウヘキ,
10023463,クラインフェルター症候群,クラインフェルターショウコウグン,
10023464,クリッペル・ファイル症候群,クリッペルファイルショウコウグン,
10023469,膝関節形成,シツカンセツケイセイ,ヒザカンセツケイセイ
10023482,ケッペ結節,ケッペケッセツ,
10023491,戒律に従った食事,カイリツニシタガッタショクジ,
10023492,クラッベ病,クラッベビョウ,
10023497,クールー病,クールービョウ,
10023499,クスマウル大呼吸,クスマウルダイコキュウ,
10023504,クワシオルコル,クワシオルコル,
10023505,キャサヌル森林病,キャサヌルシンリンビョウ,
10023506,後側弯症,コウソクワンショウ,
10023508,脊柱後側弯性心疾患,セキチュウコウソクワンセイシンシッカン,
10023509,脊柱後弯症,セキチュウコウワンショウ,
10023527,陰唇肥大,インシンヒダイ,
10023533,不安定血圧,フアンテイケツアツ,
10023547,臨床検査異常,リンショウケンサイジョウ,
10023550,臨床検査干渉,リンショウケンサカンショウ,
10023563,迷路瘻,メイロロウ,
10023567,迷路炎,メイロエン,
10023615,自発発語の減少,ジハツハツゴノゲンショウ,
10023618,涙腺萎縮,ルイセンイシュク,
10023627,涙管色素沈着,ルイカンシキソチンチャク,
10023628,涙腺瘻,ルイセンロウ,
10023632,涙腺肥大,ルイセンヒダイ,
10023633,涙腺手術,ルイセンシュジュツ,
10023635,涙道肉芽腫,ルイドウニクゲシュ,
10023636,涙点欠損,ルイテンケッソン,
10023637,涙嚢蜂巣炎,ルイノウホウソウエン,
10023642,涙液分泌低下,ルイエキブンピテイカ,ルイエキブンピツテイカ
10023643,流涙障害,リュウルイショウガイ,
10023644,流涙増加,リュウルイゾウカ,
10023648,ラクターゼ欠乏症,ラクターゼケツボウショウ,
10023656,尿中乳酸脱水素酵素,ニョウチュウニュウサンダッスイソコウソ,
10023657,尿中乳酸脱水素酵素増加,ニョウチュウニュウサンダッスイソコウソゾウカ,
10023658,尿中乳酸脱水素酵素正常,ニョウチュウニュウサンダッスイソコウソセイジョウ,
10023671,産褥期乳汁分泌増加,サンジョクキニュウジュウブンピゾウカ,サンジョクキニュウジュウブンピツゾウカ
10023676,乳酸アシドーシス,ニュウサンアシドーシス,
10023681,ラクトース不耐性,ラクトースフタイセイ,
10023683,兎眼,トガン,
10023693,腹腔鏡検査,フックウキョウケンサ,
10023694,腹腔鏡検査異常,フククウキョウケンサイジョウ,フックウキョウケンサイジョウ
10023695,腹腔鏡検査正常,フククウキョウケンサセイジョウ,フックウキョウケンサセイジョウ
10023696,開腹,カイフク,
10023774,肺大細胞癌,ハイダイサイボウガン,
10023775,再発肺大細胞癌,サイハツハイダイサイボウガン,
10023776,肺大細胞癌第０期,ハイダイサイボウガンダイ0キ,
10023777,肺大細胞癌第１期,ハイダイサイボウガンダイ1キ,
10023778,肺大細胞癌第２期,ハイダイサイボウガンダイ2キ,
10023779,肺大細胞癌第３期,ハイダイサイボウガンダイ3キ,
10023780,肺大細胞癌第４期,ハイダイサイボウガンダイ4キ,
10023789,妊娠週に比して大きい児,ニンシンシュウニヒシテオオキイコ,ニンシンシュウニヒシテオオキイジ
10023791,大顆粒性リンパ球増多症,ダイカリュウセイリンパキュウゾウタショウ,
10023794,大腸閉塞整復,ダイチョウヘイソクセイフク,
10023799,大腸潰瘍,ダイチョウカイヨウ,
10023800,大腸吻合,ダイチョウフンゴウ,
10023804,大腸穿孔,ダイチョウセンコウ,
10023825,喉頭癌,コウトウガン,
10023828,再発喉頭癌,サイハツコウトウガン,
10023829,喉頭癌第０期,コウトウガンダイ0キ,
10023830,喉頭癌第１期,コウトウガンダイ1キ,
10023831,喉頭癌第２期,コウトウガンダイ2キ,
10023832,喉頭癌第３期,コウトウガンダイ3キ,
10023833,喉頭癌第４期,コウトウガンダイ4キ,
10023839,喉頭角化性局面,コウトウカクカセイキョクメン,
10023841,喉頭新生物,コウトウシンセイブツ,
10023845,喉頭浮腫,コウトウフシュ,
10023848,喉頭痛,コウトウツウ,
10023849,喉頭乳頭腫,コウトウニュウトウシュ,
10023851,喉頭ポリープ,コウトウポリープ,
10023852,喉頭ポリープ切除,コウトウポリープセツジョ,
10023853,喉頭修復,コウトウシュウフク,
10023856,喉頭扁平上皮癌,コウトウヘンペイジョウヒガン,
10023862,喉頭狭窄,コウトウキョウサク,
10023864,喉頭潰瘍,コウトウカイヨウ,
10023871,喉頭ウエッブ,コウトウウエッブ,
10023872,喉頭摘出,コウトウテキシュツ,
10023874,喉頭炎,コウトウエン,
10023880,ウイルス性喉頭炎,ウイルスセイコウトウエン,
10023885,喉頭嚢胞,コウトウノウホウ,
10023888,喉頭鏡検査,コウトウキョウケンサ,
10023889,喉頭鏡検査異常,コウトウキョウケンサイジョウ,
10023890,喉頭鏡検査正常,コウトウキョウケンサセイジョウ,
10023891,喉頭痙攣,コウトウケイレン,
10023893,喉頭気管浮腫,コウトウキカンフシュ,
10023897,閉塞性喉頭気管炎,ヘイソクセイコウトウキカンエン,
10023927,ラッサ熱,ラッサネツ,
10023936,発達遅延者,ハッタツチエンシャ,
10024004,新生児の遅発代謝性アシドーシス,シンセイジノチハツタイシャセイアシドーシス,
10024028,大腿部外側皮神経除圧,ダイタイブガイソクヒシンケイジョアツ,
10024033,延髄外側症候群,エンズイガイソクショウコウグン,
10024034,膝窩外側除圧,シッカガイソクジョアツ,シツカガイソクジョアツ
10024044,緩下薬による補助療法,カンゲヤクニヨルホジョリョウホウ,
10024061,ＬＥ細胞陰性,LEサイボウインセイ,
10024062,ＬＥ細胞陽性,LEサイボウヨウセイ,
10024084,尿中鉛,ニョウチュウエン,
10024086,尿中鉛減少,ニョウチュウエンゲンショウ,
10024088,尿中鉛増加,ニョウチュウエンゾウカ,ニョウチュウナマリゾウカ
10024090,尿中鉛正常,ニョウチュウエンセイジョウ,
10024092,学習障害者,ガクシュウショウガイシャ,
10024119,左室不全,サシツフゼン,
10024124,下肢切断,カシセツダン,
10024137,法律問題,ホウリツモンダイ,
10024184,平滑筋腫,ヘイカツキンシュ,
10024189,平滑筋肉腫,ヘイカツキンニクシュ,
10024191,遠隔転移を伴う平滑筋肉腫,エンカクテンイヲトモナウヘイカツキンニクシュ,
10024194,再発平滑筋肉腫,サイハツヘイカツキンニクシュ,
10024198,リーシュマニア症,リーシュマニアショウ,
10024202,先天性水晶体異常,センテンセイスイショウタイイジョウ,
10024203,水晶体脱臼,スイショウタイダッキュウ,
10024214,水晶体混濁,スイショウタイコンダク,
10024216,水晶体色素沈着,スイショウタイシキソチンチャク,
10024217,黒子,コクシ,ホクロ
10024218,悪性黒子,アクセイコクシ,アクセイホクロ
10024220,再発悪性黒子,サイハツアクセイコクシ,サイハツアクセイホクロ
10024221,悪性黒子第１期,アクセイコクシダイ1キ,アクセイホクロダイ1キ
10024222,悪性黒子第２期,アクセイコクシダイ2キ,アクセイホクロダイ2キ
10024223,悪性黒子第３期,アクセイコクシダイ3キ,アクセイホクロダイ3キ
10024224,悪性黒子第４期,アクセイコクシダイ4キ,アクセイホクロダイ4キ
10024227,ハンセン病、らい腫型,ハンセンビョウライシュガタ,
10024229,ハンセン病,ハンセンビョウ,
10024238,レプトスピラ症,レプトスピラショウ,
10024242,ルリッシュ症候群,ルリッシュショウコウグン,
10024264,嗜眠,シミン,
10024275,ロイシンアミノペプチダーゼ上昇,ロイシンアミノペプチダーゼジョウショウ,
10024288,白血病,ハッケツビョウ,
10024293,好塩基球性白血病,コウエンキキュウセイハッケツビョウ,
10024299,顆粒球白血病,カリュウキュウハッケツビョウ,
10024305,単球性白血病,タンキュウセイハッケツビョウ,
10024325,白血性リンパ腫,ハッケツセイリンパシュ,
10024328,類白血病反応,ルイハッケツビョウハンノウ,
10024378,白血球増加症,ハッケッキュウゾウカショウ,
10024380,白斑,ハクハン,
10024381,白質ジストロフィー,ハクシツジストロフィー,
10024382,白質脳症,ハクシツノウショウ,
10024383,白赤芽球症,ハクセキガキュウショウ,
10024384,白血球減少症,ハッケッキュウゲンショウショウ,
10024389,食道白斑症,ショクドウハクハンショウ,
10024394,陰茎の白斑症,インケイノハクハンショウ,
10024396,口腔白斑症,コウクウハクハンショウ,コウコウハクハンショウ
10024407,精巣ライディッヒ細胞腫瘍,セイソウライディッヒサイボウシュヨウ,
10024419,リビドー減退,リビドーゲンタイ,
10024421,リビドー亢進,リビドーコウシン,
10024424,シラミ寄生,シラミキセイ,
10024428,光沢苔癬,コウタクタイセン,
10024429,扁平苔癬,ヘンペイタイセン,
10024434,硬化性苔癬,コウカセイタイセン,
10024436,棘状苔癬,キョクジョウタイセン,
10024438,苔癬化,タイセンカ,
10024443,閉眼遅延,ヘイガンチエン,
10024447,生命維持,セイメイイジ,
10024452,靱帯弛緩,ジンタイシカン,ジンタイチカン
10024453,靱帯捻挫,ジンタイネンザ,
10024458,浅麻酔,センマスイ,
10024459,Ｌ鎖病,Lサビョウ,
10024503,肢欠損,シケッソン,
10024511,症状限定パニック発作,ショウジョウゲンテイパニックホッサ,
10024515,線状ＩｇＡ病,センジョウIgAビョウ,
10024520,形成性胃組織炎,ケイセイセイイソシキエン,
10024535,再発口唇および口腔内癌,サイハツコウシンオヨビコウクウナイガン,
10024536,口唇および口腔内癌第０期,コウシンオヨビコウクウナイガンダイ0キ,
10024537,口唇および口腔内癌第１期,コウシンオヨビコウクウナイガンダイ1キ,
10024538,口唇および口腔内癌第２期,コウシンオヨビコウクウナイガンダイ2キ,
10024539,口唇および口腔内癌第３期,コウシンオヨビコウクウナイガンダイ3キ,
10024540,口唇および口腔内癌第４期,コウシンオヨビコウクウナイガンダイ4キ,
10024549,口唇変色,コウシンヘンショク,
10024552,口唇乾燥,コウシンカンソウ,
10024556,口唇の良性新生物,コウシンノリョウセイシンセイブツ,
10024557,口唇の悪性新生物、病期不明,コウシンノアクセイシンセイブツビョウキフメイ,
10024558,口唇浮腫,コウシンフシュ,
10024561,口唇痛,コウシンツウ,
10024565,口唇修復,コウシンシュウフク,
10024570,口唇腫脹,コウシンシュチョウ,
10024572,口唇潰瘍,コウシンカイヨウ,
10024573,リパーゼ減少,リパーゼゲンショウ,
10024574,リパーゼ増加,リパーゼゾウカ,
10024575,リパーゼ正常,リパーゼセイジョウ,
10024576,尿中リパーゼ,ニョウチュウリパーゼ,
10024577,尿中リパーゼ減少,ニョウチュウリパーゼゲンショウ,
10024578,尿中リパーゼ増加,ニョウチュウリパーゼゾウカ,
10024585,リピドーシス,リピドーシス,
10024587,脂質,シシツ,
10024588,脂質異常,シシツイジョウ,
10024591,脂質減少,シシツゲンショウ,
10024592,脂質増加,シシツゾウカ,
10024593,脂質正常,シシツセイジョウ,
10024602,脂肪尿,シボウニョウ,
10024604,脂肪組織萎縮症,シボウソシキイシュクショウ,
10024612,脂肪腫,シボウシュ,
10024614,脂肪腫切除,シボウシュセツジョ,
10024616,乳房脂肪腫,ニュウボウシボウシュ,
10024626,リポ蛋白欠乏症,リポタンパクケツボウショウ,
10024627,脂肪肉腫,シボウニクシュ,
10024629,遠隔転移を伴う脂肪肉腫,エンカクテンイヲトモナウシボウニクシュ,
10024632,再発脂肪肉腫,サイハツシボウニクシュ,
10024641,リステリア症,リステリアショウ,
10024642,気力低下,キリョクテイカ,
10024648,網状皮斑,モウジョウヒハン,
10024652,肝膿瘍,カンノウヨウ,
10024670,肝障害,カンショウガイ,
10024690,肝機能検査異常,カンキノウケンサイジョウ,
10024707,肝スキャン,カンスキャン,
10024712,肝圧痛,カンアッツウ,
10024714,肝移植,カンイショク,
10024715,肝移植拒絶反応,カンイショクキョゼツハンノウ,
10024728,青藍色状態,セイランショクジョウタイ,
10024729,独り暮らし,ヒトリグラシ,
10024733,施設での生活,シセツデノセイカツ,
10024743,ロボ真菌症,ロボシンキンショウ,
10024758,局所麻酔,キョクショマスイ,
10024769,局所反応,キョクショハンノウ,
10024774,限局性感染,ゲンキョクセイカンセン,
10024787,双胎懸鉤,ソウタイケンコウ,
10024792,閉じ込め症候群,トジコメショウコウグン,
10024794,レフレル症候群,レフレルショウコウグン,
10024796,言葉もれ,コトバモレ,
10024803,ＱＴ延長症候群,QTエンチョウショウコウグン,
10024825,連合弛緩,レンゴウシカン,レンゴウチカン
10024829,関節内遊離体,カンセツナイユウリタイ,
10024842,脊柱前弯症,セキチュウゼンワンショウ,
10024846,術後前弯,ジュツゴゼンワン,
10024855,意識消失,イシキショウシツ,
10024860,足のもつれ,アシノモツレ,
10024861,失職,シッショク,
10024870,リビドー消失,リビドーショウシツ,
10024887,跳躍病,チョウヤクビョウ,
10024899,低心拍出量症候群,テイシンハクシュツリョウショウコウグン,
10024900,低比重リポ蛋白,テイヒジュウリポタンパク,
10024901,低比重リポ蛋白異常,テイヒジュウリポタンパクイジョウ,
10024909,低比重リポ蛋白減少,テイヒジュウリポタンパクゲンショウ,
10024910,低比重リポ蛋白増加,テイヒジュウリポタンパクゾウカ,
10024911,低比重リポ蛋白正常,テイヒジュウリポタンパクセイジョウ,
10024929,低位耳介,テイイジカイ,
10024962,下位運動ニューロンの病変,カイウンドウニューロンノビョウヘン,
10024968,下気道感染,カキドウカンセン,
10024984,ラウン・ギャノン・レバイン症候群,ラウンギャノンレバインショウコウグン,
10024995,腰ヘルニア,ヨウヘルニア,コシヘルニア
10024999,腰椎穿刺,ヨウツイセンシ,
10025000,腰椎穿刺異常,ヨウツイセンシイジョウ,
10025002,腰椎穿刺正常,ヨウツイセンシセイジョウ,
10025005,腰部脊柱管狭窄症,ヨウブセキチュウカンキョウサクショウ,
10025015,腰仙神経叢損傷,ヨウセンシンケイソウソンショウ,
10025016,腰仙部神経叢病変,ヨウセンブシンケイソウビョウヘン,
10025028,肺膿瘍,ハイノウヨウ,
10025031,肺腺癌,ハイセンガン,
10025033,再発肺腺癌,サイハツハイセンガン,
10025034,肺腺癌第０期,ハイセンガンダイ0キ,
10025035,肺腺癌第１期,ハイセンガンダイ1キ,
10025036,肺腺癌第２期,ハイセンガンダイ2キ,
10025037,肺腺癌第３期,ハイセンガンダイ3キ,
10025038,肺腺癌第４期,ハイセンガンダイ4キ,
10025065,再発肺癌、細胞タイプ不明,サイハツハイガンサイボウタイプフメイ,
10025066,肺癌第０期、細胞タイプ不明,ハイガンダイ0キサイボウタイプフメイ,
10025067,肺癌第１期、細胞タイプ不明,ハイガンダイ1キサイボウタイプフメイ,
10025068,肺癌第２期、細胞タイプ不明,ハイガンダイ2キサイボウタイプフメイ,
10025069,肺癌第３期、細胞タイプ不明,ハイガンダイ3キサイボウタイプフメイ,
10025070,肺癌第４期、細胞タイプ不明,ハイガンダイ4キサイボウタイプフメイ,
10025080,肺硬化,ハイコウカ,
10025082,肺障害,ハイショウガイ,
10025102,肺浸潤,ハイシンジュン,
10025120,再発肺扁平上皮癌,サイハツハイヘンペイジョウヒガン,
10025121,肺扁平上皮癌第０期,ハイヘンペイジョウヒガンダイ0キ,
10025122,肺扁平上皮癌第１期,ハイヘンペイジョウヒガンダイ1キ,
10025123,肺扁平上皮癌第２期,ハイヘンペイジョウヒガンダイ2キ,
10025124,肺扁平上皮癌第３期,ハイヘンペイジョウヒガンダイ3キ,
10025125,肺扁平上皮癌第４期,ハイヘンペイジョウヒガンダイ4キ,
10025127,肺移植,ハイイショク,
10025129,ルポイド肝硬変症,ルポイドカンコウヘンショウ,
10025130,ループス脳炎,ループスノウエン,
10025140,ループス腎炎,ループスジンエン,
10025143,尋常性狼瘡,ジンジョウセイロウソウ,
10025169,ライム病,ライムビョウ,
10025180,リンパ節線維症,リンパセツセンイショウ,
10025182,リンパ節痛,リンパセツツウ,
10025183,リンパ節結核,リンパセツケッカク,
10025188,リンパ節炎,リンパセツエン,
10025197,リンパ節症,リンパセツショウ,
10025205,縦隔リンパ節腫脹,ジュウカクリンパセツシュチョウ,
10025210,リンパ管拡張症,リンパカンカクチョウショウ,
10025213,腸管リンパ管拡張症,チョウカンリンパカンカクチョウショウ,
10025215,リンパ管造影,リンパカンゾウエイ,
10025216,リンパ管造影異常,リンパカンゾウエイイジョウ,
10025217,リンパ管造影正常,リンパカンゾウエイセイジョウ,
10025219,リンパ管腫,リンパカンシュ,
10025223,リンパ管肉腫,リンパカンニクシュ,
10025226,リンパ管炎,リンパカンエン,
10025250,リンパ球養子免疫療法,リンパキュウヨウシメンエキリョウホウ,
10025251,リンパ球数,リンパキュウスウ,
10025252,リンパ球数異常,リンパキュウスウイジョウ,
10025256,リンパ球数減少,リンパキュウスウゲンショウ,
10025258,リンパ球数増加,リンパキュウスウゾウカ,
10025260,リンパ球数正常,リンパキュウスウセイジョウ,
10025270,リンパ性白血病,リンパセイハッケツビョウ,
10025279,新生児リンパ球減少症,シンセイジリンパキュウゲンショウショウ,
10025280,リンパ球増加症,リンパキュウゾウカショウ,
10025282,リンパ浮腫,リンパフシュ,
10025297,性病性リンパ肉芽腫症,セイビョウセイリンパニクゲシュショウ,
10025300,リンパ性白血病（寛解期）,リンパセイハッケツビョウカンカイキ,
10025310,リンパ腫,リンパシュ,
10025312,エイズ関連リンパ腫,エイズカンレンリンパシュ,
10025327,リンパ球減少症,リンパキュウゲンショウショウ,
10025342,リンパ形質細胞様リンパ腫・免疫細胞腫,リンパケイシツサイボウヨウリンパシュメンエキサイボウシュ,
10025345,再発リンパ形質細胞様リンパ腫・免疫細胞腫,サイハツリンパケイシツサイボウヨウリンパシュメンエキサイボウシュ,
10025346,治療抵抗性リンパ形質細胞様リンパ腫・免疫細胞腫,チリョウテイコウセイリンパケイシツサイボウヨウリンパシュメンエキサイボウシュ,
10025347,リンパ形質細胞様リンパ腫・免疫細胞腫第１期,リンパケイシツサイボウヨウリンパシュメンエキサイボウシュダイ1キ,
10025348,リンパ形質細胞様リンパ腫・免疫細胞腫第２期,リンパケイシツサイボウヨウリンパシュメンエキサイボウシュダイ2キ,
10025349,リンパ形質細胞様リンパ腫・免疫細胞腫第３期,リンパケイシツサイボウヨウリンパシュメンエキサイボウシュダイ3キ,
10025350,リンパ形質細胞様リンパ腫・免疫細胞腫第４期,リンパケイシツサイボウヨウリンパシュメンエキサイボウシュダイ4キ,
10025375,マクロード症候群,マクロードショウコウグン,
10025376,マクロアミラーゼ血症,マクロアミラーゼケツショウ,マクロアミラーゼケッショウ
10025377,長寿食,チョウジュショク,
10025378,巨唇症,キョシンショウ,
10025382,大赤血球症,ダイセッケッキュウショウ,
10025386,巨指症,キョシショウ,
10025387,大下顎症,ダイカガクショウ,
10025388,マクログロブリン陽性,マクログロブリンヨウセイ,
10025391,巨舌症,キョゼツショウ,
10025392,マクロファージ減少,マクロファージゲンショウ,
10025394,巨大児,キョダイジ,
10025395,巨口症,キョコウショウ,
10025396,巨耳症,キョジショウ,
10025407,黄斑嚢胞,オウハンノウホウ,
10025409,黄斑変性,オウハンヘンセイ,
10025412,先天性黄斑部ジストロフィー,センテンセイオウハンブジストロフィー,
10025415,黄斑浮腫,オウハンフシュ,
10025416,黄斑部混濁,オウハンブコンダク,
10025419,黄斑部反射異常,オウハンブハンシャイジョウ,
10025420,黄斑部血管痙攣,オウハンブケッカンケイレン,
10025421,斑,ハン,
10025425,黄斑症,オウハンショウ,
10025429,呪術的思考,ジュジュツテキシコウ,
10025433,マグネシウム欠乏,マグネシウムケツボウ,
10025438,マグネシウム代謝障害,マグネシウムタイシャショウガイ,
10025445,麻酔維持,マスイイジ,
10025476,吸収不良,キュウシュウフリョウ,
10025478,注射部位からの吸収不良,チュウシャブイカラノキュウシュウフリョウ,
10025482,倦怠感,ケンタイカン,
10025487,マラリア,マラリア,
10025494,マラリア予防,マラリアヨボウ,
10025513,男性オルガズム障害,ダンセイオルガズムショウガイ,
10025523,胆管奇形,タンカンキケイ,
10025532,静脈奇形,ジョウミャクキケイ,
10025538,悪性腹水,アクセイフクスイ,
10025552,悪性線維性組織球腫,アクセイセンイセイソシキキュウシュ,
10025554,遠隔転移を伴う悪性線維性組織球腫,エンカクテンイヲトモナウアクセイセンイセイソシキキュウシュ,
10025557,骨の悪性線維性組織球症,ホネノアクセイセンイセイソシキキュウショウ,
10025561,再発悪性線維性組織球腫,サイハツアクセイセンイセイソシキキュウシュ,
10025566,悪性血管周囲細胞腫,アクセイケッカンシュウイサイボウシュ,
10025567,遠隔転移を伴う悪性血管周囲細胞腫,エンカクテンイヲトモナウアクセイケッカンシュウイサイボウシュ,
10025570,再発悪性血管周囲細胞腫,サイハツアクセイケッカンシュウイサイボウシュ,
10025581,悪性組織球増殖症,アクセイソシキキュウゾウショクショウ,
10025598,悪性胞状奇胎,アクセイホウジョウキタイ,
10025600,悪性高血圧,アクセイコウケツアツ,
10025603,悪性高血圧性心疾患,アクセイコウケツアツセイシンシッカン,
10025635,分類不能なハイグレードの悪性リンパ腫,ブンルイフノウナハイグレードノアクセイリンパシュ,
10025636,分類不能なローグレードの悪性リンパ腫,ブンルイフノウナローグレードノアクセイリンパシュ,
10025638,肥満細胞の悪性新生物,ヒマンサイボウノアクセイシンセイブツ,
10025650,悪性黒色腫,アクセイコクショクシュ,
10025654,皮膚以外の悪性黒色腫,ヒフイガイノアクセイコクショクシュ,
10025668,悪性黒色腫第１期,アクセイコクショクシュダイ1キ,
10025669,悪性黒色腫第２期,アクセイコクショクシュダイ2キ,
10025670,悪性黒色腫第３期,アクセイコクショクシュダイ3キ,
10025671,悪性黒色腫第４期,アクセイコクショクシュダイ4キ,
10025674,遠隔転移を伴う悪性間葉腫,エンカクテンイヲトモナウアクセイカンヨウシュ,
10025677,再発悪性間葉腫,サイハツアクセイカンヨウシュ,
10025697,ファーター膨大部の悪性新生物,ファーターボウダイブノアクセイシンセイブツ,
10025839,脈絡膜の悪性新生物,ミャクラクマクノアクセイシンセイブツ,
10025861,結膜の悪性新生物,ケツマクノアクセイシンセイブツ,
10025871,角膜の悪性新生物,カクマクノアクセイシンセイブツ,
10025910,眼の悪性新生物,メノアクセイシンセイブツ,
10025997,ランゲルハンス島の悪性新生物,ランゲルハンストウノアクセイシンセイブツ,
10026030,涙管の悪性新生物,ルイカンノアクセイシンセイブツ,
10026031,涙腺の悪性新生物,ルイセンノアクセイシンセイブツ,
10026183,眼窩の悪性新生物,ガンカノアクセイシンセイブツ,
10026326,尿道傍腺の悪性新生物,ニョウドウボウセンノアクセイシンセイブツ,
10026350,胎盤の悪性新生物,タイバンノアクセイシンセイブツ,
10026351,胸膜の悪性新生物,キョウマクノアクセイシンセイブツ,
10026426,腎盂の悪性新生物,ジンウノアクセイシンセイブツ,
10026432,網膜の悪性新生物,モウマクノアクセイシンセイブツ,
10026470,精索の悪性新生物,セイサクノアクセイシンセイブツ,
10026472,脊髄の悪性新生物,セキズイノアクセイシンセイブツ,
10026532,胸部の悪性新生物,キョウブノアクセイシンセイブツ,
10026533,胸腺の悪性新生物,キョウセンノアクセイシンセイブツ,
10026616,子宮付属器の悪性新生物,シキュウフゾクキノアクセイシンセイブツ,
10026659,悪性乏突起神経膠腫,アクセイボウトッキシンケイコウシュ,
10026662,悪性卵巣嚢腫,アクセイランソウノウシュ,
10026663,口蓋の悪性新生物,コウガイノアクセイシンセイブツ,
10026672,下垂体の悪性腫瘍,カスイタイノアクセイシュヨウ,
10026673,悪性胸水,アクセイキョウスイ,
10026674,悪性腎性高血圧,アクセイジンセイコウケツアツ,
10026702,脾臓の悪性新生物,ヒゾウノアクセイシンセイブツ,
10026710,つち指,ツチユビ,
10026712,マロリー・ワイス症候群,マロリーワイスショウコウグン,
10026730,乳管拡張症,ニュウカンカクチョウショウ,
10026735,乳房撮影,ニュウボウサツエイ,
10026736,乳房撮影異常,ニュウボウサツエイイジョウ,
10026737,乳房撮影正常,ニュウボウサツエイセイジョウ,
10026743,マンガン,マンガン,
10026744,マンガン減少,マンガンゲンショウ,
10026746,マンガン増加,マンガンゾウカ,
10026748,マンガン正常,マンガンセイジョウ,
10026749,躁病,ソウビョウ,
10026792,顕性屈折,ケンセイクッセツ,
10026800,再発マントル細胞リンパ腫,サイハツマントルサイボウリンパシュ,
10026801,治療抵抗性マントル細胞リンパ腫,チリョウテイコウセイマントルサイボウリンパシュ,
10026802,マントル細胞リンパ腫第１期,マントルサイボウリンパシュダイ1キ,
10026803,マントル細胞リンパ腫第２期,マントルサイボウリンパシュダイ2キ,
10026804,マントル細胞リンパ腫第３期,マントルサイボウリンパシュダイ3キ,
10026805,マントル細胞リンパ腫第４期,マントルサイボウリンパシュダイ4キ,
10026817,メープルシロップ病,メープルシロップビョウ,
10026820,マラスムス,マラスムス,
10026822,マールブルグ病,マールブルグビョウ,
10026827,行軍血色素尿症,コウグンケッシキソニョウショウ,
10026828,マルキアファーヴァ・ビニャミ病,マルキアファーヴァビニャミビョウ,
10026829,マルファン症候群,マルファンショウコウグン,
10026834,夫婦間の問題,フウフカンノモンダイ,
10026843,既婚,キコン,
10026851,骨髄過形成,コツズイカケイセイ,
10026864,マゾヒズム,マゾヒズム,
10026865,腫瘤,シュリュウ,
10026871,マッサージ,マッサージ,
10026878,乳房切除,ニュウボウセツジョ,
10026882,咀嚼障害,ソシャクショウガイ,
10026883,乳腺炎,ニュウセンエン,
10026889,産褥乳腺炎,サンジョクニュウセンエン,
10026890,肥満細胞腫,ヒマンサイボウシュ,
10026891,肥満細胞症,ヒマンサイボウショウ,
10026896,乳突洞診査,ニュウトツドウシンサ,
10026899,乳突洞削開,ニュウトツドウサクカイ,
10026900,乳様突起炎,ニュウヨウトッキエン,
10026912,胎児に影響する母体の死亡,タイジニエイキョウスルボタイノシボウ,
10026923,胎児に影響する母体投与薬剤,タイジニエイキョウスルボタイトウヨヤクザイ,
10026924,胎児に影響する母体の高血圧症,タイジニエイキョウスルボタイノコウケツアツショウ,
10026938,不正薬剤母体使用,フセイヤクザイボタイシヨウ,
10026945,成熟Ｂ細胞型急性白血病,セイジュクBサイボウガタキュウセイハッケツビョウ,
10026950,上顎洞手術,ジョウガクドウシュジュツ,
10026956,上顎顔面洞新生物,ジョウガクガンメンドウシンセイブツ,ジョウガクガンメントウシンセイブツ
10026958,最大随意換気量,サイダイズイイカンキリョウ,
10026959,最大随意換気量異常,サイダイズイイカンキリョウイジョウ,
10026961,最大随意換気量減少,サイダイズイイカンキリョウゲンショウ,
10026963,最大随意換気量増加,サイダイズイイカンキリョウゾウカ,
10026965,最大随意換気量正常,サイダイズイイカンキリョウセイジョウ,
10026982,平均動脈圧,ヘイキンドウミャクアツ,
10026983,平均動脈圧低下,ヘイキンドウミャクアツテイカ,
10026985,平均動脈圧上昇,ヘイキンドウミャクアツジョウショウ,
10026989,平均赤血球ヘモグロビン,ヘイキンセッケッキュウヘモグロビン,
10026990,平均赤血球ヘモグロビン濃度,ヘイキンセッケッキュウヘモグロビンノウド,
10026991,平均赤血球ヘモグロビン濃度減少,ヘイキンセッケッキュウヘモグロビンノウドゲンショウ,
10026992,平均赤血球ヘモグロビン濃度増加,ヘイキンセッケッキュウヘモグロビンノウドゾウカ,
10026994,平均赤血球ヘモグロビン濃度正常,ヘイキンセッケッキュウヘモグロビンノウドセイジョウ,
10026995,平均赤血球ヘモグロビン減少,ヘイキンセッケッキュウヘモグロビンゲンショウ,
10026996,平均赤血球ヘモグロビン増加,ヘイキンセッケッキュウヘモグロビンゾウカ,
10026997,平均赤血球ヘモグロビン正常,ヘイキンセッケッキュウヘモグロビンセイジョウ,
10026999,平均赤血球容積,ヘイキンセッケッキュウヨウセキ,
10027000,平均赤血球容積異常,ヘイキンセッケッキュウヨウセキイジョウ,
10027002,平均赤血球容積減少,ヘイキンセッケッキュウヨウセキゲンショウ,
10027004,平均赤血球容積増加,ヘイキンセッケッキュウヨウセキゾウカ,
10027006,平均赤血球容積正常,ヘイキンセッケッキュウヨウセキセイジョウ,
10027011,麻疹,マシン,
10027012,麻疹抗体陰性,マシンコウタイインセイ,
10027013,麻疹抗体陽性,マシンコウタイヨウセイ,
10027026,機械的ざ瘡,キカイテキザソウ,
10027058,胎便イレウス,タイベンイレウス,
10027059,胎便増加,タイベンゾウカ,
10027067,正中神経損傷,セイチュウシンケイソンショウ,
10027070,縦隔膿瘍,ジュウカクノウヨウ,
10027074,縦隔線維症,ジュウカクセンイショウ,
10027076,縦隔腫瘤,ジュウカクシュリュウ,
10027082,縦隔炎,ジュウカクエン,
10027083,縦隔鏡検査,ジュウカクキョウケンサ,
10027084,縦隔鏡検査異常,ジュウカクキョウケンサイジョウ,
10027085,縦隔鏡検査正常,ジュウカクキョウケンサセイジョウ,
10027086,縦隔新生物,ジュウカクシンセイブツ,
10027087,治療食,チリョウショク,
10027091,投薬過誤,トウヤクカゴ,
10027095,乳房髄様癌,ニュウボウズイヨウガン,
10027105,甲状腺髄様癌,コウジョウセンズイヨウガン,
10027107,髄芽腫,ズイガシュ,
10027110,巨大結腸,キョダイケッチョウ,
10027118,巨核球異常,キョカクキュウイジョウ,
10027119,巨核球減少,キョカクキュウゲンショウ,
10027120,巨核球増加,キョカクキュウゾウカ,
10027131,巨赤芽球増加,キョセキガキュウゾウカ,
10027137,瞼板腺炎,ケンバンセンエン,
10027138,メージ症候群,メージショウコウグン,
10027139,メイグス症候群,メイグスショウコウグン,
10027141,メレナ,メレナ,
10027145,メラノサイト性母斑,メラノサイトセイボハン,
10027146,黒皮症,コクヒショウ,
10027157,メラノーシス,メラノーシス,
10027166,メルカーソン・ロゼンタール症候群,メルカーソンロゼンタールショウコウグン,
10027175,記憶障害,キオクショウガイ,
10027182,初経,ショケイ,
10027183,メニエール病,メニエールビョウ,
10027191,髄膜腫,ズイマクシュ,
10027192,良性髄膜腫,リョウセイズイマクシュ,
10027193,悪性髄膜腫,アクセイズイマクシュ,
10027197,髄膜症,ズイマクショウ,
10027199,髄膜炎,ズイマクエン,
10027201,無菌性髄膜炎,ムキンセイズイマクエン,
10027202,細菌性髄膜炎,サイキンセイズイマクエン,
10027205,カンジダ性髄膜炎,カンジダセイズイマクエン,
10027206,化学性髄膜炎,カガクセイズイマクエン,
10027207,コクシジオイデス性髄膜炎,コクシジオイデスセイズイマクエン,
10027208,コクサッキーウイルス性髄膜炎,コクサッキーウイルスセイズイマクエン,
10027209,クリプトコッカス性髄膜炎,クリプトコッカスセイズイマクエン,
10027231,エコーウイルス性髄膜炎,エコーウイルスセイズイマクエン,
10027232,腸球菌性髄膜炎,チョウキュウキンセイズイマクエン,
10027233,エンテロウイルス性髄膜炎,エンテロウイルスセイズイマクエン,
10027234,好酸球性髄膜炎,コウサンキュウセイズイマクエン,
10027236,真菌性髄膜炎,シンキンセイズイマクエン,
10027239,淋菌性髄膜炎,リンキンセイズイマクエン,
10027241,ヘモフィルス性髄膜炎,ヘモフィルスセイズイマクエン,
10027242,ヘルペス性髄膜炎,ヘルペスセイズイマクエン,
10027243,ヒストプラスマ性髄膜炎,ヒストプラスマセイズイマクエン,
10027247,レプトスピラ性髄膜炎,レプトスピラセイズイマクエン,
10027248,リステリア菌性髄膜炎,リステリアキンセイズイマクエン,
10027249,髄膜炎菌性髄膜炎,ズイマクエンキンセイズイマクエン,
10027250,ムンプス性髄膜炎,ムンプスセイズイマクエン,
10027253,肺炎球菌性髄膜炎,ハイエンキュウキンセイズイマクエン,
10027254,サルモネラ菌性髄膜炎,サルモネラキンセイズイマクエン,
10027255,ブドウ球菌性髄膜炎,ブドウキュウキンセイズイマクエン,
10027256,レンサ球菌性髄膜炎,レンサキュウキンセイズイマクエン,
10027258,トリパノソーマ性髄膜炎,トリパノソーマセイズイマクエン,
10027259,結核性髄膜炎,ケッカクセイズイマクエン,
10027260,ウイルス性髄膜炎,ウイルスセイズイマクエン,
10027266,髄膜瘤,ズイマクリュウ,
10027267,髄膜瘤修復,ズイマクリュウシュウフク,
10027270,髄膜炎菌性心臓炎,ズイマクエンキンセイシンゾウエン,
10027274,髄膜炎菌感染,ズイマクエンキンカンセン,
10027280,髄膜炎菌性敗血症,ズイマクエンキンセイハイケツショウ,
10027286,髄膜脳瘤修復,ズイマクノウリュウシュウフク,
10027287,髄膜脊髄瘤,ズイマクセキズイリュウ,
10027288,髄膜脊髄瘤修復,ズイマクセキズイリュウシュウフク,
10027294,メンケス症候群,メンケスショウコウグン,
10027295,過長過多不規則月経,カチョウカタフキソクゲッケイ,
10027304,閉経期症状,ヘイケイキショウジョウ,
10027308,閉経,ヘイケイ,
10027310,遅延閉経,チエンヘイケイ,
10027327,月経障害,ゲッケイショウガイ,
10027336,月経遅延,ゲッケイチエン,
10027339,不規則月経,フキソクゲッケイ,
10027353,精神障害者,セイシンショウガイシャ,
10027374,精神的機能障害,セイシンテキキノウショウガイ,
10027385,感覚異常性大腿神経痛,カンカクイジョウセイダイタイシンケイツウ,
10027387,反すう,ハンスウ,
10027394,腸間膜動脈閉塞,チョウカンマクドウミャクヘイソク,
10027395,腸間膜動脈塞栓,チョウカンマクドウミャクソクセン,
10027396,腸間膜動脈狭窄,チョウカンマクドウミャクキョウサク,
10027397,腸間膜動脈血栓症,チョウカンマクドウミャクケッセンショウ,
10027398,腸間膜線維症,チョウカンマクセンイショウ,
10027401,腸間膜血行不全,チョウカンマクケッコウフゼン,
10027402,腸間膜静脈血栓症,チョウカンマクジョウミャクケッセンショウ,
10027403,腸間膜静脈閉塞,チョウカンマクジョウミャクヘイソク,
10027405,中腎管嚢胞,チュウジンカンノウホウ,
10027406,中皮腫,チュウヒシュ,
10027407,悪性中皮腫,アクセイチュウヒシュ,
10027411,再発悪性中皮腫,サイハツアクセイチュウヒシュ,
10027415,代謝異常の治療,タイシャイジョウノチリョウ,
10027417,代謝性アシドーシス,タイシャセイアシドーシス,
10027423,代謝性アルカローシス,タイシャセイアルカローシス,
10027435,中手骨切除,チュウシュコツセツジョ,
10027436,メタゴニムス症,メタゴニムスショウ,
10027438,金属ヒューム熱,キンゾクヒュームネツ,
10027439,金属中毒,キンゾクチュウドク,
10027440,眼球金属症,ガンキュウキンゾクショウ,
10027444,尿中メタネフリン減少,ニョウチュウメタネフリンゲンショウ,
10027445,尿中メタネフリン増加,ニョウチュウメタネフリンゾウカ,
10027447,尿中メタネフリン正常,ニョウチュウメタネフリンセイジョウ,
10027450,腹腔内転移,フククウナイテンイ,フックウナイテンイ
10027451,副腎転移,フクジンテンイ,
10027452,骨転移,コツテンイ,
10027454,乳房転移,ニュウボウテンイ,
10027455,腎転移,ジンテンイ,
10027457,肝転移,カンテンイ,
10027458,肺転移,ハイテンイ,
10027459,リンパ節転移,リンパセツテンイ,
10027460,頚部転移,ケイブテンイ,
10027462,卵巣転移,ランソウテンイ,
10027463,胸膜転移,キョウマクテンイ,
10027465,皮膚転移,ヒフテンイ,
10027468,脊椎転移,セキツイテンイ,
10027469,縦隔転移,ジュウカクテンイ,
10027480,遠隔転移を伴う悪性黒色腫,エンカクテンイヲトモナウアクセイコクショクシュ,
10027486,中足骨切除,チュウソクコツセツジョ,
10027487,中足骨痛,チュウソクコツツウ,
10027489,第１中足骨内反症,ダイ1チュウソクコツナイハンショウ,
10027494,尿中メトヘモグロビン,ニョウチュウメトヘモグロビン,
10027496,メトヘモグロビン血症,メトヘモグロビンケッショウ,
10027498,メトヘモグロビン尿,メトヘモグロビンニョウ,
10027499,尿中メトヘモグロビン陰性,ニョウチュウメトヘモグロビンインセイ,
10027500,尿中メトヘモグロビン陽性,ニョウチュウメトヘモグロビンヨウセイ,
10027515,メチラポン負荷試験,メチラポンフカシケン,
10027516,メチラポン負荷試験異常,メチラポンフカシケンイジョウ,
10027517,メチラポン負荷試験正常,メチラポンフカシケンセイジョウ,
10027525,微量アルブミン尿,ビリョウアルブミンニョウ,
10027527,微小血管症性溶血性貧血,ビショウケッカンショウセイヨウケツセイヒンケツ,
10027534,小頭症,ショウトウショウ,
10027535,小唇症,ショウシンショウ,
10027538,小球性貧血,ショウキュウセイヒンケツ,
10027540,小赤血球症,ショウセッケッキュウショウ,
10027541,小下顎症,ショウカガクショウ,
10027542,小舌症,ショウゼツショウ,
10027543,小顎症,ショウガクショウ,
10027548,小眼球症,ショウガンキュウショウ,
10027553,小口症,ショウコウショウ,
10027554,手のマイクロサージェリー,テノマイクロサージェリー,
10027555,小耳症,ショウジショウ,
10027561,排尿異常,ハイニョウイジョウ,
10027566,尿意切迫,ニョウイセッパク,
10027569,中年の転換期,チュウネンノテンカンキ,
10027575,中年,チュウネン,
10027580,中大脳動脈性卒中,チュウダイノウドウミャクセイソッチュウ,
10027582,中耳癒着症,チュウジユチャクショウ,
10027587,中耳病変部切除,チュウジビョウヘンブセツジョ,
10027589,人工中耳挿入,ジンコウチュウジソウニュウ,
10027590,中期不眠症,チュウキフミンショウ,
10027599,片頭痛,ヘンズツウ,
10027607,前兆を伴う片頭痛,ゼンチョウヲトモナウヘンズツウ,
10027626,稗粒腫,ヒリュウシュ,
10027627,汗疹,カンシン,
10027633,乳アレルギー,ニュウアレルギー,チチアレルギー
10027635,ミルク・アルカリ症候群,ミルクアルカリショウコウグン,
10027644,最小発育阻止濃度,サイショウハツイクソシノウド,
10027646,縮瞳,シュクドウ,
10027703,ＨＬＡ型不適合骨髄移植療法,HLAガタフテキゴウコツズイイショクリョウホウ,
10027710,ミトコンドリアミオパチー,ミトコンドリアミオパチー,
10027724,混合性僧帽弁疾患,コンゴウセイソウボウベンシッカン,
10027727,僧帽弁閉鎖不全症,ソウボウベンヘイサフゼンショウ,
10027730,僧帽弁逸脱,ソウボウベンイツダツ,
10027732,僧帽弁置換,ソウボウベンチカン,
10027733,僧帽弁狭窄症,ソウボウベンキョウサクショウ,
10027736,僧帽弁切開,ソウボウベンセッカイ,
10027754,混合性結合組織病,コンゴウセイケツゴウソシキビョウ,
10027757,混合性難聴,コンゴウセイナンチョウ,
10027761,肝細胞癌・胆管細胞癌の混合型,カンサイボウガンタンカンサイボウガンノコンゴウガタ,
10027783,呻吟,シンギン,
10027799,根治的乳房切断術変法,コンチテキニュウボウセツジョジュツヘンホウ,
10027805,色素性母斑切除,シキソセイボハンセツジョ,
10027807,伝染性軟属腫,デンセンセイナンゾクシュ,
10027844,化学免疫抱合型モノクローナル抗体療法,カガクメンエキホウゴウガタモノクローナルコウタイリョウホウ,
10027859,免疫抱合モノクローナル抗体療法,メンエキホウゴウモノクローナルコウタイリョウホウ,
10027860,放射性物質抱合モノクローナル抗体療法,ホウシャセイブッシツホウゴウモノクローナルコウタイリョウホウ,
10027862,毒素抱合モノクローナル抗体療法,ドクソホウゴウモノクローナルコウタイリョウホウ,
10027864,モノクローナル免疫グロブリン陽性,モノクローナルメンエキグロブリンヨウセイ,
10027876,単球数,タンキュウスウ,
10027878,単球数減少,タンキュウスウゲンショウ,
10027880,単球数増加,タンキュウスウゾウカ,
10027882,単球数正常,タンキュウスウセイジョウ,
10027905,単球減少症,タンキュウゲンショウショウ,
10027906,単球増加症,タンキュウゾウカショウ,
10027910,単神経炎,タンシンケイエン,
10027918,多発性単ニューロパチー,タハツセイタンニューロパチー,
10027920,単核細胞症異染性試験,タンカクサイボウショウイセンセイシケン,
10027921,単核細胞症異染性試験陰性,タンカクサイボウショウイセンセイシケンインセイ,
10027922,単核細胞症異染性試験陽性,タンカクサイボウショウイセンセイシケンヨウセイ,
10027924,単核細胞症症候群,タンカクサイボウショウショウコウグン,
10027925,不全単麻痺,フゼンタンマヒ,
10027926,単麻痺,タンマヒ,
10027940,気分変化,キブンヘンカ,
10027944,身体疾患による気分障害,シンタイシッカンニヨルキブンショウガイ,
10027951,気分動揺,キブンドウヨウ,
10027974,朝顔症候群,アサガオショウコウグン,
10027975,つわり,ツワリ,
10027977,陰気,インキ,
10027982,モルフェア,モルフェア,
10027990,乗物酔い,ノリモノヨイ,
10028003,運動ニューロン疾患,ウンドウニューロンシッカン,
10028017,口呼吸,クチコキュウ,
10028020,口腔嚢胞,コウクウノウホウ,
10028024,口腔内出血,コウクウナイシュッケツ,
10028034,口腔内潰瘍形成,コウクウナイカイヨウケイセイ,
10028035,運動障害,ウンドウショウガイ,
10028047,もやもや病,モヤモヤビョウ,
10028076,粘液性子宮内膜癌,ネンエキセイシキュウナイマクガン,
10028080,粘膜皮膚カンジダ症,ネンマクヒフカンジダショウ,
10028084,皮膚粘膜潰瘍形成,ヒフネンマクカイヨウケイセイ,
10028093,ムコ多糖症,ムコタトウショウ,
10028095,ムコ多糖症ＩＶ,ムコタトウショウ4,
10028098,ムコール症,ムコールショウ,
10028103,粘膜小水疱,ネンマクショウスイホウ,
10028108,乳突洞削開術後腔の粘膜嚢胞,ニュウトツドウサクカイジュツゴクウノネンマクノウホウ,
10028111,粘膜乾燥,ネンマクカンソウ,
10028116,粘膜の炎症,ネンマクノエンショウ,
10028119,粘膜過形成,ネンマクカケイセイ,
10028124,粘膜潰瘍,ネンマクカイヨウ,
10028128,粘膜炎治療,ネンマクエンチリョウ,
10028140,粘液便,ネンエキベン,
10028155,ビタミン群欠乏,ビタミングンケツボウ,
10028160,経妊婦,ケイニンプ,
10028163,経産婦,ケイサンプ,
10028164,複合アレルギー,フクゴウアレルギー,
10028176,マルチプルカルボキシラーゼ欠損,マルチプルカルボキシラーゼケッソン,
10028178,心多重欠損,シンタジュウケッソン,
10028182,多発性先天異常,タハツセイセンテンイジョウ,
10028197,多発性骨端異形成症,タハツセイコッタンイケイセイショウ,
10028200,多発骨折,タハツコッセツ,
10028211,ＭＵＧＡスキャン,MUGAスキャン,
10028212,ＭＵＧＡスキャン異常,MUGAスキャンイジョウ,
10028213,ＭＵＧＡスキャン正常,MUGAスキャンセイジョウ,
10028224,多発性外傷,タハツセイガイショウ,
10028243,多胎妊娠,タタイニンシン,
10028245,多発性硬化症,タハツセイコウカショウ,
10028257,ムンプス,ムンプス,
10028279,ミュンヒハウゼン症候群,ミュンヒハウゼンショウコウグン,
10028282,発疹熱,ホッシンネツ,ハッシンネツ
10028289,筋萎縮,キンイシュク,
10028293,不随意性筋収縮,フズイイセイキンシュウシュク,
10028299,筋不快感,キンフカイカン,
10028300,筋障害,キンショウガイ,
10028309,筋肉内出血,キンニクナイシュッケツ,
10028311,筋肥大,キンヒダイ,
10028312,筋肉切開,キンニクセッカイ,
10028314,筋損傷,キンソンショウ,
10028317,筋肉病変部切除,キンニクビョウヘンブセツジョ,
10028320,筋壊死,キンエシ,
10028325,筋肉再接合,キンニクサイセツゴウ,
10028329,筋肉解除,キンニクカイジョ,
10028330,筋固縮,キンコシュク,
10028331,筋断裂,キンダンレツ,
10028334,筋痙縮,キンケイシュク,
10028335,筋痙直,キンケイチョク,
10028340,筋肉縫合,キンニクホウゴウ,
10028347,筋攣縮,キンレンシュク,
10028356,筋ジストロフィー,キンジストロフィー,
10028365,筋サルコイドーシス,キンサルコイドーシス,
10028372,筋力低下,キンリョクテイカ,
10028373,筋皮神経損傷,キンピシンケイソンショウ,
10028391,筋骨格痛,キンコッカクツウ,
10028400,変異原性作用,ヘンイゲンセイサヨウ,
10028403,無言症,ムゴンショウ,
10028411,筋肉痛,キンニクツウ,
10028413,肋間筋肉痛,ロッカンキンニクツウ,
10028417,重症筋無力症,ジュウショウキンムリョクショウ,
10028419,新生児重症筋無力症,シンセイジジュウショウキンムリョクショウ,
10028424,筋無力症候群,キンムリョクショウコウグン,
10028426,真菌性足菌腫,シンキンセイソクキンシュ,
10028447,マイコバクテリウム・カンサシイ感染,マイコバクテリウムカンサシイカンセン,
10028452,マイコバクテリウム・マリナム感染,マイコバクテリウムマリナムカンセン,
10028479,マイコプラズマ性流産後熱,マイコプラズマセイリュウザンゴネツ,
10028480,マイコプラズマ産褥熱,マイコプラズマサンジョクネツ,
10028518,真菌性角膜潰瘍,シンキンセイカクマクカイヨウ,
10028520,真菌中毒症,シンキンチュウドクショウ,
10028521,散瞳,サンドウ,
10028523,筋切除,キンセツジョ,
10028524,脊髄炎,セキズイエン,
10028527,横断性脊髄炎,オウダンセイセキズイエン,
10028533,骨髄異形成症候群,コツズイイケイセイショウコウグン,
10028535,分類不能な骨髄異形成症候群,ブンルイフノウナコツズイイケイセイショウコウグン,
10028537,骨髄線維症,コツズイセンイショウ,
10028549,骨髄性白血病,コツズイセイハッケツビョウ,
10028560,骨髄系成熟停止,コツズイケイセイジュクテイシ,
10028561,骨髄様化生,コツズイヨウカセイ,
10028570,脊髄症,セキズイショウ,
10028584,骨髄抑制,コツズイヨクセイ,
10028586,ハエウジ症,ハエウジショウ,
10028594,心筋線維症,シンキンセンイショウ,
10028596,心筋梗塞,シンキンコウソク,
10028600,心筋虚血,シンキンキョケツ,
10028602,心筋壊死,シンキンエシ,
10028604,心筋断裂,シンキンダンレツ,
10028606,心筋炎,シンキンエン,
10028612,髄膜炎菌性心筋炎,ズイマクエンキンセイシンキンエン,
10028615,敗血症性心筋炎,ハイケツショウセイシンキンエン,ハイケッショウセイシンキンエン
10028616,梅毒性心筋炎,バイドクセイシンキンエン,
10028617,トキソプラズマ性心筋炎,トキソプラズマセイシンキンエン,
10028622,ミオクローヌス,ミオクローヌス,
10028625,血中ミオグロビン増加,ケッチュウミオグロビンゾウカ,
10028626,尿中ミオグロビン,ニョウチュウミオグロビン,
10028629,ミオグロビン尿,ミオグロビンニョウ,
10028630,尿中ミオグロビン陰性,ニョウチュウミオグロビンインセイ,
10028631,尿中ミオグロビン陽性,ニョウチュウミオグロビンヨウセイ,
10028632,ミオキミア,ミオキミア,
10028634,筋腫核出術,キンシュカクシュツジュツ,
10028641,ミオパチー,ミオパチー,
10028643,内分泌性ミオパチー,ナイブンピセイミオパチー,ナイブンピツセイミオパチー
10028648,中毒性ミオパチー,チュウドクセイミオパチー,
10028650,心筋心膜炎,シンキンシンマクエン,
10028651,近視,キンシ,
10028653,筋炎,キンエン,
10028654,筋炎様症候群,キンエンヨウショウコウグン,
10028655,先天性筋緊張症,センテンセイキンキンチョウショウ,
10028662,鼓膜切開,コマクセッカイ,
10028665,粘液水腫,ネンエキスイシュ,
10028686,爪裂離,ソウレツリ,ツメレツリ
10028688,爪カンジダ症,ソウカンジダショウ,ツメカンジダショウ
10028690,爪変形,ツメヘンケイ,
10028692,爪変色,ツメヘンショク,ソウヘンショク
10028693,爪の不快感,ツメノフカイカン,
10028694,爪の障害,ツメノショウガイ,
10028698,爪ジストロフィー,ソウジストロフィー,
10028700,爪肥厚,ソウヒコウ,ツメヒコウ
10028702,爪甲点状凹窩,ソウコウテンジョウオウカ,
10028703,爪乾癬,ツメカンセン,ソウカンセン
10028712,自己愛性パーソナリティ障害,ジコアイセイパーソナリティショウガイ,
10028713,ナルコレプシー,ナルコレプシー,
10028720,鼻膿瘍,ビノウヨウ,ハナノウヨウ
10028729,鼻腔癌,ビクウガン,
10028733,鼻腔内タンポン挿入,ビクウナイタンポンソウニュウ,
10028735,鼻閉,ビヘイ,
10028740,鼻乾燥,ビカンソウ,ハナカンソウ
10028741,鼻の炎症,ハナノエンショウ,
10028747,鼻壊死,ビエシ,ハナエシ
10028748,鼻閉塞,ビヘイソク,ハナヘイソク
10028750,鼻浮腫,ビフシュ,ハナフシュ
10028755,鼻ポリープ切除,ビポリープセツジョ,ハナポリープセツジョ
10028756,鼻茸,ハナタケ,
10028760,鼻中隔手術,ビチュウカクシュジュツ,
10028762,鼻中隔弯曲,ビチュウカクワンキョク,
10028763,鼻中隔障害,ビチュウカクショウガイ,
10028765,鼻中隔穿孔,ビチュウカクセンコウ,
10028766,鼻中隔潰瘍,ビチュウカクカイヨウ,
10028767,副鼻腔癌,フクビクウガン,
10028779,鼻甲介肥大,ビコウカイヒダイ,
10028780,鼻潰瘍,ビカイヨウ,
10028781,鼻前庭炎,ビゼンテイエン,
10028787,再発上咽頭癌,サイハツジョウイントウガン,
10028788,上咽頭癌第０期,ジョウイントウガンダイ0キ,
10028789,上咽頭癌第１期,ジョウイントウガンダイ1キ,
10028790,上咽頭癌第２期,ジョウイントウガンダイ2キ,
10028791,上咽頭癌第３期,ジョウイントウガンダイ3キ,
10028792,上咽頭癌第４期,ジョウイントウガンダイ4キ,
10028802,上咽頭の良性新生物,ジョウイントウノリョウセイシンセイブツ,
10028810,上咽頭炎,ジョウイントウエン,
10028811,ナチュラルキラー細胞白血病,ナチュラルキラーサイボウハッケツビョウ,
10028813,悪心,オシン,
10028829,頚部の圧挫,ケイブノアツザ,
10028836,頚部痛,ケイブツウ,
10028846,壊死桿菌症,エシカンキンショウ,
10028851,壊死,エシ,
10028862,虚血性壊死,キョケツセイエシ,
10028872,動脈壊死,ドウミャクエシ,
10028885,壊死性筋膜炎,エシセイキンマクエン,
10028887,ブドウ球菌性壊死性筋膜炎,ブドウキュウキンセイエシセイキンマクエン,
10028888,レンサ球菌性壊死性筋膜炎,レンサキュウキンセイエシセイキンマクエン,
10028893,部位不明の針生検異常,ブイフメイノシンセイケンイジョウ,
10028894,部位不明の針生検正常,ブイフメイノシンセイケンセイジョウ,
10028896,注射痕,チュウシャコン,
10028899,拒絶症,キョゼツショウ,
10028901,外見に対する無関心,ガイケンニタイスルムカンシン,
10028913,ネルソン症候群,ネルソンショウコウグン,
10028916,言語新作,ゲンゴシンサク,
10028918,新生児肺胞曝気過多,シンセイジハイホウバッキカタ,
10028921,新生児無酸素症,シンセイジムサンソショウ,
10028923,新生児仮死,シンセイジカシ,
10028924,新生児カンジダ感染,シンセイジカンジダカンセン,
10028933,新生児糖尿病,シンセイジトウニョウビョウ,
10028934,新生児障害,シンセイジショウガイ,
10028937,新生児交換輸血,シンセイジコウカンユケツ,
10028950,新生児感染性乳腺炎,シンセイジカンセンセイニュウセンエン,
10028951,新生児腸閉塞,シンセイジチョウヘイソク,
10028958,新生児白血病,シンセイジハッケツビョウ,
10028966,新生児呼吸性アシドーシス,シンセイジコキュウセイアシドーシス,
10028967,新生児呼吸性アルカローシス,シンセイジコキュウセイアルカローシス,
10028968,新生児呼吸停止,シンセイジコキュウテイシ,
10028970,新生児呼吸抑制,シンセイジコキュウヨクセイ,
10028973,新生児呼吸促迫,シンセイジコキュウソクハク,
10028974,新生児呼吸窮迫症候群,シンセイジコキュウキュウハクショウコウグン,
10028975,新生児呼吸不全,シンセイジコキュウフゼン,
10028976,新生児甲状腺中毒症,シンセイジコウジョウセンチュウドクショウ,
10028980,新生物,シンセイブツ,
10028997,悪性新生物,アクセイシンセイブツ,
10029096,前立腺新生物,ゼンリツセンシンセイブツ,
10029098,皮膚の新生物,ヒフノシンセイブツ,
10029113,血管新生,ケッカンシンセイ,
10029116,腎摘除,ジンテキジョ,
10029117,腎炎,ジンエン,
10029120,アレルギー性腎炎,アレルギーセイジンエン,
10029132,出血性腎炎,シュッケツセイジンエン,
10029140,放射線腎炎,ホウシャセンジンエン,
10029145,腎芽細胞腫,ジンガサイボウシュ,
10029146,腎石灰沈着症,ジンセッカイチンチャクショウ,
10029147,腎性尿崩症,ジンセイニョウホウショウ,
10029148,腎結石症,ジンケッセキショウ,
10029151,腎症,ジンショウ,
10029155,中毒性腎症,チュウドクセイジンショウ,
10029157,腎形成術,ジンケイセイジュツ,
10029158,腎下垂症,ジンカスイショウ,
10029159,腎硬化症,ジンコウカショウ,
10029164,ネフローゼ症候群,ネフローゼショウコウグン,
10029173,神経ブロック,シンケイブロック,
10029174,神経圧迫,シンケイアッパク,
10029175,神経伝導検査異常,シンケイデンドウケンサイジョウ,
10029176,神経伝導検査正常,シンケイデンドウケンサセイジョウ,
10029179,神経移植,シンケイイショク,
10029183,頚椎神経根損傷,ケイツイシンケイコンソンショウ,
10029184,腰椎神経根損傷,ヨウツイシンケイコンソンショウ,
10029187,胸椎神経根損傷,キョウツイシンケイコンソンショウ,
10029191,神経刺激検査,シンケイシゲキケンサ,
10029192,神経刺激検査異常,シンケイシゲキケンサイジョウ,
10029193,神経刺激検査正常,シンケイシゲキケンサセイジョウ,
10029202,神経系障害,シンケイケイショウガイ,
10029216,神経過敏,シンケイカビン,
10029223,神経痛,シンケイツウ,
10029229,神経痛性筋萎縮症,シンケイツウセイキンイシュクショウ,
10029235,良性神経鞘腫,リョウセイシンケイショウシュ,
10029240,神経炎,シンケイエン,
10029244,脳神経炎,ノウシンケイエン,
10029255,神経眼科学的検査,シンケイガンカガクテキケンサ,
10029256,神経眼科学的検査異常,シンケイガンカガクテキケンサイジョウ,
10029257,神経眼科学的検査正常,シンケイガンカガクテキケンサセイジョウ,
10029260,神経芽腫,シンケイガシュ,
10029263,神経皮膚炎,シンケイヒフエン,
10029266,皮膚神経内分泌癌,ヒフシンケイナイブンピガン,ヒフシンケイナイブンピツガン
10029267,神経線維腫,シンケイセンイシュ,
10029268,神経線維腫症,シンケイセンイシュショウ,
10029274,遠隔転移を伴う神経線維肉腫,エンカクテンイヲトモナウシンケイセンイニクシュ,
10029277,再発神経線維肉腫,サイハツシンケイセンイニクシュ,
10029279,神経因性膀胱,シンケイインセイボウコウ,
10029282,悪性症候群,アクセイショウコウグン,
10029289,神経学的無視症候群,シンケイガクテキムシショウコウグン,
10029308,神経腫,シンケイシュ,
10029314,神経筋ブロック遷延,シンケイキンブロックセンエン,
10029315,神経筋ブロック,シンケイキンブロック,
10029323,ニューロミオパチー,ニューロミオパチー,
10029326,神経障害性関節症,シンケイショウガイセイカンセツショウ,
10029331,末梢性ニューロパチー,マッショウセイニューロパチー,
10029332,ビタミンＢ６欠乏性ニューロパチー,ビタミンB6ケツボウセイニューロパチー,
10029333,神経症,シンケイショウ,
10029339,神経梅毒,シンケイバイドク,
10029341,ニューロテンシノーマ,ニューロテンシノーマ,
10029343,小児期の神経症性障害,ショウニキノシンケイショウセイショウガイ,
10029350,神経毒性,シンケイドクセイ,
10029352,神経伝達物質値変動,シンケイデンタツブッシツチヘンドウ,
10029354,好中球減少症,コウチュウキュウゲンショウショウ,
10029358,新生児好中球減少症,シンセイジコウチュウキュウゲンショウショウ,
10029360,好中球走化性,コウチュウキュウソウカセイ,
10029361,好中球走化性異常,コウチュウキュウソウカセイイジョウ,
10029362,好中球走化性正常,コウチュウキュウソウカセイセイジョウ,
10029363,好中球数,コウチュウキュウスウ,
10029366,好中球数減少,コウチュウキュウスウゲンショウ,
10029368,好中球数増加,コウチュウキュウスウゾウカ,
10029370,好中球数正常,コウチュウキュウスウセイジョウ,
10029374,好中球過分葉核存在,コウチュウキュウカブンヨウカクソンザイ,
10029377,好中球ペルゲル－フエット核異常存在,コウチュウキュウペルゲルフエットカクイジョウソンザイ,
10029378,好中球中毒性顆粒存在,コウチュウキュウチュウドクセイカリュウソンザイ,
10029379,好中球増加症,コウチュウキュウゾウカショウ,
10029393,ニューカッスル病,ニューカッスルビョウ,
10029400,ニコチン酸欠乏,ニコチンサンケツボウ,
10029403,ニーマン・ピック病,ニーマンピックビョウ,
10029404,夜盲,ヤモウ,
10029410,寝汗,ネアセ,
10029412,悪夢,アクム,
10029417,乳頭障害,ニュウトウショウガイ,
10029418,血性乳頭滲出液,ケッセイニュウトウシンシュツエキ,
10029419,乳頭感染,ニュウトウカンセン,
10029421,乳頭痛,ニュウトウツウ,
10029425,窒素負平衡,チッソフヘイコウ,
10029444,ノカルジア症,ノカルジアショウ,
10029446,夜間頻尿,ヤカンヒンニョウ,
10029458,結節性不整脈,ケッセツセイフセイミャク,
10029460,節性辺縁帯Ｂ細胞リンパ腫,セツセイヘンエンタイBサイボウリンパシュ,
10029463,再発節性辺縁帯Ｂ細胞リンパ腫,サイハツセツセイヘンエンタイBサイボウリンパシュ,
10029464,治療抵抗性節性辺縁帯Ｂ細胞リンパ腫,チリョウテイコウセイセツセイヘンエンタイBサイボウリンパシュ,
10029465,節性辺縁帯Ｂ細胞リンパ腫第１期,セツセイヘンエンタイBサイボウリンパシュダイ1キ,
10029466,節性辺縁帯Ｂ細胞リンパ腫第２期,セツセイヘンエンタイBサイボウリンパシュダイ2キ,
10029467,節性辺縁帯Ｂ細胞リンパ腫第３期,セツセイヘンエンタイBサイボウリンパシュダイ3キ,
10029468,節性辺縁帯Ｂ細胞リンパ腫第４期,セツセイヘンエンタイBサイボウリンパシュダイ4キ,
10029469,結節性変形性関節症,ケッセツセイヘンケイセイカンセツショウ,
10029470,結節性調律,ケッセツセイチョウリツ,
10029488,結節性黒色腫,ケッセツセイコクショクシュ,
10029491,結節性血管炎,ケッセツセイケッカンエン,
10029515,再発非小細胞肺癌,サイハツヒショウサイボウハイガン,
10029516,非小細胞肺癌第０期,ヒショウサイボウハイガンダイ0キ,
10029517,非小細胞肺癌第１期,ヒショウサイボウハイガンダイ1キ,
10029518,非小細胞肺癌第２期,ヒショウサイボウハイガンダイ2キ,
10029519,非小細胞肺癌第３期,ヒショウサイボウハイガンダイ3キ,
10029520,非小細胞肺癌第３Ａ期,ヒショウサイボウハイガンダイ3Aキ,
10029521,非小細胞肺癌第３Ｂ期,ヒショウサイボウハイガンダイ3Bキ,
10029522,非小細胞肺癌第４期,ヒショウサイボウハイガンダイ4キ,
10029538,非心原性肺水腫,ヒシンゲンセイハイスイシュ,
10029540,初夜不成功,ショヤフセイコウ,
10029547,非ホジキンリンパ腫,ヒホジキンリンパシュ,
10029556,非分泌型下垂体腺腫,ヒブンピガタカスイタイセンシュ,ヒブンピツガタカスイタイセンシュ
10029600,再発非ホジキンリンパ腫,サイハツヒホジキンリンパシュ,
10029601,治療抵抗性非ホジキンリンパ腫,チリョウテイコウセイヒホジキンリンパシュ,
10029602,非ホジキンリンパ腫第１期,ヒホジキンリンパシュダイ1キ,
10029603,非ホジキンリンパ腫第２期,ヒホジキンリンパシュダイ2キ,
10029604,非ホジキンリンパ腫第３期,ヒホジキンリンパシュダイ3キ,
10029605,非ホジキンリンパ腫第４期,ヒホジキンリンパシュダイ4キ,
10029609,組織型不明の侵襲性再発非ホジキンリンパ腫,ソシキガタフメイノシンシュウセイサイハツヒホジキンリンパシュ,
10029610,組織型不明の侵襲性治療抵抗性非ホジキンリンパ腫,ソシキガタフメイノシンシュウセイチリョウテイコウセイヒホジキンリンパシュ,
10029611,組織型不明の侵襲性非ホジキンリンパ腫第１期,ソシキガタフメイノシンシュウセイヒホジキンリンパシュダイ1キ,
10029612,組織型不明の侵襲性非ホジキンリンパ腫第２期,ソシキガタフメイノシンシュウセイヒホジキンリンパシュダイ2キ,
10029613,組織型不明の侵襲性非ホジキンリンパ腫第３期,ソシキガタフメイノシンシュウセイヒホジキンリンパシュダイ3キ,
10029614,組織型不明の侵襲性非ホジキンリンパ腫第４期,ソシキガタフメイノシンシュウセイヒホジキンリンパシュダイ4キ,
10029622,組織型不明の無症候性非ホジキンリンパ腫第１期,ソシキガタフメイノムショウコウセイヒホジキンリンパシュダイ1キ,
10029623,組織型不明の無症候性非ホジキンリンパ腫第２期,ソシキガタフメイノムショウコウセイヒホジキンリンパシュダイ2キ,
10029624,組織型不明の無症候性非ホジキンリンパ腫第３期,ソシキガタフメイノムショウコウセイヒホジキンリンパシュダイ3キ,
10029625,組織型不明の無症候性非ホジキンリンパ腫第４期,ソシキガタフメイノムショウコウセイヒホジキンリンパシュダイ4キ,
10029719,非特異反応,ヒトクイハンノウ,
10029748,ヌーナン症候群,ヌーナンショウコウグン,
10029750,ノルエピネフリン減少,ノルエピネフリンゲンショウ,
10029752,ノルエピネフリン増加,ノルエピネフリンゾウカ,
10029754,ノルエピネフリン正常,ノルエピネフリンセイジョウ,
10029767,分娩過程正常,ブンベンカテイセイジョウ,
10029769,正常新生児,セイジョウシンセイジ,
10029773,正常圧水頭症,セイジョウアツスイトウショウ,
10029782,正色素性貧血,セイシキソセイヒンケツ,
10029783,正色素性正球性貧血,セイシキソセイセイキュウセイヒンケツ,
10029784,正球性貧血,セイキュウセイヒンケツ,
10029787,北アジアダニチフス,キタアジアダニチフス,
10029803,院内感染,インナイカンセン,
10029825,有核赤血球症,ユウカクセッケッキュウショウ,
10029826,妊娠未経験者,ニンシンミケイケンシャ,
10029827,出産未経験者,シュッサンミケイケンシャ,
10029864,眼振,ガンシン,
10029883,肥満,ヒマン,
10029888,閉塞性細気管支炎,ヘイソクセイサイキカンシエン,
10029897,強迫観念,キョウハクカンネン,
10029898,強迫性障害,キョウハクセイショウガイ,
10029901,強迫性パーソナリティ障害,キョウハクセイパーソナリティショウガイ,
10029925,産科的肺塞栓症,サンカテキハイソクセンショウ,
10029934,分娩停止,ブンベンテイシ,
10029957,胃閉塞,イヘイソク,
10029983,閉塞性睡眠時無呼吸症候群,ヘイソクセイスイミンジムコキュウショウコウグン,
10029987,閉鎖孔ヘルニア,ヘイサコウヘルニア,
10030012,職業性皮膚炎,ショクギョウセイヒフエン,
10030017,職業性粉塵曝露,ショクギョウセイフンジンバクロ,
10030018,職業性異常温度曝露,ショクギョウセイイジョウオンドバクロ,
10030019,職業性騒音曝露,ショクギョウセイソウオンバクロ,
10030020,職業性放射線被曝,ショクギョウセイホウシャセンヒバク,
10030023,職業性振動曝露,ショクギョウセイシンドウバクロ,
10030026,職業性身体問題,ショクギョウセイシンタイモンダイ,
10030028,職場環境問題,ショクバカンキョウモンダイ,
10030034,眼球瘻,ガンキュウロウ,
10030041,眼充血,ガンジュウケツ,メジュウケツ
10030043,高眼圧症,コウガンアツショウ,
10030069,眼球運動顔面麻痺,ガンキュウウンドウガンメンマヒ,
10030071,眼球回転発作,ガンキュウカイテンホッサ,
10030073,動眼神経手術,ドウガンシンケイシュジュツ,
10030078,眼球運動検査異常,ガンキュウウンドウケンサイジョウ,
10030081,皮膚粘膜眼症候群,ヒフネンマクガンショウコウグン,
10030082,眼球気相プレチスモグラム,ガンキュウキソウプレチスモグラム,
10030083,眼球気相プレチスモグラム異常,ガンキュウキソウプレチスモグラムイジョウ,
10030084,眼球気相プレチスモグラム正常,ガンキュウキソウプレチスモグラムセイジョウ,
10030094,嚥下痛,エンゲツウ,
10030095,浮腫,フシュ,
10030104,性器浮腫,セイキフシュ,
10030110,口腔浮腫,コウクウフシュ,
10030111,粘膜浮腫,ネンマクフシュ,
10030124,末梢性浮腫,マッショウセイフシュ,
10030136,食道アカラシア,ショクドウアカラシア,
10030137,食道腺癌,ショクドウセンガン,
10030140,再発食道腺癌,サイハツショクドウセンガン,
10030141,食道腺癌第０期,ショクドウセンガンダイ0キ,
10030142,食道腺癌第１期,ショクドウセンガンダイ1キ,
10030143,食道腺癌第２期,ショクドウセンガンダイ2キ,
10030144,食道腺癌第３期,ショクドウセンガンダイ3キ,
10030145,食道腺癌第４期,ショクドウセンガンダイ4キ,
10030146,食道閉鎖,ショクドウヘイサ,
10030154,食道カンジダ症,ショクドウカンジダショウ,
10030155,食道癌,ショクドウガン,
10030159,再発食道癌,サイハツショクドウガン,
10030162,食道癌第０期,ショクドウガンダイ0キ,
10030164,食道拡張,ショクドウカクチョウ,
10030172,食道出血,ショクドウシュッケツ,
10030174,食道病変部切除,ショクドウビョウヘンブセツジョ,
10030178,食道閉塞症,ショクドウヘイソクショウ,
10030180,食道痛,ショクドウツウ,
10030181,食道穿孔,ショクドウセンコウ,
10030184,食道痙攣,ショクドウケイレン,
10030187,再発食道扁平上皮癌,サイハツショクドウヘンペイジョウヒガン,
10030188,食道扁平上皮癌第０期,ショクドウヘンペイジョウヒガンダイ0キ,
10030189,食道扁平上皮癌第１期,ショクドウヘンペイジョウヒガンダイ1キ,
10030190,食道扁平上皮癌第２期,ショクドウヘンペイジョウヒガンダイ2キ,
10030191,食道扁平上皮癌第３期,ショクドウヘンペイジョウヒガンダイ3キ,
10030192,食道扁平上皮癌第４期,ショクドウヘンペイジョウヒガンダイ4キ,
10030194,食道狭窄,ショクドウキョウサク,
10030200,食道結核,ショクドウケッカク,
10030201,食道潰瘍,ショクドウカイヨウ,
10030202,食道潰瘍出血,ショクドウカイヨウシュッケツ,
10030207,食道静脈瘤注入,ショクドウジョウミャクリュウチュウニュウ,
10030208,食道静脈瘤結紮,ショクドウジョウミャクリュウケッサツ,
10030210,食道静脈瘤出血,ショクドウジョウミャクリュウシュッケツ,
10030215,食道切除,ショクドウセツジョ,
10030216,食道炎,ショクドウエン,
10030218,化学物質性食道炎,カガクブッシツセイショクドウエン,
10030219,出血性食道炎,シュッケツセイショクドウエン,
10030221,食道腸吻合,ショクドウチョウフンゴウ,
10030222,食道鏡検査,ショクドウキョウケンサ,
10030223,食道鏡検査異常,ショクドウキョウケンサイジョウ,
10030224,食道鏡検査正常,ショクドウキョウケンサセイジョウ,
10030227,エストラジオール,エストラジオール,
10030229,エストラジオール減少,エストラジオールゲンショウ,
10030231,エストラジオール増加,エストラジオールゾウカ,
10030233,エストラジオール正常,エストラジオールセイジョウ,
10030234,エストリオール,エストリオール,
10030236,エストリオール減少,エストリオールゲンショウ,
10030237,エストリオール増加,エストリオールゾウカ,
10030238,エストリオール正常,エストリオールセイジョウ,
10030247,エストロゲン欠乏症,エストロゲンケツボウショウ,
10030251,エストロゲン補充療法,エストロゲンホジュウリョウホウ,
10030252,エストロゲン療法,エストロゲンリョウホウ,
10030253,尿中総エストロゲン,ニョウチュウソウエストロゲン,
10030255,尿中総エストロゲン減少,ニョウチュウソウエストロゲンゲンショウ,
10030257,尿中総エストロゲン増加,ニョウチュウソウエストロゲンゾウカ,
10030259,尿中総エストロゲン正常,ニョウチュウソウエストロゲンセイジョウ,
10030261,油性ざ瘡,ユセイザソウ,
10030286,乏突起神経膠腫,ボウトッキシンケイコウシュ,
10030287,良性乏突起神経膠腫,リョウセイボウトッキシンケイコウシュ,
10030289,羊水過少,ヨウスイカショウ,
10030295,希発月経,キハツゲッケイ,
10030300,精子減少症,セイシゲンショウショウ,
10030302,乏尿,ボウニョウ,
10030305,大網切除,ダイモウセツジョ,タイモウセツジョ
10030306,臍炎,サイエン,
10030310,オムスク出血熱,オムスクシュッケツネツ,
10030312,オンオフ現象,オンオフゲンショウ,
10030314,オンコセルカ症,オンコセルカショウ,
10030336,爪甲鉤弯症,ソウコウコウワンショウ,
10030337,爪甲剥離症,ソウコウハクリショウ,
10030338,爪真菌症,ツメシンキンショウ,
10030339,両側卵巣摘出術,リョウソクランソウテキシュツジュツ,
10030345,卵巣炎,ランソウエン,
10030348,開放隅角緑内障,カイホウグウカクリョクナイショウ,
10030527,開放骨折,カイホウコッセツ,
10030682,骨折観血的整復,コッセツカンケツテキセイフク,
10030684,脊椎骨折観血的整復,セキツイコッセツカンケツテキセイフク,
10030861,新生児眼炎,シンセイジガンエン,
10030863,結節性眼炎,ケッセツセイガンエン,
10030865,眼帯状疱疹,ガンタイジョウホウシン,
10030867,眼性片頭痛,ガンセイヘンズツウ,
10030875,眼筋麻痺,ガンキンマヒ,
10030897,オピストルキス症,オピストルキスショウ,
10030899,弓なり緊張,ユミナリキンチョウ,
10030901,日和見感染,ヒヨリミカンセン,
10030910,視神経萎縮,シシンケイイシュク,
10030917,視神経乳頭ドルーゼン,シシンケイニュウトウドルーゼン,
10030919,視神経乳頭出血,シシンケイニュウトウシュッケツ,
10030923,視神経乳頭辺縁不鮮明,シシンケイニュウトウヘンエンフセンメイ,
10030924,虚血性視神経症,キョケツセイシシンケイショウ,
10030930,視神経乳頭陥凹／乳頭比,シシンケイニュウトウカンオウニュウトウヒ,
10030931,視神経乳頭陥凹,シシンケイニュウトウカンオウ,
10030936,視神経梗塞,シシンケイコウソク,
10030938,視神経損傷,シシンケイソンショウ,
10030941,視神経鞘出血,シシンケイショウシュッケツ,
10030942,視神経炎,シシンケイエン,
10030943,髄膜炎菌性視神経炎,ズイマクエンキンセイシシンケイエン,
10030949,視覚路損傷,シカクロソンショウ,
10030955,視動性眼振検査,シドウセイガンシンケンサ,
10030956,視動性眼振検査異常,シドウセイガンシンケンサイジョウ,
10030957,視動性眼振検査正常,シドウセイガンシンケンサセイジョウ,
10030963,口腔カンジダ症,コウクウカンジダショウ,
10030970,経口避妊法,ケイコウヒニンホウ,
10030972,口腔内分泌物,コウクウナイブンピツブツ,コウクウナイブンピブツ
10030973,口腔内不快感,コウクウナイフカイカン,
10030979,口腔内毛様白斑症,コウクウナイモウヨウハクハンショウ,
10030983,口腔扁平苔癬,コウクウヘンペイタイセン,
10030995,口腔粘膜水疱形成,コウクウネンマクスイホウケイセイ,
10030996,口腔粘膜変色,コウクウネンマクヘンショク,コウコウネンマクヘンショク
10030997,口腔粘膜疹,コウクウネンマクシン,
10031000,口腔の良性新生物,コウクウノリョウセイシンセイブツ,
10031009,口腔内痛,コウクウナイツウ,コウコウナイツウ
10031010,口内丘疹,コウナイキュウシン,
10031023,口腔粘膜下線維症,コウクウネンマクカセンイショウ,
10031029,眼窩萎縮,ガンカイシュク,
10031034,眼窩形成,ガンカケイセイ,
10031037,眼窩嚢胞,ガンカノウホウ,
10031044,眼窩肉芽腫,ガンカニクゲシュ,
10031045,眼窩出血,ガンカシュッケツ,
10031050,眼窩筋炎,ガンカキンエン,
10031051,眼窩浮腫,ガンカフシュ,
10031058,オルビウイルス感染,オルビウイルスカンセン,
10031060,精巣摘除,セイソウテキジョ,
10031061,精巣固定,セイソウコテイ,
10031064,精巣炎,セイソウエン,
10031068,ムンプス性精巣炎,ムンプスセイセイソウエン,
10031071,ヒツジ鵞口瘡,ヒツジガコウソウ,
10031077,器質性脳症候群,キシツセイノウショウコウグン,
10031085,オルガズム異常,オルガズムイジョウ,
10031096,中咽頭癌,チュウイントウガン,
10031098,再発中咽頭癌,サイハツチュウイントウガン,
10031099,中咽頭癌第０期,チュウイントウガンダイ0キ,
10031100,中咽頭癌第１期,チュウイントウガンダイ1キ,
10031101,中咽頭癌第２期,チュウイントウガンダイ2キ,
10031102,中咽頭癌第３期,チュウイントウガンダイ3キ,
10031104,中咽頭リンパ上皮腫,チュウイントウリンパジョウヒシュ,
10031110,中咽頭の良性新生物,チュウイントウノリョウセイシンセイブツ,
10031111,口腔咽頭痙攣,コウクウイントウケイレン,
10031112,中咽頭扁平上皮癌,チュウイントウヘンペイジョウヒガン,
10031118,口腔咽頭腫脹,コウクウイントウシュチョウ,
10031120,親のない子供,オヤノナイコドモ,
10031121,歯矯正,シキョウセイ,ハキョウセイ
10031123,起坐呼吸,キザコキュウ,
10031127,起立性低血圧,キリツセイテイケツアツ,
10031129,起立性蛋白尿症,キリツセイタンパクニョウショウ,
10031131,オスラー結節,オスラーケッセツ,
10031140,浸透圧ギャップ,シントウアツギャップ,
10031141,浸透圧ギャップ異常,シントウアツギャップイジョウ,
10031142,浸透圧ギャップ正常,シントウアツギャップセイジョウ,
10031147,耳小骨形成,ジショウコツケイセイ,
10031149,骨炎,コツエン,
10031150,硬化性骨炎,コウカセイコツエン,
10031151,変形性骨炎,ヘンケイセイコツエン,
10031161,変形性関節症,ヘンケイセイカンセツショウ,
10031173,骨関節障害,コツカンセツショウガイ,
10031230,骨軟骨炎,コツナンコツエン,
10031233,骨端症,コッタンショウ,
10031240,骨異栄養症,コツイエイヨウショウ,
10031243,骨形成不全症,コツケイセイフゼンショウ,
10031248,骨溶解,コツヨウカイ,
10031249,骨腫,コツシュ,
10031250,骨軟化症,コツナンカショウ,
10031252,骨髄炎,コツズイエン,
10031253,急性骨髄炎,キュウセイコツズイエン,
10031255,ブラストミセス菌性骨髄炎,ブラストミセスキンセイコツズイエン,
10031256,慢性骨髄炎,マンセイコツズイエン,
10031258,骨髄炎ドレナージ,コツズイエンドレナージ,
10031262,サルモネラ菌性骨髄炎,サルモネラキンセイコツズイエン,
10031264,骨壊死,コツエシ,
10031280,大理石骨病,ダイリセキコツビョウ,
10031281,骨斑紋症,コツハンモンショウ,
10031282,骨粗鬆症,コツソショウショウ,
10031285,閉経後骨粗鬆症,ヘイケイゴコツソショウショウ,
10031290,骨粗鬆症性骨折,コツソショウショウセイコッセツ,
10031291,骨肉腫,コツニクシュ,ホネニクシュ
10031294,遠隔転移を伴う骨肉腫,エンカクテンイヲトモナウコツニクシュ,
10031296,再発骨肉腫,サイハツコツニクシュ,
10031298,骨硬化症,コツコウカショウ,
10031299,骨症,コツショウ,
10031300,骨切り術,コツキリジュツ,
10033072,外耳炎,ガイジエン,
10033076,カンジダ性外耳炎,カンジダセイガイジエン,
10033078,中耳炎,チュウジエン,
10033079,急性中耳炎,キュウセイチュウジエン,
10033081,慢性中耳炎,マンセイチュウジエン,
10033083,モラクセラ菌性中耳炎,モラクセラキンセイチュウジエン,
10033085,麻疹後中耳炎,マシンゴチュウジエン,
10033101,耳漏,ジロウ,
10033102,耳管炎,ジカンエン,
10033103,耳硬化症,ジコウカショウ,ミミコウカショウ
10033109,聴器毒性,チョウキドクセイ,
10033119,卵巣膿瘍,ランソウノウヨウ,
10033120,卵巣無形成,ランソウムケイセイ,
10033122,卵巣萎縮,ランソウイシュク,
10033128,卵巣癌,ランソウガン,
10033132,卵巣嚢胞,ランソウノウホウ,
10033136,卵巣嚢胞破裂,ランソウノウホウハレツ,
10033137,卵巣嚢腫摘出術,ランソウノウシュテキシュツジュツ,
10033139,卵巣障害,ランソウショウガイ,
10033141,卵巣機能障害,ランソウキノウショウガイ,
10033144,卵巣未分化胚細胞腫第１期,ランソウミブンカハイサイボウシュダイ1キ,
10033148,卵巣未分化胚細胞腫第２期,ランソウミブンカハイサイボウシュダイ2キ,
10033152,卵巣未分化胚細胞腫第３期,ランソウミブンカハイサイボウシュダイ3キ,
10033156,卵巣未分化胚細胞腫第４期,ランソウミブンカハイサイボウシュダイ4キ,
10033157,卵巣腫大,ランソウシュダイ,
10033158,遠隔転移を伴う卵巣上皮癌,エンカクテンイヲトモナウランソウジョウヒガン,
10033160,再発卵巣上皮癌,サイハツランソウジョウヒガン,
10033161,卵巣上皮癌第１期,ランソウジョウヒガンダイ1キ,
10033162,卵巣上皮癌第２期,ランソウジョウヒガンダイ2キ,
10033163,卵巣上皮癌第３期,ランソウジョウヒガンダイ3キ,
10033164,卵巣上皮癌第４期,ランソウジョウヒガンダイ4キ,
10033165,卵巣機能不全,ランソウキノウフゼン,
10033167,術後卵巣機能不全,ジュツゴランソウキノウフゼン,
10033183,卵巣胚細胞絨毛癌第１期,ランソウハイサイボウジュウモウガンダイ1キ,
10033187,卵巣胚細胞絨毛癌第２期,ランソウハイサイボウジュウモウガンダイ2キ,
10033191,卵巣胚細胞絨毛癌第３期,ランソウハイサイボウジュウモウガンダイ3キ,
10033195,卵巣胚細胞絨毛癌第４期,ランソウハイサイボウジュウモウガンダイ4キ,
10033196,卵巣胚細胞胎芽性癌第１期,ランソウハイサイボウタイガセイガンダイ1キ,
10033200,卵巣胚細胞胎芽性癌第２期,ランソウハイサイボウタイガセイガンダイ2キ,
10033204,卵巣胚細胞胎芽性癌第３期,ランソウハイサイボウタイガセイガンダイ3キ,
10033208,卵巣胚細胞胎芽性癌第４期,ランソウハイサイボウタイガセイガンダイ4キ,
10033218,卵巣胚細胞内胚葉洞腫瘍第１期,ランソウハイサイボウナイハイヨウドウシュヨウダイ1キ,
10033219,卵巣胚細胞内胚葉洞腫瘍第２期,ランソウハイサイボウナイハイヨウドウシュヨウダイ2キ,
10033220,卵巣胚細胞内胚葉洞腫瘍第３期,ランソウハイサイボウナイハイヨウドウシュヨウダイ3キ,
10033221,卵巣胚細胞内胚葉洞腫瘍第４期,ランソウハイサイボウナイハイヨウドウシュヨウダイ4キ,
10033223,卵巣胚細胞多胎芽腫第１期,ランソウハイサイボウタタイガシュダイ1キ,
10033227,卵巣胚細胞多胎芽腫第２期,ランソウハイサイボウタタイガシュダイ2キ,
10033231,卵巣胚細胞多胎芽腫第３期,ランソウハイサイボウタタイガシュダイ3キ,
10033235,卵巣胚細胞多胎芽腫第４期,ランソウハイサイボウタタイガシュダイ4キ,
10033236,卵巣胚細胞良性奇形腫,ランソウハイサイボウリョウセイキケイシュ,
10033237,卵巣胚細胞奇形腫第１期,ランソウハイサイボウキケイシュダイ1キ,
10033241,卵巣胚細胞奇形腫第２期,ランソウハイサイボウキケイシュダイ2キ,
10033245,卵巣胚細胞奇形腫第３期,ランソウハイサイボウキケイシュダイ3キ,
10033249,卵巣胚細胞奇形腫第４期,ランソウハイサイボウキケイシュダイ4キ,
10033263,卵巣血腫,ランソウケッシュ,
10033264,卵巣機能亢進,ランソウキノウコウシン,
10033266,卵巣過剰刺激症候群,ランソウカジョウシゲキショウコウグン,
10033268,低悪性度卵巣腫瘍,テイアクセイドランソウシュヨウ,
10033270,卵巣壊死,ランソウエシ,
10033277,卵巣脱,ランソウダツ,
10033278,卵巣修復,ランソウシュウフク,
10033279,卵巣破裂,ランソウハレツ,
10033294,狭苦しい住居,セマクルシイジュウキョ,
10033295,過量投与,カリョウトウヨ,
10033302,細菌の過剰増殖,サイキンノカジョウゾウショク,
10033304,過保護の両親,カホゴノリョウシン,
10033307,過体重,カタイジュウ,
10033308,過労,カロウ,
10033310,排卵遅延,ハイランチエン,
10033312,排卵誘発,ハイランユウハツ,
10033314,排卵痛,ハイランツウ,
10033315,オキシコルチコステロイド増加,オキシコルチコステロイドゾウカ,
10033316,酸素飽和度,サンソホウワド,
10033317,酸素飽和度異常,サンソホウワドイジョウ,
10033318,酸素飽和度低下,サンソホウワドテイカ,
10033320,酸素飽和度上昇,サンソホウワドジョウショウ,
10033322,酸素飽和度正常,サンソホウワドセイジョウ,
10033329,オキシトシン,オキシトシン,
10033330,オキシトシン異常,オキシトシンイジョウ,
10033332,オキシトシン減少,オキシトシンゲンショウ,
10033333,オキシトシン増加,オキシトシンゾウカ,
10033334,オキシトシン正常,オキシトシンセイジョウ,
10033361,小児性愛,ショウニセイアイ,
10033364,乳頭パジェット病,ニュウトウパジェットビョウ,
10033365,陰茎パジェット病,インケイパジェットビョウ,
10033369,外陰部パジェット病,ガイインブパジェットビョウ,
10033371,疼痛,トウツウ,
10033425,四肢痛,シシツウ,
10033433,顎痛,ガクツウ,
10033474,皮膚疼痛,ヒフトウツウ,
10033484,疼痛予防,トウツウヨボウ,
10033517,呼吸時疼痛,コキュウジトウツウ,
10033534,回帰性リウマチ,カイキセイリウマチ,
10033546,蒼白,ソウハク,
10033551,手掌紅斑,シュショウコウハン,
10033553,手掌・足底発赤知覚不全症候群,シュショウソクテイホッセキチカクフゼンショウコウグン,シュショウソクテイハッセキチカクフゼンショウコウグン
10033554,掌蹠角皮症,ショウセキカクヒショウ,
10033557,動悸,ドウキ,
10033572,パンコースト腫瘍,パンコーストシュヨウ,
10033596,膵切除,スイセツジョ,
10033603,膵萎縮,スイイシュク,
10033609,膵癌,スイガン,
10033610,遠隔転移を伴う膵癌,エンカクテンイヲトモナウスイガン,
10033613,再発膵癌,サイハツスイガン,
10033615,膵嚢胞,スイノウホウ,
10033616,膵臓障害,スイゾウショウガイ,
10033619,膵酵素異常,スイコウソイジョウ,
10033625,膵臓出血,スイゾウシュッケツ,
10033627,膵損傷,スイソンショウ,
10033631,膵病変部切除,スイビョウヘンブセツジョ,
10033635,膵仮性嚢胞,スイカセイノウホウ,
10033636,膵仮性嚢胞ドレナージ,スイカセイノウホウドレナージ,
10033644,膵頭十二指腸切除術,スイトウジュウニシチョウセツジョジュツ,
10033645,膵炎,スイエン,
10033647,急性膵炎,キュウセイスイエン,
10033649,慢性膵炎,マンセイスイエン,
10033650,出血性膵炎,シュッケツセイスイエン,
10033653,ムンプス性膵炎,ムンプスセイスイエン,
10033654,壊死性膵炎,エシセイスイエン,
10033657,再発性膵炎,サイハツセイスイエン,
10033660,膵性糖尿病,スイセイトウニョウビョウ,
10033661,汎血球減少症,ハンケッキュウゲンショウショウ,
10033664,パニック発作,パニックホッサ,
10033666,パニック障害,パニックショウガイ,
10033670,パニック反応,パニックハンノウ,
10033675,脂肪織炎,シボウシキエン,
10033683,全眼球炎,ゼンガンキュウエン,
10033685,パントテン酸欠乏,パントテンサンケツボウ,
10033697,乳頭筋梗塞,ニュウトウキンコウソク,
10033698,乳頭筋断裂,ニュウトウキンダンレツ,
10033700,乳頭状漿液性子宮内膜癌,ニュウトウジョウショウエキセイシキュウナイマクガン,
10033701,甲状腺乳頭癌,コウジョウセンニュウトウガン,
10033702,乳頭様腎盂腫瘍,ニュウトウヨウジンウシュヨウ,
10033708,乳頭炎,ニュウトウエン,
10033712,乳頭浮腫,ニュウトウフシュ,
10033713,乳頭腫,ニュウトウシュ,
10033714,乳頭腫切除,ニュウトウシュセツジョ,
10033733,丘疹,キュウシン,
10033747,臍周囲ヘルニア,サイシュウイヘルニア,ヘソシュウイヘルニア
10033755,耳穿刺,ジセンシ,ミミセンシ
10033756,耳穿刺異常,ジセンシイジョウ,ミミセンシイジョウ
10033757,耳穿刺正常,ジセンシセイジョウ,ミミセンシセイジョウ
10033759,眼球穿刺,ガンキュウセンシ,
10033760,眼球穿刺異常,ガンキュウセンシイジョウ,
10033761,眼球穿刺正常,ガンキュウセンシセイジョウ,
10033771,奇異的昇圧反応,キイテキショウアツハンノウ,
10033775,錯感覚,サクカンカク,
10033780,粘膜異常感覚,ネンマクイジョウカンカク,
10033790,傍神経節の良性新生物,ボウシンケイセツノリョウセイシンセイブツ,
10033791,傍神経節の悪性新生物,ボウシンケイセツノアクセイシンセイブツ,
10033794,肺吸虫症,ハイキュウチュウショウ,
10033797,パラインフルエンザウイルス性喉頭気管気管支炎,パラインフルエンザウイルスセイコウトウキカンキカンシエン,
10033799,麻痺,マヒ,
10033830,反回神経麻痺,ハンカイシンケイマヒ,
10033842,麻痺性兎眼,マヒセイトガン,
10033847,子宮傍組織炎,シキュウボウソシキエン,
10033848,記憶錯誤,キオクサクゴ,
10033849,副鼻腔生検,フクビクウセイケン,
10033850,副鼻腔生検異常,フクビクウセイケンイジョウ,
10033851,副鼻腔生検正常,フクビクウセイケンセイジョウ,
10033855,再発副鼻腔および鼻腔悪性新生物,サイハツフクビクウオヨビビクウアクセイシンセイブツ,
10033856,副鼻腔および鼻腔悪性新生物第０期,フクビクウオヨビビクウアクセイシンセイブツダイ0キ,
10033857,副鼻腔および鼻腔悪性新生物第１期,フクビクウオヨビビクウアクセイシンセイブツダイ1キ,
10033858,副鼻腔および鼻腔悪性新生物第２期,フクビクウオヨビビクウアクセイシンセイブツダイ2キ,
10033859,副鼻腔および鼻腔悪性新生物第３期,フクビクウオヨビビクウアクセイシンセイブツダイ3キ,
10033860,副鼻腔および鼻腔悪性新生物第４期,フクビクウオヨビビクウアクセイシンセイブツダイ4キ,
10033864,妄想症,モウソウショウ,
10033869,妄想性パーソナリティ障害,モウソウセイパーソナリティショウガイ,
10033885,不全対麻痺,フゼンツイマヒ,
10033888,性嗜好異常,セイシコウイジョウ,
10033890,嵌頓包茎,カントンホウケイ,
10033892,対麻痺,ツイマヒ,
10033898,類乾癬,ルイカンセン,
10033901,子宮頚部検体寄生虫検査陰性,シキュウケイブケンタイキセイチュウケンサインセイ,
10033902,子宮頚部検体寄生虫検査陽性,シキュウケイブケンタイキセイチュウケンサヨウセイ,
10033904,便寄生虫検査陰性,ベンキセイチュウケンサインセイ,
10033905,便寄生虫検査陽性,ベンキセイチュウケンサヨウセイ,
10033906,組織検体寄生虫検査陰性,ソシキケンタイキセイチュウケンサインセイ,
10033907,組織検体寄生虫検査陽性,ソシキケンタイキセイチュウケンサヨウセイ,
10033908,尿寄生虫検査陰性,ニョウキセイチュウケンサインセイ,
10033909,尿寄生虫検査陽性,ニョウキセイチュウケンサヨウセイ,
10033929,副収縮,フクシュウシュク,
10033942,副甲状腺障害,フクコウジョウセンショウガイ,
10033959,副甲状腺再移植術,フクコウジョウセンサイイショクジュツ,
10033963,副甲状腺腫瘍,フクコウジョウセンシュヨウ,
10033964,良性副甲状腺腫瘍,リョウセイフクコウジョウセンシュヨウ,
10033965,悪性副甲状腺腫瘍,アクセイフクコウジョウセンシュヨウ,
10033968,副甲状腺摘出,フクコウジョウセンテキシュツ,
10033969,傍気管リンパ節腫脹,ボウキカンリンパセツシュチョウ,
10033971,パラチフス,パラチフス,
10033976,パラワクシニア,パラワクシニア,
10033981,親子問題,オヤコモンダイ,
10033985,不全麻痺,フゼンマヒ,
10033993,壁細胞抗体,ヘキサイボウコウタイ,
10033994,壁細胞抗体陰性,ヘキサイボウコウタイインセイ,
10033995,壁細胞抗体正常,ヘキサイボウコウタイセイジョウ,
10033996,壁細胞抗体陽性,ヘキサイボウコウタイヨウセイ,
10033997,出産歴,シュッサンレキ,
10034010,パーキンソニズム,パーキンソニズム,
10034016,爪囲炎,ソウイエン,
10034017,爪囲炎ドレナージ,ソウイエンドレナージ,
10034018,嗅覚錯誤,キュウカクサクゴ,
10034019,耳下腺膿瘍,ジカセンノウヨウ,
10034021,耳下腺管閉塞,ジカセンカンヘイソク,
10034023,耳下腺腫大,ジカセンシュダイ,
10034036,耳下腺摘出,ジカセンテキシュツ,
10034038,耳下腺炎,ジカセンエン,
10034042,発作性夜間血色素尿症,ホッサセイヤカンケッシキソニョウショウ,
10034051,毛様体扁平部嚢胞,モウヨウタイヘンペイブノウホウ,
10034099,パルボウイルスＢ１９感染,パルボウイルスB19カンセン,
10034104,指示試験,シジシケン,
10034106,パスツレラ感染,パスツレラカンセン,
10034122,膝蓋骨骨折,シツガイコツコッセツ,
10034126,膝蓋骨切除,シツガイコツセツジョ,
10034130,動脈管開存症,ドウミャクカンカイゾンショウ,
10034131,動脈管開存修復,ドウミャクカンカイゾンシュウフク,
10034133,病原体耐性,ビョウゲンタイタイセイ,
10034156,病的骨折,ビョウテキコッセツ,
10034180,炭酸ガス分圧,タンサンガスブンアツ,
10034181,炭酸ガス分圧低下,タンサンガスブンアツテイカ,
10034183,炭酸ガス分圧上昇,タンサンガスブンアツジョウショウ,
10034192,最大呼気流量,サイダイコキリュウリョウ,
10034193,最大呼気流量異常,サイダイコキリュウリョウイジョウ,
10034195,最大呼気流量減少,サイダイコキリュウリョウゲンショウ,
10034196,最大呼気流量増加,サイダイコキリュウリョウゾウカ,
10034197,最大呼気流量正常,サイダイコキリュウリョウセイジョウ,
10034203,鳩胸,キュウキョウ,ハトムネ
10034204,先天性漏斗胸,センテンセイロウトキョウ,
10034229,肝臓紫斑病,カンゾウシハンビョウ,
10034232,骨盤部尿管閉塞,コツバンブニョウカンヘイソク,
10034236,骨盤膿瘍,コツバンノウヨウ,
10034238,骨盤癒着症,コツバンユチャクショウ,
10034240,骨盤内うっ血,コツバンナイウッケツ,
10034244,骨盤線維症,コツバンセンイショウ,
10034245,骨盤底修復,コツバンテイシュウフク,
10034248,産科的骨盤血腫,サンカテキコツバンケッシュ,
10034254,骨盤内炎症性疾患,コツバンナイエンショウセイシッカン,
10034256,マイコプラズマ性骨盤内炎症性疾患,マイコプラズマセイコツバンナイエンショウセイシッカン,
10034259,骨盤腎,コツバンジン,
10034260,骨盤腔内腫瘤,コツバンクウナイシュリュウ,
10034263,骨盤痛,コツバンツウ,
10034272,骨盤静脈血栓症,コツバンジョウミャクケッセンショウ,
10034277,類天疱瘡,ルイテンポウソウ,
10034280,天疱瘡,テンポウソウ,
10034283,鋭的腹部外傷,エイテキフクブガイショウ,
10034285,貫通性眼損傷修復,カンツウセイガンソンショウシュウフク,
10034299,陰茎癌,インケイガン,
10034305,陰茎出血,インケイシュッケツ,
10034310,陰茎痛,インケイツウ,
10034311,陰茎縮小,インケイシュクショウ,
10034319,陰茎腫脹,インケイシュチョウ,
10034322,陰茎潰瘍形成,インケイカイヨウケイセイ,
10034323,陰茎血管障害,インケイケッカンショウガイ,
10034324,陰茎静脈血栓症,インケイジョウミャクケッセンショウ,
10034325,陰茎疣贅,インケイユウゼイ,
10034327,陰茎疣贅切除,インケイユウゼイセツジョ,
10034329,遠隔転移を伴う陰茎癌,エンカクテンイヲトモナウインケイガン,
10034331,再発陰茎癌,サイハツインケイガン,
10034332,陰茎癌第１期,インケイガンダイ1キ,
10034333,陰茎癌第２期,インケイガンダイ2キ,
10034334,陰茎癌第３期,インケイガンダイ3キ,
10034335,陰茎癌第４期,インケイガンダイ4キ,
10034336,陰茎障害,インケイショウガイ,
10034341,消化性潰瘍,ショウカセイカイヨウ,
10034344,出血性消化性潰瘍,シュッケツセイショウカセイカイヨウ,
10034354,穿孔性消化性潰瘍,センコウセイショウカセイカイヨウ,
10034358,閉塞性穿孔性消化性潰瘍,ヘイソクセイセンコウセイショウカセイカイヨウ,
10034365,閉塞性消化性潰瘍,ヘイソクセイショウカセイカイヨウ,
10034378,知覚障害,チカクショウガイ,
10034405,胆管穿孔,タンカンセンコウ,
10034432,行為恐怖,コウイキョウフ,
10034434,香料過敏症,コウリョウカビンショウ,
10034464,関節周囲炎,カンセツシュウイエン,
10034471,心嚢ドレナージ,シンノウドレナージ,
10034474,心嚢液貯留,シンノウエキチョリュウ,
10034475,心膜切除,シンマクセツジョ,
10034476,心嚢内出血,シンノウナイシュッケツ,
10034480,再発心膜悪性中皮腫,サイハツシンマクアクセイチュウヒシュ,
10034484,心膜炎,シンマクエン,
10034486,癒着性心膜炎,ユチャクセイシンマクエン,
10034487,収縮性心膜炎,シュウシュクセイシンマクエン,
10034488,淋菌性心膜炎,リンキンセイシンマクエン,
10034489,ヒストプラスマ性心膜炎,ヒストプラスマセイシンマクエン,
10034491,悪性心膜炎,アクセイシンマクエン,
10034492,髄膜炎菌性心膜炎,ズイマクエンキンセイシンマクエン,
10034493,マイコプラズマ性心膜炎,マイコプラズマセイシンマクエン,
10034496,リウマチ性心膜炎,リウマチセイシンマクエン,
10034497,梅毒性心膜炎,バイドクセイシンマクエン,
10034498,尿毒症性心膜炎,ニョウドクショウセイシンマクエン,
10034504,歯冠周囲炎,シカンシュウイエン,
10034506,淋菌性肝周囲炎,リンキンセイカンシュウイエン,
10034520,会陰血腫,エインケッシュ,
10034528,会陰裂傷縫合部離開,エインレッショウホウゴウブリカイ,
10034529,会陰形成,エインケイセイ,
10034530,会陰切開,エインセッカイ,
10034531,腎周囲膿瘍,ジンシュウイノウヨウ,
10034535,歯周破壊,シシュウハカイ,
10034536,歯周病,シシュウビョウ,
10034539,歯周炎,シシュウエン,
10034541,口囲皮膚炎,コウイヒフエン,
10034544,眼窩周囲血腫,ガンカシュウイケッシュ,
10034545,眼窩周囲浮腫,ガンカシュウイフシュ,
10034546,眼窩周囲痛,ガンカシュウイツウ,
10034551,骨膜炎,コツマクエン,
10034552,肥厚性骨膜炎,ヒコウセイコツマクエン,
10034567,末梢循環不全,マッショウジュンカンフゼン,
10034568,末梢冷感,マッショウレイカン,
10034576,末梢性虚血,マッショウセイキョケツ,
10034580,末梢性運動ニューロパチー,マッショウセイウンドウニューロパチー,
10034584,末梢神経破壊,マッショウシンケイハカイ,
10034585,末梢神経注入療法,マッショウシンケイチュウニュウリョウホウ,
10034586,末梢神経損傷,マッショウシンケイソンショウ,
10034587,末梢神経刺激,マッショウシンケイシゲキ,
10034591,末梢神経系機能検査異常,マッショウシンケイケイキノウケンサイジョウ,
10034603,遠隔転移を伴う骨末梢神経上皮腫,エンカクテンイヲトモナウコツマッショウシンケイジョウヒシュ,
10034605,再発骨末梢神経上皮腫,サイハツコツマッショウシンケイジョウヒシュ,
10034620,末梢性感覚ニューロパチー,マッショウセイカンカクニューロパチー,
10034623,末梢性Ｔ細胞性リンパ腫、組織型不明,マッショウセイTサイボウセイリンパシュソシキガタフメイ,
10034625,再発組織型不明の末梢性Ｔ細胞性リンパ腫,サイハツソシキガタフメイノマッショウセイTサイボウセイリンパシュ,
10034626,治療抵抗性組織型不明の末梢性Ｔ細胞性リンパ腫,チリョウテイコウセイソシキガタフメイノマッショウセイTサイボウセイリンパシュ,
10034627,組織型不明の末梢性Ｔ細胞性リンパ腫第１期,ソシキガタフメイノマッショウセイTサイボウセイリンパシュダイ1キ,
10034628,組織型不明の末梢性Ｔ細胞性リンパ腫第２期,ソシキガタフメイノマッショウセイTサイボウセイリンパシュダイ2キ,
10034629,組織型不明の末梢性Ｔ細胞性リンパ腫第３期,ソシキガタフメイノマッショウセイTサイボウセイリンパシュダイ3キ,
10034630,組織型不明の末梢性Ｔ細胞性リンパ腫第４期,ソシキガタフメイノマッショウセイTサイボウセイリンパシュダイ4キ,
10034636,末梢血管障害,マッショウケッカンショウガイ,
10034643,門脈周囲洞拡張症,モンミャクシュウイドウカクチョウショウ,
10034647,可視性蠕動不穏,カシセイゼンドウフオン,
10034649,腹膜膿瘍,フクマクノウヨウ,
10034650,腹膜癒着,フクマクユチャク,
10034651,腹膜癒着部切離術,フクマクユチャクブセツリジュツ,
10034659,クラミジア性腹膜感染,クラミジアセイフクマクカンセン,
10034660,腹膜透析,フクマクトウセキ,
10034665,腹膜線維症,フクマクセンイショウ,
10034671,再発腹膜悪性中皮腫,サイハツフクマクアクセイチュウヒシュ,
10034674,腹膜炎,フクマクエン,
10034678,淋菌性腹膜炎,リンキンセイフクマクエン,
10034681,肺炎球菌性腹膜炎,ハイエンキュウキンセイフクマクエン,
10034684,梅毒性腹膜炎,バイドクセイフクマクエン,
10034686,扁桃周囲膿瘍,ヘントウシュウイノウヨウ,
10034695,悪性貧血,アクセイヒンケツ,
10034700,腓骨神経損傷,ヒコツシンケイソンショウ,
10034701,腓骨神経麻痺,ヒコツシンケイマヒ,
10034702,被害妄想,ヒガイモウソウ,
10034703,保続,ホゾク,
10034708,胎児循環遺残,タイジジュンカンイザン,
10034719,人格変化,ジンカクヘンカ,
10034720,身体疾患による人格変化,シンタイシッカンニヨルジンカクヘンカ,
10034721,パーソナリティ障害,パーソナリティショウガイ,
10034723,小児のパーソナリティ障害,ショウニノパーソナリティショウガイ,
10034735,ペルテス病,ペルテスビョウ,
10034738,百日咳,ヒャクニチゼキ,
10034754,点状出血,テンジョウシュッケツ,
10034759,小発作てんかん,ショウホッサテンカン,
10034761,石油留出物中毒,セキユリュウシュツブツチュウドク,
10034762,錐体尖炎,スイタイセンエン,
10034764,ポイツ・イェガース症候群,ポイツイェガースショウコウグン,
10034765,ペイロニー病,ペイロニービョウ,
10034784,精液ｐＨ,セイエキpH,
10034786,精液ｐＨ低下,セイエキpHテイカ,
10034788,精液ｐＨ上昇,セイエキpHジョウショウ,
10034790,精液ｐＨ正常,セイエキpHセイジョウ,
10034791,尿ｐＨ,ニョウpH,
10034792,尿ｐＨ異常,ニョウpHイジョウ,
10034793,尿ｐＨ低下,ニョウpHテイカ,
10034795,尿ｐＨ上昇,ニョウpHジョウショウ,
10034797,尿ｐＨ正常,ニョウpHセイジョウ,
10034798,水晶体融解性緑内障,スイショウタイユウカイセイリョクナイショウ,
10034800,褐色細胞腫,カッショクサイボウシュ,
10034811,咽頭癌,イントウガン,
10034813,再発咽頭癌,サイハツイントウガン,
10034814,咽頭癌第０期,イントウガンダイ0キ,
10034815,咽頭癌第１期,イントウガンダイ1キ,
10034816,咽頭癌第２期,イントウガンダイ2キ,
10034817,咽頭癌第３期,イントウガンダイ3キ,
10034818,咽頭癌第４期,イントウガンダイ4キ,
10034820,咽頭クラミジア感染,イントウクラミジアカンセン,
10034821,咽頭嚢腫,イントウノウシュ,
10034827,咽頭出血,イントウシュッケツ,
10034828,咽頭の良性新生物,イントウノリョウセイシンセイブツ,
10034829,咽頭浮腫,イントウフシュ,
10034832,咽頭嚢,イントウノウ,
10034833,咽頭再建,イントウサイケン,
10034834,咽頭潰瘍,イントウカイヨウ,
10034835,咽頭炎,イントウエン,
10034837,マイコプラズマ咽頭炎,マイコプラズマイントウエン,
10034839,レンサ球菌性咽頭炎,レンサキュウキンセイイントウエン,
10034843,小児咽頭結膜熱,ショウニイントウケツマクネツ,
10034872,フェニルケトン尿症,フェニルケトンニョウショウ,
10034877,フィラデルフィア染色体陽性,フィラデルフィアセンショクタイヨウセイ,
10034878,包茎,ホウケイ,
10034879,静脈炎,ジョウミャクエン,
10034897,深部静脈炎,シンブジョウミャクエン,
10034902,表在性静脈炎,ヒョウザイセイジョウミャクエン,
10034905,サシチョウバエ熱,サシチョウバエネツ,
10034910,フリクテン角結膜炎,フリクテンカクケツマクエン,
10034912,恐怖症,キョウフショウ,
10034913,試験恐怖症,シケンキョウフショウ,
10034918,恐怖回避,キョウフカイヒ,
10034942,光力学療法,コウリキガクリョウホウ,
10034944,光線角膜炎,コウセンカクマクエン,
10034946,膀胱光子照射療法,ボウコウコウシショウシャリョウホウ,
10034947,骨光子照射療法,コツコウシショウシャリョウホウ,
10034948,脳光子照射療法,ノウコウシショウシャリョウホウ,
10034949,乳房光子照射療法,ニュウボウコウシショウシャリョウホウ,
10034950,結腸光子照射療法,ケッチョウコウシショウシャリョウホウ,
10034951,耳鼻咽喉頭光子照射療法,ジビインコウトウコウシショウシャリョウホウ,
10034952,肺光子照射療法,ハイコウシショウシャリョウホウ,
10034953,膵臓光子照射療法,スイゾウコウシショウシャリョウホウ,
10034954,胸膜光子照射療法,キョウマクコウシショウシャリョウホウ,
10034955,前立腺光子照射療法,ゼンリツセンコウシショウシャリョウホウ,
10034956,皮膚光子照射療法,ヒフコウシショウシャリョウホウ,
10034957,甲状腺光子照射療法,コウジョウセンコウシショウシャリョウホウ,
10034958,子宮光子照射療法,シキュウコウシショウシャリョウホウ,
10034959,光線性爪甲剥離症,コウセンセイソウコウハクリショウ,
10034960,羞明,シュウメイ,
10034962,光視症,コウシショウ,
10034972,光線過敏性反応,コウセンカビンセイハンノウ,
10034982,身体的虐待,シンタイテキギャクタイ,
10034983,身体的暴行,シンタイテキボウコウ,
10034986,身体的診察,シンタイテキシンサツ,
10034998,理学療法,リガクリョウホウ,
10035001,異食症,イショクショウ,
10035004,ピックウィック症候群,ピックウィックショウコウグン,
10035015,色素性緑内障,シキソセイリョクナイショウ,
10035025,口唇色素沈着,コウシンシキソチンチャク,
10035039,立毛,リツモウ,
10035047,毛巣洞修復,モウソウドウシュウフク,
10035052,松果体胚腫,ショウカタイハイシュ,
10035057,松果体腫,ショウカタイシュ,
10035059,松果体細胞腫,ショウカタイサイボウシュ,
10035060,瞼裂斑,ケンレツハン,
10035068,ピンタ,ピンタ,
10035075,ピチアチスム,ピチアチスム,
10035092,下垂体梗塞,カスイタイコウソク,
10035104,下垂体腫瘍,カスイタイシュヨウ,
10035108,下垂体腫瘍摘出,カスイタイシュヨウテキシュツ,
10035109,下垂体依存性クッシング症候群,カスイタイイゾンセイクッシングショウコウグン,
10035110,粃糠疹,ヒコウシン,
10035111,白色粃糠疹,ハクショクヒコウシン,
10035114,ばら色粃糠疹,バライロヒコウシン,
10035116,毛孔性紅色粃糠疹,モウコウセイコウショクヒコウシン,
10035119,前置胎盤,ゼンチタイバン,
10035121,前置胎盤による出血,ゼンチタイバンニヨルシュッケツ,
10035132,胎盤障害,タイバンショウガイ,
10035138,胎盤機能不全,タイバンキノウフゼン,
10035139,胎盤壊死,タイバンエシ,
10035142,胎盤ポリープ,タイバンポリープ,
10035146,胎盤輸血症候群,タイバンユケツショウコウグン,
10035148,ペスト,ペスト,
10035154,足底腱膜線維腫症,ソクテイケンマクセンイシュショウ,
10035155,足底筋膜炎,ソクテイキンマクエン,
10035222,形質細胞性白血病,ケイシツサイボウセイハッケツビョウ,
10035226,形質細胞性骨髄腫,ケイシツサイボウセイコツズイシュ,
10035230,形質細胞欠損,ケイシツサイボウケッソン,
10035231,形質細胞増加,ケイシツサイボウゾウカ,
10035232,形質細胞存在,ケイシツサイボウソンザイ,
10035467,血漿粘度,ケッショウネンド,
10035468,血漿粘度異常,ケッショウネンドイジョウ,
10035470,血漿粘度減少,ケッショウネンドゲンショウ,
10035472,血漿粘度正常,ケッショウネンドセイジョウ,
10035484,形質細胞腫,ケイシツサイボウシュ,
10035485,形質細胞増加症,ケイシツサイボウゾウカショウ,
10035486,プラスマフェレシス,プラスマフェレシス,
10035489,プラスミン増加,プラスミンゾウカ,
10035490,プラスミン・インヒビター減少,プラスミンインヒビターゲンショウ,
10035491,プラスミン・インヒビター増加,プラスミンインヒビターゾウカ,
10035493,プラスミノーゲン減少,プラスミノーゲンゲンショウ,
10035495,プラスミノーゲン増加,プラスミノーゲンゾウカ,
10035496,プラスミノーゲン正常,プラスミノーゲンセイジョウ,
10035500,熱帯熱マラリア原虫感染,ネッタイネツマラリアゲンチュウカンセン,
10035501,四日熱マラリア原虫感染,ヨッカネツマラリアゲンチュウカンセン,
10035502,卵形マラリア原虫感染,ランケイマラリアゲンチュウカンセン,
10035503,三日熱マラリア原虫感染,ミッカネツマラリアゲンチュウカンセン,
10035509,顔面形成手術,ガンメンケイセイシュジュツ,
10035514,血小板粘着性減少,ケッショウバンネンチャクセイゲンショウ,
10035515,血小板粘着性増加,ケッショウバンネンチャクセイゾウカ,
10035517,血小板凝集低下,ケッショウバンギョウシュウテイカ,
10035518,血小板凝集亢進,ケッショウバンギョウシュウコウシン,
10035525,血小板数,ケッショウバンスウ,
10035526,血小板数異常,ケッショウバンスウイジョウ,
10035528,血小板数減少,ケッショウバンスウゲンショウ,
10035530,血小板数正常,ケッショウバンスウセイジョウ,
10035531,血小板破壊亢進,ケッショウバンハカイコウシン,
10035532,血小板障害,ケッショウバンショウガイ,
10035537,血小板成熟停止,ケッショウバンセイジュクテイシ,
10035538,血小板形態異常,ケッショウバンケイタイイジョウ,
10035540,血小板生成減少,ケッショウバンセイセイゲンショウ,
10035543,血小板輸血,ケッショウバンユケツ,
10035550,扁平呼吸,ヘンペイコキュウ,
10035551,髄液細胞増加症,ズイエキサイボウゾウカショウ,
10035588,胸膜癒着,キョウマクユチャク,
10035592,胸膜石灰化,キョウマクセッカイカ,
10035595,胸膜障害,キョウマクショウガイ,
10035598,胸水,キョウスイ,
10035600,胸膜線維症,キョウマクセンイショウ,
10035603,胸膜中皮腫,キョウマクチュウヒシュ,
10035607,再発胸膜悪性中皮腫,サイハツキョウマクアクセイチュウヒシュ,
10035615,胸膜摩擦音,キョウマクマサツオン,
10035616,胸膜肥厚,キョウマクヒコウ,
10035617,胸膜切除,キョウマクセツジョ,
10035618,胸膜炎,キョウマクエン,
10035623,胸膜痛,キョウマクツウ,
10035625,胸膜癒着術,キョウマクユチャクジュツ,
10035628,側反弓,ソクハンキュウ,
10035630,ひだ舌,ヒダゼツ,
10035642,気尿症,キニョウショウ,
10035653,じん肺症,ジンパイショウ,ジンハイショウ
10035663,肺全摘除,ハイゼンテキジョ,
10035664,肺炎,ハイエン,
10035665,アデノウイルス性肺炎,アデノウイルスセイハイエン,
10035667,炭疽性肺炎,タンソセイハイエン,
10035669,誤嚥性肺炎,ゴエンセイハイエン,
10035672,百日咳肺炎,ヒャクニチゼキハイエン,
10035673,クラミジア性肺炎,クラミジアセイハイエン,
10035676,サイトメガロウイルス性肺炎,サイトメガロウイルスセイハイエン,
10035699,大腸菌性肺炎,ダイチョウキンセイハイエン,
10035702,ヘモフィルス性肺炎,ヘモフィルスセイハイエン,
10035703,ヘルペスウイルス肺炎,ヘルペスウイルスハイエン,
10035714,インフルエンザ性肺炎,インフルエンザセイハイエン,
10035717,クレブシエラ菌性肺炎,クレブシエラキンセイハイエン,
10035718,レジオネラ菌性肺炎,レジオネラキンセイハイエン,
10035720,リポイド肺炎,リポイドハイエン,
10035722,麻疹性肺炎,マシンセイハイエン,
10035723,モラクセラ菌性肺炎,モラクセラキンセイハイエン,
10035724,マイコプラズマ性肺炎,マイコプラズマセイハイエン,
10035727,パラインフルエンザウイルス性肺炎,パラインフルエンザウイルスセイハイエン,
10035728,肺炎球菌性肺炎,ハイエンキュウキンセイハイエン,
10035731,シュードモナス性肺炎,シュードモナスセイハイエン,
10035732,ＲＳウイルス肺炎,RSウイルスハイエン,
10035733,サルモネラ菌性肺炎,サルモネラキンセイハイエン,
10035734,ブドウ球菌性肺炎,ブドウキュウキンセイハイエン,
10035735,レンサ球菌性肺炎,レンサキュウキンセイハイエン,
10035736,野兎病性肺炎,ヤトビョウセイハイエン,
10035737,ウイルス性肺炎,ウイルスセイハイエン,
10035742,肺臓炎,ハイゾウエン,
10035744,誤嚥性肺臓炎,ゴエンセイハイゾウエン,
10035745,化学性肺炎,カガクセイハイエン,
10035759,気胸,キキョウ,
10035763,自然気胸,シゼンキキョウ,
10035765,外傷性気胸,ガイショウセイキキョウ,
10035766,ＰＯ２,PO2,
10035768,ＰＯ２低下,PO2テイカ,
10035769,ＰＯ２上昇,PO2ジョウショウ,
10035770,ＰＯ２正常,PO2セイジョウ,
10035771,ポケット状びらん,ポケットジョウビラン,
10035774,変形赤血球症,ヘンケイセッケッキュウショウ,
10036000,故意の中毒,コイノチュウドク,
10036007,ポーランド症候群,ポーランドショウコウグン,
10036011,灰白脳炎,カイハクノウエン,
10036012,灰白髄炎,カイハクズイエン,
10036018,頻尿,ヒンニョウ,
10036021,汚染,オセン,
10036024,結節性多発動脈炎,ケッセツセイタハツドウミャクエン,
10036030,多発性関節炎,タハツセイカンセツエン,
10036040,多染性,タセンセイ,
10036049,多嚢胞性卵巣,タノウホウセイランソウ,
10036051,赤血球増加症,セッケッキュウゾウカショウ,
10036057,真性多血症,シンセイタケツショウ,
10036063,多指症,タシショウ,
10036067,多飲症,タインショウ,
10036069,心因性多飲症,シンインセイタインショウ,
10036072,多腺性自己免疫性症候群１型,タセンセイジコメンエキセイショウコウグン1ガタ,
10036073,多腺性自己免疫性症候群２型,タセンセイジコメンエキセイショウコウグン2ガタ,
10036074,多腺性障害,タセンセイショウガイ,
10036079,羊水過多,ヨウスイカタ,
10036086,頻発月経,ヒンパツゲッケイ,
10036087,多形日光疹,タケイニッコウシン,
10036099,リウマチ性多発筋痛,リウマチセイタハツキンツウ,
10036102,多発性筋炎,タハツセイキンエン,
10036105,多発ニューロパチー,タハツニューロパチー,
10036106,アルコール性多発ニューロパチー,アルコールセイタハツニューロパチー,
10036111,特発性進行性多発ニューロパチー,トクハツセイシンコウセイタハツニューロパチー,
10036115,悪性疾患に伴う多発ニューロパチー,アクセイシッカンニトモナウタハツニューロパチー,
10036117,ムンプス性多発ニューロパチー,ムンプスセイタハツニューロパチー,
10036141,多発性漿膜炎,タハツセイショウマクエン,
10036142,多尿,タニョウ,
10036155,末梢循環不良,マッショウジュンカンフリョウ,
10036159,衛生状態不良,エイセイジョウタイフリョウ,
10036172,孔脳症,コウノウショウ,
10036173,徘徊癖,ハイカイヘキ,
10036175,汗孔角化症,カンコウカクカショウ,カンコウカッカショウ
10036176,ポルホビリノーゲン異常,ポルホビリノーゲンイジョウ,
10036181,ポルフィリン症,ポルフィリンショウ,
10036182,急性ポルフィリン症,キュウセイポルフィリンショウ,
10036186,非急性ポルフィリン症,ヒキュウセイポルフィリンショウ,
10036193,ポルフィリン尿,ポルフィリンニョウ,
10036200,門脈圧亢進症,モンミャクアツコウシンショウ,
10036202,門脈膿血症,モンミャクノウケツショウ,モンミャクノウケッショウ
10036204,門脈シャント,モンミャクシャント,
10036205,門脈炎,モンミャクエン,
10036206,門脈血栓症,モンミャクケッセンショウ,
10036207,肝門部空腸吻合,カンモンブクウチョウフンゴウ,
10036220,陽電子放出断層撮影,ヨウデンシホウシュツダンソウサツエイ,
10036221,陽電子放出断層撮影異常,ヨウデンシホウシュツダンソウサツエイイジョウ,
10036222,陽電子放出断層撮影正常,ヨウデンシホウシュツダンソウサツエイセイジョウ,
10036229,炎症後色素沈着変化,エンショウゴシキソチンチャクヘンカ,
10036239,ポリオ後症候群,ポリオゴショウコウグン,
10036242,ワクチン接種後症候群,ワクチンセッシュゴショウコウグン,
10036244,流産後の合併症,リュウザンゴノガッペイショウ,
10036246,流産後の出血,リュウザンゴノシュッケツ,
10036251,性交後避妊法,セイコウゴヒニンホウ,
10036276,術後鎮痛法,ジュツゴチンツウホウ,
10036288,術後縫合による膿瘻,ジュツゴホウゴウニヨルノウロウ,
10036297,分娩後下垂体機能低下症,ブンベンゴカスイタイキノウテイカショウ,
10036300,分娩後静脈血栓症,ブンベンゴジョウミャクケッセンショウ,
10036303,レンサ球菌感染後糸球体腎炎,レンサキュウキンカンセンゴシキュウタイジンエン,
10036309,外傷後健忘障害,ガイショウゴケンボウショウガイ,
10036312,外傷後てんかん,ガイショウゴテンカン,
10036313,外傷後頭痛,ガイショウゴズツウ,
10036315,外傷後骨粗鬆症,ガイショウゴコツソショウショウ,
10036316,心的外傷後ストレス障害,シンテキガイショウゴストレスショウガイ,
10036329,耳後部瘻,ジコウブロウ,
10036334,輪状後部癌,リンジョウコウブガン,
10036346,後嚢部混濁,コウノウブコンダク,
10036368,後脛骨神経損傷,コウケイコツシンケイソンショウ,
10036376,ヘルペス後神経痛,ヘルペスゴシンケイツウ,
10036390,乳房切除後リンパ浮腫症候群,ニュウボウセツジョゴリンパフシュショウコウグン,
10036392,過期産児,カキサンジ,
10036410,術後創感染,ジュツゴソウカンセン,
10036417,分娩後出血,ブンベンゴシュッケツ,
10036419,産褥神経症,サンジョクシンケイショウ,
10036422,産褥敗血症,サンジョクハイケツショウ,
10036423,産褥子宮復古不全,サンジョクシキュウフッコフゼン,
10036436,姿勢異常,シセイイジョウ,
10036437,不自然な姿勢,フシゼンナシセイ,
10036447,水酸化カリウム処理,スイサンカカリウムショリ,
10036448,水酸化カリウム処理陰性,スイサンカカリウムショリインセイ,
10036449,水酸化カリウム処理陽性,スイサンカカリウムショリヨウセイ,
10036462,ポッター症候群,ポッターショウコウグン,
10036463,回腸嚢炎,カイチョウノウエン,
10036465,貧困,ヒンコン,
10036467,発語の乏しさ,ハツゴノトボシサ,
10036468,思考内容の貧困さ,シコウナイヨウノヒンコンサ,
10036476,プラダーウィリ症候群,プラダーウィリショウコウグン,
10036485,子癇前症,シカンゼンショウ,
10036495,先行疾患の改善,センコウシッカンノカイゼン,
10036500,前投薬,ゼントウヤク,
10036508,プレアルブミン,プレアルブミン,
10036509,前耳介嚢胞,ゼンジカイノウホウ,
10036511,脳実質外動脈閉塞,ノウジッシツガイドウミャクヘイソク,
10036519,急産,キュウザン,
10036523,前駆Ｂリンパ芽球性リンパ腫,ゼンクBリンパガキュウセイリンパシュ,
10036532,前駆Ｂリンパ芽球性リンパ腫第１期,ゼンクBリンパガキュウセイリンパシュダイ1キ,
10036533,前駆Ｂリンパ芽球性リンパ腫第２期,ゼンクBリンパガキュウセイリンパシュダイ2キ,
10036534,前駆Ｂリンパ芽球性リンパ腫第３期,ゼンクBリンパガキュウセイリンパシュダイ3キ,
10036535,前駆Ｂリンパ芽球性リンパ腫第４期,ゼンクBリンパガキュウセイリンパシュダイ4キ,
10036543,前駆Ｔリンパ芽球性リンパ腫・白血病,ゼンクTリンパガキュウセイリンパシュハッケツビョウ,
10036546,再発前駆Ｔリンパ芽球性リンパ腫・白血病,サイハツゼンクTリンパガキュウセイリンパシュハッケツビョウ,
10036547,治療抵抗性前駆Ｔリンパ芽球性リンパ腫・白血病,チリョウテイコウセイゼンクTリンパガキュウセイリンパシュハッケツビョウ,
10036548,前駆Ｔリンパ芽球性リンパ腫・白血病第１期,ゼンクTリンパガキュウセイリンパシュハッケツビョウダイ1キ,
10036549,前駆Ｔリンパ芽球性リンパ腫・白血病第２期,ゼンクTリンパガキュウセイリンパシュハッケツビョウダイ2キ,
10036550,前駆Ｔリンパ芽球性リンパ腫・白血病第３期,ゼンクTリンパガキュウセイリンパシュハッケツビョウダイ3キ,
10036551,前駆Ｔリンパ芽球性リンパ腫・白血病第４期,ゼンクTリンパガキュウセイリンパシュハッケツビョウダイ4キ,
10036556,妊娠,ニンシン,
10036562,習慣流産婦人の妊娠,シュウカンリュウザンフジンノニンシン,
10036567,経口避妊薬服用中の妊娠,ケイコウヒニンヤクフクヨウチュウノニンシン,
10036572,妊娠反応,ニンシンハンノウ,
10036573,妊娠反応偽陽性,ニンシンハンノウギヨウセイ,
10036574,妊娠反応陰性,ニンシンハンノウインセイ,
10036575,妊娠反応陽性,ニンシンハンノウヨウセイ,
10036576,尿妊娠反応,ニョウニンシンハンノウ,
10036577,尿妊娠反応陰性,ニョウニンシンハンノウインセイ,
10036578,尿妊娠反応陽性,ニョウニンシンハンノウヨウセイ,
10036582,高齢妊娠,コウレイニンシン,
10036590,早産児,ソウザンジ,
10036595,早産,ソウザン,
10036596,早漏,ソウロウ,
10036600,切迫早産,セッパクソウザン,
10036601,早発閉経,ソウハツヘイケイ,
10036603,前期破水,ゼンキハスイ,
10036608,胎盤早期剥離,タイバンソウキハクリ,
10036618,月経前症候群,ゲッケイゼンショウコウグン,
10036623,包皮背面切開,ホウヒハイメンセッカイ,
10036624,過長包皮,カチョウホウヒ,
10036626,老人性難聴,ロウジンセイナンチョウ,
10036628,老視,ロウシ,
10036631,初老期認知症,ショロウキニンチショウ,
10036649,談話促迫,ダンワソクハク,
10036653,失神寸前の状態,シッシンスンゼンノジョウタイ,
10036656,帝王切開の既往,テイオウセッカイノキオウ,
10036661,持続勃起症,ジゾクボッキショウ,
10036673,原発性アミロイドーシス,ゲンパツセイアミロイドーシス,
10036686,原発性小脳変性症,ゲンパツセイショウノウヘンセイショウ,
10036692,原発性アルドステロン症,ゲンパツセイアルドステロンショウ,
10036697,原発性甲状腺機能低下症,ゲンパツセイコウジョウセンキノウテイカショウ,
10036710,縦隔原発Ｂ細胞性大細胞型リンパ腫,ジュウカクゲンパツBサイボウセイダイサイボウガタリンパシュ,
10036713,再発縦隔原発Ｂ細胞性大細胞型リンパ腫,サイハツジュウカクゲンパツBサイボウセイダイサイボウガタリンパシュ,
10036714,治療抵抗性縦隔原発Ｂ細胞性大細胞型リンパ腫,チリョウテイコウセイジュウカクゲンパツBサイボウセイダイサイボウガタリンパシュ,
10036715,縦隔原発Ｂ細胞性大細胞型リンパ腫第１期,ジュウカクゲンパツBサイボウセイダイサイボウガタリンパシュダイ1キ,
10036716,縦隔原発Ｂ細胞性大細胞型リンパ腫第２期,ジュウカクゲンパツBサイボウセイダイサイボウガタリンパシュダイ2キ,
10036717,縦隔原発Ｂ細胞性大細胞型リンパ腫第３期,ジュウカクゲンパツBサイボウセイダイサイボウガタリンパシュダイ3キ,
10036718,縦隔原発Ｂ細胞性大細胞型リンパ腫第４期,ジュウカクゲンパツBサイボウセイダイサイボウガタリンパシュダイ4キ,
10036757,初妊婦,ショニンプ,
10036758,初産婦,ショサンプ,
10036759,プリンツメタル狭心症,プリンツメタルキョウシンショウ,
10036769,処置部位反応,ショチブイハンノウ,
10036772,肛門周囲痛,コウモンシュウイツウ,
10036774,直腸炎,チョクチョウエン,
10036776,クラミジア性直腸炎,クラミジアセイチョクチョウエン,
10036777,淋菌性直腸炎,リンキンセイチョクチョウエン,
10036778,出血性直腸炎,シュッケツセイチョクチョウエン,
10036780,ヘルペス性直腸炎,ヘルペスセイチョクチョウエン,
10036781,モニリア性直腸炎,モニリアセイチョクチョウエン,
10036783,潰瘍性直腸炎,カイヨウセイチョクチョウエン,
10036786,直腸鏡検査,チョクチョウキョウケンサ,
10036787,直腸鏡検査異常,チョクチョウキョウケンサイジョウ,
10036788,直腸鏡検査正常,チョクチョウキョウケンサセイジョウ,
10036790,湿性咳嗽,シッセイガイソウ,
10036794,早老,ソウロウ,
10036796,プロゲステロン補充療法,プロゲステロンホジュウリョウホウ,
10036797,プロゲステロン療法,プロゲステロンリョウホウ,
10036800,進行性球麻痺,シンコウセイキュウマヒ,
10036801,進行性小脳変性症,シンコウセイショウノウヘンセイショウ,
10036802,進行性外眼筋麻痺,シンコウセイガイガンキンマヒ,
10036805,進行性塊状線維症,シンコウセイカイジョウセンイショウ,
10036807,進行性多巣性白質脳症,シンコウセイタソウセイハクシツノウショウ,
10036808,進行性筋萎縮症,シンコウセイキンイシュクショウ,
10036813,進行性核上性麻痺,シンコウセイカクジョウセイマヒ,
10036831,プロラクチン産生性下垂体腫瘍,プロラクチンサンセイセイカスイタイシュヨウ,
10036872,遷延分娩,センエンブンベン,
10036877,過期妊娠,カキニンシン,
10036888,前リンパ性白血病,ゼンリンパセイハッケツビョウ,
10036890,乱交,ランコウ,
10036892,創傷治癒の促進,ソウショウチユノソクシン,
10036895,予防的化学療法,ヨボウテキカガクリョウホウ,
10036898,予防,ヨボウ,
10036909,遠隔転移を伴う前立腺癌,エンカクテンイヲトモナウゼンリツセンガン,
10036911,再発前立腺癌,サイハツゼンリツセンガン,
10036912,前立腺癌第０期,ゼンリツセンガンダイ0キ,
10036917,前立腺癌第１期,ゼンリツセンガンダイ1キ,
10036918,前立腺癌第２期,ゼンリツセンガンダイ2キ,
10036919,前立腺癌第３期,ゼンリツセンガンダイ3キ,
10036920,前立腺癌第４期,ゼンリツセンガンダイ4キ,
10036934,前立腺膿瘍,ゼンリツセンノウヨウ,
10036935,前立腺性酸性ホスファターゼ,ゼンリツセンセイサンセイホスファターゼ,
10036936,前立腺性酸性ホスファターゼ異常,ゼンリツセンセイサンセイホスファターゼイジョウ,
10036938,前立腺性酸性ホスファターゼ増加,ゼンリツセンセイサンセイホスファターゼゾウカ,
10036939,前立腺性酸性ホスファターゼ正常,ゼンリツセンセイサンセイホスファターゼセイジョウ,
10036940,前立腺腺腫,ゼンリツセンセンシュ,
10036941,前立腺萎縮,ゼンリツセンイシュク,
10036956,前立腺障害,ゼンリツセンショウガイ,
10036960,前立腺出血,ゼンリツセンシュッケツ,
10036968,前立腺痛,ゼンリツセンツウ,
10036972,前立腺特異性抗原減少,ゼンリツセントクイセイコウゲンゲンショウ,
10036975,前立腺特異性抗原増加,ゼンリツセントクイセイコウゲンゾウカ,
10036976,前立腺症,ゼンリツセンショウ,
10036978,前立腺炎,ゼンリツセンエン,
10036979,淋菌性前立腺炎,リンキンセイゼンリツセンエン,
10036981,トリコモナス性前立腺炎,トリコモナスセイゼンリツセンエン,
10036984,人工弁心内膜炎,ジンコウベンシンナイマクエン,
10036989,蛋白アルブミン比,タンパクアルブミンヒ,
10036990,蛋白アルブミン比異常,タンパクアルブミンヒイジョウ,
10036992,蛋白アルブミン比減少,タンパクアルブミンヒゲンショウ,
10036994,蛋白アルブミン比増加,タンパクアルブミンヒゾウカ,
10036996,蛋白アルブミン比正常,タンパクアルブミンヒセイジョウ,
10036997,蛋白同化亢進,タンパクドウカコウシン,
10037001,蛋白結合ヨウ素減少,タンパクケツゴウヨウソゲンショウ,
10037002,蛋白結合ヨウ素増加,タンパクケツゴウヨウソゾウカ,
10037005,プロテインＣ減少,プロテインCゲンショウ,
10037006,蛋白欠乏性貧血,タンパクケツボウセイヒンケツ,
10037012,総蛋白異常,ソウタンパクイジョウ,
10037014,総蛋白減少,ソウタンパクゲンショウ,
10037016,総蛋白増加,ソウタンパクゾウカ,
10037017,総蛋白正常,ソウタンパクセイジョウ,
10037018,尿蛋白,ニョウタンパク,
10037032,蛋白尿,タンパクニョウ,
10037033,尿中蛋白陰性,ニョウチュウタンパクインセイ,
10037047,プロトロンビン量,プロトロンビンリョウ,
10037048,プロトロンビン量異常,プロトロンビンリョウイジョウ,
10037050,プロトロンビン量減少,プロトロンビンリョウゲンショウ,
10037051,プロトロンビン量増加,プロトロンビンリョウゾウカ,
10037052,プロトロンビン量正常,プロトロンビンリョウセイジョウ,
10037056,プロトロンビン時間,プロトロンビンジカン,
10037057,プロトロンビン時間異常,プロトロンビンジカンイジョウ,
10037062,プロトロンビン時間正常,プロトロンビンジカンセイジョウ,
10037063,プロトロンビン時間延長,プロトロンビンジカンエンチョウ,
10037064,プロトロンビン時間比,プロトロンビンジカンヒ,
10037066,プロトロンビン時間比減少,プロトロンビンジカンヒゲンショウ,
10037068,プロトロンビン時間比増加,プロトロンビンジカンヒゾウカ,
10037070,プロトロンビン時間短縮,プロトロンビンジカンタンシュク,
10037076,舌突出,ゼツトッシュツ,シタトッシュツ
10037083,痒疹,ヨウシン,
10037087,そう痒症,ソウヨウショウ,
10037093,陰部そう痒症,インブソウヨウショウ,
10037111,偽性バーター症候群,ギセイバーターショウコウグン,
10037112,偽眼瞼下垂,ギガンケンカスイ,
10037113,偽アルドステロン症,ギアルドステロンショウ,
10037114,仮性球麻痺,カセイキュウマヒ,
10037117,偽憩室疾患,ギケイシツシッカン,
10037122,仮性半陰陽,カセイハンインヨウ,
10037123,女性仮性半陰陽,ジョセイカセイハンインヨウ,
10037124,男性仮性半陰陽,ダンセイカセイハンインヨウ,
10037126,偽性副甲状腺機能低下症,ギセイフクコウジョウセンキノウテイカショウ,
10037127,偽リンパ腫,ギリンパシュ,
10037128,偽膜性大腸炎,ギマクセイダイチョウエン,
10037138,腹膜偽粘液腫,フクマクギネンエキシュ,
10037141,偽乳頭浮腫,ギニュウトウフシュ,
10037143,偽性ポリポーシス,ギセイポリポーシス,
10037145,偽性ポルフィリン症,ギセイポルフィリンショウ,
10037146,偽性思春期早発症,ギセイシシュンキソウハツショウ,
10037147,偽翼状片,ギヨクジョウヘン,
10037150,弾性線維性仮性黄色腫,ダンセイセンイセイカセイオウショクシュ,
10037151,オウム病,オウムビョウ,
10037153,乾癬,カンセン,
10037162,乾癬性関節症,カンセンセイカンセツショウ,
10037167,プソロスペルミウム症,プソロスペルミウムショウ,
10037195,心因性排尿困難,シンインセイハイニョウコンナン,
10037207,身体疾患に影響を与える精神的要因,シンタイシッカンニエイキョウヲアタエルセイシンテキヨウイン,
10037211,精神運動亢進,セイシンウンドウコウシン,
10037213,精神運動制止,セイシンウンドウセイシ,
10037218,精神病質人格,セイシンビョウシツジンカク,
10037222,精神性的障害,セイシンセイテキショウガイ,
10037246,社会心理学的補助療法,シャカイシンリガクテキホジョリョウホウ,
10037247,心理療法,シンリリョウホウ,
10037249,精神病的行動,セイシンビョウテキコウドウ,
10037255,精神病の家族,セイシンビョウノカゾク,
10037263,翼状片,ヨクジョウヘン,
10037264,翼状片手術,ヨクジョウヘンシュジュツ,
10037275,眼瞼下垂修復,ガンケンカスイシュウフク,
10037280,思春期,シシュンキ,
10037294,産褥期発熱,サンジョクキハツネツ,
10037313,肺胞出血,ハイホウシュッケツ,
10037315,肺胞微石症,ハイホウビセキショウ,
10037322,肺無形成,ハイムケイセイ,
10037324,肺動脈圧上昇,ハイドウミャクアツジョウショウ,
10037325,肺動脈楔入圧,ハイドウミャクケツニュウアツ,
10037326,肺動脈楔入圧異常,ハイドウミャクケツニュウアツイジョウ,
10037327,肺動脈楔入圧低下,ハイドウミャクケツニュウアツテイカ,
10037329,肺動脈楔入圧上昇,ハイドウミャクケツニュウアツジョウショウ,
10037331,肺動脈楔入圧正常,ハイドウミャクケツニュウアツセイジョウ,
10037332,肺動静脈瘻,ハイドウジョウミャクロウ,
10037336,肺動脈瘤,ハイドウミャクリュウ,
10037337,肺動脈閉鎖,ハイドウミャクヘイサ,
10037338,肺動脈狭窄,ハイドウミャクキョウサク,
10037339,先天性肺動脈狭窄症,センテンセイハイドウミャクキョウサクショウ,
10037340,肺動脈血栓症,ハイドウミャクケッセンショウ,
10037368,肺うっ血,ハイウッケツ,
10037370,肺挫傷,ハイザショウ,
10037374,肺エキノコッカス症,ハイエキノコッカスショウ,
10037377,肺塞栓症,ハイソクセンショウ,
10037382,肺好酸球増多症,ハイコウサンキュウゾウタショウ,
10037383,肺線維症,ハイセンイショウ,
10037391,肺肉芽腫,ハイニクゲシュ,
10037394,肺出血,ハイシュッケツ,
10037396,肺血鉄症,ハイケッテツショウ,
10037400,肺高血圧症,ハイコウケツアツショウ,
10037407,肺低形成,ハイテイケイセイ,
10037410,肺梗塞,ハイコウソク,
10037415,間質性肺気腫症候群,カンシツセイハイキシュショウコウグン,
10037419,肺奇形,ハイキケイ,
10037421,肺微小塞栓,ハイビショウソクセン,
10037423,肺水腫,ハイスイシュ,
10037427,フューム吸引後の肺水腫,フュームキュウインゴノハイスイシュ,
10037430,肺サルコイドーシス,ハイサルコイドーシス,
10037434,肺梅毒,ハイバイドク,
10037437,肺血栓症,ハイケッセンショウ,
10037440,肺結核,ハイケッカク,
10037448,肺動脈弁閉鎖不全症,ハイドウミャクベンヘイサフゼンショウ,
10037449,肺動脈弁置換,ハイドウミャクベンチカン,
10037450,肺動脈弁狭窄,ハイドウミャクベンキョウサク,
10037451,先天性肺動脈弁狭窄症,センテンセイハイドウミャクベンキョウサクショウ,
10037452,肺動脈弁切開,ハイドウミャクベンセッカイ,
10037456,肺血管抵抗異常,ハイケッカンテイコウイジョウ,
10037457,肺血管炎,ハイケッカンエン,
10037458,肺静脈閉塞性疾患,ハイジョウミャクヘイソクセイシッカン,
10037459,肺静脈血栓症,ハイジョウミャクケッセンショウ,
10037464,歯髄炎,シズイエン,
10037466,脈拍異常,ミャクハクイジョウ,
10037469,脈拍欠損,ミャクハクケッソン,
10037478,脈圧異常,ミャクアツイジョウ,
10037480,脈圧低下,ミャクアツテイカ,
10037482,脈圧上昇,ミャクアツジョウショウ,
10037483,脈圧正常,ミャクアツセイジョウ,
10037507,好塩基性斑点,コウエンキセイハンテン,
10037508,点状角膜炎,テンジョウカクマクエン,
10037509,点状角化症,テンジョウカクカショウ,テンジョウカッカショウ
10037515,固定瞳孔,コテイドウコウ,
10037520,瞳孔ブロック,ドウコウブロック,
10037521,瞳孔障害,ドウコウショウガイ,
10037524,瞳孔対光反射試験,ドウコウタイコウハンシャシケン,
10037525,瞳孔対光反射試験異常,ドウコウタイコウハンシャシケンイジョウ,
10037528,瞳孔対光反射試験正常,ドウコウタイコウハンシャシケンセイジョウ,
10037532,瞳孔反射障害,ドウコウハンシャショウガイ,
10037544,浄化行動,ジョウカコウドウ,
10037549,紫斑,シハン,
10037556,電撃性紫斑病,デンゲキセイシハンビョウ,
10037557,新生児紫斑,シンセイジシハン,
10037560,老人性紫斑,ロウジンセイシハン,
10037569,化膿性分泌物,カノウセイブンピブツ,カノウセイブンピツブツ
10037575,膿疱性乾癬,ノウホウセイカンセン,
10037578,膿疱,ノウホウ,
10037580,ＰＵＶＡ,PUVA,
10037584,腎盂炎,ジンウエン,
10037596,腎盂腎炎,ジンウジンエン,
10037597,急性腎盂腎炎,キュウセイジンウジンエン,
10037601,慢性腎盂腎炎,マンセイジンウジンエン,
10037603,マイコプラズマ性腎盂腎炎,マイコプラズマセイジンウジンエン,
10037607,腎盂形成,ジンウケイセイ,
10037621,幽門狭窄,ユウモンキョウサク,
10037626,幽門筋層切開,ユウモンキンソウセッカイ,
10037627,幽門形成,ユウモンケイセイ,
10037628,幽門痙攣,ユウモンケイレン,
10037632,膿皮症,ノウヒショウ,
10037635,壊疽性膿皮症,エソセイノウヒショウ,
10037637,レンサ球菌性膿皮症,レンサキュウキンセイノウヒショウ,
10037649,化膿性肉芽腫,カノウセイニクゲシュ,
10037651,子宮留膿症,シキュウリュウノウショウ,
10037652,化膿性筋炎,カノウセイキンエン,
10037653,膿腎症,ノウジンショウ,
10037660,発熱,ハツネツ,
10037674,放火癖,ホウカヘキ,
10037682,ピルビン酸キナーゼ欠乏性貧血,ピルビンサンキナーゼケツボウセイヒンケツ,
10037686,膿尿,ノウニョウ,
10037688,Ｑ熱,Qネツ,
10037714,四肢麻痺,シシマヒ,
10037731,クインスランドダニ性チフス,クインスランドダニセイチフス,
10037732,ケーラー紅色肥厚症,ケーラーコウショクヒコウショウ,
10037742,狂犬病,キョウケンビョウ,
10037749,橈骨神経損傷,トウコツシンケイソンショウ,
10037751,橈骨神経麻痺,トウコツシンケイマヒ,
10037754,放射線胞隔炎,ホウシャセンホウカクエン,
10037755,放射線関連痛,ホウシャセンカンレンツウ,
10037756,放射線性白内障,ホウシャセンセイハクナイショウ,
10037758,放射線肺線維症,ホウシャセンハイセンイショウ,
10037760,放射線損傷,ホウシャセンソンショウ,
10037763,放射線性粘膜炎,ホウシャセンセイネンマクエン,
10037764,放射線脊髄症,ホウシャセンセキズイショウ,
10037765,放射線肺臓炎,ホウシャセンハイゾウエン,
10037766,放射線性直腸炎,ホウシャセンセイチョクチョウエン,
10037771,根治的子宮摘出,コンチテキシキュウテキシュツ,
10037773,根治的乳房切断,コンチテキニュウボウセツダン,
10037778,上腕の神経根炎,ジョウワンノシンケイコンエン,
10037779,神経根障害,シンケイコンショウガイ,
10037781,神経根切断,シンケイコンセツダン,
10037784,放射性ヨウ素療法,ホウシャセイヨウソリョウホウ,
10037787,放射性アレルゲン吸着検査,ホウシャセイアレルゲンキュウチャクケンサ,
10037788,放射性アレルゲン吸着検査陰性,ホウシャセイアレルゲンキュウチャクケンサインセイ,
10037789,放射性アレルゲン吸着検査陽性,ホウシャセイアレルゲンキュウチャクケンサヨウセイ,
10037794,放射線療法,ホウシャセンリョウホウ,
10037802,橈骨骨折,トウコツコッセツ,
10037833,ラ音,ラオン,
10037838,がま腫,ガマシュ,
10037841,レム睡眠異常,レムスイミンイジョウ,
10037844,発疹,ホッシン,ハッシン
10037855,紅斑性皮疹,コウハンセイヒシン,
10037857,毛孔性皮疹,モウコウセイヒシン,
10037867,斑状皮疹,ハンジョウヒシン,
10037868,斑状丘疹状皮疹,ハンジョウキュウシンジョウヒシン,
10037870,麻疹様発疹,マシンヨウホッシン,マシンヨウハッシン
10037871,新生児発疹,シンセイジホッシン,シンセイジハッシン
10037876,丘疹性皮疹,キュウシンセイヒシン,
10037879,丘疹落屑性皮疹,キュウシンラクセツセイヒシン,
10037884,そう痒性皮疹,ソウヨウセイヒシン,
10037888,膿疱性皮疹,ノウホウセイヒシン,
10037890,猩紅熱様発疹,ショウコウネツヨウホッシン,ショウコウネツヨウハッシン
10037898,小水疱性皮疹,ショウスイホウセイヒシン,
10037912,レイノー現象,レイノーゲンショウ,
10037973,アゾ染料に対する反応,アゾセンリョウニタイスルハンノウ,
10037974,色素に対する反応,シキソニタイスルハンノウ,
10037977,食品添加物に対する反応,ショクヒンテンカブツニタイスルハンノウ,
10037999,読字障害,ドクジショウガイ,
10038001,リバウンド効果,リバウンドコウカ,
10038011,眼隅角後退,ガングウカクコウタイ,
10038013,パートナーとの和解,パートナートノワカイ,
10038017,再発性発疹チフス,サイハツセイホッシンチフス,サイハツセイハッシンチフス
10038019,直腸腺癌,チョクチョウセンガン,
10038031,直腸閉鎖,チョクチョウヘイサ,
10038038,直腸癌,チョクチョウガン,
10038046,再発直腸癌,サイハツチョクチョウガン,
10038047,直腸癌第０期,チョクチョウガンダイ0キ,
10038048,直腸癌第１期,チョクチョウガンダイ1キ,
10038049,直腸癌第２期,チョクチョウガンダイ2キ,
10038050,直腸癌第３期,チョクチョウガンダイ3キ,
10038051,直腸癌第４期,チョクチョウガンダイ4キ,
10038063,直腸出血,チョクチョウシュッケツ,
10038069,術後直腸裂傷,ジュツゴチョクチョウレッショウ,
10038070,直腸病変部切除,チョクチョウビョウヘンブセツジョ,
10038073,直腸穿孔,チョクチョウセンコウ,
10038075,直腸ポリープ切除,チョクチョウポリープセツジョ,
10038077,直腸脱,チョクチョウダツ,
10038078,直腸脱修復,チョクチョウダツシュウフク,
10038079,直腸狭窄,チョクチョウキョウサク,
10038080,直腸潰瘍,チョクチョウカイヨウ,
10038081,出血性直腸潰瘍,シュッケツセイチョクチョウカイヨウ,
10038084,直腸瘤,チョクチョウリュウ,
10038086,直腸Ｓ状結腸癌,チョクチョウSジョウケッチョウガン,
10038094,再発直腸Ｓ状結腸癌,サイハツチョクチョウSジョウケッチョウガン,
10038095,直腸Ｓ状結腸癌第０期,チョクチョウSジョウケッチョウガンダイ0キ,
10038096,直腸Ｓ状結腸癌第１期,チョクチョウSジョウケッチョウガンダイ1キ,
10038097,直腸Ｓ状結腸癌第２期,チョクチョウSジョウケッチョウガンダイ2キ,
10038098,直腸Ｓ状結腸癌第３期,チョクチョウSジョウケッチョウガンダイ3キ,
10038099,直腸Ｓ状結腸癌第４期,チョクチョウSジョウケッチョウガンダイ4キ,
10038111,再発癌,サイハツガン,
10038147,赤血球凝集陽性,セッケッキュウギョウシュウヨウセイ,
10038150,赤血球数,セッケッキュウスウ,
10038151,赤血球数異常,セッケッキュウスウイジョウ,
10038153,赤血球数減少,セッケッキュウスウゲンショウ,
10038155,赤血球数増加,セッケッキュウスウゾウカ,
10038157,赤血球数正常,セッケッキュウスウセイジョウ,
10038160,赤血球ハインツ小体存在,セッケッキュウハインツショウタイソンザイ,
10038161,低色素性赤血球陽性,テイシキソセイセッケッキュウヨウセイ,
10038162,大赤血球存在,ダイセッケッキュウソンザイ,
10038163,小赤血球存在,ショウセッケッキュウソンザイ,
10038165,有核赤血球陽性,ユウカクセッケッキュウヨウセイ,
10038167,好塩基性斑点赤血球存在,コウエンキセイハンテンセッケッキュウソンザイ,
10038168,赤血球連銭形成存在,セッケッキュウレンセンケイセイソンザイ,
10038169,分裂赤血球陽性,ブンレツセッケッキュウヨウセイ,
10038170,鎌状赤血球陽性,レンジョウセッケッキュウヨウセイ,カマジョウセッケッキュウヨウセイ
10038171,標的赤血球陽性,ヒョウテキセッケッキュウヨウセイ,
10038176,精液中赤血球,セイエキチュウセッケッキュウ,
10038179,精液中赤血球陰性,セイエキチュウセッケッキュウインセイ,
10038180,精液中赤血球陽性,セイエキチュウセッケッキュウヨウセイ,
10038182,尿中赤血球陽性,ニョウチュウセッケッキュウヨウセイ,
10038236,リフィーディング症候群,リフィーディングショウコウグン,
10038254,反射異常,ハンシャイジョウ,
10038261,反射学,ハンシャガク,
10038264,屈折障害,クッセツショウガイ,
10038266,屈折弱視,クッセツジャクシ,
10038275,レフサム病,レフサムビョウ,
10038290,再注入,サイチュウニュウ,
10038300,回帰熱,カイキネツ,
10038309,リラクゼーション療法,リラクゼーションリョウホウ,
10038312,ホルモン分泌刺激因子療法,ホルモンブンピシゲキインシリョウホウ,ホルモンブンピツシゲキインシリョウホウ
10038316,レムナント高脂血症,レムナントコウシケツショウ,レムナントコウシケッショウ
10038317,携行式腹膜カテーテル除去,ケイコウシキフクマクカテーテルジョキョ,
10038322,骨端線固定除去,コッタンセンコテイジョキョ,
10038326,外耳道異物除去,ガイジドウイブツジョキョ,
10038327,眼異物除去,ガンイブツジョキョ,メイブツジョキョ
10038328,眼瞼異物除去,ガンケンイブツジョキョ,
10038329,関節異物除去,カンセツイブツジョキョ,
10038330,喉頭異物除去,コウトウイブツジョキョ,
10038331,水晶体異物除去,スイショウタイイブツジョキョ,
10038332,鼻の異物除去,ハナノイブツジョキョ,
10038333,食道異物除去,ショクドウイブツジョキョ,
10038334,咽頭異物除去,イントウイブツジョキョ,
10038337,皮膚・皮下組織不活性物質除去,ヒフヒカソシキフカッセイブッシツジョキョ,
10038338,内固定除去,ナイコテイジョキョ,
10038345,移植腎除去,イショクジンジョキョ,
10038351,腎膿瘍,ジンノウヨウ,
10038357,腎アミロイドーシス,ジンアミロイドーシス,
10038366,腎動脈瘤,ジンドウミャクリュウ,
10038368,腎動静脈奇形,ジンドウジョウミャクキケイ,
10038372,腎の動脈硬化症,ジンノドウミャクコウカショウ,
10038373,腎動脈炎,ジンドウミャクエン,
10038377,腎動脈過形成,ジンドウミャクカケイセイ,
10038378,腎動脈狭窄症,ジンドウミャクキョウサクショウ,
10038380,腎動脈血栓症,ジンドウミャクケッセンショウ,
10038381,腎萎縮,ジンイシュク,
10038389,腎癌,ジンガン,
10038390,再発腎癌,サイハツジンガン,
10038391,腎癌第１期,ジンガンダイ1キ,
10038392,腎癌第２期,ジンガンダイ2キ,
10038393,腎癌第３期,ジンガンダイ3キ,
10038394,腎癌第４期,ジンガンダイ4キ,
10038410,再発腎細胞癌,サイハツジンサイボウガン,
10038411,腎細胞癌第１期,ジンサイボウガンダイ1キ,
10038412,腎細胞癌第２期,ジンサイボウガンダイ2キ,
10038413,腎細胞癌第３期,ジンサイボウガンダイ3キ,
10038414,腎細胞癌第４期,ジンサイボウガンダイ4キ,
10038419,腎仙痛,ジンセンツウ,
10038422,腎皮質壊死,ジンヒシツエシ,
10038423,腎嚢胞,ジンノウホウ,
10038425,腎嚢胞切除,ジンノウホウセツジョ,
10038428,腎障害,ジンショウガイ,
10038433,腎形成不全,ジンケイセイフゼン,
10038435,腎不全,ジンフゼン,
10038447,新生児腎不全,シンセイジジンフゼン,
10038457,腎性糖尿,ジンセイトウニョウ,
10038459,腎血腫,ジンケッシュ,
10038460,腎出血,ジンシュッケツ,
10038464,腎性高血圧,ジンセイコウケツアツ,
10038468,腎肥大,ジンヒダイ,
10038470,腎梗塞,ジンコウソク,
10038477,腎病変部切除,ジンビョウヘンブセツジョ,
10038481,腎臓壊死,ジンゾウエシ,
10038490,腎臓痛,ジンゾウツウ,
10038491,腎乳頭壊死,ジンニュウトウエシ,
10038519,腎性くる病,ジンセイクルビョウ,
10038520,腎スキャン,ジンスキャン,
10038528,腎結石除去,ジンケッセキジョキョ,
10038530,腎梅毒,ジンバイドク,
10038533,腎移植,ジンイショク,
10038534,腎結核,ジンケッカク,
10038535,腎尿細管性アシドーシス,ジンニョウサイカンセイアシドーシス,
10038536,腎尿細管萎縮,ジンニョウサイカンイシュク,
10038537,腎尿細管障害,ジンニョウサイカンショウガイ,
10038540,腎尿細管壊死,ジンニョウサイカンエシ,
10038542,腎腫瘍摘除,ジンシュヨウテキジョ,
10038546,腎血管炎,ジンケッカンエン,
10038547,腎静脈塞栓症,ジンジョウミャクソクセンショウ,
10038548,腎静脈血栓症,ジンジョウミャクケッセンショウ,
10038552,先天性腎血管異常,センテンセイジンケッカンイジョウ,
10038553,腎血管障害,ジンケッカンショウガイ,
10038555,レニン,レニン,
10038556,レニン異常,レニンイジョウ,
10038557,レニン減少,レニンゲンショウ,
10038559,レニン増加,レニンゾウカ,
10038561,レニン正常,レニンセイジョウ,
10038562,腎血管性高血圧,ジンケッカンセイコウケツアツ,
10038563,再閉塞,サイヘイソク,
10038568,多発性骨盤損傷修復,タハツセイコツバンソンショウシュウフク,
10038570,鎖肛修復,サコウシュウフク,
10038572,尿路損傷修復,ニョウロソンショウシュウフク,
10038583,反復言語,ハンプクゲンゴ,
10038584,反復性挫傷,ハンプクセイザショウ,
10038642,骨吸収亢進,コツキュウシュウコウシン,
10038647,呼吸異常,コキュウイジョウ,
10038661,呼吸性アシドーシス,コキュウセイアシドーシス,
10038664,呼吸性アルカローシス,コキュウセイアルカローシス,
10038669,呼吸停止,コキュウテイシ,
10038678,呼吸抑制,コキュウヨクセイ,
10038681,呼吸深度減少,コキュウシンドゲンショウ,
10038682,呼吸深度増加,コキュウシンドゾウカ,
10038683,呼吸障害,コキュウショウガイ,
10038687,呼吸窮迫,コキュウキュウハク,
10038695,呼吸不全,コキュウフゼン,
10038705,呼吸器モニリア症,コキュウキモニリアショウ,
10038707,呼吸器乳頭腫,コキュウキニュウトウシュ,
10038708,呼吸麻痺,コキュウマヒ,
10038709,呼吸数,コキュウスウ,
10038710,呼吸数減少,コキュウスウゲンショウ,
10038712,呼吸数増加,コキュウスウゾウカ,
10038718,ＲＳウイルス細気管支炎,RSウイルスサイキカンシエン,
10038724,気道の上皮内癌,キドウノジョウヒナイガン,
10038727,気道出血,キドウシュッケツ,
10038728,新生児気道出血,シンセイジキドウシュッケツ,
10038731,気道刺激症状,キドウシゲキショウジョウ,
10038733,気道奇形,キドウキケイ,
10038743,落ち着きのなさ,オチツキノナサ,
10038748,拘束性心筋症,コウソクセイシンキンショウ,
10038749,蘇生法,ソセイホウ,
10038758,胎盤遺残または卵膜遺残,タイバンイザンマタハランマクイザン,
10038773,稽留受胎産物,ケイリュウジュタイサンブツ,
10038776,レッチング,レッチング,
10038787,網状赤血球数,モウジョウセッケッキュウスウ,
10038788,網状赤血球数異常,モウジョウセッケッキュウスウイジョウ,
10038790,網状赤血球数減少,モウジョウセッケッキュウスウゲンショウ,
10038792,網状赤血球数増加,モウジョウセッケッキュウスウゾウカ,
10038794,網状赤血球数正常,モウジョウセッケッキュウスウセイジョウ,
10038795,網赤血球減少症,モウセッケッキュウゲンショウショウ,
10038796,網状赤血球増加症,モウジョウセッケッキュウゾウカショウ,
10038799,網内系機能障害,モウナイケイキノウショウガイ,
10038802,網内系刺激,モウナイケイシゲキ,
10038821,先天性網膜異常,センテンセイモウマクイジョウ,
10038824,網膜動静脈奇形,モウマクドウジョウミャクキケイ,
10038826,網膜動脈塞栓症,モウマクドウミャクソクセンショウ,
10038827,網膜動脈閉塞,モウマクドウミャクヘイソク,
10038829,網膜動脈攣縮,モウマクドウミャクレンシュク,
10038830,網膜動脈狭窄,モウマクドウミャクキョウサク,
10038831,網膜動脈血栓症,モウマクドウミャクケッセンショウ,
10038839,網膜嚢胞,モウマクノウホウ,
10038840,網膜嚢胞切除,モウマクノウホウセツジョ,
10038845,網膜変性,モウマクヘンセイ,
10038846,網膜色素脱失,モウマクシキソダッシツ,
10038847,網膜沈着物,モウマクチンチャクブツ,
10038848,網膜剥離,モウマクハクリ,
10038853,網膜障害,モウマクショウガイ,
10038857,網膜ジストロフィー,モウマクジストロフィー,
10038862,網膜滲出物,モウマクシンシュツブツ,
10038866,網膜機能検査異常,モウマクキノウケンサイジョウ,
10038867,網膜出血,モウマクシュッケツ,
10038871,網膜虚血,モウマクキョケツ,
10038873,網膜レーザー凝固,モウマクレーザーギョウコ,
10038878,網膜黒色腫,モウマクコクショクシュ,
10038886,網膜浮腫,モウマクフシュ,
10038891,網膜蒼白,モウマクソウハク,
10038893,網膜色素上皮症,モウマクシキソジョウヒショウ,
10038894,網膜色素沈着,モウマクシキソチンチャク,
10038895,網膜瘢痕,モウマクハンコン,
10038897,網膜裂孔,モウマクレッコウ,
10038899,網膜末梢血管拡張,モウマクマッショウケッカンカクチョウ,
10038900,網膜腫瘍摘除,モウマクシュヨウテキジョ,
10038901,網膜血管障害,モウマクケッカンショウガイ,
10038903,網膜血管閉塞,モウマクケッカンヘイソク,
10038905,網膜血管炎,モウマクケッカンエン,
10038907,網膜静脈閉塞,モウマクジョウミャクヘイソク,
10038908,網膜静脈血栓症,モウマクジョウミャクケッセンショウ,
10038910,網膜炎,モウマクエン,
10038912,ヒストプラスマ性網膜炎,ヒストプラスマセイモウマクエン,
10038914,色素性網膜炎,シキソセイモウマクエン,
10038915,ウイルス性網膜炎,ウイルスセイモウマクエン,
10038916,網膜芽細胞腫,モウマクガサイボウシュ,
10038923,網膜症,モウマクショウ,
10038926,高血圧性網膜症,コウケツアツセイモウマクショウ,
10038930,粘度亢進網膜症,ネンドコウシンモウマクショウ,
10038933,未熟児網膜症,ミジュクジモウマクショウ,
10038934,増殖性網膜症,ゾウショクセイモウマクショウ,
10038935,鎌状赤血球網膜症,カマジョウセッケッキュウモウマクショウ,
10038936,日光網膜症,ニッコウモウマクショウ,
10038938,先天性網膜分離症,センテンセイモウマクブンリショウ,
10038942,退職,タイショク,
10038944,陥没乳頭,カンボツニュウトウ,
10038956,後眼窩新生物,コウガンカシンセイブツ,
10038957,後腹膜腔手術,コウフクマククウシュジュツ,
10038965,逆行性健忘,ギャッコウセイケンボウ,
10038967,逆行性射精症,ギャッコウセイシャセイショウ,
10038975,後腹膜膿瘍,コウフクマクノウヨウ,
10038977,後腹膜癌,コウフクマクガン,
10038979,後腹膜線維症,コウフクマクセンイショウ,
10038980,後腹膜出血,コウフクマクシュッケツ,
10038982,腹膜後ヘルニア,フクマクコウヘルニア,
10038983,後腹膜浮腫,コウフクマクフシュ,
10039002,家庭への復帰,カテイヘノフッキ,
10039003,回腸空腸逆バイパス,カイチョウクウチョウギャクバイパス,
10039004,アヘン効果の反転,アヘンコウカノハンテン,
10039012,ライ症候群,ライショウコウグン,
10039019,腎臓杆状細胞腫,ジンゾウカンジョウサイボウシュ,
10039020,横紋筋融解症,オウモンキンユウカイショウ,
10039021,横紋筋腫,オウモンキンシュ,
10039022,横紋筋肉腫,オウモンキンニクシュ,
10039027,再発横紋筋肉腫,サイハツオウモンキンニクシュ,
10039033,Ｒｈ抗体,Rhコウタイ,
10039035,Ｒｈ抗体陰性,Rhコウタイインセイ,
10039036,Ｒｈ抗体陽性,Rhコウタイヨウセイ,
10039037,新生児Ｒｈ溶血性疾患,シンセイジRhヨウケツセイシッカン,
10039054,リウマチ熱,リウマチネツ,
10039073,関節リウマチ,カンセツリウマチ,
10039079,リウマチ因子,リウマチインシ,
10039080,リウマチ因子陽性,リウマチインシヨウセイ,
10039081,リウマチ肺,リウマチハイ,
10039083,鼻炎,ビエン,
10039085,アレルギー性鼻炎,アレルギーセイビエン,
10039088,萎縮性鼻炎,イシュクセイビエン,
10039096,潰瘍性鼻炎,カイヨウセイビエン,
10039098,鼻瘤,ビリュウ,
10039099,鼻形成,ビケイセイ,
10039101,鼻漏,ビロウ,
10039102,鼻硬腫,ビコウシュ,
10039104,リノスポリジウム症,リノスポリジウムショウ,
10039109,低音性連続性ラ音,テイオンセイレンゾクセイラオン,
10039111,心室固有調律,シンシツコユウチョウリツ,
10039116,肋骨切除,ロッコツセツジョ,
10039117,肋骨骨折,ロッコツコッセツ,
10039119,くる病,クルビョウ,
10039137,リケッチア痘症,リケッチアトウショウ,
10039138,非ダニ媒介性リケッチア症,ヒダニバイカイセイリケッチアショウ,
10039143,リフトバレー熱,リフトバレーネツ,
10039163,右室不全,ウシツフゼン,
10039166,処女膜強靱,ショジョマクキョウジン,
10039179,ライリー・デイ症候群,ライリーデイショウコウグン,
10039190,リンネ音叉検査,リンネオンサケンサ,
10039191,リンネ音叉検査異常,リンネオンサケンサイジョウ,
10039194,リンネ音叉検査正常,リンネオンサケンサセイジョウ,
10039198,痙笑,ケイショウ,
10039203,交通事故,コウツウジコ,
10039207,ロッキー山紅斑熱,ロッキーサンコウハンネツ,
10039218,酒さ,シュサ,
10039222,ばら疹,バラシン,
10039227,肩回旋筋腱板症候群,ケンカイセンキンケンバンショウコウグン,カタカイセンキンケンバンショウコウグン
10039234,ローター症候群,ローターショウコウグン,
10039238,連銭形成,レンセンケイセイ,
10039245,ルー係蹄改変,ルーケイテイカイヘン,
10039251,ゴム過敏症,ゴムカビンショウ,
10039252,風疹,フウシン,
10039257,風疹抗体陰性,フウシンコウタイインセイ,
10039258,風疹抗体陽性,フウシンコウタイヨウセイ,
10039259,風疹抗体検査,フウシンコウタイケンサ,
10039262,風疹免疫確立,フウシンメンエキカクリツ,
10039264,妊娠中の風疹,ニンシンチュウノフウシン,
10039281,ルビンシュタイン・テイビ症候群,ルビンシュタインテイビショウコウグン,
10039330,破裂性脳動脈瘤,ハレツセイノウドウミャクリュウ,
10039361,仙腸骨炎,センチョウコツエン,
10039367,サディズム,サディズム,
10039379,唾液変性,ダエキヘンセイ,
10039386,唾液管閉塞,ダエキカンヘイソク,
10039388,唾液管狭窄,ダエキカンキョウサク,
10039390,唾液腺萎縮,ダエキセンイシュク,
10039394,唾液腺結石,ダエキセンケッセキ,
10039395,唾液腺結石除去,ダエキセンケッセキジョキョ,
10039398,再発唾液腺癌,サイハツダエキセンガン,
10039399,唾液腺癌第０期,ダエキセンガンダイ0キ,
10039400,唾液腺癌第１期,ダエキセンガンダイ1キ,
10039401,唾液腺癌第２期,ダエキセンガンダイ2キ,
10039402,唾液腺癌第３期,ダエキセンガンダイ3キ,
10039403,唾液腺癌第４期,ダエキセンガンダイ4キ,
10039408,唾液腺腫大,ダエキセンシュダイ,
10039411,唾液腺瘻,ダエキセンロウ,
10039421,唾液腺痛,ダエキセンツウ,
10039422,唾液腺切除,ダエキセンセツジョ,
10039424,流涎過多,リュウゼンカタ,
10039425,唾液分泌低下,ダエキブンピテイカ,ダエキブンピツテイカ
10039426,唾液腺スキャン,ダエキセンスキャン,
10039447,サルモネラ症,サルモネラショウ,
10039449,卵管摘除,ランカンテキジョ,
10039453,卵管炎,ランカンエン,
10039457,淋菌性卵管炎,リンキンセイランカンエン,
10039463,結核性卵管炎,ケッカクセイランカンエン,
10039464,卵管卵巣摘除,ランカンランソウテキジョ,
10039465,両側卵管卵巣摘除,リョウソクランカンランソウテキジョ,
10039467,片側卵管卵巣摘除,ヘンソクランカンランソウテキジョ,
10039468,卵管造影,ランカンゾウエイ,
10039469,卵管造影異常,ランカンゾウエイイジョウ,
10039470,卵管造影正常,ランカンゾウエイセイジョウ,
10039474,卵管癒着剥離,ランカンユチャクハクリ,
10039477,食塩中毒,ショクエンチュウドク,
10039483,肉胞子虫感染,ニクホウシチュウカンセン,
10039486,サルコイドーシス,サルコイドーシス,
10039491,肉腫,ニクシュ,
10039493,肉腫摘除,ニクシュテキジョ,
10039495,皮膚の肉腫,ヒフノニクシュ,
10039497,子宮肉腫,シキュウニクシュ,
10039500,肉腫症,ニクシュショウ,
10039509,痂皮,カヒ,
10039511,疥癬,カイセン,
10039526,ガリウムスキャン,ガリウムスキャン,
10039527,ガリウムスキャン異常,ガリウムスキャンイジョウ,
10039528,ガリウムスキャン正常,ガリウムスキャンセイジョウ,
10039579,肩甲骨骨折,ケンコウコツコッセツ,
10039580,瘢痕,ハンコン,
10039583,瘢痕切除,ハンコンセツジョ,
10039587,猩紅熱,ショウコウネツ,
10039603,住血吸虫症,ジュウケツキュウチュウショウ,
10039605,膀胱住血吸虫症,ボウコウジュウケツキュウチュウショウ,
10039606,皮膚住血吸虫症,ヒフジュウケツキュウチュウショウ,
10039610,肝住血吸虫症,カンジュウケツキュウチュウショウ,
10039621,統合失調感情障害,トウゴウシッチョウカンジョウショウガイ,
10039624,統合失調質パーソナリティ障害,トウゴウシッチョウシツパーソナリティショウガイ,
10039626,統合失調症,トウゴウシッチョウショウ,
10039645,統合失調症の近親者,トウゴウシッチョウショウノキンシンシャ,
10039647,統合失調症様障害,トウゴウシッチョウショウヨウショウガイ,
10039651,統合失調型パーソナリティ障害,トウゴウシッチョウガタパーソナリティショウガイ,
10039660,登校拒否,トウコウキョヒ,
10039662,シュム試験,シュムシケン,
10039664,シュム試験陰性,シュムシケンインセイ,
10039666,シュム試験陽性,シュムシケンヨウセイ,
10039667,シュワン細胞腫,シュワンサイボウシュ,
10039669,坐骨ヘルニア,ザコツヘルニア,
10039670,坐骨神経損傷,ザコツシンケイソンショウ,
10039672,坐骨神経麻痺,ザコツシンケイマヒ,
10039674,坐骨神経痛,ザコツシンケイツウ,
10039677,閃輝暗点,センキアンテン,
10039694,強膜嚢胞,キョウマクノウホウ,
10039696,強膜変色,キョウマクヘンショク,
10039703,皮膚硬化症,ヒフコウカショウ,
10039705,強膜炎,キョウマクエン,
10039710,強皮症,キョウヒショウ,
10039714,強皮症様反応,キョウヒショウヨウハンノウ,
10039721,硬化療法,コウカリョウホウ,
10039722,側弯症,ソクワンショウ,
10039727,側弯症手術,ソクワンショウシュジュツ,
10039737,引っかき傷,ヒッカキキズ,
10039740,絶叫,ゼッキョウ,
10039744,陰嚢癌,インノウガン,
10039747,陰嚢診査,インノウシンサ,
10039748,陰嚢壊疽,インノウエソ,
10039749,陰嚢血腫,インノウケッシュ,
10039753,陰嚢刺激症状,インノウシゲキショウジョウ,
10039755,陰嚢浮腫,インノウフシュ,
10039757,陰嚢痛,インノウツウ,
10039759,陰嚢腫脹,インノウシュチョウ,
10039760,陰嚢潰瘍,インノウカイヨウ,
10039763,陰嚢びらん,インノウビラン,
10039766,ツツガ虫病,ツツガムシビョウ,
10039775,季節性感情障害,キセツセイカンジョウショウガイ,
10039779,皮脂腺嚢胞切除,ヒシセンノウホウセツジョ,
10039784,脂腺機能亢進,シセンキノウコウシン,
10039785,脂腺母斑,シセンボハン,
10039792,脂漏,シロウ,
10039793,脂漏性皮膚炎,シロウセイヒフエン,
10039796,脂漏性角化症,シロウセイカクカショウ,シロウセイカッカショウ
10039801,第２原発性悪性疾患,ダイ2ゲンパツセイアクセイシッカン,
10039807,続発性副腎皮質機能不全,ゾクハツセイフクジンヒシツキノウフゼン,
10039808,続発性アルドステロン症,ゾクハツセイアルドステロンショウ,
10039811,続発性アミロイドーシス,ゾクハツセイアミロイドーシス,
10039834,二次性高血圧,ニジセイコウケツアツ,
10039892,胃酸分泌欠如,イサンブンピケツジョ,イサンブンピツケツジョ
10039893,分泌型下垂体腺腫,ブンピガタカスイタイセンシュ,ブンピツガタカスイタイセンシュ
10039897,鎮静,チンセイ,
10039906,痙攣発作,ケイレンホッサ,
10039907,無酸素性発作,ムサンソセイホッサ,
10039915,選択的ＩｇＡ欠損症,センタクテキIgAケッソンショウ,
10039916,選択的ＩｇＭ欠損症,センタクテキIgMケッソンショウ,
10039917,選択的緘黙症,センタクテキカンモクショウ,
10039921,セレン欠乏,セレンケツボウ,
10039931,精液液化,セイエキエキカ,
10039933,精液液化正常,セイエキエキカセイジョウ,
10039934,精液液化延長,セイエキエキカエンチョウ,
10039935,精液液化短縮,セイエキエキカタンシュク,
10039936,精液粘度,セイエキネンド,
10039938,精液粘度減少,セイエキネンドゲンショウ,
10039940,精液粘度増加,セイエキネンドゾウカ,
10039942,精液粘度正常,セイエキネンドセイジョウ,
10039943,精液量異常,セイエキリョウイジョウ,
10039944,精液量減少,セイエキリョウゲンショウ,
10039946,精液量増加,セイエキリョウゾウカ,
10039948,精液量正常,セイエキリョウセイジョウ,
10039954,精嚢腺炎,セイノウセンエン,
10039955,淋菌性精嚢炎,リンキンセイセイノウエン,
10039956,セミノーマ,セミノーマ,
10039966,老年認知症,ロウネンニンチショウ,
10039984,老人性骨粗鬆症,ロウジンセイコツソショウショウ,
10039986,老人性そう痒症,ロウジンセイソウヨウショウ,
10039987,老人性精神病,ロウジンセイセイシンビョウ,
10039996,血流感覚,ケツリュウカンカク,
10040007,苦悶感,クモンカン,
10040026,感覚障害,カンカクショウガイ,
10040030,感覚消失,カンカクショウシツ,
10040037,遺伝性感覚ニューロパチー,イデンセイカンカクニューロパチー,
10040045,分離不安障害,ブンリフアンショウガイ,
10040047,敗血症,ハイケツショウ,
10040049,新生児敗血症,シンセイジハイケツショウ,
10040051,パスツレラ菌性敗血症,パスツレラキンセイハイケツショウ,
10040059,ヘモフィルス性化膿性関節炎,ヘモフィルスセイカノウセイカンセツエン,
10040061,ナイセリア性化膿性関節炎,ナイセリアセイカノウセイカンセツエン,
10040063,ブドウ球菌性化膿性関節炎,ブドウキュウキンセイカノウセイカンセツエン,
10040064,レンサ桿菌性化膿性関節炎,レンサカンキンセイカノウセイカンセツエン,
10040067,敗血症性塞栓,ハイケツショウセイソクセン,
10040070,敗血症性ショック,ハイケツショウセイショック,
10040102,漿液腫,ショウエキシュ,
10040108,セロトニン症候群,セロトニンショウコウグン,
10040114,漿液性網膜剥離,ショウエキセイモウマクハクリ,
10040246,血清フェリチン,ケッセイフェリチン,
10040247,血清フェリチン異常,ケッセイフェリチンイジョウ,
10040249,血清フェリチン減少,ケッセイフェリチンゲンショウ,
10040250,血清フェリチン増加,ケッセイフェリチンゾウカ,
10040251,血清フェリチン正常,ケッセイフェリチンセイジョウ,
10040400,血清病,ケッセイビョウ,
10040402,血清病様反応,ケッセイビョウヨウハンノウ,
10040461,性的虐待,セイテキギャクタイ,
10040469,性的嫌悪障害,セイテキケンオショウガイ,
10040477,性機能不全,セイキノウフゼン,
10040483,性的抑制,セイテキヨクセイ,
10040488,性行為感染,セイコウイカンセン,
10040490,性行為感染症,セイコウイカンセンショウ,
10040491,性行為感染症の病原体キャリアー,セイコウイカンセンショウノビョウゲンタイキャリアー,
10040532,浅前眼房,センゼンガンボウ,
10040535,共有精神病性障害,キョウユウセイシンビョウセイショウガイ,
10040560,ショック,ショック,
10040576,低血糖ショック,テイケットウショック,
10040581,ショック症状,ショックショウジョウ,
10040589,万引き,マンビキ,
10040600,低身長,テイシンチョウ,
10040613,肩甲難産,ケンコウナンザン,
10040621,シャント閉塞,シャントヘイソク,
10040628,唾液腺炎,ダエキセンエン,
10040633,乾燥症候群,カンソウショウコウグン,
10040634,シックビルディング症候群,シックビルディングショウコウグン,
10040637,病気の近親者,ビョウキノキンシンシャ,
10040641,鎌状赤血球貧血,カマジョウセッケッキュウヒンケツ,
10040642,鎌状赤血球貧血クリーゼ,レンジョウセッケッキュウヒンケツクリーゼ,カマジョウセッケッキュウヒンケツクリーゼ
10040644,鎌状赤血球症,カマジョウセッケッキュウショウ,
10040650,鎌状赤血球形成傾向,カマジョウセッケッキュウケイセイケイコウ,
10040661,鉄芽球性貧血,テツガキュウセイヒンケツ,
10040664,鉄欠乏性嚥下障害,テツケツボウセイエンゲショウガイ,
10040669,Ｓ状結腸鏡検査,Sジョウケッチョウキョウケンサ,
10040670,Ｓ状結腸鏡検査異常,Sジョウケッチョウキョウケンサイジョウ,
10040671,Ｓ状結腸鏡検査正常,Sジョウケッチョウキョウケンサセイジョウ,
10040677,シリコン肉芽腫,シリコンニクゲシュ,
10040678,珪肺症,ケイハイショウ,
10040700,単純乳房切断,タンジュンニュウボウセツダン,
10040703,単純部分発作,タンジュンブブンホッサ,
10040721,片親の家庭,カタオヤノカテイ,
10040722,単光子放射型コンピュータ断層撮影,タンコウシホウシャガタコンピュータダンソウサツエイ,
10040723,単光子放射型コンピュータ断層撮影異常,タンコウシホウシャガタコンピュータダンソウサツエイイジョウ,
10040724,単光子放射型コンピュータ断層撮影正常,タンコウシホウシャガタコンピュータダンソウサツエイセイジョウ,
10040736,洞房ブロック,ドウボウブロック,
10040738,洞停止,ドウテイシ,
10040739,洞性不整脈,ドウセイフセイミャク,
10040740,洞性気圧障害,ドウセイキアツショウガイ,
10040741,洞性徐脈,ドウセイジョミャク,
10040742,副鼻腔うっ血,フクビクウウッケツ,
10040744,副鼻腔炎に伴う頭痛,フクビクウエンニトモナウズツウ,
10040747,副鼻腔痛,フクビクウツウ,
10040748,膿瘻穿孔,ノウロウセンコウ,
10040749,副鼻腔ポリープ,フクビクウポリープ,
10040750,副鼻腔ポリープ変性,フクビクウポリープヘンセイ,
10040752,洞性頻脈,ドウセイヒンミャク,
10040753,副鼻腔炎,フクビクウエン,
10040767,シェーグレン症候群,シェーグレンショウコウグン,
10040779,全骨格検査,ゼンコッカクケンサ,
10040780,全骨格検査異常,ゼンコッカクケンサイジョウ,
10040781,全骨格検査正常,ゼンコッカクケンサセイジョウ,
10040782,骨格牽引,コッカクケンイン,
10040799,皮膚萎縮,ヒフイシュク,
10040808,皮膚癌,ヒフガン,
10040819,皮膚嚢胞切除,ヒフノウホウセツジョ,
10040825,皮膚色素脱失,ヒフシキソダッシツ,
10040829,皮膚変色,ヒフヘンショク,
10040830,皮膚不快感,ヒフフカイカン,
10040831,皮膚障害,ヒフショウガイ,
10040836,皮膚ジストロフィー,ヒフジストロフィー,
10040840,皮膚びらん,ヒフビラン,
10040844,皮膚剥脱,ヒフハクダツ,
10040849,皮膚亀裂,ヒフキレツ,
10040851,皮膚脆弱性,ヒフゼイジャクセイ,
10040855,植皮感染,ショクヒカンセン,
10040861,皮膚毛移植,ヒフモウイショク,
10040865,皮膚色素過剰,ヒフシキソカジョウ,
10040867,皮膚肥厚,ヒフヒコウ,
10040868,皮膚色素減少,ヒフシキソゲンショウ,
10040869,皮膚低形成,ヒフテイケイセイ,
10040872,皮膚感染,ヒフカンセン,
10040880,皮膚刺激,ヒフシゲキ,
10040882,皮膚病変,ヒフビョウヘン,
10040888,皮膚奇形,ヒフキケイ,
10040893,皮膚壊死,ヒフエシ,
10040904,皮膚臭異常,ヒフシュウイジョウ,
10040907,皮膚乳頭腫,ヒフニュウトウシュ,
10040914,皮膚反応,ヒフハンノウ,
10040925,皮膚線条,ヒフセンジョウ,
10040929,皮膚テスト,ヒフテスト,
10040934,皮膚テスト陽性,ヒフテストヨウセイ,
10040943,皮膚潰瘍,ヒフカイヨウ,
10040944,皮膚潰瘍切除,ヒフカイヨウセツジョ,
10040952,皮膚熱感,ヒフネッカン,ヒフネツカン
10040954,皮膚しわ,ヒフシワ,
10040960,頭蓋底骨折,トウガイテイコッセツ,
10040964,頭蓋Ｘ線,トウガイXセン,
10040965,頭蓋Ｘ線異常,トウガイXセンイジョウ,
10040966,頭蓋Ｘ線正常,トウガイXセンセイジョウ,
10040968,ＳＬＥ関節炎,SLEカンセツエン,
10040979,睡眠時無呼吸症候群,スイミンジムコキュウショウコウグン,
10040981,睡眠発作,スイミンホッサ,
10040984,睡眠障害,スイミンショウガイ,
10040985,身体疾患による睡眠障害、過眠症型,シンタイシッカンニヨルスイミンショウガイカミンショウガタ,
10040986,身体疾患による睡眠障害、不眠症型,シンタイシッカンニヨルスイミンショウガイフミンショウガタ,
10040987,身体疾患による睡眠障害、混合型,シンタイシッカンニヨルスイミンショウガイコンゴウガタ,
10040988,身体疾患による睡眠障害、睡眠時随伴症型,シンタイシッカンニヨルスイミンショウガイスイミンジズイハンショウガタ,
10040990,睡眠障害治療,スイミンショウガイチリョウ,
10041002,睡眠時麻痺,スイミンジマヒ,
10041009,ねごと,ネゴト,
10041010,睡眠時驚愕,スイミンジキョウガク,
10041031,細隙灯試験,サイゲキトウシケン,
10041033,細隙灯試験異常,サイゲキトウシケンイジョウ,
10041034,細隙灯試験正常,サイゲキトウシケンセイジョウ,
10041045,刺激反応遅滞,シゲキハンノウチタイ,
10041047,スローウイルス感染,スローウイルスカンセン,
10041052,不活発,フカッパツ,
10041056,小細胞癌,ショウサイボウガン,
10041057,子宮頚部小細胞癌,シキュウケイブショウサイボウガン,
10041067,小細胞肺癌,ショウサイボウハイガン,
10041068,進展型小細胞肺癌,シンテンガタショウサイボウハイガン,
10041069,限局型小細胞肺癌,ゲンキョクガタショウサイボウハイガン,
10041070,再発小細胞肺癌,サイハツショウサイボウハイガン,
10041092,妊娠週に比して小さい児,ニンシンシュウニヒシテチイサイジ,ニンシンシュウニヒシテチイサイコ
10041094,小腸吻合,ショウチョウフンゴウ,
10041099,小腸重積整復,ショウチョウジュウセキセイフク,
10041101,小腸閉塞,ショウチョウヘイソク,
10041103,小腸穿孔,ショウチョウセンコウ,
10041105,小腸切除,ショウチョウセツジョ,
10041121,遠隔転移を伴う小腸癌,エンカクテンイヲトモナウショウチョウガン,
10041124,再発小腸癌,サイハツショウチョウガン,
10041126,小腸壊疽,ショウチョウエソ,
10041127,小腸平滑筋肉腫,ショウチョウヘイカツキンニクシュ,
10041133,小腸潰瘍,ショウチョウカイヨウ,
10041197,痘瘡,トウソウ,
10041202,頬部スミア,キョウブスミア,
10041203,頬部スミア異常,キョウブスミアイジョウ,
10041204,頬部スミア正常,キョウブスミアセイジョウ,
10041205,子宮頚部スミア,シキュウケイブスミア,
10041206,子宮頚部スミア異常,シキュウケイブスミアイジョウ,
10041207,子宮頚部スミア正常,シキュウケイブスミアセイジョウ,
10041208,部位不明のスミア異常,ブイフメイノスミアイジョウ,
10041209,部位不明のスミア正常,ブイフメイノスミアセイジョウ,
10041210,スミア試験,スミアシケン,
10041214,腟スミア,チツスミア,
10041227,平滑筋抗体,ヘイカツキンコウタイ,
10041228,平滑筋抗体陰性,ヘイカツキンコウタイインセイ,
10041229,平滑筋抗体陽性,ヘイカツキンコウタイヨウセイ,
10041230,蛇咬傷,ヘビコウショウ,
10041232,くしゃみ,クシャミ,
10041235,いびき,イビキ,
10041241,付合い程度の飲酒者,ツキアイテイドノインシュシャ,
10041242,社交不安障害,シャコウフアンショウガイ,
10041243,社会逃避行動,シャカイトウヒコウドウ,
10041247,社会的恐怖,シャカイテキキョウフ,
10041277,ナトリウム貯留,ナトリウムチョリュウ,
10041290,軟部組織の炎症,ナンブソシキノエンショウ,
10041291,軟部組織損傷,ナンブソシキソンショウ,
10041303,日光皮膚炎,ニッコウヒフエン,
10041307,日光蕁麻疹,ニッコウジンマシン,
10041308,独語,ドクゴ,
10041316,溶剤過敏症,ヨウザイカビンショウ,
10041317,身体妄想,シンタイモウソウ,
10041327,ソマトスタチンアナログ療法,ソマトスタチンアナログリョウホウ,
10041328,ソマトスタチン受容体スキャン,ソマトスタチンジュヨウタイスキャン,
10041329,ソマトスタチノーマ,ソマトスタチノーマ,
10041343,ソマトトロピン抑制試験,ソマトトロピンヨクセイシケン,
10041344,ソマトトロピン抑制試験異常,ソマトトロピンヨクセイシケンイジョウ,
10041345,ソマトトロピン抑制試験正常,ソマトトロピンヨクセイシケンセイジョウ,
10041347,夢遊症,ムユウショウ,
10041349,傾眠,ケイミン,
10041350,新生児傾眠,シンセイジケイミン,
10041420,先天性特殊感覚異常,センテンセイトクシュカンカクイジョウ,
10041438,尿比重,ニョウヒジュウ,
10041439,尿比重異常,ニョウヒジュウイジョウ,
10041440,尿比重正常,ニョウヒジュウセイジョウ,
10041466,会話障害,カイワショウガイ,
10041467,発達性会話障害,ハッタツセイカイワショウガイ,
10041476,精子検査,セイシケンサ,
10041477,精子検査異常,セイシケンサイジョウ,
10041478,精子検査正常,セイシケンサセイジョウ,
10041490,精液瘤,セイエキリュウ,
10041493,精子形成異常,セイシケイセイイジョウ,
10041497,精液漏,セイエキロウ,
10041498,精子異常,セイシイジョウ,
10041501,精子形態,セイシケイタイ,
10041502,精子形態異常,セイシケイタイイジョウ,
10041503,精子形態正常,セイシケイタイセイジョウ,
10041504,精子運動性異常,セイシウンドウセイイジョウ,
10041506,精子運動性低下,セイシウンドウセイテイカ,
10041507,精子運動性正常,セイシウンドウセイセイジョウ,
10041508,蝶形骨洞手術,チョウケイコツドウシュジュツ,
10041509,球状赤血球性貧血,キュウジョウセッケッキュウセイヒンケツ,
10041513,球状水晶体,キュウジョウスイショウタイ,
10041519,くも状母斑,クモジョウボハン,
10041522,スピゲリウスヘルニア,スピゲリウスヘルニア,
10041524,二分脊椎,ニブンセキツイ,
10041525,潜在性二分脊椎,センザイセイニブンセキツイ,
10041536,脊髄麻酔,セキズイマスイ,
10041539,脊髄性跛行症,セキズイセイハコウショウ,
10041549,脊髄圧迫,セキズイアッパク,
10041551,脊髄ドレナージ,セキズイドレナージ,
10041552,脊髄損傷,セキズイソンショウ,
10041553,馬尾損傷,バビソンショウ,
10041554,頚椎部脊髄損傷,ケイツイブセキズイソンショウ,
10041555,腰椎部脊髄損傷,ヨウツイブセキズイソンショウ,
10041557,仙髄損傷,センズイソンショウ,
10041558,胸髄損傷,キョウズイソンショウ,
10041563,脊髄除圧,セキズイジョアツ,
10041564,脊椎変形矯正,セキツイヘンケイキョウセイ,
10041569,脊椎骨折,セキツイコッセツ,
10041576,脊椎椎弓切除,セキツイツイキュウセツジョ,
10041578,脊椎徒手整復,セキツイトシュセイフク,
10041579,良性脊髄髄膜腫,リョウセイセキズイズイマクシュ,
10041580,悪性脊髄髄膜腫,アクセイセキズイズイマクシュ,
10041582,脊髄性筋萎縮症,セキズイセイキンイシュクショウ,
10041591,変形性脊椎症,ヘンケイセイセキツイショウ,
10041603,先天性脊椎血管異常,センテンセイセキツイケッカンイジョウ,
10041604,脊椎Ｘ線,セキツイXセン,
10041605,脊椎Ｘ線異常,セキツイXセンイジョウ,
10041606,脊椎Ｘ線正常,セキツイXセンセイジョウ,
10041624,スピリルム熱,スピリルムネツ,
10041629,肺活量測定,ハイカツリョウソクテイ,
10041630,肺活量測定異常,ハイカツリョウソクテイイジョウ,
10041631,肺活量測定正常,ハイカツリョウソクテイセイジョウ,
10041633,脾臓障害,ヒゾウショウガイ,
10041640,脾臓結核,ヒゾウケッカク,
10041642,脾摘,ヒテキ,
10041643,脾臓膿瘍,ヒゾウノウヨウ,
10041645,脾臓動脈瘤,ヒゾウドウミャクリュウ,
10041646,脾血腫,ヒケッシュ,
10041647,脾臓出血,ヒゾウシュッケツ,
10041648,脾臓梗塞,ヒゾウコウソク,
10041649,脾臓損傷,ヒゾウソンショウ,
10041652,再発性脾臓辺縁帯リンパ腫,サイハツセイヒゾウヘンエンタイリンパシュ,
10041653,治療抵抗性脾臓辺縁帯リンパ腫,チリョウテイコウセイヒゾウヘンエンタイリンパシュ,
10041654,脾臓辺縁帯リンパ腫第１期,ヒゾウヘンエンタイリンパシュダイ1キ,
10041655,脾臓辺縁帯リンパ腫第２期,ヒゾウヘンエンタイリンパシュダイ2キ,
10041656,脾臓辺縁帯リンパ腫第３期,ヒゾウヘンエンタイリンパシュダイ3キ,
10041657,脾臓辺縁帯リンパ腫第４期,ヒゾウヘンエンタイリンパシュダイ4キ,
10041658,脾破裂,ヒハレツ,
10041659,脾静脈血栓症,ヒジョウミャクケッセンショウ,
10041660,脾腫,ヒシュ,
10041661,脾腎シャント,ヒジンシャント,
10041662,表在性異物,ヒョウザイセイイブツ,
10041663,線状出血,センジョウシュッケツ,
10041670,脊椎炎性脊髄症,セキツイエンセイセキズイショウ,
10041677,外傷性脊椎症,ガイショウセイセキツイショウ,
10041736,スポロトリコーシス,スポロトリコーシス,
10041738,スポーツ損傷,スポーツソンショウ,
10041746,配偶者の虐待,ハイグウシャノギャクタイ,
10041807,変色痰,ヘンショクタン,
10041812,喀痰増加,カクタンゾウカ,カッタンゾウカ
10041823,扁平上皮癌,ヘンペイジョウヒガン,
10041826,肺扁平上皮癌,ハイヘンペイジョウヒガン,
10041834,皮膚有棘細胞癌,ヒフユウキョクサイボウガン,
10041848,子宮頚部扁平上皮癌,シキュウケイブヘンペイジョウヒガン,
10041849,下咽頭扁平上皮癌,カイントウヘンペイジョウヒガン,
10041857,口腔内扁平上皮癌,コウクウナイヘンペイジョウヒガン,
10041865,舌扁平上皮癌,ゼツヘンペイジョウヒガン,
10041866,腟扁平上皮癌,チツヘンペイジョウヒガン,
10041875,外陰部扁平上皮癌,ガイインブヘンペイジョウヒガン,
10041883,子宮内膜扁平上皮癌,シキュウナイマクヘンペイジョウヒガン,
10041896,セントルイス脳炎,セントルイスノウエン,
10041899,刺創,シソウ,
10041900,鹿角状結石,ロッカクジョウケッセキ,
10041915,あぶみ骨摘出,アブミコツテキシュツ,
10041917,ブドウ球菌性膿瘍,ブドウキュウキンセイノウヨウ,
10041923,ブドウ球菌性膿痂疹,ブドウキュウキンセイノウカシン,
10041929,ブドウ球菌性熱傷様皮膚症候群,ブドウキュウキンセイネッショウヨウヒフショウコウグン,
10041932,ブドウ球菌性毒血症,ブドウキュウキンセイドクケツショウ,ブドウキュウキンセイドクケッショウ
10041951,ブドウ腫,ブドウシュ,
10041953,凝視,ギョウシ,
10041954,飢餓性衰弱,キガセイスイジャク,
10041955,うっ滞性皮膚炎,ウッタイセイヒフエン,
10041956,停滞症候群,テイタイショウコウグン,
10041962,てんかん重積状態,テンカンジュウセキジョウタイ,
10041969,脂肪便,シボウベン,
10041997,膀胱三角部狭窄,ボウコウサンカクブキョウサク,
10042008,常同症,ジョウドウショウ,
10042010,無菌性膿尿,ムキンセイノウニョウ,
10042011,不妊手術後再疎通術,フニンシュジュツゴサイソツウジュツ,
10042015,胸骨骨折,キョウコツコッセツ,
10042016,胸骨鋼線結紮固定,キョウコツコウセンケッサツコテイ,
10042028,ステロイド離脱症候群,ステロイドリダツショウコウグン,
10042033,スティーヴンス・ジョンソン症候群,スティーヴンスジョンソンショウコウグン,
10042061,スチル病,スチルビョウ,
10042062,死産,シザン,
10042070,縫合糸膿瘍,ホウゴウシノウヨウ,
10042075,ストーマケア,ストーマケア,
10042128,口内炎,コウナイエン,
10042132,出血性口内炎,シュッケツセイコウナイエン,
10042135,壊死性口内炎,エシセイコウナイエン,
10042137,放射線口内炎,ホウシャセンコウナイエン,
10042159,斜視,シャシ,
10042161,先天性斜視,センテンセイシャシ,
10042166,絞扼性ヘルニア,コウヤクセイヘルニア,
10042167,絞扼性ヘルニア修復,コウヤクセイヘルニアシュウフク,
10042170,有痛性排尿困難,ユウツウセイハイニョウコンナン,
10042175,レンサ桿菌熱,レンサカンキンネツ,
10042176,レンサ球菌性膿瘍,レンサキュウキンセイノウヨウ,
10042178,レンサ球菌性膿痂疹,レンサキュウキンセイノウカシン,
10042209,ストレス,ストレス,
10042210,職場でのストレス,ショクバデノストレス,
10042212,ストレス骨折,ストレスコッセツ,
10042217,ストレス赤血球増加症,ストレスセッケッキュウゾウカショウ,
10042220,ストレス潰瘍,ストレスカイヨウ,
10042241,上気道性喘鳴,ジョウキドウセイゼンメイ,
10042245,一回拍出量,イッカイハクシュツリョウ,
10042246,一回拍出量減少,イッカイハクシュツリョウゲンショウ,
10042248,一回拍出量増加,イッカイハクシュツリョウゾウカ,
10042250,一回拍出量正常,イッカイハクシュツリョウセイジョウ,
10042254,糞線虫症,フンセンチュウショウ,
10042255,落雷被害,ラクライヒガイ,
10042264,昏迷,コンメイ,
10042265,スタージ・ウェーバー症候群,スタージウェーバーショウコウグン,
10042272,亜急性脊髄連合変性症,アキュウセイセキズイレンゴウヘンセイショウ,
10042276,亜急性心内膜炎,アキュウセイシンナイマクエン,
10042297,亜急性硬化性全脳炎,アキュウセイコウカセイゼンノウエン,
10042316,くも膜下出血,クモマクカシュッケツ,
10042317,新生児くも膜下出血,シンセイジクモマクカシュッケツ,
10042331,鎖骨下動脈瘤,サコツカドウミャクリュウ,
10042332,鎖骨下動脈塞栓症,サコツカドウミャクソクセンショウ,
10042334,鎖骨下動脈血栓症,サコツカドウミャクケッセンショウ,
10042335,鎖骨下動脈スチール症候群,サコツカドウミャクスチールショウコウグン,
10042342,角層下膿疱性皮膚症,カクソウカノウホウセイヒフショウ,
10042343,皮下組織膿瘍,ヒカソシキノウヨウ,
10042344,皮下気腫,ヒカキシュ,
10042345,皮下血腫,ヒカケッシュ,
10042361,硬膜下血腫,コウマクカケッシュ,
10042363,硬膜下血腫除去,コウマクカケッシュジョキョ,
10042364,硬膜下出血,コウマクカシュッケツ,
10042365,新生児硬膜下出血,シンセイジコウマクカシュッケツ,
10042431,大動脈弁下狭窄,ダイドウミャクベンカキョウサク,
10042432,ショ糖不耐症,ショトウフタイショウ,
10042434,突然死,トツゼンシ,
10042440,乳児突然死症候群,ニュウジトツゼンシショウコウグン,
10042441,突然視力消失,トツゼンシリョクショウシツ,
10042444,窒息感,チッソクカン,
10042458,自殺念慮,ジサツネンリョ,
10042464,自殺企図,ジサツキト,
10042470,仲間の自殺,ナカマノジサツ,
10042474,近親者の自殺,キンシンシャノジサツ,
10042485,スルホヘモグロビン減少,スルホヘモグロビンゲンショウ,
10042487,スルホヘモグロビン増加,スルホヘモグロビンゾウカ,
10042489,スルホヘモグロビン正常,スルホヘモグロビンセイジョウ,
10042490,スルホヘモグロビン血症,スルホヘモグロビンケツショウ,スルホヘモグロビンケッショウ
10042496,サンバーン,サンバーン,
10042530,眼の擦過傷,メノサッカショウ,
10042549,表在拡大型黒色腫第１期,ヒョウザイカクダイガタコクショクシュダイ1キ,
10042550,表在拡大型黒色腫第２期,ヒョウザイカクダイガタコクショクシュダイ2キ,
10042551,表在拡大型黒色腫第３期,ヒョウザイカクダイガタコクショクシュダイ3キ,
10042552,表在拡大型黒色腫第４期,ヒョウザイカクダイガタコクショクシュダイ4キ,
10042553,表在拡大型黒色腫、病期不明,ヒョウザイカクダイガタコクショクシュビョウキフメイ,
10042566,重感染,ジュウカンセン,
10042567,上矢状洞血栓症,ジョウシジョウドウケッセンショウ,ウエシジョウドウケッセンショウ
10042569,上大静脈症候群,ジョウダイジョウミャクショウコウグン,
10042571,多乳頭,タニュウトウ,
10042572,過剰歯,カジョウシ,
10042573,過剰排卵,カジョウハイラン,
10042594,恥骨上式前立腺摘除,チコツジョウシキゼンリツセンテキジョ,
10042598,大動脈弁上狭窄,ダイドウミャクベンジョウキョウサク,
10042602,上室性期外収縮,ジョウシツセイキガイシュウシュク,
10042604,上室性頻脈,ジョウシツセイヒンミャク,
10042609,外科手術,ゲカシュジュツ,
10042618,反復手術手技,ハンプクシュジュツシュギ,
10042620,術後皮膚裂傷,ジュツゴヒフレッショウ,
10042635,疑い深さ,ウタガイブカサ,
10042640,抜糸,バッシ,
10042652,汗の変色,アセノヘンショク,
10042653,汗腺障害,カンセンショウガイ,
10042655,汗腺切除,カンセンセツジョ,
10042658,汗腺腫瘍,カンセンシュヨウ,
10042666,発汗熱,ハッカンネツ,
10042674,腫脹,シュチョウ,
10042682,顔面腫脹,ガンメンシュチョウ,
10042690,眼瞼腫脹,ガンケンシュチョウ,
10042727,舌腫脹,ゼツシュチョウ,
10042732,シデナム舞踏病,シデナムブトウビョウ,
10042736,瞼球癒着,ケンキュウユチャク,
10042738,交感神経切除,コウカンシンケイセツジョ,
10042739,交感神経節破壊,コウカンシンケイセツハカイ,
10042740,交感神経破壊,コウカンシンケイハカイ,
10042741,交感神経損傷,コウカンシンケイソンショウ,
10042742,交感性眼炎,コウカンセイガンエン,
10042744,交感神経性後頚部症候群,コウカンシンケイセイコウケイブショウコウグン,
10042747,恥骨結合開離症,チコツケツゴウカイリショウ,
10042750,症状隠蔽,ショウジョウインペイ,
10042772,失神,シッシン,
10042778,合指症,ゴウシショウ,
10042856,骨癒合症,コツユゴウショウ,
10042857,滑膜切除,カツマクセツジョ,
10042858,滑液嚢腫,カツエキノウシュ,
10042862,滑膜断裂,カツマクダンレツ,
10042863,滑膜肉腫,カツマクニクシュ,
10042864,遠隔転移を伴う滑膜肉腫,エンカクテンイヲトモナウカツマクニクシュ,
10042867,再発滑膜肉腫,サイハツカツマクニクシュ,
10042868,滑膜炎,カツマクエン,
10042877,肛門梅毒,コウモンバイドク,
10042880,性器梅毒,セイキバイドク,
10042881,骨格筋梅毒,コッカクキンバイドク,
10042893,梅毒検査偽陽性,バイドクケンサギヨウセイ,
10042907,心臓弁膜の梅毒性心内膜炎,シンゾウベンマクノバイドクセイシンナイマクエン,
10042928,脊髄空洞症,セキズイクウドウショウ,
10042938,全身性カンジダ,ゼンシンセイカンジダ,
10042945,全身性エリテマトーデス,ゼンシンセイエリテマトーデス,
10042946,全身性エリテマトーデス皮疹,ゼンシンセイエリテマトーデスヒシン,
10042949,全身性肥満細胞症,ゼンシンセイヒマンサイボウショウ,
10042954,全身性硬化症肺,ゼンシンセイコウカショウハイ,
10042957,収縮期高血圧,シュウシュクキコウケツアツ,
10042970,Ｔ細胞性慢性リンパ性白血病,Tサイボウセイマンセイリンパセイハッケツビョウ,
10042971,Ｔ細胞性リンパ腫,Tサイボウセイリンパシュ,
10042979,再発Ｔ細胞性リンパ腫,サイハツTサイボウセイリンパシュ,
10042980,治療抵抗性Ｔ細胞性リンパ腫,チリョウテイコウセイTサイボウセイリンパシュ,
10042981,Ｔ細胞性リンパ腫第１期,Tサイボウセイリンパシュダイ1キ,
10042982,Ｔ細胞性リンパ腫第２期,Tサイボウセイリンパシュダイ2キ,
10042983,Ｔ細胞性リンパ腫第３期,Tサイボウセイリンパシュダイ3キ,
10042984,Ｔ細胞性リンパ腫第４期,Tサイボウセイリンパシュダイ4キ,
10042985,Ｔ細胞性前リンパ性白血病,Tサイボウセイゼンリンパセイハッケツビョウ,
10042987,Ｔ細胞型急性白血病,Tサイボウガタキュウセイハッケツビョウ,
10042989,分類不能なＴ細胞性リンパ腫、ハイグレード,ブンルイフノウナTサイボウセイリンパシュハイグレード,
10042990,分類不能なＴ細胞性リンパ腫、ローグレード,ブンルイフノウナTサイボウセイリンパシュローグレード,
10043071,頻脈,ヒンミャク,
10043074,胎児頻脈,タイジヒンミャク,
10043079,発作性頻脈,ホッサセイヒンミャク,
10043087,タキフィラキシー,タキフィラキシー,
10043089,頻呼吸,ヒンコキュウ,
10043095,テニア症,テニアショウ,
10043097,高安動脈炎,タカヤスドウミャクエン,
10043101,弯足,ワンソク,
10043114,脱線思考,ダッセンシコウ,
10043115,タンニング,タンニング,
10043118,遅発性ジスキネジア,チハツセイジスキネジア,
10043120,足根管除圧,ソクコンカンジョアツ,ソッコンカンジョアツ
10043121,足根管症候群,ソクコンカンショウコウグン,ソッコンカンショウコウグン
10043143,刺青,シセイ,イレズミ
10043145,刺青切除,イレズミセツジョ,
10043169,涙ぐむ,ナミダグム,
10043173,脆弱歯,ゼイジャクシ,
10043183,生歯,セイシ,
10043189,毛細血管拡張症,モウサイケッカンカクチョウショウ,
10043209,側頭葉てんかん,ソクトウヨウテンカン,
10043224,圧痛,アッツウ,アツツウ
10043233,腱性拘縮,ケンセイコウシュク,
10043239,腱障害,ケンショウガイ,
10043242,腱損傷,ケンソンショウ,
10043248,腱断裂,ケンダンレツ,
10043251,腱鞘病変部切除,ケンショウビョウヘンブセツジョ,
10043253,腱移行,ケンイコウ,
10043255,腱炎,ケンエン,
10043259,腱縫合術,ケンホウゴウジュツ,
10043261,腱鞘炎,ケンショウエン,
10043263,腱切離,ケンセツリ,
10043268,緊張,キンチョウ,
10043269,緊張性頭痛,キンチョウセイズツウ,
10043275,催奇形性,サイキケイセイ,
10043276,奇形腫,キケイシュ,
10043280,末端回腸炎,マッタンカイチョウエン,
10043286,テリエン周辺角膜変性,テリエンシュウヘンカクマクヘンセイ,
10043293,精巣診査,セイソウシンサ,
10043298,精巣萎縮,セイソウイシュク,
10043303,精巣絨毛癌第１期,セイソウジュウモウガンダイ1キ,
10043304,精巣絨毛癌第２期,セイソウジュウモウガンダイ2キ,
10043305,精巣絨毛癌第３期,セイソウジュウモウガンダイ3キ,
10043306,精巣障害,セイソウショウガイ,
10043309,精巣胎芽性癌第１期,セイソウタイガセイガンダイ1キ,
10043310,精巣胎芽性癌第２期,セイソウタイガセイガンダイ2キ,
10043311,精巣胎芽性癌第３期,セイソウタイガセイガンダイ3キ,
10043315,精巣機能不全,セイソウキノウフゼン,
10043317,術後精巣機能不全,ジュツゴセイソウキノウフゼン,
10043318,原発性精巣機能不全,ゲンパツセイセイソウキノウフゼン,
10043331,精巣胚細胞性混合腫瘍第１期,セイソウハイサイボウセイコンゴウシュヨウダイ1キ,
10043332,精巣胚細胞性混合腫瘍第２期,セイソウハイサイボウセイコンゴウシュヨウダイ2キ,
10043333,精巣胚細胞性混合腫瘍第３期,セイソウハイサイボウセイコンゴウシュヨウダイ3キ,
10043334,精巣機能亢進症,セイソウキノウコウシンショウ,
10043337,精巣梗塞,セイソウコウソク,
10043339,精巣悪性奇形腫第１期,セイソウアクセイキケイシュダイ1キ,
10043340,精巣悪性奇形腫第２期,セイソウアクセイキケイシュダイ2キ,
10043341,精巣悪性奇形腫第３期,セイソウアクセイキケイシュダイ3キ,
10043345,精巣痛,セイソウツウ,
10043346,精巣プロステーシス挿入,セイソウプロステーシスソウニュウ,
10043347,精巣プロステーシス除去,セイソウプロステーシスジョキョ,
10043348,遊走精巣,ユウソウセイソウ,
10043349,精巣スキャン,セイソウスキャン,
10043350,精巣（純粋）セミノーマ第１期,セイソウジュンスイセミノーマダイ1キ,
10043351,精巣（純粋）セミノーマ第２期,セイソウジュンスイセミノーマダイ2キ,
10043352,精巣（純粋）セミノーマ第３期,セイソウジュンスイセミノーマダイ3キ,
10043354,精巣腫脹,セイソウシュチョウ,
10043355,精巣良性奇形腫,セイソウリョウセイキケイシュ,
10043356,精巣捻転,セイソウネンテン,
10043357,精巣卵黄嚢腫瘍第１期,セイソウランオウノウシュヨウダイ1キ,
10043358,精巣卵黄嚢腫瘍第２期,セイソウランオウノウシュヨウダイ2キ,
10043359,精巣卵黄嚢腫瘍第３期,セイソウランオウノウシュヨウダイ3キ,
10043376,破傷風,ハショウフウ,
10043378,新生児破傷風,シンセイジハショウフウ,
10043380,テタニー,テタニー,
10043388,サラセミア,サラセミア,
10043390,αサラセミア,アルファサラセミア,
10043391,βサラセミア,ベータサラセミア,
10043393,軽症型サラセミア,ケイショウガタサラセミア,
10043395,鎌状赤血球サラセミア,カマジョウセッケッキュウサラセミア,
10043405,窃盗,セットウ,
10043414,治療効果減弱,チリョウコウカゲンジャク,
10043415,治療効果増強,チリョウコウカゾウキョウ,
10043416,治療効果遷延,チリョウコウカセンエン,
10043417,予想外の治療反応,ヨソウガイノチリョウハンノウ,
10043420,サーモグラム,サーモグラム,
10043421,サーモグラム異常,サーモグラムイジョウ,
10043422,サーモグラム正常,サーモグラムセイジョウ,
10043431,思考異常,シコウイジョウ,
10043449,分娩第３期出血,ブンベンダイ3キシュッケツ,
10043458,口渇,コウカツ,
10043484,胸郭成形,キョウカクセイケイ,
10043490,胸腔鏡検査,キョウクウキョウケンサ,
10043491,開胸,カイキョウ,
10043495,思考途絶,シコウトゼツ,
10043496,思考吹入,シコウスイニュウ,
10043497,思考奪取,シコウダッシュ,
10043502,解雇恐怖感,カイコキョウフカン,
10043508,分娩開始切迫,ブンベンカイシセッパク,
10043515,咽喉癌,インコウガン,
10043521,咽喉刺激感,インコウシゲキカン,
10043528,咽喉絞扼感,インコウコウヤクカン,
10043529,血小板無力症,ケッショウバンムリョクショウ,
10043530,血栓除去,ケッセンジョキョ,
10043539,トロンビン時間,トロンビンジカン,
10043540,血栓性閉塞性血管炎,ケッセンセイヘイソクセイケッカンエン,
10043554,血小板減少症,ケッショウバンゲンショウショウ,
10043557,新生児血小板減少症,シンセイジケッショウバンゲンショウショウ,
10043561,血小板減少性紫斑病,ケッショウバンゲンショウセイシハンビョウ,
10043563,血小板増加症,ケッショウバンゾウカショウ,
10043568,血栓溶解,ケッセンヨウカイ,
10043570,血栓性静脈炎,ケッセンセイジョウミャクエン,
10043581,遊走性血栓静脈炎,ユウソウセイケッセンジョウミャクエン,
10043586,新生児血栓性静脈炎,シンセイジケッセンセイジョウミャクエン,
10043593,化膿性血栓静脈炎,カノウセイケッセンジョウミャクエン,
10043605,血栓性静脈瘤,ケッセンセイジョウミャクリュウ,
10043607,血栓症,ケッセンショウ,
10043626,腸間膜血栓症,チョウカンマクケッセンショウ,
10043634,血栓症予防,ケッセンショウヨボウ,
10043645,血栓性微小血管症,ケッセンセイビショウケッカンショウ,
10043647,血栓性脳卒中,ケッセンセイノウソッチュウ,
10043648,血栓性血小板減少性紫斑病,ケッセンセイケッショウバンゲンショウセイシハンビョウ,
10043661,胸腺摘除,キョウセンテキジョ,
10043667,チモール混濁反応,チモールコンダクハンノウ,
10043668,チモール混濁反応異常,チモールコンダクハンノウイジョウ,
10043669,チモール混濁反応正常,チモールコンダクハンノウセイジョウ,
10043670,胸腺腫,キョウセンシュ,
10043674,再発悪性胸腺腫,サイハツアクセイキョウセンシュ,
10043676,胸腺膿瘍,キョウセンノウヨウ,
10043683,甲状舌管嚢胞摘除,コウジョウゼッカンノウホウテキジョ,
10043684,甲状舌管瘻孔切除,コウジョウゼッカンロウコウセツジョ,
10043688,甲状腺腺腫,コウジョウセンセンシュ,
10043691,甲状腺腺腫切除,コウジョウセンセンシュセツジョ,
10043693,甲状腺萎縮,コウジョウセンイシュク,
10043706,甲状腺嚢腫,コウジョウセンノウシュ,
10043709,甲状腺障害,コウジョウセンショウガイ,
10043720,甲状腺単包虫症,コウジョウセンタンホウチュウショウ,
10043722,甲状腺電子照射療法,コウジョウセンデンシショウシャリョウホウ,
10043729,甲状腺機能検査,コウジョウセンキノウケンサ,
10043730,甲状腺機能検査異常,コウジョウセンキノウケンサイジョウ,
10043731,甲状腺機能検査正常,コウジョウセンキノウケンサセイジョウ,
10043742,甲状腺梗塞,コウジョウセンコウソク,
10043744,甲状腺新生物,コウジョウセンシンセイブツ,
10043754,甲状腺結節除去,コウジョウセンケッセツジョキョ,
10043757,甲状腺痛,コウジョウセンツウ,
10043763,甲状腺刺激ホルモン放出ホルモン負荷試験,コウジョウセンシゲキホルモンホウシュツホルモンフカシケン,
10043764,甲状腺刺激ホルモン放出ホルモン異常,コウジョウセンシゲキホルモンホウシュツホルモンイジョウ,
10043765,甲状腺刺激ホルモン放出ホルモン正常,コウジョウセンシゲキホルモンホウシュツホルモンセイジョウ,
10043772,甲状腺刺激ホルモン産生性下垂体腫瘍,コウジョウセンシゲキホルモンサンセイセイカスイタイシュヨウ,
10043774,甲状腺結核,コウジョウセンケッカク,
10043778,甲状腺炎,コウジョウセンエン,
10043780,急性甲状腺炎,キュウセイコウジョウセンエン,
10043781,慢性甲状腺炎,マンセイコウジョウセンエン,
10043782,慢性線維性甲状腺炎,マンセイセンイセイコウジョウセンエン,
10043784,亜急性甲状腺炎,アキュウセイコウジョウセンエン,
10043786,甲状腺中毒クリーゼ,コウジョウセンチュウドククリーゼ,
10043788,甲状腺中毒性周期性四肢麻痺,コウジョウセンチュウドクセイシュウキセイシシマヒ,
10043813,サイロキシン,サイロキシン,
10043814,サイロキシン異常,サイロキシンイジョウ,
10043816,サイロキシン減少,サイロキシンゲンショウ,
10043818,サイロキシン増加,サイロキシンゾウカ,
10043820,サイロキシン正常,サイロキシンセイジョウ,
10043827,脛骨骨折,ケイコツコッセツ,
10043833,チック,チック,
10043841,ダニ媒介熱,ダニバイカイネツ,
10043847,ダニ媒介ウイルス脳炎,ダニバイカイウイルスノウエン,
10043865,白色癬,ハクショクセン,
10043866,頭部白癬,トウブハクセン,
10043868,股部白癬,コブハクセン,
10043871,黒癬,コクセン,
10043873,足部白癬,ソクブハクセン,
10043882,耳鳴,ジメイ,ミミナリ
10043903,タバコ乱用,タバコランヨウ,
10043906,タバコ使用障害,タバコシヨウショウガイ,
10043913,足指切断,ソクシセツダン,アシユビセツダン
10043920,足指手術,ソクシシュジュツ,アシユビシュジュツ
10043942,舌水疱形成,ゼツスイホウケイセイ,
10043945,舌苔,ゼツタイ,ゼッタイ
10043949,舌変色,ゼツヘンショク,
10043951,舌障害,ゼツショウガイ,
10043957,地図状舌,チズジョウゼツ,チズジョウシタ
10043959,舌血腫,ゼツケッシュ,
10043963,舌の運動障害,シタノウンドウショウガイ,
10043965,舌の良性新生物,シタノリョウセイシンセイブツ,
10043966,舌の悪性新生物、病期不明,シタノアクセイシンセイブツビョウキフメイ,
10043967,舌浮腫,ゼツフシュ,
10043972,舌の麻痺,シタノマヒ,
10043977,舌あれ,シタアレ,
10043981,舌痙攣,ゼツケイレン,シタケイレン
10043988,舌小帯手術,ゼツショウタイシュジュツ,
10043991,舌潰瘍,ゼツカイヨウ,
10043994,強直性痙攣,キョウチョクセイケイレン,
10044002,扁桃癌,ヘントウガン,
10044003,扁桃肥大,ヘントウヒダイ,
10044004,扁桃の良性新生物,ヘントウノリョウセイシンセイブツ,
10044006,扁桃摘出,ヘントウテキシュツ,
10044008,扁桃炎,ヘントウエン,
10044013,レンサ球菌性扁桃炎,レンサキュウキンセイヘントウエン,
10044016,歯膿瘍,シノウヨウ,
10044019,歯の骨性癒着,ハノコツセイユチャク,
10044028,歯牙離層,シガリソウ,
10044029,歯の沈着物,ハノチンチャクブツ,
10044030,歯の発育障害,ハノハツイクショウガイ,
10044032,変色歯,ヘンショクシ,
10044033,先天性歯牙変色,センテンセイシガヘンショク,
10044034,歯の障害,ハノショウガイ,
10044038,歯の侵食,ハノシンショク,
10044041,歯牙形成不全,シガケイセイフゼン,
10044042,埋伏歯,マイフクシ,
10044043,歯牙損傷,シガソンショウ,
10044044,歯の脱落,ハノダツラク,
10044046,歯奇形,シキケイ,
10044047,遺伝性歯牙奇形,イデンセイシガキケイ,
10044052,歯の吸収症,ハノキュウシュウショウ,
10044053,抜歯窩止血,バッシカシケツ,
10044054,抜歯窩縫合,バッシカホウゴウ,
10044055,歯痛,シツウ,ハイタ
10044059,角膜局所所見,カクマクキョクショショケン,
10044060,角膜局所所見異常,カクマクキョクショショケンイジョウ,
10044061,角膜局所所見正常,カクマクキョクショショケンセイジョウ,
10044066,トルサード　ド　ポアント,トルサードドポアント,
10044074,斜頚,シャケイ,
10044076,心因性斜頚,シンインセイシャケイ,
10044097,総肺気量,ソウハイキリョウ,
10044098,総肺気量異常,ソウハイキリョウイジョウ,
10044100,総肺気量減少,ソウハイキリョウゲンショウ,
10044102,総肺気量正常,ソウハイキリョウセイジョウ,
10044126,トゥレット病,トゥレットビョウ,
10044135,中毒性白内障,チュウドクセイハクナイショウ,
10044145,中毒性腸拡張,チュウドクセイチョウカクチョウ,
10044221,中毒性脳症,チュウドクセイノウショウ,
10044223,中毒性表皮壊死融解症,チュウドクセイヒョウヒエシユウカイショウ,
10044242,中毒性結節性甲状腺腫,チュウドクセイケッセツセイコウジョウセンシュ,
10044245,中毒性視神経症,チュウドクセイシシンケイショウ,
10044248,中毒性ショック症候群,チュウドクセイショックショウコウグン,
10044250,ブドウ球菌性毒素性ショック症候群,ブドウキュウキンセイドクソセイショックショウコウグン,
10044251,レンサ球菌性毒素性ショック症候群,レンサキュウキンセイドクソセイショックショウコウグン,
10044269,トキソカラ症,トキソカラショウ,
10044272,トキソプラズマ症,トキソプラズマショウ,
10044277,線維柱帯切除,センイチュウタイセツジョ,
10044278,微量元素欠乏,ビリョウゲンソケツボウ,
10044285,気管癌,キカンガン,
10044287,気管偏位,キカンヘンイ,
10044290,気管病変部切除,キカンビョウヘンブセツジョ,
10044291,気管閉塞,キカンヘイソク,
10044293,外因性気管閉塞症,ガイインセイキカンヘイソクショウ,
10044296,気管浮腫,キカンフシュ,
10044298,気管形成,キカンケイセイ,
10044299,気管潰瘍,キカンカイヨウ,
10044302,気管炎,キカンエン,
10044304,閉塞性気管炎,ヘイソクセイキカンエン,
10044310,気管食道瘻,キカンショクドウロウ,
10044313,破骨性気管気管支障害,ハコツセイキカンキカンシショウガイ,
10044314,気管気管支炎,キカンキカンシエン,
10044315,マイコプラズマ性気管気管支炎,マイコプラズマセイキカンキカンシエン,
10044316,気管気管支肥大,キカンキカンシヒダイ,
10044320,気管切開,キカンセッカイ,
10044322,気管切開後の機能障害,キカンセッカイゴノキノウショウガイ,
10044324,気管切開チューブ除去,キカンセッカイチューブジョキョ,
10044325,トラコーマ,トラコーマ,
10044334,トランス,トランス,
10044337,性転換願望,セイテンカンガンボウ,
10044342,経膀胱前立腺切除,ケイボウコウゼンリツセンセツジョ,
10044353,移入因子減少,イニュウインシゲンショウ,
10044354,トランスフェリン,トランスフェリン,
10044356,トランスフェリン減少,トランスフェリンゲンショウ,
10044357,トランスフェリン増加,トランスフェリンゾウカ,
10044358,トランスフェリン正常,トランスフェリンセイジョウ,
10044359,輸血反応,ユケツハンノウ,
10044360,不適合輸血,フテキゴウユケツ,
10044380,一過性全健忘,イッカセイゼンケンボウ,
10044388,小児一過性低γグロブリン血症,ショウニイッカセイテイガンマグロブリンケツショウ,ショウニイッカセイテイガンマグロブリンケッショウ
10044390,一過性脳虚血発作,イッカセイノウキョケツホッサ,
10044403,新生児一過性頻呼吸,シンセイジイッカセイヒンコキュウ,
10044406,腎盂および尿管の遠隔転移を伴う移行上皮癌,ジンウオヨビニョウカンノエンカクテンイヲトモナウイコウジョウヒガン,
10044407,腎盂および尿管移行上皮癌,ジンウオヨビニョウカンイコウジョウヒガン,
10044408,腎盂および尿管の限局性移行上皮癌,ジンウオヨビニョウカンノゲンキョクセイイコウジョウヒガン,
10044410,腎盂および尿管の再発移行上皮癌,ジンウオヨビニョウカンノサイハツイコウジョウヒガン,
10044411,腎盂および尿管の局所性移行上皮癌,ジンウオヨビニョウカンノキョクショセイイコウジョウヒガン,
10044412,移行上皮癌,イコウジョウヒガン,
10044426,尿道移行上皮癌,ニョウドウイコウジョウヒガン,
10044439,移植拒絶反応,イショクキョゼツハンノウ,
10044443,大血管転位,ダイケッカンテンイ,
10044445,経尿道的前立腺摘除,ケイニョウドウテキゼンリツセンテキジョ,
10044456,横位,オウイ,
10044457,横静脈洞血栓症,オウジョウミャクドウケッセンショウ,
10044458,服装倒錯,フクソウトウサク,
10044501,外傷性無尿,ガイショウセイムニョウ,
10044502,外傷性関節障害,ガイショウセイカンセツショウガイ,
10044520,外傷を伴う分娩,ガイショウヲトモナウブンベン,
10044522,外傷性血腫,ガイショウセイケッシュ,
10044541,外傷性ショック,ガイショウセイショック,
10044542,外傷性脊髄圧迫,ガイショウセイセキズイアッパク,
10044545,外傷性斜頚,ガイショウセイシャケイ,
10044546,外傷性潰瘍,ガイショウセイカイヨウ,
10044565,振戦,シンセン,
10044575,新生児振戦,シンセイジシンセン,
10044582,ざんごう熱,ザンゴウネツ,
10044584,塹壕足,ザンゴウソク,
10044590,片側臥呼吸,ヘンソクガコキュウ,
10044591,トリヨードチロニン,トリヨードチロニン,
10044592,トリヨードチロニン異常,トリヨードチロニンイジョウ,
10044594,トリヨードチロニン減少,トリヨードチロニンゲンショウ,
10044596,トリヨードチロニン増加,トリヨードチロニンゾウカ,
10044598,トリヨードチロニン正常,トリヨードチロニンセイジョウ,
10044599,トリヨードチロニン摂取,トリヨードチロニンセッシュ,
10044601,トリヨードチロニン摂取減少,トリヨードチロニンセッシュゲンショウ,
10044602,トリヨードチロニン摂取増加,トリヨードチロニンセッシュゾウカ,
10044603,トリヨードチロニン摂取正常,トリヨードチロニンセッシュセイジョウ,
10044604,睫毛乱生,ショウモウランセイ,マツゲランセイ
10044608,旋毛虫症,センモウチュウショウ,
10044613,長睫毛症,チョウショウモウショウ,
10044620,トリコモナス症,トリコモナスショウ,
10044621,腸トリコモナス症,チョウトリコモナスショウ,
10044625,裂毛,レツモウ,
10044627,毛様線虫症,モウヨウセンチュウショウ,
10044628,裂毛症,レツモウショウ,
10044629,抜毛癖,バツモウヘキ,
10044630,鞭虫症,ベンチュウショウ,
10044640,三尖弁閉鎖不全症,サンセンベンヘイサフゼンショウ,
10044641,三尖弁置換,サンセンベンチカン,
10044642,三尖弁狭窄,サンセンベンキョウサク,
10044643,三尖弁切開,サンセンベンセッカイ,
10044644,三束ブロック,サンソクブロック,
10044646,三叉神経切断,サンサシンケイセツダン,
10044651,三叉神経注入,サンサシンケイチュウニュウ,
10044652,三叉神経痛,サンサシンケイツウ,
10044654,弾発指,ダンパツシ,
10044668,膀胱三角部炎,ボウコウサンカクブエン,
10044684,トリスムス,トリスムス,
10044685,１１トリソミー,11トリソミー,
10044686,１３トリソミー,13トリソミー,
10044688,２１トリソミー,21トリソミー,
10044689,２２トリソミー,22トリソミー,
10044691,滑車神経手術,カッシャシンケイシュジュツ,
10044696,熱帯性痙性不全麻痺,ネッタイセイケイセイフゼンマヒ,
10044697,熱帯性スプルー,ネッタイセイスプルー,
10044700,無断欠席,ムダンケッセキ,
10044703,総動脈幹遺残,ソウドウミャクカンイザン,
10044707,トリパノソーマ症,トリパノソーマショウ,
10044720,卵管ジアテルミー,ランカンジアテルミー,
10044721,卵管通気通水法,ランカンツウキツウスイホウ,
10044725,結核疹,ケッカクシン,
10044726,ツベルクリン反応,ツベルクリンハンノウ,
10044727,ツベルクリン反応陰性,ツベルクリンハンノウインセイ,
10044728,ツベルクリン反応陽性,ツベルクリンハンノウヨウセイ,
10044729,ハンセン病、類結核型,ハンセンビョウルイケッカクガタ,
10044755,結核,ケッカク,
10044758,膀胱結核,ボウコウケッカク,
10044819,眼結核,ガンケッカク,
10044828,泌尿生殖器結核,ヒニョウセイショクキケッカク,
10044846,胸腔内リンパ節結核,キョウクウナイリンパセツケッカク,
10044965,末梢リンパ節結核,マッショウリンパセツケッカク,
10045026,尿管結核,ニョウカンケッカク,
10045072,結核性喉頭炎,ケッカクセイコウトウエン,
10045104,結核性胸膜炎,ケッカクセイキョウマクエン,
10045146,野兎病,ヤトビョウ,
10045168,腫瘍性塞栓症,シュヨウセイソクセンショウ,
10045169,腫瘍フレア,シュヨウフレア,
10045170,腫瘍崩壊症候群,シュヨウホウカイショウコウグン,
10045171,腫瘍疼痛,シュヨウトウツウ,
10045178,トンネル状視野,トンネルジョウシヤ,
10045180,鼻甲介切除,ビコウカイセツジョ,
10045181,ターナー症候群,ターナーショウコウグン,
10045184,トゥイッドラー症候群,トゥイッドラーショウコウグン,
10045188,双胎妊娠,ソウタイニンシン,
10045208,鼓膜萎縮,コマクイシュク,
10045210,鼓膜穿孔,コマクセンコウ,
10045214,鼓膜聴力検査,コマクチョウリョクケンサ,
10045215,鼓膜聴力検査異常,コマクチョウリョクケンサイジョウ,
10045216,鼓膜聴力検査正常,コマクチョウリョクケンサセイジョウ,
10045217,鼓室形成,コシツケイセイ,
10045218,鼓室硬化症,コシツコウカショウ,
10045240,１型過敏症,1ガタカビンショウ,
10045254,２型高脂血症,2ガタコウシケツショウ,2ガタコウシケッショウ
10045261,２ａ型高脂血症,2aガタコウシケツショウ,2aガタコウシケッショウ
10045263,２ｂ型高脂血症,2bガタコウシケッショウ,
10045274,チフス菌キャリアー,チフスキンキャリアー,
10045275,腸チフス熱,チョウチフスネツ,
10045285,潰瘍,カイヨウ,
10045375,尺骨骨折,シャッコツコッセツ,
10045378,尺骨神経損傷,シャッコツシンケイソンショウ,
10045380,尺骨神経炎,シャッコツシンケイエン,
10045384,超音波血管造影,チョウオンパケッカンゾウエイ,
10045399,出生前スクリーニング超音波検査,シュッセイゼンスクリーニングチョウオンパケンサ,シュッショウマエスクリーニングチョウオンパケンサ
10045400,出生前スクリーニング超音波検査異常,シュッセイゼンスクリーニングチョウオンパケンサイジョウ,シュッセイマエスクリーニングチョウオンパケンサイジョウ
10045401,出生前スクリーニング超音波検査正常,シュッセイゼンスクリーニングチョウオンパケンサセイジョウ,シュッセイマエスクリーニングチョウオンパケンサセイジョウ
10045406,膀胱超音波検査,ボウコウチョウオンパケンサ,
10045407,膀胱超音波検査異常,ボウコウチョウオンパケンサイジョウ,
10045408,膀胱超音波検査正常,ボウコウチョウオンパケンサセイジョウ,
10045409,乳房超音波検査,ニュウボウチョウオンパケンサ,
10045410,乳房超音波検査異常,ニュウボウチョウオンパケンサイジョウ,
10045411,乳房超音波検査正常,ニュウボウチョウオンパケンサセイジョウ,
10045412,ドップラー超音波,ドップラーチョウオンパ,
10045413,ドップラー超音波異常,ドップラーチョウオンパイジョウ,
10045414,ドップラー超音波正常,ドップラーチョウオンパセイジョウ,
10045416,眼球超音波検査,ガンキュウチョウオンパケンサ,
10045417,眼球検査超音波異常,ガンキュウケンサチョウオンパイジョウ,
10045418,眼球検査超音波正常,ガンキュウケンサチョウオンパセイジョウ,
10045421,腎超音波検査,ジンチョウオンパケンサ,
10045422,腎超音波検査異常,ジンチョウオンパケンサイジョウ,
10045423,腎超音波検査正常,ジンチョウオンパケンサセイジョウ,
10045427,肝超音波検査,カンチョウオンパケンサ,
10045428,肝超音波検査異常,カンチョウオンパケンサイジョウ,
10045429,肝超音波検査正常,カンチョウオンパケンサセイジョウ,
10045431,前立腺超音波検査,ゼンリツセンチョウオンパケンサ,
10045432,前立腺超音波検査異常,ゼンリツセンチョウオンパケンサイジョウ,
10045433,前立腺超音波検査正常,ゼンリツセンチョウオンパケンサセイジョウ,
10045434,超音波スキャン,チョウオンパスキャン,
10045438,腟超音波検査,チツチョウオンパケンサ,
10045439,腟超音波検査異常,チツチョウオンパケンサイジョウ,
10045440,腟超音波検査正常,チツチョウオンパケンサセイジョウ,
10045445,臍動脈形成不全,サイドウミャクケイセイフゼン,
10045447,臍帯頚部巻絡,サイタイケイブケンラク,
10045451,臍帯圧迫,サイタイアッパク,
10045452,臍帯脱出,サイタイダッシュツ,
10045453,過短臍帯,カタンサイタイ,
10045454,臍帯血管障害,サイタイケッカンショウガイ,
10045455,臍出血,サイシュッケツ,
10045458,臍ヘルニア,サイヘルニア,
10045460,壊疽性臍ヘルニア,エソセイサイヘルニア,
10045462,臍ヘルニア修復,サイヘルニアシュウフク,ヘソヘルニアシュウフク
10045467,閉塞性臍ヘルニア,ヘイソクセイサイヘルニア,
10045469,臍奇形,サイキケイ,ヘソキケイ
10045470,臍帯敗血症,サイタイハイケツショウ,サイタイハイケッショウ
10045476,鉤発作,コウホッサ,
10045515,未分化肉腫,ミブンカニクシュ,
10045520,失業中,シツギョウチュウ,
10045542,予定外妊娠,ヨテイガイニンシン,
10045545,単心室,タンシンシツ,
10045553,非血縁者骨髄移植療法,ヒケツエンシャコツズイイショクリョウホウ,
10045555,刺激無反応,シゲキムハンノウ,
10046255,胎位不定,タイイフテイ,
10046267,望まない妊娠,ノゾマナイニンシン,
10046270,アップダウン現象,アップダウンゲンショウ,
10046274,上部消化管出血,ジョウブショウカカンシュッケツ,
10046298,上位運動ニューロンの病変,ジョウイウンドウニューロンノビョウヘン,
10046306,上気道感染,ジョウキドウカンセン,
10046324,尿毒症性アシドーシス,ニョウドクショウセイアシドーシス,
10046326,尿毒症性脳症,ニョウドクショウセイノウショウ,
10046328,尿毒症性ニューロパチー,ニョウドクショウセイニューロパチー,
10046337,尿酸腎症,ニョウサンジンショウ,
10046358,腎尿素クリアランス減少,ジンニョウソクリアランスゲンショウ,
10046360,腎尿素クリアランス正常,ジンニョウソクリアランスセイジョウ,
10046361,尿中尿素異常,ニョウチュウニョウソイジョウ,
10046362,尿中尿素減少,ニョウチュウニョウソゲンショウ,
10046364,尿中尿素増加,ニョウチュウニョウソゾウカ,
10046366,尿中尿素正常,ニョウチュウニョウソセイジョウ,
10046389,尿管摘除,ニョウカンテキジョ,
10046391,尿管結石除去,ニョウカンケッセキジョキョ,
10046392,尿管癌,ニョウカンガン,
10046393,限局性尿管癌,ゲンキョクセイニョウカンガン,
10046394,遠隔転移を伴う尿管癌,エンカクテンイヲトモナウニョウカンガン,
10046396,再発尿管癌,サイハツニョウカンガン,
10046397,局所性尿管癌,キョクショセイニョウカンガン,
10046399,尿管拡張,ニョウカンカクチョウ,
10046404,尿管瘻,ニョウカンロウ,
10046405,尿管損傷,ニョウカンソンショウ,
10046406,尿管閉塞,ニョウカンヘイソク,
10046410,尿管修復,ニョウカンシュウフク,
10046411,尿管狭窄,ニョウカンキョウサク,
10046413,尿管鏡検査,ニョウカンキョウケンサ,
10046414,尿管鏡検査異常,ニョウカンキョウケンサイジョウ,
10046415,尿管鏡検査正常,ニョウカンキョウケンサセイジョウ,
10046424,尿道膿瘍,ニョウドウノウヨウ,
10046431,尿道癌,ニョウドウガン,
10046433,遠隔転移を伴う尿道癌,エンカクテンイヲトモナウニョウドウガン,
10046435,再発尿道癌,サイハツニョウドウガン,
10046437,尿道カルンクル,ニョウドウカルンクル,
10046438,尿道カルンクル除去,ニョウドウカルンクルジョキョ,
10046442,尿道拡張,ニョウドウカクチョウ,
10046443,尿道分泌物,ニョウドウブンピブツ,ニョウドウブンピツブツ
10046445,尿道障害,ニョウドウショウガイ,
10046449,尿道憩室,ニョウドウケイシツ,
10046451,尿道瘻,ニョウドウロウ,
10046454,尿道損傷,ニョウドウソンショウ,
10046456,内尿道括約筋不全,ナイニョウドウカツヤクキンフゼン,
10046457,尿道口切開,ニョウドウコウセッカイ,
10046459,尿道閉塞,ニョウドウヘイソク,
10046461,尿道痛,ニョウドウツウ,
10046462,尿道乳頭腫,ニョウドウニュウトウシュ,
10046463,尿道修復,ニョウドウシュウフク,
10046464,尿道痙攣,ニョウドウケイレン,
10046470,感染後尿道狭窄,カンセンゴニョウドウキョウサク,
10046471,術後尿道狭窄,ジュツゴニョウドウキョウサク,
10046472,外傷性尿道狭窄,ガイショウセイニョウドウキョウサク,
10046477,尿道症候群,ニョウドウショウコウグン,
10046479,尿道弁,ニョウドウベン,
10046480,尿道炎,ニョウドウエン,
10046482,クラミジア性尿道炎,クラミジアセイニョウドウエン,
10046483,淋菌性尿道炎,リンキンセイニョウドウエン,
10046489,トリコモナス性尿道炎,トリコモナスセイニョウドウエン,
10046490,ウレアプラズマ性尿道炎,ウレアプラズマセイニョウドウエン,
10046494,切迫性尿失禁,セッパクセイニョウシッキン,
10046528,膀胱出血,ボウコウシュッケツ,
10046530,膀胱破裂,ボウコウハレツ,
10046533,尿円柱,ニョウエンチュウ,
10046537,膀胱切除,ボウコウセツジョ,
10046542,排尿躊躇,ハイニョウチュウチョ,
10046543,尿失禁,ニョウシッキン,
10046547,尿中窒素増加,ニョウチュウチッソゾウカ,
10046555,尿閉,ニョウヘイ,
10046558,尿路系Ｘ線,ニョウロケイXセン,
10046566,尿路障害,ニョウロショウガイ,
10046571,尿路感染,ニョウロカンセン,
10046572,腸球菌性尿路感染,チョウキュウキンセイニョウロカンセン,
10046573,新生児尿路感染症,シンセイジニョウロカンセンショウ,
10046580,尿路奇形,ニョウロキケイ,
10046607,尿異常,ニョウイジョウ,
10046614,尿検査,ニョウケンサ,
10046625,尿中δアミノレブリン酸,ニョウチュウデルタアミノレブリンサン,
10046626,尿中δアミノレブリン酸増加,ニョウチュウデルタアミノレブリンサンゾウカ,
10046627,尿中δアミノレブリン酸正常,ニョウチュウデルタアミノレブリンサンセイジョウ,
10046631,尿中電解質異常,ニョウチュウデンカイシツイジョウ,
10046635,尿電気泳動,ニョウデンキエイドウ,
10046636,尿電気泳動異常,ニョウデンキエイドウイジョウ,
10046637,尿電気泳動正常,ニョウデンキエイドウセイジョウ,
10046640,尿流量減少,ニョウリュウリョウゲンショウ,
10046644,尿ブドウ糖偽陽性,ニョウブドウトウギヨウセイ,
10046652,尿浸透圧,ニョウシントウアツ,
10046653,尿浸透圧低下,ニョウシントウアツテイカ,
10046654,尿浸透圧上昇,ニョウシントウアツジョウショウ,
10046658,尿中ポルホビリノーゲン増加,ニョウチュウポルホビリノーゲンゾウカ,
10046659,尿中ポルホビリノーゲン正常,ニョウチュウポルホビリノーゲンセイジョウ,
10046660,尿中カリウム,ニョウチュウカリウム,
10046662,尿中カリウム減少,ニョウチュウカリウムゲンショウ,
10046663,尿中カリウム増加,ニョウチュウカリウムゾウカ,
10046664,尿中カリウム正常,ニョウチュウカリウムセイジョウ,
10046671,尿中ナトリウム減少,ニョウチュウナトリウムゲンショウ,
10046672,尿中ナトリウム増加,ニョウチュウナトリウムゾウカ,
10046673,尿中ナトリウム正常,ニョウチュウナトリウムセイジョウ,
10046680,尿粘稠度亢進,ニョウネンチョウドコウシン,
10046689,ウロビリン尿,ウロビリンニョウ,
10046694,泌尿生殖器障害,ヒニョウセイショクキショウガイ,
10046696,泌尿生殖器瘻,ヒニョウセイショクキロウ,
10046704,泌尿生殖器トリコモナス症,ヒニョウセイショクキトリコモナスショウ,
10046713,ウロストミー,ウロストミー,
10046735,蕁麻疹,ジンマシン,
10046739,水性蕁麻疹,スイセイジンマシン,
10046740,コリン性蕁麻疹,コリンセイジンマシン,
10046742,接触蕁麻疹,セッショクジンマシン,
10046750,丘疹状蕁麻疹,キュウシンジョウジンマシン,
10046751,物理的蕁麻疹,ブツリテキジンマシン,
10046752,色素性蕁麻疹,シキソセイジンマシン,
10046755,小水疱性蕁麻疹,ショウスイホウセイジンマシン,
10046763,子宮弛緩,シキュウシカン,シキュウチカン
10046764,子宮萎縮,シキュウイシュク,
10046766,子宮癌,シキュウガン,
10046770,子宮上皮内癌,シキュウジョウヒナイガン,
10046779,子宮障害,シキュウショウガイ,
10046782,子宮肥大,シキュウヒダイ,
10046788,子宮出血,シキュウシュッケツ,
10046790,子宮筋過緊張,シキュウキンカキンチョウ,
10046792,子宮筋緊張低下,シキュウキンキンチョウテイカ,
10046793,子宮の炎症,シキュウノエンショウ,
10046796,子宮内反症,シキュウナイハンショウ,
10046797,子宮虚血,シキュウキョケツ,
10046798,子宮平滑筋腫,シキュウヘイカツキンシュ,
10046799,子宮平滑筋肉腫,シキュウヘイカツキンニクシュ,
10046800,子宮位置異常,シキュウイチイジョウ,
10046803,子宮新生物,シキュウシンセイブツ,
10046809,子宮痛,シキュウツウ,
10046810,子宮穿孔,シキュウセンコウ,
10046811,子宮ポリープ,シキュウポリープ,
10046813,子宮ポリープ切除,シキュウポリープセツジョ,
10046814,子宮脱,シキュウダツ,
10046815,子宮脱修復,シキュウダツシュウフク,
10046820,子宮破裂,シキュウハレツ,
10046823,子宮痙攣,シキュウケイレン,
10046827,子宮圧痛,シキュウアッツウ,
10046830,子宮腟脱,シキュウチツダツ,
10046850,紫外線療法,シガイセンリョウホウ,
10046851,ぶどう膜炎,ブドウマクエン,
10046861,ワクチン接種合併症,ワクチンセッシュガッペイショウ,
10046862,予防接種の効果不良,ヨボウセッシュノコウカフリョウ,
10046865,ワクシニアウイルス感染,ワクシニアウイルスカンセン,
10046868,吸引分娩,キュウインブンベン,
10046879,腟閉鎖,チツヘイサ,
10046885,腟癌,チツガン,
10046887,遠隔転移を伴う腟癌,エンカクテンイヲトモナウチツガン,
10046889,再発腟癌,サイハツチツガン,
10046890,腟癌第０期,チツガンダイ0キ,
10046891,腟癌第１期,チツガンダイ1キ,
10046892,腟癌第２期,チツガンダイ2キ,
10046893,腟癌第３期,チツガンダイ3キ,
10046894,腟癌第４Ａ期,チツガンダイ4Aキ,
10046895,腟癌第４Ｂ期,チツガンダイ4Bキ,
10046900,腟嚢胞,チツノウホウ,
10046901,腟分泌物,チツブンピブツ,チツブンピツブツ
10046905,腟異形成,チツイケイセイ,
10046907,腟瘻修復,チツロウシュウフク,
10046909,腟血腫,チツケッシュ,
10046910,腟出血,チツシュッケツ,
10046914,腟感染,チツカンセン,
10046921,腟の白斑症,チツノハクハンショウ,
10046935,腟部異臭,チツブイシュウ,
10046939,腟ポリープ,チツポリープ,
10046940,腟脱,チツダツ,
10046943,腟潰瘍,チツカイヨウ,
10046944,腟壁充血,チツヘキジュウケツ,
10046957,ガードネレラ菌性腟炎,ガードネレラキンセイチツエン,
10046963,迷走神経切断術,メイソウシンケイセツダンジュツ,
10046980,水痘,スイトウ,
10046986,精索静脈瘤,セイサクジョウミャクリュウ,
10046988,卵巣静脈瘤,ランソウジョウミャクリュウ,
10046989,精索静脈瘤修復,セイサクジョウミャクリュウシュウフク,
10046990,子宮卵巣静脈瘤,シキュウランソウジョウミャクリュウ,
10046995,静脈瘤性潰瘍,ジョウミャクリュウセイカイヨウ,
10046996,静脈瘤,ジョウミャクリュウ,
10046999,静脈瘤破裂,ジョウミャクリュウハレツ,
10047025,骨盤静脈瘤,コツバンジョウミャクリュウ,
10047027,舌下静脈瘤,ゼッカジョウミャクリュウ,
10047028,外陰部静脈瘤,ガイインブジョウミャクリュウ,
10047036,前置血管,ゼンチケッカン,
10047073,血管脆弱化,ケッカンゼイジャクカ,
10047077,血管性頭痛,ケッカンセイズツウ,
10047080,血管損傷,ケッカンソンショウ,
10047095,血管痛,ケッカンツウ,
10047097,血管性紫斑病,ケッカンセイシハンビョウ,
10047103,肺血管抵抗減少,ハイケッカンテイコウゲンショウ,
10047104,肺血管抵抗正常,ハイケッカンテイコウセイジョウ,
10047105,全身性血管抵抗,ゼンシンセイケッカンテイコウ,
10047106,全身性血管抵抗減少,ゼンシンセイケッカンテイコウゲンショウ,
10047107,全身性血管抵抗増加,ゼンシンセイケッカンテイコウゾウカ,
10047108,全身性血管抵抗正常,ゼンシンセイケッカンテイコウセイジョウ,
10047111,血管炎性皮疹,ケッカンエンセイヒシン,
10047115,血管炎,ケッカンエン,
10047124,壊死性血管炎,エシセイケッカンエン,
10047133,精管切除,セイカンセツジョ,
10047136,精管再切除,セイカンサイセツジョ,
10047137,精管再開通,セイカンサイカイツウ,
10047139,血管収縮,ケッカンシュウシュク,
10047141,血管拡張,ケッカンカクチョウ,
10047145,血管運動性鼻炎,ケッカンウンドウセイビエン,
10047149,バソプレシン負荷試験,バソプレシンフカシケン,
10047150,バソプレシン負荷試験異常,バソプレシンフカシケンイジョウ,
10047151,バソプレシン負荷試験正常,バソプレシンフカシケンセイジョウ,
10047163,血管痙攣,ケッカンケイレン,
10047176,節足動物媒介性伝播,セッソクドウブツバイカイセイデンパ,
10047178,完全菜食主義者,カンゼンサイショクシュギシャ,
10047179,菜食主義者,サイショクシュギシャ,
10047183,静脈退色,ジョウミャクタイショク,
10047184,静脈障害,ジョウミャクショウガイ,
10047190,静脈壁肥厚,ジョウミャクヘキヒコウ,
10047193,大静脈塞栓症,ダイジョウミャクソクセンショウ,
10047194,大静脈損傷,ダイジョウミャクソンショウ,
10047195,大静脈血栓症,ダイジョウミャクケッセンショウ,
10047208,静脈造影,ジョウミャクゾウエイ,
10047209,静脈造影異常,ジョウミャクゾウエイイジョウ,
10047210,静脈造影正常,ジョウミャクゾウエイセイジョウ,
10047211,腎静脈造影,ジンジョウミャクゾウエイ,
10047212,腎静脈造影異常,ジンジョウミャクゾウエイイジョウ,
10047213,腎静脈造影正常,ジンジョウミャクゾウエイセイジョウ,
10047216,静脈閉塞性肝疾患,ジョウミャクヘイソクセイカンシッカン,
10047228,静脈損傷,ジョウミャクソンショウ,
10047234,静脈圧異常,ジョウミャクアツイジョウ,
10047235,静脈圧低下,ジョウミャクアツテイカ,
10047236,静脈圧上昇,ジョウミャクアツジョウショウ,
10047237,頚静脈圧,ケイジョウミャクアツ,
10047238,頚静脈圧異常,ケイジョウミャクアツイジョウ,
10047239,頚静脈圧低下,ケイジョウミャクアツテイカ,
10047240,頚静脈圧上昇,ケイジョウミャクアツジョウショウ,
10047241,頚静脈圧正常,ケイジョウミャクアツセイジョウ,
10047249,静脈血栓症,ジョウミャクケッセンショウ,
10047261,静脈弁破裂,ジョウミャクベンハレツ,
10047264,換気／血流スキャン,カンキケツリュウスキャン,
10047265,換気／血流スキャン異常,カンキケツリュウスキャンイジョウ,
10047266,換気／血流スキャン正常,カンキケツリュウスキャンセイジョウ,
10047279,心室破裂,シンシツハレツ,
10047281,心室性不整脈,シンシツセイフセイミャク,
10047284,心室無収縮,シンシツムシュウシュク,
10047286,脳室脳槽吻合,ノウシツノウソウフンゴウ,
10047289,心室性期外収縮,シンシツセイキガイシュウシュク,
10047290,心室細動,シンシツサイドウ,
10047294,心室粗動,シンシツソドウ,
10047295,心室肥大,シンシツヒダイ,
10047296,心室低形成,シンシツテイケイセイ,
10047298,心室中隔欠損症,シンシツチュウカクケッソンショウ,
10047299,後天性心室中隔欠損症,コウテンセイシンシツチュウカクケッソンショウ,
10047301,心室中隔欠損修復,シンシツチュウカクケッソンシュウフク,
10047302,心室性頻脈,シンシツセイヒンミャク,
10047304,脳室腹腔短絡,ノウシツフククウタンラク,
10047305,脳室胸腔短絡,ノウシツキョウクウタンラク,
10047306,脳室血管短絡,ノウシツケッカンタンラク,
10047313,語唱,ゴショウ,
10047319,ヴェルネ症候群,ヴェルネショウコウグン,
10047334,椎骨脳底動脈不全,ツイコツノウテイドウミャクフゼン,
10047337,垂直感染伝播,スイチョクカンセンデンパ,
10047340,回転性めまい,カイテンセイメマイ,
10047343,中枢神経系に起因する回転性めまい,チュウスウシンケイケイニキインスルカイテンセイメマイ,
10047344,迷路性回転性めまい,メイロセイカイテンセイメマイ,
10047348,頭位性回転性めまい,トウイセイカイテンセイメマイ,
10047351,超低比重リポ蛋白,チョウテイヒジュウリポタンパク,
10047352,超低比重リポ蛋白異常,チョウテイヒジュウリポタンパクイジョウ,
10047360,超低比重リポ蛋白減少,チョウテイヒジュウリポタンパクゲンショウ,
10047361,超低比重リポ蛋白増加,チョウテイヒジュウリポタンパクゾウカ,
10047362,超低比重リポ蛋白正常,チョウテイヒジュウリポタンパクセイジョウ,
10047363,膀胱瘻,ボウコウロウ,
10047370,膀胱尿管逆流,ボウコウニョウカンギャクリュウ,
10047384,前庭器手術,ゼンテイキシュジュツ,
10047385,前庭性運動失調,ゼンテイセイウンドウシッチョウ,
10047386,前庭障害,ゼンテイショウガイ,
10047389,前庭機能検査,ゼンテイキノウケンサ,
10047390,前庭機能検査異常,ゼンテイキノウケンサイジョウ,
10047391,前庭機能検査正常,ゼンテイキノウケンサセイジョウ,
10047393,前庭神経炎,ゼンテイシンケイエン,
10047401,小児虐待の被害者,ショウニギャクタイノヒガイシャ,
10047404,高齢者虐待の被害者,コウレイシャギャクタイノヒガイシャ,
10047405,配偶者虐待の被害者,ハイグウシャギャクタイノヒガイシャ,
10047409,第８神経損傷,ダイ8シンケイソンショウ,
10047411,第７神経損傷,ダイ7シンケイソンショウ,
10047426,暴力関連症状,ボウリョクカンレンショウジョウ,
10047430,ビポーマ,ビポーマ,
10047458,肝炎ウイルスキャリアー,カンエンウイルスキャリアー,
10047461,ウイルス感染,ウイルスカンセン,
10047466,ウイルス性迷路炎,ウイルスセイメイロエン,
10047470,ウイルス性心筋炎,ウイルスセイシンキンエン,
10047472,ウイルス性心膜炎,ウイルスセイシンマクエン,
10047473,ウイルス性咽頭炎,ウイルスセイイントウエン,
10047476,ウイルス性発疹,ウイルスセイホッシン,ウイルスセイハッシン
10047480,ウイルス性扁桃炎,ウイルスセイヘントウエン,
10047481,ウイルス性気管炎,ウイルスセイキカンエン,
10047482,ウイルス性上気道感染,ウイルスセイジョウキドウカンセン,
10047486,男性化,ダンセイカ,
10047487,胎児男性化,タイジダンセイカ,
10047504,内臓幼虫移行症,ナイゾウヨウチュウイコウショウ,
10047505,内臓リーシュマニア症,ナイゾウリーシュマニアショウ,
10047511,新生児視覚異常,シンセイジシカクイジョウ,
10047513,霧視,ムシ,
10047531,視力低下,シリョクテイカ,
10047532,一過性視力低下,イッカセイシリョクテイカ,
10047533,視力検査,シリョクケンサ,
10047534,視力検査異常,シリョクケンサイジョウ,
10047537,視力検査正常,シリョクケンサセイジョウ,
10047547,視覚誘発電位,シカクユウハツデンイ,
10047549,視覚誘発電位異常,シカクユウハツデンイイジョウ,
10047550,視覚誘発電位正常,シカクユウハツデンイセイジョウ,
10047555,視野欠損,シヤケッソン,
10047566,視野検査,シヤケンサ,
10047567,視野検査異常,シヤケンサイジョウ,
10047568,視野検査正常,シヤケンサセイジョウ,
10047571,視力障害,シリョクショウガイ,
10047579,肺活量,ハイカツリョウ,
10047580,肺活量異常,ハイカツリョウイジョウ,
10047582,肺活量減少,ハイカツリョウゲンショウ,
10047583,肺活量正常,ハイカツリョウセイジョウ,
10047584,角膜生体染色陰性,カクマクセイタイセンショクインセイ,
10047585,角膜生体染色陽性,カクマクセイタイセンショクヨウセイ,
10047586,ビタミンＡ欠乏,ビタミンAケツボウ,
10047588,ビタミンＡ欠乏性結膜障害,ビタミンAケツボウセイケツマクショウガイ,
10047589,ビタミンＡ欠乏性角膜障害,ビタミンAケツボウセイカクマクショウガイ,
10047601,ビタミンＢ１欠乏,ビタミンB1ケツボウ,
10047602,ビタミンＢ１２,ビタミンB12,
10047605,ビタミンＢ１２吸収試験,ビタミンB12キュウシュウシケン,
10047606,ビタミンＢ１２吸収試験異常,ビタミンB12キュウシュウシケンイジョウ,
10047607,ビタミンＢ１２吸収試験正常,ビタミンB12キュウシュウシケンセイジョウ,
10047608,ビタミンＢ１２減少,ビタミンB12ゲンショウ,
10047609,ビタミンＢ１２欠乏,ビタミンB12ケツボウ,
10047610,ビタミンＢ１２増加,ビタミンB12ゾウカ,
10047611,ビタミンＢ１２正常,ビタミンB12セイジョウ,
10047612,ビタミンＢ２欠乏,ビタミンB2ケツボウ,
10047613,ビタミンＢ６,ビタミンB6,
10047614,ビタミンＢ６異常,ビタミンB6イジョウ,
10047616,ビタミンＢ６減少,ビタミンB6ゲンショウ,
10047617,ビタミンＢ６欠乏,ビタミンB6ケツボウ,
10047618,ビタミンＢ６増加,ビタミンB6ゾウカ,
10047619,ビタミンＢ６正常,ビタミンB6セイジョウ,
10047620,ビタミンＣ,ビタミンC,
10047622,ビタミンＣ減少,ビタミンCゲンショウ,
10047623,ビタミンＣ欠乏,ビタミンCケツボウ,
10047624,ビタミンＣ増加,ビタミンCゾウカ,
10047625,ビタミンＣ正常,ビタミンCセイジョウ,
10047626,ビタミンＤ欠乏,ビタミンDケツボウ,
10047631,ビタミンＥ欠乏,ビタミンEケツボウ,
10047634,ビタミンＫ欠乏,ビタミンKケツボウ,
10047639,第６神経損傷,ダイ6シンケイソンショウ,
10047641,第６脳神経麻痺,ダイ6ノウシンケイマヒ,
10047642,尋常性白斑,ジンジョウセイハクハン,
10047644,硝子体切除,ショウシタイセツジョ,
10047646,硝子体膿瘍,ショウシタイノウヨウ,ガラスタイノウヨウ
10047649,硝子体変性,ショウシタイヘンセイ,
10047650,硝子体剥離,ショウシタイハクリ,
10047651,硝子体障害,ショウシタイショウガイ,
10047654,硝子体浮遊物,ショウシタイフユウブツ,
10047655,硝子体出血,ショウシタイシュッケツ,
10047658,硝子体混濁,ショウシタイコンダク,
10047661,硝子体脱出,ショウシタイダッシュツ,
10047663,硝子体炎,ショウシタイエン,
10047674,声帯麻痺,セイタイマヒ,
10047675,声帯ポリープ,セイタイポリープ,
10047676,声帯肥厚,セイタイヒコウ,
10047689,循環血液量低下,ジュンカンケツエキリョウテイカ,
10047690,循環血液量増加,ジュンカンケツエキリョウゾウカ,
10047695,希望退職,キボウタイショク,
10047697,腸の軸捻転,チョウノジクネンテン,
10047700,嘔吐,オウト,
10047708,噴出性嘔吐,フンシュツセイオウト,
10047709,心因性嘔吐,シンインセイオウト,
10047715,フォンウィルブランド病,フォンウィルブランドビョウ,
10047716,フォンヒッペル・リンダウ病,フォンヒッペルリンダウビョウ,
10047717,窃視症,セツシショウ,
10047723,第５神経損傷,ダイ5シンケイソンショウ,
10047732,外陰部膿瘍,ガイインブノウヨウ,
10047735,外陰部被角血管腫,ガイインブヒカクケッカンシュ,
10047741,外陰部癌,ガイインブガン,
10047742,遠隔転移を伴う外陰部癌,エンカクテンイヲトモナウガイインブガン,
10047744,再発外陰部癌,サイハツガイインブガン,
10047745,外陰部癌第０期,ガイインブガンダイ0キ,
10047746,外陰部癌第１期,ガイインブガンダイ1キ,
10047747,外陰部癌第２期,ガイインブガンダイ2キ,
10047748,外陰部癌第３期,ガイインブガンダイ3キ,
10047749,外陰部癌第４期,ガイインブガンダイ4キ,
10047752,女性外陰部蜂巣炎,ジョセイガイインブホウソウエン,
10047754,外陰部障害,ガイインブショウガイ,
10047756,外陰血腫,ガイインケッシュ,
10047757,外陰部血腫除去,ガイインブケッシュジョキョ,
10047760,外陰白斑病,ガイインハクハンビョウ,
10047763,外陰浮腫,ガイインフシュ,
10047765,外陰部ポリープ,ガイインブポリープ,
10047768,女性外陰部潰瘍,ジョセイガイインブカイヨウ,
10047772,外陰部疣贅除去,ガイインブユウゼイジョキョ,
10047779,外陰部切除,ガイインブセツジョ,
10047780,外陰部炎,ガイインブエン,
10047784,外陰部腟カンジダ症,ガイインブチツカンジダショウ,
10047786,外陰腟不快感,ガイインチツフカイカン,
10047787,外陰腟障害,ガイインチツショウガイ,
10047791,外陰腟乾燥,ガイインチツカンソウ,
10047793,外陰腟部疣贅,ガイインチツブユウゼイ,
10047794,外陰腟炎,ガイインチツエン,
10047799,トリコモナス外陰腟炎,トリコモナスガイインチツエン,
10047801,ワルデンストローム・マクログロブリン血症,ワルデンストロームマクログロブリンケツショウ,ワルデンストロームマクログロブリンケッショウ
10047804,再発ワルデンストローム・マクログロブリン血症,サイハツワルデンストロームマクログロブリンケツショウ,サイハツワルデンストロームマクログロブリンケッショウ
10047805,治療抵抗性ワルデンストローム・マクログロブリン血症,チリョウテイコウセイワルデンストロームマクログロブリンケツショウ,チリョウテイコウセイワルデンストロームマクログロブリンケッショウ
10047806,ワルデンストローム・マクログロブリン血症第１期,ワルデンストロームマクログロブリンケツショウダイ1キ,ワルデンストロームマクログロブリンケッショウダイ1キ
10047807,ワルデンストローム・マクログロブリン血症第２期,ワルデンストロームマクログロブリンケツショウダイ2キ,ワルデンストロームマクログロブリンケッショウダイ2キ
10047808,ワルデンストローム・マクログロブリン血症第３期,ワルデンストロームマクログロブリンケツショウダイ3キ,ワルデンストロームマクログロブリンケッショウダイ3キ
10047809,ワルデンストローム・マクログロブリン血症第４期,ワルデンストロームマクログロブリンケツショウダイ4キ,ワルデンストロームマクログロブリンケッショウダイ4キ
10047818,移動性ペースメーカー,イドウセイペースメーカー,
10047837,水中毒,ミズチュウドク,
10047838,水質汚濁,スイシツオダク,
10047847,ウォーターハウス・フリーデリクセン症候群,ウォーターハウスフリーデリクセンショウコウグン,
10047853,ろう屈症,ロウクツショウ,
10047877,ウェーバー音叉試験,ウェーバーオンサシケン,
10047878,ウェーバー音叉試験異常,ウェーバーオンサシケンイジョウ,
10047882,ウェーバー音叉試験正常,ウェーバーオンサシケンセイジョウ,
10047883,ウェーバー・クリスチャン病,ウェーバークリスチャンビョウ,
10047884,足指爪楔状切除,ソクシソウケツジョウセツジョ,ソクシソウクサビジョウセツジョ
10047890,体重,タイジュウ,
10047894,新生児体重減少,シンセイジタイジュウゲンショウ,
10047895,体重減少,タイジュウゲンショウ,
10047897,体重増加不良,タイジュウゾウカフリョウ,
10047899,体重増加,タイジュウゾウカ,
10047901,減量食,ゲンリョウショク,
10047903,ワイル病,ワイルビョウ,
10047905,高学歴,コウガクレキ,
10047911,ウェルニッケ脳症,ウェルニッケノウショウ,
10047913,ウェルニッケ・コルサコフ症候群,ウェルニッケコルサコフショウコウグン,
10047919,麦製品を含まない食事,ムギセイヒンヲフクマナイショクジ,
10047920,車椅子使用者,クルマイスシヨウシャ,
10047924,喘鳴,ゼンメイ,
10047931,ホイップル病,ホイップルビョウ,
10047937,白血球凝集存在,ハッケッキュウギョウシュウソンザイ,
10047939,白血球数,ハッケッキュウスウ,
10047940,白血球数異常,ハッケッキュウスウイジョウ,
10047942,白血球数減少,ハッケッキュウスウゲンショウ,
10047943,白血球数増加,ハッケッキュウスウゾウカ,
10047944,白血球数正常,ハッケッキュウスウセイジョウ,
10047956,精液中白血球,セイエキチュウハッケッキュウ,
10047959,精液中白血球陰性,セイエキチュウハッケッキュウインセイ,
10047960,精液中白血球陽性,セイエキチュウハッケッキュウヨウセイ,
10047961,便中白血球,ベンチュウハッケッキュウ,
10047962,便中白血球陰性,ベンチュウハッケッキュウインセイ,
10047963,便中白血球陽性,ベンチュウハッケッキュウヨウセイ,
10047965,尿中白血球陰性,ニョウチュウハッケッキュウインセイ,
10047967,尿中白血球陽性,ニョウチュウハッケッキュウヨウセイ,
10047991,智歯抜歯,チシバッシ,
10047992,ウィスコット・オルドリック症候群,ウィスコットオルドリックショウコウグン,
10047997,離脱性不整脈,リダツセイフセイミャク,
10047998,消退出血,ショウタイシュッケツ,
10048007,断薬性高血圧,ダンヤクセイコウケツアツ,
10048010,離脱症候群,リダツショウコウグン,
10048015,ウォルフ・パーキンソン・ホワイト症候群,ウォルフパーキンソンホワイトショウコウグン,
10048031,創離開,ソウリカイ,
10048038,創傷感染,ソウショウカンセン,
10048049,手首関節骨折,テクビカンセツコッセツ,
10048064,Ｘ線,Xセン,
10048065,Ｘ線異常,Xセンイジョウ,
10048067,Ｘ線正常,Xセンセイジョウ,
10048159,骨盤および股関節Ｘ線,コツバンオヨビコカンセツXセン,
10048160,骨盤および股関節Ｘ線異常,コツバンオヨビコカンセツXセンイジョウ,コツバンオヨビマタカンセツXセンイジョウ
10048161,骨盤および股関節Ｘ線正常,コツバンオヨビコカンセツXセンセイジョウ,コツバンオヨビマタカンセツXセンセイジョウ
10048196,膀胱レントゲン照射療法,ボウコウレントゲンショウシャリョウホウ,
10048197,骨レントゲン照射療法,コツレントゲンショウシャリョウホウ,
10048198,脳レントゲン照射療法,ノウレントゲンショウシャリョウホウ,
10048199,乳房レントゲン照射療法,ニュウボウレントゲンショウシャリョウホウ,
10048200,結腸レントゲン照射療法,ケッチョウレントゲンショウシャリョウホウ,
10048201,耳鼻咽喉頭レントゲン療法,ジビインコウトウレントゲンリョウホウ,
10048202,肺レントゲン照射療法,ハイレントゲンショウシャリョウホウ,
10048203,膵臓レントゲン照射療法,スイゾウレントゲンショウシャリョウホウ,
10048204,胸膜レントゲン照射療法,キョウマクレントゲンショウシャリョウホウ,
10048205,前立腺レントゲン療法,ゼンリツセンレントゲンリョウホウ,
10048206,皮膚レントゲン照射療法,ヒフレントゲンショウシャリョウホウ,
10048207,甲状腺レントゲン照射療法,コウジョウセンレントゲンショウシャリョウホウ,
10048208,子宮レントゲン療法,シキュウレントゲンリョウホウ,
10048209,Ｘ線療法,Xセンリョウホウ,
10048210,上部消化管Ｘ線造影,ジョウブショウカカンXセンゾウエイ,
10048211,黄色板腫,オウショクバンシュ,
10048213,キサントクロミー,キサントクロミー,
10048214,黄色腫,オウショクシュ,
10048215,黄色腫症,オウショクシュショウ,
10048216,黄視症,オウシショウ,
10048218,乾皮症,カンピショウ,
10048220,色素性乾皮症,シキソセイカンピショウ,
10048221,眼球乾燥症,ガンキュウカンソウショウ,
10048222,乾燥症,カンソウショウ,
10048224,第１２神経損傷,ダイ12シンケイソンショウ,
10048225,第１１神経損傷,ダイ11シンケイソンショウ,
10048228,ＸＸＸＹ症候群,XXXYショウコウグン,
10048230,ＸＸＹＹ症候群,XXYYショウコウグン,
10048232,あくび,アクビ,
10048234,いちご腫,イチゴシュ,
10048235,骨いちご腫,コツイチゴシュ,
10048236,皮膚いちご腫,ヒフイチゴシュ,
10048240,黄熱,オウネツ,
10048244,黄色爪症候群,オウショクソウショウコウグン,
10048245,黄色皮膚,オウショクヒフ,キイロヒフ
10048251,卵黄嚢腫瘍、部位不明,ランオウノウシュヨウブイフメイ,
10048255,ジーブ症候群,ジーブショウコウグン,
10048259,亜鉛欠乏,アエンケツボウ,
10048269,硫酸亜鉛混濁反応異常,リュウサンアエンコンダクハンノウイジョウ,
10048271,硫酸亜鉛混濁反応減少,リュウサンアエンコンダクハンノウゲンショウ,
10048272,硫酸亜鉛混濁反応増加,リュウサンアエンコンダクハンノウゾウカ,
10048273,硫酸亜鉛混濁反応正常,リュウサンアエンコンダクハンノウセイジョウ,
10048282,人畜共通感染症,ジンチクキョウツウカンセンショウ,
10048294,精神状態変化,セイシンジョウタイヘンカ,
10048299,気腹,キフク,
10048302,尿細管間質性腎炎,ニョウサイカンカンシツセイジンエン,
10048312,外耳道びらん,ガイジドウビラン,
10048319,胃腸管血管炎,イチョウケッカンエン,
10048327,核上性麻痺,カクジョウセイマヒ,
10048334,運動性低下,ウンドウセイテイカ,
10048377,急性心筋症,キュウセイシンキンショウ,
10048380,動脈瘤破裂,ドウミャクリュウハレツ,
10048393,多発性硬化症再発,タハツセイコウカショウサイハツ,
10048396,骨髄移植拒絶反応,コツズイイショクキョゼツハンノウ,
10048397,子宮内膜間質肉腫,シキュウナイマクカンシツニクシュ,
10048407,異所性妊娠破裂,イショセイニンシンハレツ,
10048409,脳奇形,ノウキケイ,
10048411,ダンディーウォーカー症候群,ダンディーウォーカーショウコウグン,
10048436,プレアルブミン減少,プレアルブミンゲンショウ,
10048439,線維筋痛,センイキンツウ,
10048460,良性奇形腫,リョウセイキケイシュ,
10048461,性器感染,セイキカンセン,
10048462,睫毛の成長,マツゲノセイチョウ,
10048469,腎腫大,ジンシュダイ,
10048470,口唇障害,コウシンショウガイ,
10048473,レチノール結合蛋白減少,レチノールケツゴウタンパクゲンショウ,
10048474,脂肪再分布,シボウサイブンプ,
10048533,過剰警戒,カジョウケイカイ,
10048535,前立腺生検異常,ゼンリツセンセイケンイジョウ,
10048536,絨毛生検,ジュウモウセイケン,
10048537,絨毛生検異常,ジュウモウセイケンイジョウ,
10048538,絨毛生検正常,ジュウモウセイケンセイジョウ,
10048540,化学療法剤血管外溢出の処置,カガクリョウホウザイケッカンガイイッシュツノショチ,
10048543,眼底血圧検査,ガンテイケツアケンサ,
10048544,眼底血圧検査異常,ガンテイケツアツケンサイジョウ,
10048545,眼底血圧検査正常,ガンテイケツアツケンサセイジョウ,
10048546,尿中赤血球陰性,ニョウチュウセッケッキュウインセイ,
10048547,縫合部離開,ホウゴウブリカイ,
10048549,著明なストレッサーを伴う短期精神病性障害,チョメイナストレッサーヲトモナウタンキセイシンビョウセイショウガイ,
10048554,内皮細胞機能不全,ナイヒサイボウキノウフゼン,
10048561,ステント留置,ステントリュウチ,
10048574,リウマチ因子陰性,リウマチインシインセイ,
10048575,先天性四肢発育不全,センテンセイシシハツイクフゼン,
10048576,先天性脊柱後弯症,センテンセイセキチュウコウワンショウ,
10048586,斜頭症,シャトウショウ,
10048591,血栓後症候群,ケッセンゴショウコウグン,
10048592,筋骨格障害,キンコッカクショウガイ,
10048596,臍帯異常,サイタイイジョウ,
10048608,ゲルストマン症候群,ゲルストマンショウコウグン,
10048610,心毒性,シンドクセイ,
10048611,胆血症,タンケツショウ,
10048612,胸水症,キョウスイショウ,
10048615,新生児筋緊張亢進,シンセイジキンキンチョウコウシン,
10048616,腸管ポリープ,チョウカンポリープ,
10048617,偽関節,ギカンセツ,
10048619,第ＶＩＩＩ因子抑制,ダイ8インシヨクセイ,
10048621,腫瘍マーカー上昇,シュヨウマーカージョウショウ,
10048623,心房肥大,シンボウヒダイ,
10048624,身体障害者,シンタイショウガイシャ,
10048625,皮膚軟化,ヒフナンカ,
10048626,硬膜下ヒグローマ,コウマクカヒグローマ,
10048627,胸郭出口症候群,キョウカクデグチショウコウグン,
10048628,リウマチ性血管炎,リウマチセイケッカンエン,
10048629,創部分泌,ソウブブンピ,ソウブブンピツ
10048630,悪性心嚢液貯留,アクセイシンノウエキチョリュウ,
10048631,冠動脈解離,カンドウミャクカイリ,
10048632,心房血栓症,シンボウケッセンショウ,
10048634,注入部位紅斑,チュウニュウブイコウハン,
10048636,自己誘発性嘔吐,ジコユウハツセイオウト,
10048637,好酸球増多を伴う血管リンパ組織過形成,コウサンキュウゾウタヲトモナウケッカンリンパソシキカケイセイ,
10048642,リンパ嚢腫,リンパノウシュ,
10048643,好酸球増加症候群,コウサンキュウゾウカショウコウグン,
10048648,注射部位虚血,チュウシャブイキョケツ,
10048649,ケブナー現象,ケブナーゲンショウ,
10048650,コリンエステラーゼ阻害,コリンエステラーゼソガイ,
10048652,酵素誘導,コウソユウドウ,
10048653,酵素阻害,コウソソガイ,
10048654,筋線維症,キンセンイショウ,
10048657,神経因性腸,シンケイインセイチョウ,
10048659,随伴疾患進行,ズイハンシッカンシンコウ,
10048661,ワイバーン・メーソン症候群,ワイバーンメーソンショウコウグン,
10048662,インスリン節約効果,インスリンセツヤクコウカ,
10048663,失認症,シツニンショウ,
10048664,死戦期あがき,シセンキアガキ,
10048667,拘束性肺疾患,コウソクセイハイシッカン,
10048669,終末期状態,シュウマツキジョウタイ,
10048670,泌尿生殖器脱,ヒニョウセイショクキダツ,
10048671,静脈狭窄,ジョウミャクキョウサク,
10048673,涙液変色,ルイエキヘンショク,
10048675,下垂体肥大,カスイタイヒダイ,
10048676,シェーグレン・ラルソン症候群,シェーグレンラルソンショウコウグン,
10048678,抗リン脂質抗体陽性,コウリンシシツコウタイヨウセイ,
10048681,抗エリスロポエチン抗体陽性,コウエリスロポエチンコウタイヨウセイ,
10048685,口腔感染,コウクウカンセン,コウコウカンセン
10048694,リウマトイド結節,リウマトイドケッセツ,
10048699,シムケ免疫性骨形成不全,シムケメンエキセイコツケイセイフゼン,
10048701,脂肪吸引,シボウキュウイン,
10048706,関節可動域低下,カンセツカドウイキテイカ,
10048707,ホモシスチン血症,ホモシスチンケツショウ,ホモシスチンケッショウ
10048708,乳児敗血症性肉芽腫症,ニュウジハイケツショウセイニクゲシュショウ,
10048709,尿路性敗血症,ニョウロセイハイケツショウ,
10048710,仙骨痛,センコツツウ,
10048718,末梢脈拍数減少,マッショウミャクハクスウゲンショウ,
10048723,多剤耐性,タザイタイセイ,
10048724,心膜線維症,シンマクセンイショウ,
10048727,発作後状態,ホッサゴジョウタイ,
10048728,先天性皮膚洞,センテンセイヒフドウ,
10048731,心膜気腫,シンマクキシュ,
10048734,母斑症,ボハンショウ,
10048735,胸膜皮膚瘻,キョウマクヒフロウ,
10048736,気脳体,キノウタイ,
10048737,静脈穿刺不良,ジョウミャクセンシフリョウ,
10048738,分娩後状態,ブンベンゴジョウタイ,
10048744,転倒の恐怖,テントウノキョウフ,
10048745,関節周囲障害,カンセツシュウイショウガイ,
10048748,移植片機能損失,イショクヘンキノウソンシツ,
10048750,腋窩痛,エキカツウ,
10048757,膨大細胞腫,ボウダイサイボウシュ,
10048761,心房破裂,シンボウハレツ,
10048762,歯感染,シカンセン,
10048768,皮膚症,ヒフショウ,
10048773,陣痛抑制,ジンツウヨクセイ,
10048774,リンパ球傷害性抗体陽性,リンパキュウショウガイセイコウタイヨウセイ,
10048775,鎌状赤血球貧血による手足症候群,カマジョウセッケッキュウヒンケツニヨルテアシショウコウグン,
10048777,頚動脈雑音,ケイドウミャクザツオン,
10048779,活力増進,カツリョクゾウシン,
10048780,筋膜疼痛症候群,キンマクトウツウショウコウグン,
10048781,副腎臓,フクジンゾウ,
10048782,乳房石灰化,ニュウボウセッカイカ,
10048783,癌ホルモン療法,ガンホルモンリョウホウ,
10048784,先天性小脳無形成,センテンセイショウノウムケイセイ,
10048785,先天性脈絡叢嚢胞,センテンセイミャクラクソウノウホウ,
10048786,角膜炎・魚鱗癬・難聴症候群,カクマクエンギョリンセンナンチョウショウコウグン,
10048788,脳血管腫,ノウケッカンシュ,
10048791,プレアルブミン増加,プレアルブミンゾウカ,
10048798,胆管腺腫,タンカンセンシュ,
10048799,急性汎発性発疹性膿疱症,キュウセイハンパツセイホッシンセイノウホウショウ,キュウセイハンパツセイハッシンセイノウホウショウ
10048800,先天性陰嚢肥大,センテンセイインノウヒダイ,
10048801,先天性胸腺欠損,センテンセイキョウセンケッソン,
10048803,低血糖性痙攣,テイケットウセイケイレン,
10048804,ケアーンズ・セイヤー症候群,ケアーンズセイヤーショウコウグン,
10048805,喉頭室脱出,コウトウシツダッシュツ,
10048806,ルードウィッヒ口峡炎,ルードウィッヒコウキョウエン,
10048810,脂腺過形成,シセンカケイセイ,
10048812,片耳難聴,ヘンジナンチョウ,
10048814,腸管結晶沈着,チョウカンケッショウチンチャク,
10048815,洞調律,ドウチョウリツ,トウチョウリツ
10048816,レノックス・ガストー症候群,レノックスガストーショウコウグン,
10048820,蕁麻疹様血管炎,ジンマシンヨウケッカンエン,
10048824,脳室拡張,ノウシツカクチョウ,
10048827,自声強聴,ジセイキョウチョウ,
10048828,過少体重,カショウタイジュウ,
10048831,胸壁壊死,キョウヘキエシ,
10048834,多嚢胞性肝疾患,タノウホウセイカンシッカン,
10048837,腺性膀胱炎,センセイボウコウエン,
10048842,第１１脳神経麻痺,ダイ11ノウシンケイマヒ,
10048843,サイトメガロウイルス性脈絡網膜炎,サイトメガロウイルスセイミャクラクモウマクエン,
10048844,硬膜外腔内視鏡検査,コウマクガイクウナイシキョウケンサ,コウマクガイコウナイシキョウケンサ
10048845,片側失行症,ヘンソクシッコウショウ,
10048846,骨内血管腫,コツナイケッカンシュ,
10048848,トキソプラズマ性髄膜炎,トキソプラズマセイズイマクエン,
10048849,心筋出血,シンキンシュッケツ,
10048850,移植組織の壊死性保存時障害,イショクソシキノエシセイホゾンジショウガイ,
10048851,壊死性強膜炎,エシセイキョウマクエン,
10048852,食道－胃底部形成術,ショクドウイテイブケイセイジュツ,
10048855,未熟喉頭,ミジュクコウトウ,
10048858,虚血性心筋症,キョケツセイシンキンショウ,
10048861,術後貧血,ジュツゴヒンケツ,
10048865,聴力低下,チョウリョクテイカ,
10048867,眼内レンズ挿入眼,ガンナイレンズソウニュウガン,
10048868,パーキンソン発症,パーキンソンハッショウ,
10048869,腹膜ヘルニア,フクマクヘルニア,
10048870,移植拒絶反応の予防,イショクキョゼツハンノウノヨボウ,
10048872,精巣嚢胞,セイソウノウホウ,
10048873,外傷性関節炎,ガイショウセイカンセツエン,
10048874,静脈切除術,ジョウミャクセツジョジュツ,
10048875,滑膜整復,カツマクセイフク,
10048877,椎骨病変,ツイコツビョウヘン,
10048881,骨疾患治療,コツシッカンチリョウ,
10048883,心電図ＲｏｎＴ現象,シンデンズRonTゲンショウ,
10048886,爪破損,ツメハソン,
10048890,先天性後側弯症,センテンセイコウソクワンショウ,
10048891,爪床出血,ソウショウシュッケツ,
10048892,直腸検査,チョクチョウケンサ,
10048893,肋骨形成不全,ロッコツケイセイフゼン,
10048894,ブドウ球菌感染性滑液包炎,ブドウキュウキンカンセンセイカツエキホウエン,
10048895,急性痘瘡状苔癬状粃糠疹,キュウセイトウソウジョウタイセンジョウヒコウシン,
10048896,網膜小窩障害,モウマクショウカショウガイ,
10048899,放射線性食道炎,ホウシャセンセイショクドウエン,
10048902,皮膚骨腫,ヒフコツシュ,
10048904,腟粘膜水疱形成,チツネンマクスイホウケイセイ,
10048905,多発性脂腺嚢腫,タハツセイシセンノウシュ,
10048906,膀胱内圧測定,ボウコウナイアツソクテイ,
10048908,季節性アレルギー,キセツセイアレルギー,
10048909,退屈感,タイクツカン,
10048910,厚脳回症,コウノウカイショウ,
10048911,滑脳症,カツノウショウ,
10048919,活動状態低下,カツドウジョウタイテイカ,
10048921,アルコール摂取,アルコールセッシュ,
10048923,膀胱洗浄,ボウコウセンジョウ,
10048924,先天性脳血管腫,センテンセイノウケッカンシュ,
10048929,耳鏡検査,ジキョウケンサ,
10048930,第Ｖ因子欠乏症,ダイ5インシケツボウショウ,
10048931,子宮嚢胞,シキュウノウホウ,
10048932,大静脈フィルター挿入,ダイジョウミャクフィルターソウニュウ,
10048937,腟病変,チツビョウヘン,
10048941,適用部位小水疱,テキヨウブイショウスイホウ,
10048943,適用部位乾燥,テキヨウブイカンソウ,
10048945,血管脂肪腫,ケッカンシボウシュ,
10048946,肛門膿瘍,コウモンノウヨウ,
10048947,直腸膿瘍,チョクチョウノウヨウ,
10048948,寝たきり,ネタキリ,
10048949,耳下腺脂肪腫症,ジカセンシボウシュショウ,
10048950,坐骨神経ニューロパチー,ザコツシンケイニューロパチー,
10048951,ウール異常,ウールイジョウ,
10048953,先天性脊椎過伸展,センテンセイセキツイカシンテン,
10048954,先天性反張膝,センテンセイハンチョウシツ,
10048955,網膜毒性,モウマクドクセイ,
10048956,リンパ節切除,リンパセツセツジョ,
10048958,薬剤逆説反応,ヤクザイギャクセツハンノウ,
10048959,末梢腫脹,マッショウシュチョウ,
10048960,レンサ球菌性敗血症,レンサキュウキンセイハイケツショウ,
10048961,限局性浮腫,ゲンキョクセイフシュ,
10048962,脳浮腫,ノウフシュ,
10048963,脳底動脈閉塞,ノウテイドウミャクヘイソク,
10048964,頚動脈閉塞,ケイドウミャクヘイソク,
10048965,椎骨動脈閉塞,ツイコツドウミャクヘイソク,
10048974,心偽動脈瘤,シンギドウミャクリュウ,
10048975,血管偽動脈瘤,ケッカンギドウミャクリュウ,
10048978,胃瘻造設術,イロウゾウセツジュツ,
10048979,副鼻腔気管支炎,フクビクウキカンシエン,
10048980,唾液中エストリオール増加,ダエキチュウエストリオールゾウカ,
10048983,サイトメガロウイルス性大腸炎,サイトメガロウイルスセイダイチョウエン,
10048984,膵膿瘍,スイノウヨウ,
10048988,腎動脈閉塞,ジンドウミャクヘイソク,
10048991,卵巣腺腫,ランソウセンシュ,
10048992,脊髄出血,セキズイシュッケツ,
10048994,膀胱痙縮,ボウコウケイシュク,
10048995,紅色チアノーゼ,コウショクチアノーゼ,
10048997,脳幹脳炎,ノウカンノウエン,
10048998,急性期反応,キュウセイキハンノウ,
10048999,白質脳脊髄炎,ハクシツノウセキズイエン,
10049001,急性心内膜炎,キュウセイシンナイマクエン,
10049002,瘢痕痛,ハンコンツウ,
10049003,促進型心室固有調律,ソクシンガタシンシツコユウチョウリツ,
10049004,アンゲルマン症候群,アンゲルマンショウコウグン,
10049005,くも膜嚢胞,クモマクノウホウ,
10049009,脾性貧血,ヒセイヒンケツ,
10049011,先天性四肢過伸展,センテンセイシシカシンテン,
10049012,足関節手術,ソクカンセツシュジュツ,アシカンセツシュジュツ
10049013,抗第ＶＩＩＩ因子抗体陽性,コウダイ8インシコウタイヨウセイ,
10049014,サイトメガロウイルス性十二指腸炎,サイトメガロウイルスセイジュウニシチョウエン,
10049015,サイトメガロウイルス性腸炎,サイトメガロウイルスセイチョウエン,
10049016,サイトメガロウイルス性胃炎,サイトメガロウイルスセイイエン,
10049018,サイトメガロウイルス性食道炎,サイトメガロウイルスセイショクドウエン,
10049020,びまん性軸索周囲性脳炎,ビマンセイジクサクシュウイセイノウエン,
10049021,腋窩腫瘤,エキカシュリュウ,
10049025,持続性全身性リンパ節腫脹,ジゾクセイゼンシンセイリンパセツシュチョウ,
10049027,膀胱肉柱形成,ボウコウニクチュウケイセイ,
10049028,先天性屈指症,センテンセイクッシショウ,
10049029,義歯使用者,ギシシヨウシャ,
10049030,ＬＤＬ／ＨＤＬ比増加,LDLHDLヒゾウカ,
10049031,薬剤耐性遺伝子型検査,ヤクザイタイセイイデンシガタケンサ,
10049037,アシドーシス性昏睡,アシドーシスセイコンスイ,
10049040,体重変動,タイジュウヘンドウ,
10049041,適用部位感染,テキヨウブイカンセン,
10049042,適用部位炎症,テキヨウブイエンショウ,
10049043,適用部位丘疹,テキヨウブイキュウシン,
10049044,適用部位膿疱,テキヨウブイノウホウ,
10049045,放射線去勢,ホウシャセンキョセイ,
10049046,自己免疫性甲状腺炎,ジコメンエキセイコウジョウセンエン,
10049047,口唇のひび割れ,コウシンノヒビワレ,
10049048,変異性紅斑角皮症,ヘンイセイコウハンカクヒショウ,
10049054,脳死,ノウシ,
10049055,妊娠時胆汁うっ滞,ニンシンジタンジュウウッタイ,
10049057,先天性副腎発育不全,センテンセイフクジンハツイクフゼン,
10049058,ＨＥＬＬＰ症候群,HELLPショウコウグン,
10049059,真菌性尿路感染,シンキンセイニョウロカンセン,
10049060,移植血管閉塞,イショクケッカンヘイソク,
10049066,コーエン症候群,コーエンショウコウグン,
10049067,紡錘細胞肉腫,ボウスイサイボウニクシュ,
10049068,唾液管拡張,ダエキカンカクチョウ,
10049069,唾液変色,ダエキヘンショク,
10049070,乳房発育不全,ニュウボウハツイクフゼン,
10049071,血管手術,ケッカンシュジュツ,
10049073,糖鎖抗原１９－９,トウサコウゲン199,
10049074,サイトメガロウイルス性小腸炎,サイトメガロウイルスセイショウチョウエン,
10049075,播種性サイトメガロウイルス感染,ハシュセイサイトメガロウイルスカンセン,
10049076,末期エイズ,マッキエイズ,
10049077,ヘルニア痛,ヘルニアツウ,
10049078,ボレリア性髄膜炎,ボレリアセイズイマクエン,
10049079,不安定高血圧,フアンテイコウケツアツ,
10049081,正常胎児,セイジョウタイジ,
10049082,膵腫瘤,スイシュリュウ,
10049084,体重減少不良,タイジュウゲンショウフリョウ,
10049085,抗真菌薬予防投与,コウシンキンヤクヨボウトウヨ,
10049087,ウイルス感染予防,ウイルスカンセンヨボウ,
10049088,骨減少症,コツゲンショウショウ,
10049090,アナフィラキシー予防療法,アナフィラキシーヨボウリョウホウ,
10049092,化学療法時のサイトカイン予防投与,カガクリョウホウジノサイトカインヨボウトウヨ,
10049095,除脳,ジョノウ,
10049097,尿中ノルメタネフリン増加,ニョウチュウノルメタネフリンゾウカ,
10049098,潰瘍性食道炎,カイヨウセイショクドウエン,
10049100,腎盂膀胱炎,ジンウボウコウエン,
10049101,直腸分泌物,チョクチョウブンピブツ,チョクチョウブンピツブツ
10049102,腎発育不全,ジンハツイクフゼン,
10049105,悪性疾患下の貧血,アクセイシッカンカノヒンケツ,
10049118,自発陰茎勃起,ジハツインケイボッキ,
10049119,感情的苦悩,カンジョウテキクノウ,
10049128,肩骨折,ケンコッセツ,カタコッセツ
10049132,後天性屈指症,コウテンセイクッシショウ,
10049140,咽頭扁桃炎,イントウヘントウエン,
10049141,電撃性ざ瘡,デンゲキセイザソウ,
10049142,皮膚ヒストプラスマ症,ヒフヒストプラスマショウ,
10049143,膝蓋大腿関節痛症候群,シツガイダイタイカンセツツウショウコウグン,
10049144,抗アセチルコリン受容体抗体陽性,コウアセチルコリンジュヨウタイコウタイヨウセイ,
10049146,頚部腫瘤,ケイブシュリュウ,
10049147,陰嚢腫瘤,インノウシュリュウ,
10049149,子宮卵管卵巣摘除,シキュウランカンランソウテキジョ,
10049150,壊死性胃炎,エシセイイエン,
10049151,好中球減少性敗血症,コウチュウキュウゲンショウセイハイケツショウ,
10049152,総胆管空腸吻合,ソウタンカンクウチョウフンゴウ,
10049153,アレルギー性副鼻腔炎,アレルギーセイフクビクウエン,
10049155,視覚の明るさ,シカクノアカルサ,
10049164,尾骨骨折,ビコツコッセツ,
10049165,脳卒中予防,ノウソッチュウヨボウ,
10049167,胃ステープリング,イステープリング,
10049168,眼筋無力症,ガンキンムリョクショウ,
10049169,膵移植拒絶反応,スイイショクキョゼツハンノウ,
10049170,プレチスモグラフィー,プレチスモグラフィー,
10049171,肺静脈狭窄,ハイジョウミャクキョウサク,
10049172,好酸球性膿疱症,コウサンキュウセイノウホウショウ,
10049173,尿道切開,ニョウドウセッカイ,
10049177,薬物スクリーニング陽性,ヤクブツスクリーニングヨウセイ,
10049184,血沈検査,ケッチンケンサ,
10049185,心嚢排液検査,シンノウハイエキケンサ,
10049186,血沈異常,ケッチンイジョウ,
10049187,血沈亢進,ケッチンコウシン,
10049188,血沈遅延,ケッチンチエン,
10049190,赤血球凝集,セッケッキュウギョウシュウ,
10049191,赤血球酵素異常,セッケッキュウコウソイジョウ,
10049192,膵瘻,スイロウ,
10049199,肝細胞融解,カンサイボウユウカイ,
10049205,陰核膿瘍,インカクノウヨウ,
10049206,筋膿瘍,キンノウヨウ,
10049207,無指症,ムシショウ,
10049209,大動脈形成不全,ダイドウミャクケイセイフゼン,
10049212,指節骨形成不全,シセツコツケイセイフゼン,
10049214,単足症,タンソクショウ,
10049215,精神運動機能障害,セイシンウンドウキノウショウガイ,
10049220,Ｃ－反応性蛋白減少,Cハンノウセイタンパクゲンショウ,
10049221,ヘマトクリット異常,ヘマトクリットイジョウ,
10049222,新生児低ナトリウム血症,シンセイジテイナトリウムケツショウ,シンセイジテイナトリウムケッショウ
10049223,新生児低血圧,シンセイジテイケツアツ,
10049224,心電図ＳＴ－Ｔ部分下降,シンデンズSTTブブンカコウ,
10049225,心電図ＳＴ－Ｔ部分上昇,シンデンズSTTブブンジョウショウ,
10049226,シュウ酸症,シュウサンショウ,
10049227,出血時間異常,シュッケツジカンイジョウ,
10049234,声帯不全麻痺,セイタイフゼンマヒ,
10049235,夜間呼吸困難,ヤカンコキュウコンナン,
10049236,脊髄硬膜外出血,セキズイコウマクガイシュッケツ,
10049238,食物嫌悪,ショクモツケンオ,
10049241,先天性瞼裂狭小,センテンセイケンレツキョウショウ,
10049243,後天性舌小帯短縮症,コウテンセイゼツショウタイタンシュクショウ,
10049247,関節切除,カンセツセツジョ,
10049248,糖鎖抗原１２５,トウサコウゲン125,
10049249,糖鎖抗原１５－３,トウサコウゲン153,
10049250,糖鎖抗原２７．２９,トウサコウゲン2729,
10049251,ハイド症候群,ハイドショウコウグン,
10049258,リンパ芽球症,リンパガキュウショウ,
10049260,注射部位関節腫脹,チュウシャブイカンセツシュチョウ,
10049261,注射部位関節痛,チュウシャブイカンセツツウ,
10049262,注射部位関節熱感,チュウシャブイカンセツネッカン,
10049267,眼部熱性熱傷,ガンブネッセイネッショウ,
10049268,爪床圧痛,ソウショウアッツウ,
10049269,骨盤内容除去,コツバンナイヨウジョキョ,
10049270,咽頭腫瘤,イントウシュリュウ,
10049274,爪甲脱落症,ソウコウダツラクショウ,
10049277,尿管瘻造設部不快感,ニョウカンロウゾウセツブフカイカン,
10049282,先天性脾機能亢進,センテンセイヒキノウコウシン,
10049287,後天性リポジストロフィー,コウテンセイリポジストロフィー,
10049290,後天性女性化,コウテンセイジョセイカ,
10049291,先天性ウォルフ・パーキンソン・ホワイト症候群,センテンセイウォルフパーキンソンホワイトショウコウグン,
10049294,口腔内損傷,コウクウナイソンショウ,コウコウナイソンショウ
10049297,口唇出血,コウシンシュッケツ,
10049300,歯肉損傷,シニクソンショウ,
10049304,歯肉水疱,シニクスイホウ,
10049305,歯肉浮腫,シニクフシュ,
10049306,歯肉そう痒症,シニクソウヨウショウ,
10049307,口唇水疱,コウシンスイホウ,
10049398,歯肉潰瘍,シニクカイヨウ,
10049408,血沈正常,ケッチンセイジョウ,
10049409,胃ステープリング解除,イステープリングカイジョ,
10049411,抗プロトロンビン抗体陽性,コウプロトロンビンコウタイヨウセイ,
10049413,気管支肺胞洗浄検査,キカンシハイホウセンジョウケンサ,
10049414,治療非遵守,チリョウヒジュンシュ,
10049415,レニン・アンジオテンシン系阻害,レニンアンジオテンシンケイソガイ,
10049416,短腸症候群,タンチョウショウコウグン,
10049418,心突然死,シントツゼンシ,
10049422,前癌性皮膚病変,ゼンガンセイヒフビョウヘン,
10049424,前頭葉てんかん,ゼントウヨウテンカン,
10049426,舟状頭蓋症,シュウジョウトウガイショウ,
10049428,皮膚ツルゴール低下,ヒフツルゴールテイカ,
10049429,ウェルナー症候群,ウェルナーショウコウグン,
10049430,周産期心筋症,シュウサンキシンキンショウ,
10049431,大腿動脈雑音,ダイタイドウミャクザツオン,
10049432,腎雑音,ジンザツオン,
10049433,梨状筋症候群,リジョウキンショウコウグン,
10049434,心臓ペースメーカー置換,シンゾウペースメーカーチカン,
10049436,職業性毒性物質曝露,ショクギョウセイドクセイブッシツバクロ,
10049438,全身健康状態悪化,ゼンシンケンコウジョウタイアッカ,
10049439,抗膵島細胞抗体陽性,コウスイトウサイボウコウタイヨウセイ,
10049440,脊髄動脈塞栓症,セキズイドウミャクソクセンショウ,
10049442,植込み型除細動器挿入,ウエコミガタジョサイドウキソウニュウ,
10049445,ストーマ部不快感,ストーマブフカイカン,
10049446,鎖骨下静脈血栓症,サコツカジョウミャクケッセンショウ,
10049447,頻脈性不整脈,ヒンミャクセイフセイミャク,
10049448,尿道潰瘍,ニョウドウカイヨウ,
10049449,先天性顔面神経形成不全,センテンセイガンメンシンケイケイセイフゼン,
10049458,新生児単純ヘルペスウイルス結膜炎,シンセイジタンジュンヘルペスウイルスケツマクエン,
10049459,リンパ管平滑筋腫症,リンパカンヘイカツキンシュショウ,
10049463,薬物クリアランス減少,ヤクブツクリアランスゲンショウ,
10049464,体性感覚誘発電位異常,タイセイカンカクユウハツデンイイジョウ,
10049466,赤芽球症,セキガキュウショウ,
10049467,赤血球生成異常,セッケッキュウセイセイイジョウ,
10049469,妊娠期栄養膜剥離,ニンシンキエイヨウマクハクリ,
10049470,骨密度減少,コツミツドゲンショウ,
10049471,血中リン減少,ケッチュウリンゲンショウ,
10049472,赤血球系異常,セッケッキュウケイイジョウ,
10049479,真菌性消化管感染,シンキンセイショウカカンカンセン,
10049480,子宮内避妊具挿入,シキュウナイヒニングソウニュウ,
10049481,子宮内避妊具除去,シキュウナイヒニングジョキョ,
10049482,デヒドロエピアンドロステロン増加,デヒドロエピアンドロステロンゾウカ,
10049483,グルタミン酸脱水素酵素増加,グルタミンサンダッスイソコウソゾウカ,
10049492,後天性巨頭症,コウテンセイキョトウショウ,
10049493,子宮頚部切除,シキュウケイブセツジョ,
10049501,甲状腺超音波検査,コウジョウセンチョウオンパケンサ,
10049502,尿道嚢胞,ニョウドウノウホウ,
10049507,脳幹聴性誘発電位,ノウカンチョウセイユウハツデンイ,
10049508,脳幹聴性誘発電位正常,ノウカンチョウセイユウハツデンイセイジョウ,
10049509,脳幹聴性誘発電位異常,ノウカンチョウセイユウハツデンイイジョウ,
10049510,尿中ナトリウム,ニョウチュウナトリウム,
10049511,フックス症候群,フックスショウコウグン,
10049512,咽喉頭膿瘍,インコウトウノウヨウ,
10049513,黄体機能不全,オウタイキノウフゼン,
10049514,外傷性骨折,ガイショウセイコッセツ,
10049520,レチクリン増加,レチクリンゾウカ,
10049521,アンジオテンシン変換酵素減少,アンジオテンシンヘンカンコウソゲンショウ,
10049522,赤血球染色不同症,セッケッキュウセンショクフドウショウ,
10049523,抗赤血球抗体,コウセッケッキュウコウタイ,
10049524,コプロポルフィリノーゲン増加,コプロポルフィリノーゲンゾウカ,
10049525,抗精子抗体,コウセイシコウタイ,
10049526,組織ポリペプチド抗原増加,ソシキポリペプチドコウゲンゾウカ,
10049527,ピログルタミン酸塩増加,ピログルタミンサンエンゾウカ,
10049529,血清セロトニン増加,ケッセイセロトニンゾウカ,
10049530,アンジオテンシン変換酵素増加,アンジオテンシンヘンカンコウソゾウカ,
10049536,有口赤血球陽性,ユウコウセッケッキュウヨウセイ,
10049537,γ酪酸脱水素酵素増加,ガンマラクサンダッスイソコウソゾウカ,
10049539,トロンボプラスチン抗体,トロンボプラスチンコウタイ,
10049540,白血球アルカリホスファターゼ増加,ハッケッキュウアルカリホスファターゼゾウカ,
10049541,解熱処置,ゲネツショチ,
10049547,アンチトロンビンＩＩＩ減少,アンチトロンビン3ゲンショウ,
10049548,膝手術,シツシュジュツ,ヒザシュジュツ
10049550,生産,セイサン,セイザン
10049551,肩関節形成,カタカンセツケイセイ,
10049555,肛門出血,コウモンシュッケツ,
10049556,腫瘍細胞の骨髄浸潤,シュヨウサイボウノコツズイシンジュン,
10049557,白血病細胞の骨髄浸潤,ハッケツビョウサイボウノコツズイシンジュン,
10049564,運転能力障害者,ウンテンノウリョクショウガイシャ,
10049565,筋肉疲労,キンニクヒロウ,
10049566,サイトメガロウイルス性膵炎,サイトメガロウイルスセイスイエン,
10049567,ミラー・フィッシャー症候群,ミラーフィッシャーショウコウグン,
10049571,陰嚢膿瘍,インノウノウヨウ,
10049572,精巣壊死,セイソウエシ,
10049573,腟膿瘍,チツノウヨウ,
10049580,歯肉色素過剰,シニクシキソカジョウ,
10049583,ダグラス窩膿瘍,ダグラスカノウヨウ,
10049589,後陣痛,コウジンツウ,
10049590,上気道の炎症,ジョウキドウノエンショウ,
10049591,渦状癬,カジョウセン,
10049592,扁桃周囲炎,ヘントウシュウイエン,
10049612,自律神経発作,ジリツシンケイホッサ,
10049628,両側精巣摘除,リョウソクセイソウテキジョ,
10049630,腎疾患による浮腫,ジンシッカンニヨルフシュ,
10049631,肝疾患による浮腫,カンシッカンニヨルフシュ,
10049632,心疾患による浮腫,シンシッカンニヨルフシュ,
10049633,脚気衝心,カッケショウシン,
10049634,胆嚢胆管炎,タンノウタンカンエン,
10049642,マン－イン－ザ－バレル症候群,マンインザバレルショウコウグン,
10049644,ウィリアムス症候群,ウィリアムスショウコウグン,
10049645,異化亢進,イカコウシン,
10049647,副腎嚢胞,フクジンノウホウ,
10049653,肝カンジダ症,カンカンジダショウ,
10049654,脊髄感染,セキズイカンセン,
10049656,真菌性食道炎,シンキンセイショクドウエン,
10049657,脳真菌感染,ノウシンキンカンセン,
10049659,マイコバクテリウム・フォルチュイツム感染,マイコバクテリウムフォルチュイツムカンセン,
10049660,切開部位膿瘍,セッカイブイノウヨウ,
10049661,陰茎プロステーシス挿入,インケイプロステーシスソウニュウ,
10049666,殺人念慮,サツジンネンリョ,
10049669,計算力障害,ケイサンリョクショウガイ,
10049670,卵巣嚢胞捻転,ランソウノウホウネンテン,
10049671,陰性心筋変力作用,インセイシンキンヘンリョクサヨウ,
10049673,前癌細胞陽性,ゼンガンサイボウヨウセイ,
10049676,膀胱尿道吻合部狭窄,ボウコウニョウドウフンゴウブキョウサク,
10049677,卵管卵巣炎,ランカンランソウエン,
10049678,子宮内膜形成異常,シキュウナイマクケイセイイジョウ,
10049679,脊髄ショック,セキズイショック,
10049680,四肢不全麻痺,シシフゼンマヒ,
10049690,レルミット徴候,レルミットチョウコウ,
10049694,左室機能不全,サシツキノウフゼン,
10049695,好塩基球数,コウエンキキュウスウ,
10049696,尿中クレアチニン,ニョウチュウクレアチニン,
10049704,胆嚢ポリープ,タンノウポリープ,
10049708,罪責感,ザイセキカン,
10049710,尿道出血,ニョウドウシュッケツ,
10049711,伝染病曝露,デンセンビョウバクロ,
10049712,聴覚不全,チョウカクフゼン,
10049713,舌乾燥,ゼツカンソウ,シタカンソウ
10049714,腹性片頭痛,フクセイヘンズツウ,
10049716,後天性膀胱位置異常,コウテンセイボウコウノイチイジョウ,
10049717,心転移,シンテンイ,
10049718,胃転移,イテンイ,
10049721,膵転移,スイテンイ,
10049722,膀胱転移,ボウコウテンイ,
10049723,甲状腺転移,コウジョウセンテンイ,
10049724,眼転移,ガンテンイ,
10049725,胎盤転移,タイバンテンイ,
10049726,子宮転移,シキュウテンイ,
10049727,卵管転移,ランカンテンイ,
10049728,下垂体転移,カスイタイテンイ,
10049730,筋転移,キンテンイ,
10049733,血中ホモシステイン増加,ケッチュウホモシステインゾウカ,
10049734,血中ホモシステイン減少,ケッチュウホモシステインゲンショウ,
10049735,血中ホモシステイン異常,ケッチュウホモシステインイジョウ,
10049736,血中ホモシステイン正常,ケッチュウホモシステインセイジョウ,
10049739,腎動脈筋線維性形成異常,ジンドウミャクキンセンイセイケイセイイジョウ,
10049747,恥骨痛,チコツツウ,
10049748,僧帽弁交連切開,ソウボウベンコウレンセッカイ,
10049750,腫瘍出血,シュヨウシュッケツ,
10049752,ポードレンジ,ポードレンジ,
10049758,虹彩色素過剰,コウサイシキソカジョウ,
10049759,心膜摩擦音,シンマクマサツオン,
10049760,下垂体出血,カスイタイシュッケツ,
10049761,心室早期興奮,シンシツソウキコウフン,
10049764,虫垂膿瘍,チュウスイノウヨウ,
10049765,徐脈性不整脈,ジョミャクセイフセイミャク,
10049767,先天性三尖弁閉鎖症,センテンセイサンセンベンヘイサショウ,
10049768,無症候性心筋梗塞,ムショウコウセイシンキンコウソク,
10049771,出血性ショック,シュッケツセイショック,
10049773,左室肥大,サシツヒダイ,
10049774,偽褐色細胞腫,ギカッショクサイボウシュ,
10049775,新生児頻脈,シンセイジヒンミャク,
10049776,新生児腎障害,シンセイジジンショウガイ,
10049777,新生児メレナ,シンセイジメレナ,
10049778,新生児無尿,シンセイジムニョウ,
10049779,新生児末梢性浮腫,シンセイジマッショウセイフシュ,
10049780,新生児心不全,シンセイジシンフゼン,
10049781,新生児高血圧,シンセイジコウケツアツ,
10049782,卵管内膜症,ランカンナイマクショウ,
10049785,心房圧上昇,シンボウアツジョウショウ,
10049786,副乳房,フクニュウボウ,
10049788,三叉神経麻痺,サンサシンケイマヒ,
10049789,大腿神経麻痺,ダイタイシンケイマヒ,
10049792,精索腫瘤,セイサクシュリュウ,
10049793,新生児神経芽腫,シンセイジシンケイガシュ,
10049794,膀胱ポリープ,ボウコウポリープ,
10049797,筋石灰化,キンセッカイカ,
10049803,血中ブドウ糖変動,ケッチュウブドウトウヘンドウ,
10049804,結腸直腸吻合,ケッチョウチョクチョウフンゴウ,
10049807,単一臍動脈,タンイツサイドウミャク,
10049810,尿管破裂,ニョウカンハレツ,
10049811,骨外性骨化,コツガイセイコッカ,コツガイセイコツカ
10049812,医療機器埋込み,イリョウキキウメコミ,
10049813,非閉塞性心筋症,ヒヘイソクセイシンキンショウ,
10049814,腎嚢胞破裂,ジンノウホウハレツ,
10049816,筋緊張,キンキンチョウ,
10049820,尿中クロール減少,ニョウチュウクロールゲンショウ,
10049821,尿沈渣陽性,ニョウチンサヨウセイ,
10049823,肛門括約筋無緊張症,コウモンカツヤクキンムキンチョウショウ,
10049824,骨梗塞,コツコウソク,
10049826,血中ＨＩＶ－ＲＮＡ,ケッチュウHIVRNA,
10049827,血中ＨＩＶ－ＲＮＡ増加,ケッチュウHIVRNAゾウカ,
10049828,血中ＨＩＶ－ＲＮＡ減少,ケッチュウHIVRNAゲンショウ,
10049829,血中ＨＩＶ－ＲＮＡ量測定限界以下,ケッチュウHIVRNAリョウソクテイゲンカイイカ,
10049848,平衡障害,ヘイコウショウガイ,
10049862,凝固因子異常,ギョウコインシイジョウ,
10049863,穿刺部位膿瘍,センシブイノウヨウ,
10049864,先天性毛髪色素欠乏症,センテンセイモウハツシキソケツボウショウ,
10049865,後天性毛髪色素欠乏症,コウテンセイモウハツシキソケツボウショウ,
10049869,血中ビリルビン減少,ケッチュウビリルビンゲンショウ,
10049870,舌出血,ゼツシュッケツ,シタシュッケツ
10049872,乳房不快感,ニュウボウフカイカン,
10049874,心肺機能窮迫,シンパイキノウキュウハク,
10049884,金皮症,キンピショウ,
10049887,冠動脈血行再建,カンドウミャクケッコウサイケン,
10049889,頭蓋骨癒合症,トウガイコツユゴウショウ,
10049904,骨粗鬆症予防,コツソショウショウヨボウ,
10049912,術後関節脱臼,ジュツゴカンセツダッキュウ,
10049924,感染予防,カンセンヨボウ,
10049927,乾性壊疽,カンセイエソ,
10049928,閉経期症状予防,ヘイケイキショウジョウヨボウ,
10049933,低ホスファターゼ症,テイホスファターゼショウ,
10049934,内リンパ水腫,ナイリンパスイシュ,
10049935,網膜脂血症,モウマクシケツショウ,モウマクシケッショウ
10049938,先天性腎盂腎杯拡張症,センテンセイジンウジンパイカクチョウショウ,
10049939,便量増加,ベンリョウゾウカ,
10049940,脂肪肉芽腫,シボウニクゲシュ,
10049941,縦隔血腫,ジュウカクケッシュ,
10049942,腎動脈解離,ジンドウミャクカイリ,
10049946,頚椎骨折,ケイツイコッセツ,
10049947,腰椎骨折,ヨウツイコッセツ,
10049948,胸椎骨折,キョウツイコッセツ,
10049949,肋間神経痛,ロッカンシンケイツウ,
10049975,妊娠時の子宮収縮,ニンシンジノシキュウシュウシュク,
10049976,せっかち,セッカチ,
10049977,頭蓋内圧低下症,トウガイナイアツテイカショウ,
10049979,麻酔による気道合併症,マスイニヨルキドウガッペイショウ,
10049986,術後精神状態変化,ジュツゴセイシンジョウタイヘンカ,
10049987,術後錯乱,ジュツゴサクラン,
10049989,術後激越,ジュツゴゲキエツ,
10049990,術後腓骨神経麻痺,ジュツゴヒコツシンケイマヒ,
10049993,心臓死,シンゾウシ,
10049994,薬物半減期短縮,ヤクブツハンゲンキタンシュク,
10049995,新生児肝腫大,シンセイジカンシュダイ,
10049996,動脈管早期閉鎖,ドウミャクカンソウキヘイサ,
10049998,薬物特異体質反応,ヤクブツトクイタイシツハンノウ,
10049999,母乳を介した中毒,ボニュウヲカイシタチュウドク,
10050001,腎瘻造設,ジンロウゾウセツ,
10050002,眼頭回転反射欠如,ガントウカイテンハンシャケツジョ,
10050003,瞳孔緊張,ドウコウキンチョウ,
10050004,斑水疱性皮疹,ハンスイホウセイヒシン,
10050012,精神緩慢,セイシンカンマン,
10050013,無為,ムイ,
10050014,突発的睡眠,トッパツテキスイミン,
10050017,遠隔転移を伴う肺癌,エンカクテンイヲトモナウハイガン,
10050018,遠隔転移を伴う腎癌,エンカクテンイヲトモナウジンガン,
10050019,子宮頚部水疱,シキュウケイブスイホウ,
10050020,子宮頚部血腫,シキュウケイブケッシュ,
10050021,子宮頚部脆弱,シキュウケイブゼイジャク,
10050022,子宮頚部出血,シキュウケイブシュッケツ,
10050026,汎骨髄障害,ハンコツズイショウガイ,
10050028,咽頭狭窄,イントウキョウサク,
10050029,ミトコンドリア細胞症,ミトコンドリアサイボウショウ,
10050031,肉離れ,ニクバナレ,
10050043,左室拡張,サシツカクチョウ,
10050051,トレンデレンブルグ症状,トレンデレンブルグショウジョウ,
10050053,偽総動脈幹,ギソウドウミャクカン,
10050056,胃瘻造設不成功,イロウゾウセツフセイコウ,
10050057,注射部位蜂巣炎,チュウシャブイホウソウエン,
10050058,泌尿生殖器出血,ヒニョウセイショクキシュッケツ,
10050079,捻除,ネンジョ,
10050080,新生児低体温,シンセイジテイタイオン,
10050081,新生児低酸素症,シンセイジテイサンソショウ,
10050082,注射部位冷感,チュウシャブイレイカン,
10050084,脂肪髄膜瘤,シボウズイマクリュウ,
10050086,新生児体重増加不良,シンセイジタイジュウゾウカフリョウ,
10050089,シーバー病,シーバービョウ,
10050090,膿性痰,ノウセイタン,
10050091,尿貯留腫,ニョウチョリュウシュ,
10050093,意識変動,イシキヘンドウ,
10050094,十二指腸狭窄,ジュウニシチョウキョウサク,
10050095,群集恐怖症,グンシュウキョウフショウ,
10050096,恐食症,キョウショクショウ,
10050099,適用部位湿疹,テキヨウブイシッシン,
10050100,適用部位知覚過敏,テキヨウブイチカクカビン,
10050101,適用部位結節,テキヨウブイケッセツ,
10050102,適用部位蒼白,テキヨウブイソウハク,
10050103,適用部位異常感覚,テキヨウブイイジョウカンカク,
10050104,適用部位蕁麻疹,テキヨウブイジンマシン,
10050106,発作性不整脈,ホッサセイフセイミャク,
10050111,新生児心筋症,シンセイジシンキンショウ,
10050114,適用部位内出血,テキヨウブイナイシュッケツ,
10050116,神経筋電図検査,シンケイキンデンズケンサ,
10050117,剖検,ボウケン,
10050120,姿勢図検査,シセイズケンサ,
10050121,ダグラス窩穿刺,ダグラスカセンシ,
10050122,眼筋麻痺性片頭痛,ガンキンマヒセイヘンズツウ,
10050123,顎関節手術,ガクカンセツシュジュツ,
10050125,ヒステロスコピー,ヒステロスコピー,
10050126,尿道鏡検査,ニョウドウキョウケンサ,
10050127,神経電図検査,シンケイデンズケンサ,
10050152,結腸穿刺,ケッチョウセンシ,
10050156,緑内障手術,リョクナイショウシュジュツ,
10050157,胎児脳出血,タイジノウシュッケツ,
10050158,胃腸異形成,イチョウイケイセイ,
10050159,腸クロム親和性細胞過形成,チョウクロムシンワセイサイボウカケイセイ,
10050161,胃異形成,イイケイセイ,
10050162,脊髄硬膜外血腫,セキズイコウマクガイケッシュ,
10050164,脊髄硬膜下血腫,セキズイコウマクカケッシュ,
10050167,リンパ節膿瘍,リンパセツノウヨウ,
10050168,縦隔嚢胞,ジュウカクノウホウ,
10050169,髄膜神経根炎,ズイマクシンケイコンエン,
10050171,食道異形成,ショクドウイケイセイ,
10050172,口腔粘膜萎縮,コウクウネンマクイシュク,
10050173,幽門前部狭窄,ユウモンゼンブキョウサク,
10050176,腎膨大細胞腫,ジンボウダイサイボウシュ,
10050180,鎖骨下動脈狭窄,サコツカドウミャクキョウサク,
10050181,外陰腟潰瘍,ガイインチツカイヨウ,
10050182,適用部位紫斑,テキヨウブイシハン,
10050183,巨頭症,キョトウショウ,
10050184,気縦隔症,キジュウカクショウ,
10050185,掌蹠膿疱症,ショウセキノウホウショウ,
10050189,硬膜穿刺,コウマクセンシ,
10050190,新生児溶血,シンセイジヨウケツ,
10050192,パートナーの妊娠,パートナーノニンシン,
10050195,足関節形成,ソクカンセツケイセイ,アシカンセツケイセイ
10050196,血中リン増加,ケッチュウリンゾウカ,
10050197,栄養不良関連型糖尿病,エイヨウフリョウカンレンガタトウニョウビョウ,
10050200,口渇感減少,コウカツカンゲンショウ,
10050201,声帯萎縮,セイタイイシュク,
10050202,頚動脈洞症候群,ケイドウミャクドウショウコウグン,
10050203,子宮付属器嚢胞,シキュウフゾクキノウホウ,
10050206,マクロファージ活性化,マクロファージカッセイカ,
10050207,皮膚線維症,ヒフセンイショウ,
10050208,奇形精子症,キケイセイシショウ,
10050209,脊髄虚血,セキズイキョケツ,
10050210,喉頭蓋潰瘍,コウトウガイカイヨウ,
10050211,扁桃潰瘍,ヘントウカイヨウ,
10050215,カルニチンパルミトイルトランスフェラーゼ欠損症,カルニチンパルミトイルトランスフェラーゼケッソンショウ,
10050216,パジェット・シュレッター症候群,パジェットシュレッターショウコウグン,
10050217,頚髄神経根障害,ケイズイシンケイコンショウガイ,
10050219,腰髄神経根障害,ヨウズイシンケイコンショウガイ,
10050241,負荷心エコー図,フカシンエコーズ,
10050247,肛門の炎症,コウモンノエンショウ,
10050248,便量減少,ベンリョウゲンショウ,
10050249,頚部ヒグローマ,ケイブヒグローマ,
10050250,貧血予防,ヒンケツヨボウ,
10050251,キャッスルマン病,キャッスルマンビョウ,
10050256,起立障害,キリツショウガイ,
10050257,心血管系デコンディショニング,シンケッカンケイデコンディショニング,
10050258,脳底動脈型片頭痛,ノウテイドウミャクガタヘンズツウ,
10050266,尿管壊死,ニョウカンエシ,
10050268,先天性陰唇癒着,センテンセイインシンユチャク,
10050269,鼠径部膿瘍,ソケイブノウヨウ,
10050278,尿中カルシウム増加,ニョウチュウカルシウムゾウカ,
10050280,自尊心低下,ジソンシンテイカ,
10050282,骨髄性白血病の芽球発症,コツズイセイハッケツビョウノガキュウハッショウ,
10050283,腫瘍の潰瘍形成,シュヨウノカイヨウケイセイ,
10050284,メロレオストーシス,メロレオストーシス,
10050286,アルドラーゼ,アルドラーゼ,
10050287,アンモニア,アンモニア,
10050289,アンジオテンシン変換酵素,アンジオテンシンヘンカンコウソ,
10050292,肺ヘルニア,ハイヘルニア,
10050293,鎮静解除,チンセイカイジョ,
10050294,脾臓うっ血,ヒゾウウッケツ,
10050296,椎間板突出,ツイカンバントッシュツ,
10050300,体重管理,タイジュウカンリ,
10050305,ギプス包帯使用,ギプスホウタイシヨウ,
10050306,ギプス包帯除去,ギプスホウタイジョキョ,
10050307,尿管ステント挿入,ニョウカンステントソウニュウ,
10050309,ＨＩＶ消耗症候群,HIVショウモウショウコウグン,
10050310,血清３型プロコラーゲン－Ｎ－プロペプチド,ケッセイ3ガタプロコラーゲンNプロペプチド,
10050311,体表面積,タイヒョウメンセキ,
10050312,最大心拍数,サイダイシンパクスウ,
10050314,浣腸薬投与,カンチョウヤクトウヨ,
10050316,歯科検査,シカケンサ,
10050317,婦人科検査,フジンカケンサ,
10050318,神経学的検査,シンケイガクテキケンサ,
10050319,耳科検査,ジカケンサ,
10050320,眼科検査,ガンカケンサ,
10050321,前立腺検査,ゼンリツセンケンサ,
10050323,膀胱瘻修復,ボウコウロウシュウフク,
10050324,肩回旋筋腱板修復,ケンカイセンキンケンバンシュウフク,カタカイセンキンケンバンシュウフク
10050325,創部ドレナージ,ソウブドレナージ,
10050326,右室肥大,ウシツヒダイ,
10050328,膀胱縫合,ボウコウホウゴウ,
10050329,冠動脈形成,カンドウミャクケイセイ,
10050335,腎尿細管機能障害,ジンニョウサイカンキノウショウガイ,
10050336,耳垢除去,ジコウジョキョ,
10050337,耳垢栓塞,ジコウセンソク,
10050338,歯肉手術,シニクシュジュツ,
10050342,５－ヒドロキシインドール酢酸,5ヒドロキシインドールサクサン,
10050343,壊死性胞隔炎,エシセイホウカクエン,
10050344,ベックウィズ・ヴィーデマン症候群,ベックウィズヴィーデマンショウコウグン,
10050345,鼻カンジダ症,ビカンジダショウ,ハナカンジダショウ
10050346,中咽頭カンジダ症,チュウイントウカンジダショウ,
10050347,胎児アシドーシス,タイジアシドーシス,
10050353,パートナーの自然流産,パートナーノシゼンリュウザン,
10050357,脾症,ヒショウ,
10050361,ウォルフ・ヒルシュホーン症候群,ウォルフヒルシュホーンショウコウグン,
10050362,肛門外陰部瘻,コウモンガイインブロウ,
10050365,群集恐怖,グンシュウキョウフ,
10050366,食事恐怖,ショクジキョウフ,
10050373,肛門括約筋不全麻痺,コウモンカツヤクキンフゼンマヒ,
10050377,出血性皮膚潰瘍,シュッケツセイヒフカイヨウ,
10050380,心電図異常Ｔ波,シンデンズイジョウTハ,
10050381,心電図正常Ｔ波,シンデンズセイジョウTハ,
10050382,心電図２相性Ｔ波,シンデンズ2ソウセイTハ,
10050383,心電図正常Ｐ波,シンデンズセイジョウPハ,
10050384,心電図異常Ｐ波,シンデンズイジョウPハ,
10050389,大脳性運動失調,ダイノウセイウンドウシッチョウ,
10050392,顔面損傷,ガンメンソンショウ,
10050394,高カリウム尿症,コウカリウムニョウショウ,
10050395,新生児過鎮静,シンセイジカチンセイ,
10050396,亜イレウス,アイレウス,
10050397,トロポニンＩ,トロポニンI,
10050399,慢性胃腸出血,マンセイイチョウシュッケツ,
10050401,新生児多臓器不全,シンセイジタゾウキフゼン,
10050403,頚動脈解離,ケイドウミャクカイリ,
10050404,後腹膜感染,コウフクマクカンセン,
10050408,血清学的検査異常,ケッセイガクテキケンサイジョウ,
10050409,血清学的検査陽性,ケッセイガクテキケンサヨウセイ,
10050410,血清学的検査陰性,ケッセイガクテキケンサインセイ,
10050411,血清学的検査正常,ケッセイガクテキケンサセイジョウ,
10050416,プロテインＣ,プロテインC,
10050417,プロテインＳ,プロテインS,
10050418,二本鎖ＤＮＡ抗体,2ホンサDNAコウタイ,
10050419,喀痰培養,カクタンバイヨウ,カッタンバイヨウ
10050424,足病学的検査,ソクビョウガクテキケンサ,
10050425,胎児に影響する父親への投与薬剤,タイジニエイキョウスルチチオヤヘノトウヨヤクザイ,
10050428,卵管膿瘍,ランカンノウヨウ,
10050429,消毒薬中毒,ショウドクヤクチュウドク,
10050443,顆粒球成熟停止,カリュウキュウセイジュクテイシ,
10050454,ドナー白血球輸注,ドナーハッケッキュウユチュウ,
10050455,血小板輸血不応状態,ケッショウバンユケツフオウジョウタイ,
10050456,吻合部漏出,フンゴウブロウシュツ,
10050459,新生児肺水腫,シンセイジハイスイシュ,
10050464,病的思考,ビョウテキシコウ,
10050466,膵周囲液貯留,スイシュウイエキチョリュウ,
10050467,咬舌,コウゼツ,
10050468,卵管留血症,ランカンリュウケツショウ,
10050469,ホルト・オーラム症候群,ホルトオーラムショウコウグン,
10050473,四肢膿瘍,シシノウヨウ,
10050474,軟部組織膿瘍,ナンブソシキノウヨウ,
10050475,外陰嚢胞,ガイインノウホウ,
10050476,精巣垂捻転,セイソウスイネンテン,
10050484,セメント塞栓,セメントソクセン,
10050487,松果体芽腫,ショウカタイガシュ,
10050496,回復性虚血性神経脱落症候,カイフクセイキョケツセイシンケイダツラクショウコウ,
10050497,眼瞼腫瘍,ガンケンシュヨウ,
10050498,牽引,ケンイン,
10050499,副鼻腔鏡検査,フクビクウキョウケンサ,
10050500,感染性母斑,カンセンセイボハン,
10050502,神経障害性潰瘍,シンケイショウガイセイカイヨウ,
10050504,新生児白血球減少症,シンセイジハッケッキュウゲンショウショウ,
10050505,外科的脊椎固定,ゲカテキセキツイコテイ,
10050506,後天性脊椎癒合,コウテンセイセキツイユゴウ,
10050508,強膜出血,キョウマクシュッケツ,
10050510,心室壁運動低下,シンシツヘキウンドウテイカ,
10050513,遠隔転移を伴う腎細胞癌,エンカクテンイヲトモナウジンサイボウガン,
10050515,嗅覚減退,キュウカクゲンタイ,
10050516,抗膵島細胞抗体,コウスイトウサイボウコウタイ,
10050520,尿中カルシウム,ニョウチュウカルシウム,
10050522,胸腔チューブ挿入,キョウクウチューブソウニュウ,キョウコウチューブソウニュウ
10050523,寒冷凝集素,カンレイギョウシュウソ,
10050527,駆出率,クシュツリツ,
10050528,駆出率減少,クシュツリツゲンショウ,
10050529,Ｂ型肝炎表面抗原,Bガタカンエンヒョウメンコウゲン,
10050533,疼痛評価,トウツウヒョウカ,
10050534,棘状毛貯留症,キョクジョウモウチョリュウショウ,
10050537,総蛋白,ソウタンパク,
10050538,尿中クロール,ニョウチュウクロール,
10050539,平均血小板容積,ヘイキンケッショウバンヨウセキ,
10050540,血液検査正常,ケツエキケンサセイジョウ,
10050542,Ｂ型肝炎表面抗原陰性,Bガタカンエンヒョウメンコウゲンインセイ,
10050551,ループス様症候群,ループスヨウショウコウグン,
10050552,抗好中球細胞質抗体,コウコウチュウキュウサイボウシツコウタイ,
10050558,僧帽弁石灰化,ソウボウベンセッカイカ,
10050559,大動脈弁石灰化,ダイドウミャクベンセッカイカ,
10050581,左室拡大,サシツカクダイ,
10050582,右室拡大,ウシツカクダイ,
10050584,挫傷,ザショウ,
10050585,全歯欠損者,ゼンシケッソンシャ,
10050589,乳房欠損,ニュウボウケッソン,
10050622,肛門直腸手術,コウモンチョクチョウシュジュツ,
10050629,アルコールの解毒,アルコールノゲドク,
10050631,術後高血圧,ジュツゴコウケツアツ,
10050634,意図しない麻酔中の意識,イトシナイマスイチュウノイシキ,
10050637,皮膚のつっぱり感,ヒフノツッパリカン,
10050638,ランガー・ギーディオン症候群,ランガーギーディオンショウコウグン,
10050639,アレルギー性咽頭炎,アレルギーセイイントウエン,
10050640,アンチトロンビンＩＩＩ,アンチトロンビン3,
10050641,心房圧,シンボウアツ,
10050642,血中エラスターゼ,ケッチュウエラスターゼ,
10050646,セルロプラスミン,セルロプラスミン,
10050648,血中エリスロポエチン,ケッチュウエリスロポエチン,
10050656,心電図ＰＲ間隔,シンデンズPRカンカク,
10050658,爪甲白斑,ソウコウハクハン,
10050659,リパーゼ,リパーゼ,
10050660,陰茎分泌物,インケイブンピブツ,インケイブンピツブツ
10050661,血小板凝集抑制,ケッショウバンギョウシュウヨクセイ,
10050662,前立腺感染,ゼンリツセンカンセン,
10050663,尿中白血球,ニョウチュウハッケッキュウ,
10050665,硫酸亜鉛混濁反応試験,リュウサンアエンコンダクハンノウシケン,
10050670,血中エリスロポエチン正常,ケッチュウエリスロポエチンセイジョウ,
10050671,血中エリスロポエチン異常,ケッチュウエリスロポエチンイジョウ,
10050672,血中エラスターゼ増加,ケッチュウエラスターゼゾウカ,
10050673,血中エラスターゼ減少,ケッチュウエラスターゼゲンショウ,
10050676,尿中赤血球,ニョウチュウセッケッキュウ,
10050680,エコーウイルス検査,エコーウイルスケンサ,
10050681,エプスタイン・バーウイルス検査,エプスタインバーウイルスケンサ,
10050684,生着症候群,セイチャクショウコウグン,
10050685,サイトカインストーム,サイトカインストーム,
10050687,膀胱炎様症状,ボウコウエンヨウショウジョウ,
10050691,αヒドロキシ酪酸脱水素酵素,アルファヒドロキシラクサンダッスイソコウソ,
10050692,抗インスリン抗体,コウインスリンコウタイ,
10050694,先天性側弯症,センテンセイソクワンショウ,
10050696,先天性眼球突出症,センテンセイガンキュウトッシュツショウ,
10050697,卵管嚢胞,ランカンノウホウ,
10050701,先天性肺高血圧症,センテンセイハイコウケツアツショウ,
10050702,圧挫症候群,アツザショウコウグン,
10050703,食道内圧測定,ショクドウナイアツソクテイ,
10050704,前立腺特異性抗原,ゼンリツセントクイセイコウゲン,
10050706,先天性網膜症,センテンセイモウマクショウ,
10050709,全水分排出量,ゼンスイブンハイシュツリョウ,
10050710,尿中尿素,ニョウチュウニョウソ,
10050711,尿中リン,ニョウチュウリン,
10050712,ビタミンＡ,ビタミンA,
10050713,ビタミンＤ,ビタミンD,
10050716,αヒドロキシ酪酸脱水素酵素増加,アルファヒドロキシラクサンダッスイソコウソゾウカ,
10050717,αヒドロキシ酪酸脱水素酵素減少,アルファヒドロキシラクサンダッスイソコウソゲンショウ,
10050729,セルフメディケーション,セルフメディケーション,
10050730,先天性アクロコルドン,センテンセイアクロコルドン,
10050732,四肢拘縮,シシコウシュク,
10050733,アポリポ蛋白Ｂ／アポリポ蛋白Ａ－Ｉ比,アポリポタンパクBアポリポタンバクA1ヒ,
10050734,心房性ナトリウム利尿ペプチド,シンボウセイナトリウムリニョウペプチド,
10050735,血中アイソトープクリアランス,ケッチュウアイソトープクリアランス,
10050737,１型コラーゲン抗原,1ガタコラーゲンコウゲン,
10050739,びらん性亀頭炎,ビランセイキトウエン,
10050740,はい歩き不能,ハイアルキフノウ,
10050742,遊離サイロキシンインデックス,ユウリサイロキシンインデックス,
10050744,ハプトグロビン,ハプトグロビン,
10050745,β２ミクログロブリン,ベータ2ミクログロブリン,
10050746,遊離サイロキシンインデックス正常,ユウリサイロキシンインデックスセイジョウ,
10050747,遊離サイロキシンインデックス異常,ユウリサイロキシンインデックスイジョウ,
10050748,遊離サイロキシンインデックス減少,ユウリサイロキシンインデックスゲンショウ,
10050749,遊離サイロキシンインデックス増加,ユウリサイロキシンインデックスゾウカ,
10050751,血中ガストリン,ケッチュウガストリン,
10050756,根治的前立腺摘除,コンチテキゼンリツセンテキジョ,
10050757,尿中クレアチニン増加,ニョウチュウクレアチニンゾウカ,
10050759,杆状核好中球数増加,カンジョウカクコウチュウキュウスウゾウカ,
10050760,血中尿素窒素／クレアチニン比増加,ケッチュウニョウソチッソクレアチニンヒゾウカ,
10050761,バーセル陽性,バーセルヨウセイ,
10050763,ＣＳＦブドウ糖増加,CSFブドウトウゾウカ,
10050764,高色素性赤血球陽性,コウシキソセイセッケッキュウヨウセイ,
10050765,後骨髄球数増加,コウコツズイキュウスウゾウカ,
10050766,骨髄芽球数増加,コツズイガキュウスウゾウカ,
10050767,前骨髄球数増加,ゼンコツズイキュウスウゾウカ,
10050768,シデロサイト陽性,シデロサイトヨウセイ,
10050769,滑液中白血球陽性,カツエキチュウハッケッキュウヨウセイ,
10050770,トランスフェリン飽和度低下,トランスフェリンホウワドテイカ,
10050771,トランスフェリン飽和度上昇,トランスフェリンホウワドジョウショウ,
10050772,尿比重減少,ニョウヒジュウゲンショウ,
10050773,尿比重増加,ニョウヒジュウゾウカ,
10050774,尿中鉄減少,ニョウチュウテツゲンショウ,
10050775,尿中鉄増加,ニョウチュウテツゾウカ,
10050778,歩行補助用具使用者,ホコウホジョヨウグシヨウシャ,
10050789,低色素血,テイシキソケツ,
10050791,白血球尿,ハッケッキュウニョウ,
10050792,尿中ビリルビン増加,ニョウチュウビリルビンゾウカ,
10050808,高色素血,コウシキソケツ,
10050816,気管狭窄,キカンキョウサク,
10050818,瘢痕そう痒感,ハンコンソウヨウカン,
10050819,筋骨格系胸痛,キンコッカクケイキョウツウ,
10050820,口腔知覚不全,コウクウチカクフゼン,コウコウチカクフゼン
10050821,鼠径部感染,ソケイブカンセン,
10050822,恥骨上痛,チコツジョウツウ,
10050823,リンパ節感染,リンパセツカンセン,
10050825,多形核球クロマチン凝集,タケイカクキュウクロマチンギョウシュウ,
10050829,ヘパリン起因性血小板減少試験,ヘパリンキインセイケッショウバンゲンショウシケン,
10050832,残尿量,ザンニョウリョウ,
10050837,薬物スクリーニング,ヤクブツスクリーニング,
10050839,バーター症候群,バーターショウコウグン,
10050842,肝癌破裂,カンガンハレツ,
10050845,強心剤濃度増加,キョウシンザイノウドゾウカ,
10050846,強心剤濃度減少,キョウシンザイノウドゲンショウ,
10050849,歯科矯正装置使用者,シカキョウセイソウチシヨウシャ,
10050850,人工関節使用者,ジンコウカンセツシヨウシャ,
10050851,人工中耳使用者,ジンコウチュウジシヨウシャ,
10050852,補聴器使用者,ホチョウキシヨウシャ,
10050853,人工外耳使用者,ジンコウガイジシヨウシャ,
10050854,人工乳房使用者,ジンコウニュウボウシヨウシャ,
10050855,精巣プロステーシス使用者,セイソウプロステーシスシヨウシャ,
10050857,歯科補てつ物使用者,シカホテツブツシヨウシャ,
10050858,視力補正用レンズ使用者,シリョクホセイヨウレンズシヨウシャ,
10050861,義肢使用者,ギシシヨウシャ,
10050862,義手使用者,ギシュシヨウシャ,
10050863,義足使用者,ギソクシヨウシャ,
10050864,陰茎プロステーシス使用者,インケイプロステーシスシヨウシャ,
10050865,義眼使用者,ギガンシヨウシャ,
10050894,抗好中球細胞質抗体陽性血管炎,コウコウチュウキュウサイボウシツコウタイヨウセイケッカンエン,
10050895,薬物スクリーニング陰性,ヤクブツスクリーニングインセイ,
10050896,先天性くも状母斑,センテンセイクモジョウボハン,
10050897,門脈圧亢進性胃障害,モンミャクアツコウシンセイイショウガイ,
10050898,食道タンポナーデ,ショクドウタンポナーデ,
10050899,陶器様胆嚢,トウキヨウタンノウ,
10050900,心室前負荷増加,シンシツゼンフカゾウカ,
10050901,心室後負荷増加,シンシツコウフカゾウカ,
10050902,術後血栓症,ジュツゴケッセンショウ,
10050905,心室前負荷減少,シンシツゼンフカゲンショウ,
10050906,心室後負荷減少,シンシツコウフカゲンショウ,
10050908,口蓋垂痙攣,コウガイスイケイレン,
10050909,毛包毛包傍角化症,モウホウモウホウボウカクカショウ,
10050914,Ｂ型肝炎ｅ抗原,Bガタカンエンeコウゲン,
10050921,マラリア抗体検査,マラリアコウタイケンサ,
10050922,巨核球,キョカクキュウ,
10050924,骨髄芽球数,コツズイガキュウスウ,
10050925,ノルエピネフリン,ノルエピネフリン,
10050926,オステオカルシン,オステオカルシン,
10050927,血小板分布幅,ケッショウバンブンプハバ,
10050928,ポルフィリン症スクリーニング,ポルフィリンショウスクリーニング,
10050929,ピルビン酸キナーゼ,ピルビンサンキナーゼ,
10050933,経尿細管性カリウム勾配,ケイニョウサイカンセイカリウムコウバイ,
10050935,巨核球正常,キョカクキュウセイジョウ,
10050937,抗うつ剤クリアランス増加,コウウツザイクリアランスゾウカ,
10050938,抗うつ剤クリアランス減少,コウウツザイクリアランスゲンショウ,
10050939,オステオカルシン増加,オステオカルシンゾウカ,
10050940,オステオカルシン減少,オステオカルシンゲンショウ,
10050941,トキソプラズマ血清学的検査,トキソプラズマケッセイガクテキケンサ,
10050951,水負荷テスト,ミズフカテスト,
10050953,下部消化管出血,カブショウカカンシュッケツ,
10050961,骨髄芽球数減少,コツズイガキュウスウゲンショウ,
10050962,補体成分Ｃ３,ホタイセイブンC3,
10050963,補体成分Ｃ４,ホタイセイブンC4,
10050964,リンパ球幼若化試験,リンパキュウヨウジャクカシケン,
10050965,後骨髄球数,コウコツズイキュウスウ,
10050966,骨髄球数,コツズイキュウスウ,
10050967,ポリメラーゼ連鎖反応,ポリメラーゼレンサハンノウ,
10050968,前骨髄球数,ゼンコツズイキュウスウ,
10050969,セクレチン試験,セクレチンシケン,
10050970,尿中窒素,ニョウチュウチッソ,
10050971,ビタミンＥ増加,ビタミンEゾウカ,
10050973,骨密度測定法,コツミツドソクテイホウ,
10050975,先天性水腎症,センテンセイスイジンショウ,
10050977,低カルシウム尿症,テイカルシウムニョウショウ,
10050979,リンパ漏,リンパロウ,
10050981,補体成分Ｃ３減少,ホタイセイブンC3ゲンショウ,
10050982,補体成分Ｃ４増加,ホタイセイブンC4ゾウカ,
10050983,補体成分Ｃ４減少,ホタイセイブンC4ゲンショウ,
10050984,後骨髄球数減少,コウコツズイキュウスウゲンショウ,
10050985,骨髄球数増加,コツズイキュウスウゾウカ,
10050986,骨髄球数減少,コツズイキュウスウゲンショウ,
10050987,前骨髄球数減少,ゼンコツズイキュウスウゲンショウ,
10050989,シルマーテスト,シルマーテスト,
10050991,アデノウイルス検査,アデノウイルスケンサ,
10050998,心室肥大の心電図所見,シンシツヒダイノシンデンズショケン,
10051004,筋緊張低下児,キンキンチョウテイカジ,
10051006,形質細胞数,ケイシツサイボウスウ,
10051007,トランスフェリン飽和度,トランスフェリンホウワド,
10051010,十二指腸静脈瘤,ジュウニシチョウジョウミャクリュウ,
10051011,線維素性気管支炎,センイソセイキカンシエン,
10051012,胃静脈瘤,イジョウミャクリュウ,
10051013,ホーマンズ徴候,ホーマンズチョウコウ,
10051015,放射線肝炎,ホウシャセンカンエン,
10051016,アスペルギルス性副鼻腔炎,アスペルギルスセイフクビクウエン,
10051017,ブドウ球菌性菌血症,ブドウキュウキンセイキンケツショウ,
10051018,レンサ球菌性菌血症,レンサキュウキンセイキンケツショウ,
10051025,イーグル・バレット症候群,イーグルバレットショウコウグン,
10051031,ホーマンズ徴候陽性,ホーマンズチョウコウヨウセイ,
10051040,高ＩｇＥ症候群,コウIgEショウコウグン,
10051045,眼の母斑,メノボハン,
10051047,歯牙清掃,シガセイソウ,
10051050,眼の先天性母斑,メノセンテンセイボハン,
10051055,深部静脈血栓症,シンブジョウミャクケッセンショウ,
10051056,関節手術,カンセツシュジュツ,
10051058,黄斑円孔,オウハンエンコウ,
10051059,口腔手術,コウクウシュジュツ,コウコウシュジュツ
10051060,股関節手術,コカンセツシュジュツ,
10051061,腎臓手術,ジンゾウシュジュツ,
10051062,手首手術,シュシュシュジュツ,テクビシュジュツ
10051066,消化管間質腫瘍,ショウカカンカンシツシュヨウ,
10051068,胆嚢蓄膿,タンノウチクノウ,
10051069,乳様突起蓄膿,ニュウヨウトッキチクノウ,
10051070,特発性黒子様皮膚粘膜色素沈着,トクハツセイコクシヨウヒフネンマクシキソチンチャク,トクハツセイホクロヨウヒフネンマクシキソチンチャク
10051071,化膿性心膜炎,カノウセイシンマクエン,
10051076,処方に基づく過量投与,ショホウニモトヅクカリョウトウヨ,
10051077,処置後出血,ショチゴシュッケツ,
10051078,ラクナ梗塞,ラクナコウソク,
10051081,結節性再生性過形成,ケッセツセイサイセイセイカケイセイ,
10051082,治療ノンレスポンダー,チリョウノンレスポンダー,
10051083,治療レスポンダー,チリョウレスポンダー,
10051085,歯内療法,シナイリョウホウ,
10051086,神経内嚢胞,シンケイナイノウホウ,
10051093,心肺不全,シンパイフゼン,
10051095,腸管瘻感染,チョウカンロウカンセン,
10051098,アンジオテンシン変換酵素阻害剤誘発性胎児病,アンジオテンシンヘンカンコウソソガイザイユウハツセイタイジビョウ,
10051099,カテーテル留置部位出血,カテーテルリュウチブイシュッケツ,
10051100,切開部位出血,セッカイブイシュッケツ,
10051101,穿刺部位出血,センシブイシュッケツ,
10051113,動脈再狭窄,ドウミャクサイキョウサク,
10051115,アンチトロンビンＩＩＩ増加,アンチトロンビン3ゾウカ,
10051116,眼の異物感,メノイブツカン,
10051120,プロテインＳ減少,プロテインSゲンショウ,
10051121,ＣＤ４／ＣＤ８比増加,CD4CD8ヒゾウカ,
10051122,後天性異常フィブリノゲン血症,コウテンセイイジョウフィブリノゲンケツショウ,コウテンセイイジョウフィブリノゲンケッショウ
10051123,先天性異常フィブリノゲン血症,センテンセイイジョウフィブリノゲンケツショウ,センテンセイイジョウフィブリノゲンケッショウ
10051124,高フィブリノゲン血症,コウフィブリノゲンケツショウ,コウフィブリノゲンケッショウ
10051125,低フィブリノゲン血症,テイフィブリノゲンケツショウ,テイフィブリノゲンケッショウ
10051126,アレルギー性強膜炎,アレルギーセイキョウマクエン,
10051128,コントロール不良の血圧,コントロールフリョウノケツアツ,
10051129,肉芽腫性口唇炎,ニクゲシュセイコウシンエン,
10051130,先天性肝腫大,センテンセイカンシュダイ,
10051131,乳房下垂,ニュウボウカスイ,
10051132,胎便異常,タイベンイジョウ,
10051133,羊水中胎便,ヨウスイチュウタイベン,
10051136,胎児心拍数減少,タイジシンパクスウゲンショウ,
10051137,胎児心拍数,タイジシンパクスウ,
10051138,胎児心拍数増加,タイジシンパクスウゾウカ,
10051139,胎児心拍数異常,タイジシンパクスウイジョウ,
10051140,胎児心拍数正常,タイジシンパクスウセイジョウ,
10051141,骨髄芽球腫,コツズイガキュウシュ,
10051147,先天性腎水瘤,センテンセイジンスイリュウ,
10051151,過粘稠度症候群,カネンチョウドショウコウグン,
10051153,糖尿病性胃不全麻痺,トウニョウビョウセイイフゼンマヒ,
10051154,自傷念慮,ジショウネンリョ,
10051158,心電図ＱＲＳ群短縮,シンデンズQRSグンタンシュク,
10051159,心電図Ｔ波振幅増加,シンデンズTハシンプクゾウカ,
10051160,Ｂ型肝炎コア抗原,Bガタカンエンコアコウゲン,
10051161,高グルカゴン血症,コウグルカゴンケツショウ,コウグルカゴンケッショウ
10051163,リンパ芽球形態正常,リンパガキュウケイタイセイジョウ,
10051164,リンパ芽球形態異常,リンパガキュウケイタイイジョウ,
10051166,耳下腺出血,ジカセンシュッケツ,
10051168,赤血球分布幅,セッケッキュウブンプハバ,
10051169,脾嚢胞,ヒノウホウ,
10051170,足底紅斑,ソクテイコウハン,
10051171,強直性間代性運動,キョウチョクセイカンダイセイウンドウ,キョウチョクセイカンタイセイウンドウ
10051176,麻酔からの早期覚醒,マスイカラノソウキカクセイ,
10051177,心電図異常Ｑ波,シンデンズイジョウQハ,
10051181,鼻臭,ビシュウ,
10051182,術後膿瘍,ジュツゴノウヨウ,
10051187,経尿道的切除術症候群,ケイニョウドウテキセツジョジュツショウコウグン,
10051197,酸素飽和度測定不能,サンソホウワドソクテイフノウ,
10051199,肝動脈狭窄,カンドウミャクキョウサク,
10051200,肺石灰化,ハイセッカイカ,
10051208,鼻粘膜萎縮,ビネンマクイシュク,
10051209,涙管腫脹,ルイカンシュチョウ,
10051220,精索の炎症,セイサクノエンショウ,
10051221,精索痛,セイサクツウ,
10051222,トキシックオイル症候群,トキシックオイルショウコウグン,
10051223,アデノイド咽頭炎,アデノイドイントウエン,
10051224,運動感覚消失,ウンドウカンカクショウシツ,
10051226,カンピロバクター感染,カンピロバクターカンセン,
10051228,乳び胸,ニュウビキョウ,
10051229,クリオフィブリノゲン血症,クリオフィブリノゲンケツショウ,クリオフィブリノゲンケッショウ
10051231,高メチオニン尿症,コウメチオニンニョウショウ,
10051232,高リン酸尿症,コウリンサンニョウショウ,
10051233,打聴診音減弱,ダチョウシンオンゲンジャク,
10051234,尿中カルシウム減少,ニョウチュウカルシウムゲンショウ,
10051235,睫毛眉毛脱落症,ショウモウビモウダツラクショウ,
10051243,エルシュニッヒ小体,エルシュニッヒショウタイ,
10051244,排便困難,ハイベンコンナン,
10051245,高メチオニン血症,コウメチオニンケツショウ,コウメチオニンケッショウ
10051246,光線性皮膚症,コウセンセイヒフショウ,
10051248,包皮切除者,ホウヒセツジョシャ,
10051249,包皮非切除者,ホウヒヒセツジョシャ,
10051250,尿管炎,ニョウカンエン,
10051251,黄色肉芽腫,オウショクニクゲシュ,
10051252,膵石症,スイセキショウ,
10051253,組織黒変症,ソシキコクヘンショウ,
10051254,腹壁感染,フクヘキカンセン,
10051255,副腎膿瘍,フクジンノウヨウ,
10051257,膀胱白板症,ボウコウハクバンショウ,
10051258,膀胱壊死,ボウコウエシ,
10051259,受療未経験,ジュリョウミケイケン,
10051260,副腎脳白質ジストロフィー,フクジンノウハクシツジストロフィー,
10051265,脊椎関節障害,セキツイカンセツショウガイ,
10051267,顔面不全麻痺,ガンメンフゼンマヒ,
10051268,吻合部狭窄,フンゴウブキョウサク,
10051269,移植片血栓症,イショクヘンケッセンショウ,
10051270,舌咽神経麻痺,ゼツインシンケイマヒ,
10051274,フェノールスルホンフタレイン試験,フェノールスルホンフタレインシケン,
10051275,フェノールスルホンフタレイン試験異常,フェノールスルホンフタレインシケンイジョウ,
10051276,フェノールスルホンフタレイン試験正常,フェノールスルホンフタレインシケンセイジョウ,
10051283,体液平衡失調,タイエキヘイコウシッチョウ,
10051284,非経口栄養,ヒケイコウエイヨウ,
10051286,高ホモシステイン血症,コウホモシステインケツショウ,コウホモシステインケッショウ
10051288,中枢神経系の炎症,チュウスウシンケイケイノエンショウ,
10051290,中枢神経系病変,チュウスウシンケイケイビョウヘン,
10051292,プロテインＳ欠乏症,プロテインSケツボウショウ,
10051293,血液粘度増加,ケツエキネンドゾウカ,
10051295,神経系感染,シンケイケイカンセン,
10051296,臍周囲膿瘍,サイシュウイノウヨウ,
10051297,軟部組織出血,ナンブソシキシュッケツ,
10051298,プロテインＣ欠乏症,プロテインCケツボウショウ,
10051301,運動耐性低下,ウンドウタイセイテイカ,
10051305,不整脈予防,フセイミャクヨボウ,
10051307,虚血性ニューロパチー,キョケツセイニューロパチー,
10051308,放射線心膜炎,ホウシャセンシンマクエン,
10051313,Ｂリンパ球数減少,Bリンパキュウスウゲンショウ,
10051315,先天性副甲状腺機能低下症,センテンセイフクコウジョウセンキノウテイカショウ,
10051316,ＳＡＰＨＯ症候群,SAPHOショウコウグン,
10051317,梅毒検査陽性,バイドクケンサヨウセイ,
10051318,Ｔリンパ球数減少,Tリンパキュウスウゲンショウ,
10051319,トロンビン時間異常,トロンビンジカンイジョウ,
10051320,甲状舌管嚢胞,コウジョウゼッカンノウホウ,
10051322,梅毒検査陰性,バイドクケンサインセイ,
10051326,靱帯石灰化,ジンタイセッカイカ,
10051328,頚動脈瘤破裂,ケイドウミャクリュウハレツ,
10051333,グアナーゼ増加,グアナーゼゾウカ,
10051337,異所性胃粘膜,イショセイイネンマク,
10051340,移植片膿瘍,イショクヘンノウヨウ,
10051341,胆管狭窄,タンカンキョウサク,
10051342,外傷性胆管狭窄,ガイショウセイタンカンキョウサク,
10051343,胆汁量減少,タンジュウリョウゲンショウ,
10051344,胆汁量異常,タンジュウリョウイジョウ,
10051345,胆汁量,タンジュウリョウ,
10051348,ヘリコバクター胃潰瘍,ヘリコバクターイカイヨウ,
10051349,サイトメガロウイルス性胃腸炎,サイトメガロウイルスセイイチョウエン,
10051350,サイトメガロウイルス性尿路感染,サイトメガロウイルスセイニョウロカンセン,
10051358,移植後リンパ増殖性障害,イショクゴリンパゾウショクセイショウガイ,
10051364,高尿酸尿症,コウニョウサンニョウショウ,
10051373,創傷出血,ソウショウシュッケツ,
10051378,筋膜攣縮,キンマクレンシュク,
10051379,全身性炎症反応症候群,ゼンシンセイエンショウハンノウショウコウグン,
10051389,トロンビン時間正常,トロンビンジカンセイジョウ,
10051390,トロンビン時間延長,トロンビンジカンエンチョウ,
10051391,トロンビン時間短縮,トロンビンジカンタンシュク,
10051392,血管外遊出,ケッカンガイユウシュツ,
10051394,アレルギー性膀胱炎,アレルギーセイボウコウエン,
10051396,生着遅延,セイチャクチエン,
10051398,悪性新生物進行,アクセイシンセイブツシンコウ,
10051399,機械的イレウス,キカイテキイレウス,
10051400,尿中アンフェタミン陽性,ニョウチュウアンフェタミンヨウセイ,
10051402,赤痢,セキリ,
10051403,ミトコンドリアＤＮＡ欠失,ミトコンドリアDNAケッシツ,
10051405,指圧,シアツ,
10051407,ブレーンの羊水感染症候群,ブレーンノヨウスイカンセンショウコウグン,
10051409,動脈生検,ドウミャクセイケン,
10051410,骨髄採取,コツズイサイシュ,
10051411,頬ポリープ,キョウポリープ,
10051412,胸壁生検,キョウヘキセイケン,
10051413,横隔膜生検,オウカクマクセイケン,
10051414,糖鎖抗原１２５増加,トウサコウゲン125ゾウカ,
10051415,糖鎖抗原１５－３増加,トウサコウゲン153ゾウカ,
10051416,糖鎖抗原５４９,トウサコウゲン549,
10051417,糖鎖抗原５４９増加,トウサコウゲン549ゾウカ,
10051418,糖鎖抗原１９－９増加,トウサコウゲン199ゾウカ,
10051419,糖鎖抗原２７．２９増加,トウサコウゲン2729ゾウカ,
10051420,サイロキシン結合グロブリン増加,サイロキシンケツゴウグロブリンゾウカ,
10051421,サイロキシン結合グロブリン減少,サイロキシンケツゴウグロブリンゲンショウ,
10051422,サイロキシン結合グロブリン正常,サイロキシンケツゴウグロブリンセイジョウ,
10051423,サイロキシン結合グロブリン異常,サイロキシンケツゴウグロブリンイジョウ,
10051424,サイロキシン結合グロブリン,サイロキシンケツゴウグロブリン,
10051425,腸管皮膚瘻,チョウカンヒフロウ,
10051426,卵管生検,ランカンセイケン,
10051445,胎児ワルファリン症候群,タイジワルファリンショウコウグン,
10051446,一過性棘融解性皮膚症,イッカセイキョクユウカイセイヒフショウ,
10051447,出血性網膜症,シュッケツセイモウマクショウ,
10051448,肝頚静脈逆流,カンケイジョウミャクギャクリュウ,
10051449,腸生検,チョウセイケン,
10051450,虹彩脱出,コウサイダッシュツ,
10051452,クリッペル・トレノーネイ症候群,クリッペルトレノーネイショウコウグン,
10051453,靱帯生検,ジンタイセイケン,
10051454,腱生検,ケンセイケン,
10051456,下顎顔面形成異常,カガクガンメンケイセイイジョウ,
10051457,ミクリッツ病,ミクリッツビョウ,
10051458,子宮筋層炎,シキュウキンソウエン,
10051459,起始流産,キシリュウザン,
10051466,筋形成,キンケイセイ,
10051467,腎拡張症,ジンカクチョウショウ,
10051468,亜硝酸塩尿症,アショウサンエンニョウショウ,
10051469,尿中亜硝酸塩陽性,ニョウチュウアショウサンエンヨウセイ,
10051470,膵生検,スイセイケン,
10051472,眼窩周囲感染,ガンカシュウイカンセン,
10051473,咽頭切除,イントウセツジョ,
10051474,静脈結石,ジョウミャクケッセキ,
10051476,肺穿刺,ハイセンシ,
10051478,肛門括約筋麻痺,コウモンカツヤクキンマヒ,
10051479,直腸形成,チョクチョウケイセイ,
10051480,直腸切開,チョクチョウセッカイ,
10051481,顎前突症,ガクゼントツショウ,
10051482,前立腺腫大,ゼンリツセンシュダイ,
10051483,前立腺精嚢炎,ゼンリツセンセイノウエン,
10051484,化膿性滑膜炎,カノウセイカツマクエン,
10051492,腎盂切開,ジンウセッカイ,
10051493,幽門切除,ユウモンセツジョ,
10051494,放射線前立腺炎,ホウシャセンゼンリツセンエン,
10051495,いちご舌,イチゴシタ,
10051496,鼻痛,ビツウ,
10051497,鼻気管炎,ビキカンエン,
10051498,失音楽症,シツオンガクショウ,
10051499,唾液嚢瘤,ダエキノウリュウ,
10051500,脾縫合,ヒホウゴウ,
10051501,胸骨切開,キョウコツセッカイ,
10051502,扁桃萎縮,ヘントウイシュク,
10051503,軟骨腫症,ナンコツシュショウ,
10051505,経頭蓋磁気刺激,ケイトウガイジキシゲキ,
10051506,尿管ポリープ,ニョウカンポリープ,
10051507,尿道ポリープ,ニョウドウポリープ,
10051511,ウイルス性下痢,ウイルスセイゲリ,
10051512,ウイルス性筋炎,ウイルスセイキンエン,
10051513,ウイルス性副鼻腔炎,ウイルスセイフクビクウエン,
10051514,声帯生検,セイタイセイケン,
10051515,声帯嚢胞,セイタイノウホウ,
10051518,クボステック徴候,クボステックチョウコウ,
10051524,白血球アフェレーシス,ハッケッキュウアフェレーシス,
10051525,サイタフェレーシス,サイタフェレーシス,
10051526,トロサ・ハント症候群,トロサハントショウコウグン,
10051537,月経前不快気分障害,ゲッケイゼンフカイキブンショウガイ,ゲッケイマエフカイキブンショウガイ
10051538,僧帽弁硬化症,ソウボウベンコウカショウ,
10051540,痔瘻感染,ジロウカンセン,
10051541,痔核感染,ジカクカンセン,
10051542,骨瘻孔,コツロウコウ,ホネロウコウ
10051545,後天性気管支嚢胞,コウテンセイキカンシノウホウ,
10051547,気管支潰瘍形成,キカンシカイヨウケイセイ,
10051548,熱傷部感染,ネッショウブカンセン,
10051549,詳細不明の心臓新生物,ショウサイフメイノシンゾウシンセイブツ,
10051550,頚動脈圧痛,ケイドウミャクアッツウ,
10051552,補体成分Ｃ１減少,ホタイセイブンC1ゲンショウ,
10051553,補体成分Ｃ１,ホタイセイブンC1,
10051554,補体成分Ｃ１増加,ホタイセイブンC1ゾウカ,
10051555,補体成分Ｃ２減少,ホタイセイブンC2ゲンショウ,
10051556,補体成分Ｃ２,ホタイセイブンC2,
10051557,補体成分Ｃ２増加,ホタイセイブンC2ゾウカ,
10051558,角膜出血,カクマクシュッケツ,
10051559,角膜欠損,カクマクケッソン,
10051563,腸管粘膜肥厚,チョウカンネンマクヒコウ,
10051564,血腫感染,ケッシュカンセン,
10051565,肝偏位,カンヘンイ,
10051568,胸壁膿瘍,キョウヘキノウヨウ,
10051572,注射部位変色,チュウシャブイヘンショク,
10051581,白衣性高血圧,ハクイセイコウケツアツ,
10051585,胃前庭部毛細血管拡張症,イゼンテイブモウサイケッカンカクチョウショウ,
10051588,体調不良,タイチョウフリョウ,
10051589,大腸ポリープ,ダイチョウポリープ,
10051590,肝脾カンジダ症,カンヒカンジダショウ,
10051591,ステロイド活性,ステロイドカッセイ,
10051592,急性冠動脈症候群,キュウセイカンドウミャクショウコウグン,
10051597,脳アスペルギルス症,ノウアスペルギルスショウ,
10051598,カイロミクロン,カイロミクロン,
10051599,糖尿病管理,トウニョウビョウカンリ,
10051600,ヘモグロビンＳ,ヘモグロビンS,
10051602,怠惰,タイダ,
10051603,肝膵移植拒絶反応,カンスイイショクキョゼツハンノウ,
10051604,肺移植拒絶反応,ハイイショクキョゼツハンノウ,
10051605,リンパ芽球数増加,リンパガキュウスウゾウカ,
10051606,壊死性大腸炎,エシセイダイチョウエン,
10051608,血小板数増加,ケッショウバンスウゾウカ,
10051610,腎膵移植拒絶反応,ジンスイイショクキョゼツハンノウ,
10051611,体性感覚誘発電位,タイセイカンカクユウハツデンイ,
10051612,喀痰培養陽性,カクタンバイヨウヨウセイ,カッタンバイヨウヨウセイ
10051620,サイトメガロウイルス検査陽性,サイトメガロウイルスケンサヨウセイ,
10051622,サイトメガロウイルス検査陰性,サイトメガロウイルスケンサインセイ,
10051624,心筋再潅流障害,シンキンサイカンリュウショウガイ,
10051625,結膜充血,ケツマクジュウケツ,
10051627,眼瞼そう痒症,ガンケンソウヨウショウ,
10051631,結膜乳頭,ケツマクニュウトウ,
10051634,腹壁嚢胞,フクヘキノウホウ,
10051635,胃腸管腺腫,イチョウカンセンシュ,
10051636,唾液腺腫,ダエキセンシュ,
10051637,精巣腺腫,セイソウセンシュ,
10051638,尿道腺腫,ニョウドウセンシュ,
10051639,膀胱腺腫,ボウコウセンシュ,
10051640,アンモニア尿,アンモニアニョウ,
10051641,羊膜破裂,ヨウマクハレツ,
10051642,陰嚢被角血管腫,インノウヒカクケッカンシュ,
10051643,先天性多発性関節拘縮,センテンセイタハツセイカンセツコウシュク,
10051645,特発性好中球減少症,トクハツセイコウチュウキュウゲンショウショウ,
10051646,血液幹細胞採取,ケツエキカンサイボウサイシュ,
10051647,脳脊髄瘻,ノウセキズイロウ,
10051648,脳切開,ノウセッカイ,
10051649,胸壁嚢胞,キョウヘキノウホウ,
10051650,キライディティ症候群,キライディティショウコウグン,
10051651,頭部乳頭状皮膚炎,トウブニュウトウジョウヒフエン,
10051652,舌異形成,ゼツイケイセイ,シタイケイセイ
10051653,副甲状腺肥大,フクコウジョウセンヒダイ,
10051655,大腸線維腫,ダイチョウセンイシュ,
10051656,口腔線維腫,コウクウセンイシュ,コウコウセンイシュ
10051657,卵巣線維症,ランソウセンイショウ,
10051658,血友病キャリアー,ケツユウビョウキャリアー,
10051660,鼻腔内異常感覚,ビクウナイイジョウカンカク,
10051661,脂質蛋白症,シシツタンパクショウ,
10051662,骨髄転移,コツズイテンイ,
10051663,胸壁転移,キョウヘキテンイ,
10051664,腹壁転移,フクヘキテンイ,
10051665,横隔膜転移,オウカクマクテンイ,
10051666,耳管転移,ジカンテンイ,
10051667,胆嚢転移,タンノウテンイ,
10051668,喉頭転移,コウトウテンイ,
10051669,口腔転移,コウコウテンイ,コウクウテンイ
10051670,副鼻腔転移,フクビクウテンイ,
10051671,食道転移,ショクドウテンイ,
10051672,陰茎転移,インケイテンイ,
10051673,会陰転移,エインテンイ,
10051674,末梢神経系転移,マッショウシンケイケイテンイ,
10051676,腹膜転移,フクマクテンイ,
10051677,咽頭転移,イントウテンイ,
10051678,前立腺転移,ゼンリツセンテンイ,
10051679,直腸転移,チョクチョウテンイ,
10051680,後腹膜転移,コウフクマクテンイ,
10051681,唾液腺転移,ダエキセンテンイ,
10051682,脾臓転移,ヒゾウテンイ,
10051683,精巣転移,セイソウテンイ,
10051684,胸部転移,キョウブテンイ,
10051685,気管転移,キカンテンイ,
10051686,強皮骨膜症,キョウヒコツマクショウ,
10051687,下垂体嚢胞,カスイタイノウホウ,
10051688,肺胞内嚢胞,ハイホウナイノウホウ,
10051689,後腹膜嚢胞,コウフクマクノウホウ,
10051690,膀胱肉腫,ボウコウニクシュ,
10051691,交感神経緊張,コウカンシンケイキンチョウ,
10051693,膀胱萎縮,ボウコウイシュク,
10051694,腟切除,チツセツジョ,
10051696,髄膜転移,ズイマクテンイ,
10051704,肋骨脊柱角圧痛,ロッコツセキチュウカクアッツウ,
10051705,肝嚢胞感染,カンノウホウカンセン,
10051706,喉頭紅斑,コウトウコウハン,
10051707,眼脳腎症候群,ガンノウジンショウコウグン,
10051709,悪性ガストリノーマ,アクセイガストリノーマ,
10051710,悪性褐色細胞腫,アクセイカッショクサイボウシュ,
10051711,鼻の良性新生物,ハナノリョウセイシンセイブツ,
10051712,鼻嚢胞,ビノウホウ,ハナノウホウ
10051713,太田母斑,オオタボハン,
10051714,カルシフィラキシス,カルシフィラキシス,
10051716,末梢血幹細胞アフェレーシス,マッショウケツカンサイボウアフェレーシス,
10051717,赤血球アフェレーシス,セッケッキュウアフェレーシス,
10051718,低比重リポ蛋白アフェレーシス,テイヒジュウリポタンパクアフェレーシス,
10051719,血小板アフェレーシス,ケッショウバンアフェレーシス,
10051720,打診,ダシン,
10051721,打診異常,ダシンイジョウ,
10051722,打診正常,ダシンセイジョウ,
10051723,波動,ハドウ,
10051725,脾カンジダ症,ヒカンジダショウ,
10051726,白血球スキャン,ハッケッキュウスキャン,
10051727,赤血球スキャン,セッケッキュウスキャン,
10051728,骨侵食,コツシンショク,
10051730,心膜嚢胞,シンマクノウホウ,
10051731,咽頭白斑症,イントウハクハンショウ,
10051733,門脈狭窄,モンミャクキョウサク,
10051734,肝静脈狭窄,カンジョウミャクキョウサク,
10051735,プロテインＳ増加,プロテインSゾウカ,
10051736,プロテインＳ異常,プロテインSイジョウ,
10051737,プロテインＳ正常,プロテインSセイジョウ,
10051738,肺空洞形成,ハイクウドウケイセイ,
10051739,肺敗血症,ハイハイケツショウ,ハイハイケッショウ
10051740,幽門膿瘍,ユウモンノウヨウ,
10051741,膵感染,スイカンセン,
10051742,網膜梗塞,モウマクコウソク,
10051743,乳腺撮影,ニュウセンサツエイ,
10051747,多発性内分泌新生物,タハツセイナイブンピシンセイブツ,タハツセイナイブンピツシンセイブツ
10051753,血管石灰化,ケッカンセッカイカ,
10051763,骨髄浮腫,コツズイフシュ,
10051772,オッディ括約筋形成,オッディカツヤクキンケイセイ,
10051773,胆管ステント挿入,タンカンステントソウニュウ,
10051774,篩骨洞手術,シコツドウシュジュツ,
10051775,閉経後,ヘイケイゴ,
10051778,第ＩＸ因子抑制,ダイ9インシヨクセイ,
10051780,歯の感覚鈍麻,ハノカンカクドンマ,
10051782,ヘルペス性大腸炎,ヘルペスセイダイチョウエン,
10051783,先天異常の予防,センテンイジョウノヨボウ,
10051784,ヘルペス性胃炎,ヘルペスセイイエン,
10051786,腸管移植,チョウカンイショク,
10051787,多臓器移植拒絶反応,タゾウキイショクキョゼツハンノウ,
10051788,皮膚のべとつき感,ヒフノベトツキカン,
10051791,ウイルス性胃炎,ウイルスセイイエン,
10051792,注入に伴う反応,チュウニュウニトモナウハンノウ,
10051793,血中β－Ｄ－グルカン増加,ケッチュウベータDグルカンゾウカ,
10051794,血中β－Ｄ－グルカン減少,ケッチュウベータDグルカンゲンショウ,
10051795,血中β－Ｄ－グルカン異常,ケッチュウベータDグルカンイジョウ,
10051796,血中β－Ｄ－グルカン正常,ケッチュウベータDグルカンセイジョウ,
10051800,ヒト乳頭腫ウイルス性子宮頚管炎,ヒトニュウトウシュウイルスセイシキュウケイカンエン,
10051806,第ＸＩＩ因子欠乏症,ダイ12インシケツボウショウ,
10051807,偽肉腫,ギニクシュ,
10051808,リンパ組織過形成,リンパソシキカケイセイ,
10051809,骨髄球増加症,コツズイキュウゾウカショウ,
10051810,血管筋脂肪腫,ケッカンキンシボウシュ,
10051814,焼痂,ショウカ,
10051818,脳軟化,ノウナンカ,
10051819,青視症,セイシショウ,
10051820,ソルデス,ソルデス,
10051821,下顎後退症,カガクコウタイショウ,
10051822,売春婦,バイシュンフ,
10051825,ファーター膨大部切除,ファーターボウダイブセツジョ,
10051832,大動脈雑音,ダイドウミャクザツオン,
10051833,腸骨動脈雑音,チョウコツドウミャクザツオン,
10051837,皮膚硬結,ヒフコウケツ,
10051841,アレルゲン曝露,アレルゲンバクロ,
10051842,α１酸性糖蛋白減少,アルファ1サンセイトウタンパクゲンショウ,
10051843,α１酸性糖蛋白増加,アルファ1サンセイトウタンパクゾウカ,
10051844,α１酸性糖蛋白異常,アルファ1サンセイトウタンパクイジョウ,
10051845,α１酸性糖蛋白正常,アルファ1サンセイトウタンパクセイジョウ,
10051848,喉頭嚢腫,コウトウノウシュ,
10051852,手掌おとがい反射,シュショウオトガイハンシャ,
10051854,二次伝播,ニジデンパ,
10051856,一次伝播,イチジデンパ,
10051860,左房拡大,サボウカクダイ,
10051867,気管損傷,キカンソンショウ,
10051870,腰筋徴候,ヨウキンチョウコウ,
10051871,性的関係の変化,セイテキカンケイノヘンカ,
10051872,精巣損傷,セイソウソンショウ,
10051873,腟弛緩,チツシカン,
10051875,タンジール病,タンジールビョウ,
10051877,精巣出血,セイソウシュッケツ,
10051878,甲状腺膿瘍,コウジョウセンノウヨウ,
10051879,舌嚢胞,ゼツノウホウ,シタノウホウ
10051880,気管石灰化,キカンセッカイカ,
10051890,膿痂疹性湿疹,ノウカシンセイシッシン,
10051894,アシネトバクター感染,アシネトバクターカンセン,
10051895,急性胸部症候群,キュウセイキョウブショウコウグン,
10051896,副腎肥大,フクジンヒダイ,
10051897,末梢循環の促進,マッショウジュンカンノソクシン,
10051899,貧血性低酸素症,ヒンケツセイテイサンソショウ,
10051900,良性先天性筋緊張低下,リョウセイセンテンセイキンキンチョウテイカ,
10051902,脳血管手術,ノウケッカンシュジュツ,
10051904,シトロバクター感染,シトロバクターカンセン,
10051905,コロナウイルス感染,コロナウイルスカンセン,
10051906,カウデン病,カウデンビョウ,
10051908,子宮内膜アブレーション,シキュウナイマクアブレーション,
10051909,子宮内膜萎縮,シキュウナイマクイシュク,
10051910,エンテロバクター感染,エンテロバクターカンセン,
10051914,コレステリン沈着症,コレステリンチンチャクショウ,
10051918,食道噴門筋切開,ショウクドウフンモンキンセッカイ,
10051919,フサリウム感染,フサリウムカンセン,
10051920,糸球体腎症,シキュウタイジンショウ,
10051921,ヘマチン尿,ヘマチンニョウ,
10051922,遺伝性非腺腫性大腸癌症候群,イデンセイヒセンシュセイダイチョウガンショウコウグン,
10051924,胆汁過多,タンジュウカタ,
10051925,腸管腺癌,チョウカンセンガン,
10051928,リンパ節嚢腫,リンパセツノウシュ,
10051929,リンホプラジア,リンホプラジア,
10051932,横隔膜新生物,オウカクマクシンセイブツ,
10051934,眼耳介脊椎異形成,ガンジカイセキツイイケイセイ,
10051935,食道ポリープ,ショクドウポリープ,
10051936,卵母細胞採取,ランボサイボウサイシュ,
10051937,骨出血,コツシュッケツ,
10051939,卵巣穿刺,ランソウセンシ,
10051942,腹膜嚢胞,フクマクノウホウ,
10051943,咽頭ポリープ,イントウポリープ,
10051944,下垂体低形成,カスイタイテイケイセイ,
10051948,腎腺腫,ジンセンシュ,
10051949,腹膜肉腫,フクマクニクシュ,
10051950,胸膜肉腫,キョウマクニクシュ,
10051951,シミター症候群,シミターショウコウグン,
10051955,気管痛,キカンツウ,
10051956,毛髪鼻指節骨症候群,モウハツビシセツコツショウコウグン,
10051958,尿管攣縮,ニョウカンレンシュク,
10051959,膀胱膿瘍,ボウコウノウヨウ,
10051960,子宮頚部潰瘍,シキュウケイブカイヨウ,
10051961,口蓋垂切除,コウガイスイセツジョ,
10051962,口蓋垂炎,コウガイスイエン,
10051972,翼状頚,ヨクジョウケイ,
10051985,腎盂瘻,ジンウロウ,
10051986,気腫,キシュ,
10051989,内ヘルニア,ナイヘルニア,
10051990,皮質層状壊死,ヒシツソウジョウエシ,
10051991,肝動脈閉塞,カンドウミャクヘイソク,
10051992,口唇びらん,コウシンビラン,
10051994,ペースメーカー症候群,ペースメーカーショウコウグン,
10051998,熱性感染症,ネッセイカンセンショウ,
10051999,肛門性器異形成,コウモンセイキイケイセイ,
10052000,ワクチン接種後の麻疹,ワクチンセッシュゴノマシン,
10052002,舌発疹,ゼツホッシン,ゼツハッシン
10052004,器質性勃起機能不全,キシツセイボッキキノウフゼン,
10052005,心因性勃起機能不全,シンインセイボッキキノウフゼン,
10052011,胎児嚢胞性ヒグローマ,タイジノウホウセイヒグローマ,
10052012,先天性奇形腫,センテンセイキケイシュ,
10052013,脊椎分離,セキツイブンリ,
10052014,胆汁酸分画,タンジュウサンブンカク,
10052015,サイトカイン放出症候群,サイトカインホウシュツショウコウグン,
10052016,薬物スクリーニング偽陽性,ヤクブツスクリーニングギヨウセイ,
10052018,椎間関節ブロック,ツイカンカンセツブロック,
10052031,膵島過形成,スイトウカケイセイ,
10052032,オールブライト病,オールブライトビョウ,
10052038,腹部超音波検査,フクブチョウオンパケンサ,
10052039,腹部超音波検査異常,フクブチョウオンパケンサイジョウ,
10052040,腹部超音波検査正常,フクブチョウオンパケンサセイジョウ,
10052041,骨盤部超音波検査,コツバンブチョウオンパケンサ,
10052042,骨盤部超音波検査異常,コツバンブチョウオンパケンサイジョウ,
10052043,骨盤部超音波検査正常,コツバンブチョウオンパケンサセイジョウ,
10052045,腟拡大,チツカクダイ,
10052046,神経管欠損,シンケイカンケッソン,
10052053,既曝露薬物に対する反応なし,キバクロヤクブツニタイスルハンノウナシ,
10052057,神経ボレリア症,シンケイボレリアショウ,
10052066,メタボリックシンドローム,メタボリックシンドローム,
10052067,潜伏テタニー,センプクテタニー,
10052072,線維化性結腸疾患,センイカセイケッチョウシッカン,
10052075,後天性てんかん性失語症,コウテンセイテンカンセイシツゴショウ,
10052076,血行動態不安定,ケッコウドウタイフアンテイ,
10052077,迷走神経刺激装置埋込み,メイソウシンケイシゲキソウチウメコミ,
10052078,迷走神経刺激装置除去,メイソウシンケイシゲキソウチジョキョ,
10052079,鼻プロテーゼ挿入,ビプロテーゼソウニュウ,ハナプロテーゼソウニュウ
10052086,冠動脈ステント挿入,カンドウミャクステントソウニュウ,
10052087,動揺視,ドウヨウシ,
10052088,胎児心疾患,タイジシンシッカン,
10052089,卵巣手術,ランソウシュジュツ,
10052093,ソモギー現象,ソモギーゲンショウ,
10052094,卵管障害,ランカンショウガイ,
10052096,子宮留水症,シキュウリュウスイショウ,
10052097,暁現象,アカツキゲンショウ,
10052098,ヨウ素アレルギー,ヨウソアレルギー,
10052099,血清セロトニン減少,ケッセイセロトニンゲンショウ,
10052100,β溶血性レンサ球菌感染,ベータヨウケツセイレンサキュウキンカンセン,
10052105,消化管運動低下,ショウカカンウンドウテイカ,
10052114,結膜濾過胞,ケツマクロカホウ,
10052117,角膜代償不全,カクマクダイショウフゼン,
10052118,角膜線条,カクマクセンジョウ,
10052119,毛様体膜,モウヨウタイマク,
10052122,角膜縁凹窩,カクマクエンオウカ,
10052123,眼瞼縁分泌物,ガンケンエンブンピブツ,ガンケンエンブンピツブツ
10052124,マイボーム腺分泌物,マイボームセンブンピブツ,マイボームセンブンピツブツ
10052126,硝子体のフィブリン,ショウシタイノフィブリン,
10052127,前房のフレア,ゼンボウノフレア,
10052128,グレア,グレア,
10052129,毛様充血,モウヨウジュウケツ,
10052130,上強膜充血,ジョウキョウマクジュウケツ,
10052132,眼瞼縁痂皮,ガンケンエンカヒ,
10052133,眼内レンズ復位,ガンナイレンズフクイ,
10052134,色素散乱症候群,シキソサンランショウコウグン,
10052135,外耳道紅斑,ガイジドウコウハン,
10052136,耳閉,ジヘイ,
10052137,耳不快感,ジフカイカン,ミミフカイカン
10052138,耳そう痒症,ジソウヨウショウ,ミミソウヨウショウ
10052139,眼球浮腫,ガンキュウフシュ,
10052140,眼そう痒症,ガンソウヨウショウ,メソウヨウショウ
10052143,眼部不快感,ガンブフカイカン,
10052154,鼓膜充血,コマクジュウケツ,
10052162,適用部位分泌,テキヨウブイブンピ,テキヨウブイブンピツ
10052167,ベーカー嚢腫切除,ベーカーノウシュセツジョ,
10052168,骨嚢腫切除,コツノウシュセツジョ,ホネノウシュセツジョ
10052169,乳房嚢胞切除,ニュウボウノウホウセツジョ,
10052172,脳嚢胞切除,ノウノウホウセツジョ,
10052173,脳脊髄血栓性タンポナーデ,ノウセキズイケッセンセイタンポナーデ,
10052175,エンペドバクター・ブレビス感染,エンペドバクターブレビスカンセン,
10052178,リンパ球性リンパ腫,リンパキュウセイリンパシュ,
10052179,口腔嚢胞切除,コウクウノウホウセツジョ,コウコウノウホウセツジョ
10052181,眼咽頭筋ジストロフィー,ガンイントウキンジストロフィー,
10052183,耳下腺嚢胞切除,ジカセンノウホウセツジョ,
10052185,偽高カリウム血症,ギコウカリウムケツショウ,ギコウカリウムケッショウ
10052201,子宮嚢胞摘出,シキュウノウホウテキシュツ,
10052202,腟嚢胞切除,チツノウホウセツジョ,
10052210,小児遺伝性無顆粒球症,ショウニイデンセイムカリュウキュウショウ,
10052211,食道破裂,ショクドウハレツ,
10052214,思考伝播,シコウデンパ,
10052215,ロイシンアミノペプチダーゼ低下,ロイシンアミノペプチダーゼテイカ,
10052216,チモール混濁反応減少,チモールコンダクハンノウゲンショウ,
10052217,チモール混濁反応増加,チモールコンダクハンノウゾウカ,
10052219,好塩基球百分率減少,コウエンキキュウヒャクブンリツゲンショウ,
10052220,好塩基球百分率増加,コウエンキキュウヒャクブンリツゾウカ,
10052221,好酸球百分率減少,コウサンキュウヒャクブンリツゲンショウ,
10052222,好酸球百分率増加,コウサンキュウヒャクブンリツゾウカ,
10052223,好中球百分率減少,コウチュウキュウヒャクブンリツゲンショウ,
10052224,好中球百分率増加,コウチュウキュウヒャクブンリツゾウカ,
10052225,骨髄芽球百分率減少,コツズイガキュウヒャクブンリツゲンショウ,
10052226,骨髄芽球百分率増加,コツズイガキュウヒャクブンリツゾウカ,
10052227,骨髄球百分率減少,コツズイキュウヒャクブンリツゲンショウ,
10052228,骨髄球百分率増加,コツズイキュウヒャクブンリツゾウカ,
10052229,単球百分率減少,タンキュウヒャクブンリツゲンショウ,
10052230,単球百分率増加,タンキュウヒャクブンリツゾウカ,
10052231,リンパ球百分率減少,リンパキュウヒャクブンリツゲンショウ,
10052232,リンパ球百分率増加,リンパキュウヒャクブンリツゾウカ,
10052234,クエン酸毒性,クエンサンドクセイ,
10052235,輸血関連急性肺障害,ユケツカンレンキュウセイハイショウガイ,
10052236,先天性大脳萎縮,センテンセイダイノウイシュク,
10052237,薬物の解毒,ヤクブツノゲドク,
10052238,大腸菌性尿路感染,ダイチョウキンセイニョウロカンセン,
10052239,全血球数増加,ゼンケッキュウスウゾウカ,
10052241,耳嚢胞腺腫,ジノウホウセンシュ,ミミノウホウセンシュ
10052242,腎血管硬化症,ジンケッカンコウカショウ,
10052243,腫瘍熱,シュヨウネツ,
10052245,気管支新生物,キカンシシンセイブツ,
10052246,胆嚢膿瘍,タンノウノウヨウ,
10052247,気管支の良性新生物,キカンシノリョウセイシンセイブツ,
10052248,唾液腺嚢胞,ダエキセンノウホウ,
10052250,口周囲浮腫,コウシュウイフシュ,クチシュウイフシュ
10052251,気道うっ血,キドウウッケツ,
10052252,上気道うっ血,ジョウキドウウッケツ,
10052264,カテーテル留置部位紅斑,カテーテルリュウチブイコウハン,
10052267,カテーテル留置部位炎症,カテーテルリュウチブイエンショウ,
10052268,カテーテル留置部位疼痛,カテーテルリュウチブイトウツウ,
10052269,カテーテル留置部位静脈炎,カテーテルリュウチブイジョウミャクエン,
10052270,カテーテル留置部位そう痒感,カテーテルリュウチブイソウヨウカン,
10052271,カテーテル留置部位発疹,カテーテルリュウチブイホッシン,カテーテルリュウチブイハッシン
10052272,カテーテル留置部位蕁麻疹,カテーテルリュウチブイジンマシン,
10052273,異栄養性石灰化,イエイヨウセイセッカイカ,
10052274,肝肺症候群,カンパイショウコウグン,カンハイショウコウグン
10052275,尿管ステント除去,ニョウカンステントジョキョ,
10052276,仮性認知症,カセイニンチショウ,
10052277,小腸移植,ショウチョウイショク,
10052278,膵腎移植,スイジンイショク,
10052279,肝腎移植,カンジンイショク,
10052285,限局性結節性過形成,ゲンキョクセイケッセツセイカケイセイ,
10052286,高調号泣,コウチョウゴウキュウ,
10052287,尿潜血陽性,ニョウセンケツヨウセイ,
10052288,モートン神経痛,モートンシンケイツウ,
10052289,心筋ブリッジ,シンキンブリッジ,
10052290,先天性剥脱性角質剥離,センテンセイハクダツセイカクシツハクリ,
10052291,後天性剥脱性角質剥離,コウテンセイハクダツセイカクシツハクリ,
10052297,Ｂ型肝炎ｅ抗原陰性,Bガタカンエンeコウゲンインセイ,
10052299,尿道よう,ニョウドウヨウ,
10052300,尿中クロール増加,ニョウチュウクロールゾウカ,
10052301,腟蜂巣炎,チツホウソウエン,
10052302,就労能力障害者,シュウロウノウリョクショウガイシャ,
10052306,プロテーゼ周囲骨溶解,プロテーゼシュウイコツヨウカイ,プロテーゼシュウイホネヨウカイ
10052307,ボルデテラ感染,ボルデテラカンセン,
10052308,カフェイン消費,カフェインショウヒ,
10052313,リドル症候群,リドルショウコウグン,
10052314,リンパ系障害,リンパケイショウガイ,
10052315,リンパ管閉塞,リンパカンヘイソク,
10052317,ミクリッツ症候群,ミクリッツショウコウグン,
10052319,鼻腔開大,ビクウカイダイ,
10052321,精巣上体結石,セイソウジョウタイケッセキ,
10052322,精巣上体腫大,セイソウジョウタイシュダイ,
10052323,精巣上体圧痛,セイソウジョウタイアッツウ,
10052324,エプスタイン・バーウイルス抗体陽性,エプスタインバーウイルスコウタイヨウセイ,
10052326,大腿動脈解離,ダイタイドウミャクカイリ,
10052328,Ｂ型肝炎コア抗原陽性,Bガタカンエンコアコウゲンヨウセイ,
10052329,Ｂ型肝炎ｅ抗原陽性,Bガタカンエンeコウゲンヨウセイ,
10052330,ヘルペス性食道炎,ヘルペスセイショクドウエン,
10052333,心電図ＳＴ－Ｔ部分異常,シンデンズSTTブブンイジョウ,
10052335,剣状突起陥凹,ケンジョウトッキカンオウ,
10052337,拡張機能障害,カクチョウキノウショウガイ,
10052338,ＬＤＬ／ＨＤＬ比減少,LDLHDLヒゲンショウ,
10052339,疣贅状表皮発育異常症,ユウゼイジョウヒョウヒハツイクイジョウショウ,
10052340,インスリン必要量の減少,インスリンヒツヨウリョウノゲンショウ,
10052341,インスリン分泌障害,インスリンブンピショウガイ,インスリンブンピツショウガイ
10052346,脳挫傷,ノウザショウ,
10052348,左室隆起,サシツリュウキ,
10052354,鼻甲介異常,ビコウカイイジョウ,
10052358,遠隔転移を伴う結腸直腸癌,エンカクテンイヲトモナウケッチョウチョクチョウガン,
10052359,歯肉膿瘍,シニクノウヨウ,
10052360,結腸直腸腺癌,ケッチョウチョクチョウセンガン,
10052363,エプスタイン・バーウイルス抗原陽性,エプスタインバーウイルスコウゲンヨウセイ,
10052364,精液変色,セイエキヘンショク,
10052366,全身性真菌症,ゼンシンセイシンキンショウ,
10052368,白血病肺浸潤,ハッケツビョウハイシンジュン,
10052369,嗜眠性脳炎,シミンセイノウエン,
10052371,心室補助人工心臓挿入,シンシツホジョジンコウシンゾウソウニュウ,
10052376,胆膵管膨大部括約筋切開,タンスイカンボウダイブカツヤクキンセッカイ,
10052377,膵管括約筋切開,スイカンカツヤクキンセッカイ,
10052381,原発性副腎機能不全,ゲンパツセイフクジンキノウフゼン,
10052383,後天性肝内胆管拡張症,コウテンセイカンナイタンカンカクチョウショウ,
10052384,胆管嚢胞,タンカンノウホウ,
10052385,椎弓切除,ツイキュウセツジョ,
10052389,先端巨大症の術前治療,センタンキョダイショウノジュツゼンチリョウ,
10052390,喉頭障害による呼吸困難,コウトウショウガイニヨルコキュウコンナン,
10052391,小児痙攣,ショウニケイレン,
10052393,境界線級精神的機能障害,キョウカイセンキュウセイシンテキキノウショウガイ,
10052394,自尊心肥大,ジソンシンヒダイ,
10052395,妊娠前期,ニンシンゼンキ,
10052396,妊娠中期,ニンシンチュウキ,
10052397,妊娠後期,ニンシンコウキ,
10052399,神経内分泌腫瘍,シンケイナイブンピシュヨウ,シンケイナイブンピツシュヨウ
10052400,浮腫性膵炎,フシュセイスイエン,
10052402,消化管運動過剰,ショウカカンウンドウカジョウ,
10052405,胃運動低下,イウンドウテイカ,
10052406,胃運動過剰,イウンドウカジョウ,
10052428,創傷,ソウショウ,
10052433,耳異常感覚,ジイジョウカンカク,ミミイジョウカンカク
10052434,外耳道擦過傷,ガイジドウサッカショウ,
10052437,鼻部不快感,ビブフカイカン,
10052438,副鼻腔不快感,フクビクウフカイカン,
10052443,筋筋膜炎,キンキンマクエン,
10052448,眼部新生物,ガンブシンセイブツ,
10052449,オルガズム感減少,オルガズムカンゲンショウ,
10052450,オルニチントランスカルバミラーゼ欠損症,オルニチントランスカルバミラーゼケッソンショウ,
10052451,頭蓋限局性骨粗鬆症,トウガイゲンキョクセイコツソショウショウ,
10052452,骨粗鬆症・偽性神経膠腫症候群,コツソショウショウギセイシンケイコウシュショウコウグン,
10052453,口蓋障害,コウガイショウガイ,
10052454,口蓋粘膜異形成,コウガイネンマクイケイセイ,
10052457,会陰膿瘍,エインノウヨウ,
10052458,眼窩周囲膿瘍,ガンカシュウイノウヨウ,
10052463,総肺気量増加,ソウハイキリョウゾウカ,
10052464,心電図再分極異常,シンデンズサイブンキョクイジョウ,
10052465,先天性多形皮膚萎縮症,センテンセイタケイヒフイシュクショウ,
10052469,発作後麻痺,ホッサゴマヒ,
10052470,発作後頭痛,ホッサゴズツウ,
10052473,第ＩＩＩ因子欠乏症,ダイ3インシケツボウショウ,
10052474,第Ｘ因子欠乏症,ダイ10インシケツボウショウ,
10052476,精液中フルクトース減少,セイエキチュウフルクトースゲンショウ,
10052477,精液中フルクトース増加,セイエキチュウフルクトースゾウカ,
10052478,精嚢障害,セイノウショウガイ,
10052479,精嚢結石,セイノウケッセキ,
10052480,精嚢嚢胞,セイノウノウホウ,
10052483,棘細胞性貧血,キョクサイボウセイヒンケツ,
10052485,甲状舌管嚢胞感染,コウジョウゼッカンノウホウカンセン,
10052486,脈絡膜硬化症,ミャクラクマクコウカショウ,
10052488,穿孔性食道潰瘍,センコウセイショクドウカイヨウ,
10052489,腹壁反跳痛,フクヘキハンチョウツウ,
10052492,ティネル徴候,ティネルチョウコウ,
10052497,穿孔性大腸潰瘍,センコウセイダイチョウカイヨウ,
10052498,穿孔性小腸潰瘍,センコウセイショウチョウカイヨウ,
10052501,網膜色素上皮剥離,モウマクシキソジョウヒハクリ,
10052530,陰茎折症,インケイセツショウ,
10052531,精巣不快感,セイソウフカイカン,
10052532,切開排膿,セッカイハイノウ,
10052534,大腸出血,ダイチョウシュッケツ,
10052535,小腸出血,ショウチョウシュッケツ,
10052541,胃軸捻転,イジクネンテン,
10052542,性的空想過剰,セイテキクウソウカジョウ,
10052550,肝硬結,カンコウケツ,
10052554,肝性口臭,カンセイコウシュウ,
10052556,両耳難聴,リョウジナンチョウ,
10052557,真菌性外耳炎,シンキンセイガイジエン,
10052562,高所得,コウショトク,
10052568,慢性蕁麻疹,マンセイジンマシン,
10052571,振動性蕁麻疹,シンドウセイジンマシン,
10052572,圧迫性蕁麻疹,アッパクセイジンマシン,
10052591,経腸栄養,ケイチョウエイヨウ,
10052593,髄膜出血,ズイマクシュッケツ,
10052594,脳室周囲白質軟化症,ノウシツシュウイハクシツナンカショウ,
10052601,子宮超音波検査,シキュウチョウオンパケンサ,
10052602,卵巣超音波検査,ランソウチョウオンパケンサ,
10052604,生理食塩液注入超音波画像,セイリショクエンエキチュウニュウチョウオンパガゾウ,
10052607,後天性ファンコニー症候群,コウテンセイファンコニーショウコウグン,
10052608,皮膚美容手技,ヒフビヨウシュギ,
10052613,アレルギー性気管支炎,アレルギーセイキカンシエン,
10052614,粉砕骨折,フンサイコッセツ,
10052616,術中ケア,ジュツチュウケア,
10052617,術後ケア,ジュツゴケア,
10052618,術前ケア,ジュツゼンケア,
10052621,オロット酸尿症,オロットサンニョウショウ,
10052622,ジヒドロピリミジン脱水素酵素欠損,ジヒドロピリミジンダツスイソコウソケッソン,
10052623,後天性ピリミジン代謝障害,コウテンセイピリミジンタイシャショウガイ,
10052640,ミトコンドリアＤＮＡ重複,ミトコンドリアDNAジュウフク,ミトコンドリアDNAチョウフク
10052641,ミトコンドリアＤＮＡ変異,ミトコンドリアDNAヘンイ,
10052642,虹彩欠損,コウサイケッソン,
10052643,網膜欠損,モウマクケッソン,
10052644,先天性肺動脈弁閉鎖,センテンセイハイドウミャクベンヘイサ,
10052645,胸腺形成不全,キョウセンケイセイフゼン,
10052648,癌遺伝子キャリアー,ガンイデンシキャリアー,
10052649,原発性性腺機能低下,ゲンパツセイセイセンキノウテイカ,
10052653,筋萎縮性側索硬化症遺伝子キャリアー,キンイシュクセイソクサクコウカショウイデンシキャリアー,
10052655,デュシェンヌ型筋ジストロフィー遺伝子キャリアー,デュシェンヌガタキンジストロフィーイデンシキャリアー,
10052656,嚢胞性線維症遺伝子キャリアー,ノウホウセイセンイショウイデンシキャリアー,
10052657,脆弱Ｘ症候群遺伝子キャリアー,ゼイジャクXショウコウグンイデンシキャリアー,
10052658,巨顎症,キョガクショウ,
10052661,精巣手術,セイソウシュジュツ,
10052662,視床破壊,シショウハカイ,
10052663,血管生検,ケッカンセイケン,
10052664,血管シャント,ケッカンシャント,
10052665,縫合,ホウゴウ,
10052666,咽頭蓋切除,イントウガイセツジョ,
10052668,喉頭縫合,コウトウホウゴウ,
10052669,声帯切除,セイタイセツジョ,
10052670,咽喉頭摘出,インコウトウテキシュツ,
10052671,眼筋手術,ガンキンシュジュツ,
10052672,毛様小帯溶解,モウヨウショウタイヨウカイ,
10052675,職業リハビリテーション,ショクギョウリハビリテーション,
10052676,読字リハビリテーション,ドクジリハビリテーション,
10052677,血管画像,ケッカンガゾウ,
10052679,血管焼灼,ケッカンショウシャク,
10052680,血管カテーテル検体採取,ケッカンカテーテルケンタイサイシュ,
10052681,心臓弁形成,シンゾウベンケイセイ,
10052682,口蓋垂口蓋弓形成,コウガイスイコウガイキュウケイセイ,
10052683,子宮腫瘍切除,シキュウシュヨウセツジョ,
10052684,泌尿器科検査,ヒニョウキカケンサ,
10052685,尿流動態検査,ニョウリュウドウタイケンサ,
10052686,尿管膀胱吻合,ニョウカンボウコウフンゴウ,
10052688,尿管口切開,ニョウカンコウセッカイ,
10052689,尿管カテーテル留置,ニョウカンカテーテルリュウチ,
10052690,三尖弁修復,サンセンベンシュウフク,
10052693,経尿道的膀胱切除,ケイニョウドウテキボウコウセツジョ,
10052694,気管鏡検査,キカンキョウケンサ,
10052696,気管瘻修復,キカンロウシュウフク,
10052697,線維柱帯形成,センイチュウタイケイセイ,
10052698,静脈カテーテル留置,ジョウミャクカテーテルリュウチ,
10052700,傾斜試験,ケイシャシケン,
10052702,サイロキシン療法,サイロキシンリョウホウ,
10052703,胸部手術,キョウブシュジュツ,
10052704,胸郭出口手術,キョウカクデグチシュジュツ,
10052716,腹腔静脈シャント,フククウジョウミャクシャント,フックウジョウミャクシャント
10052717,体循環肺動脈シャント,タイジュンカンハイドウミャクシャント,
10052744,ハイリスク妊娠,ハイリスクニンシン,
10052747,膵腺癌,スイセンガン,
10052748,細菌アレルギー,サイキンアレルギー,
10052749,横隔膜痛,オウカクマクツウ,
10052751,人工気管支挿入,ジンコウキカンシソウニュウ,
10052752,肝副葉,カンフクヨウ,
10052753,線維性骨皮質欠損,センイセイコツヒシツケッソン,
10052756,腸ポリープ切除,チョウポリープセツジョ,
10052757,小乳房,ショウニュウボウ,
10052758,真菌アレルギー,シンキンアレルギー,
10052759,卵巣未分化胚細胞腫、病期不明,ランソウミブンカハイサイボウシュビョウキフメイ,
10052760,静脈硬化症,ジョウミャクコウカショウ,
10052761,ウイルス性胸膜炎,ウイルスセイキョウマクエン,
10052762,敗血症性壊死,ハイケツショウセイエシ,ハイケッショウセイエシ
10052763,尿道捻転,ニョウドウネンテン,
10052764,口腔ポリープ切除,コウクウポリープセツジョ,コウコウポリープセツジョ
10052765,膵管閉塞,スイカンヘイソク,
10052773,先天性オロット酸尿症,センテンセイオロットサンニョウショウ,
10052784,網膜性片頭痛,モウマクセイヘンズツウ,
10052787,前兆を伴わない片頭痛,ゼンチョウヲトモナワナイヘンズツウ,
10052793,身体醜形障害,シンタイシュウケイショウガイ,
10052801,妊娠性類天疱瘡,ニンシンセイルイテンポウソウ,
10052804,薬物耐性,ヤクブツタイセイ,
10052805,薬物耐性低下,ヤクブツタイセイテイカ,
10052806,薬物耐性上昇,ヤクブツタイセイジョウショウ,
10052813,空気嚥下,クウキエンゲ,
10052814,直腸周囲膿瘍,チョクチョウシュウイノウヨウ,
10052815,抗生物質関連大腸炎,コウセイブッシツカンレンダイチョウエン,
10052817,サイトメガロウイルス性消化管感染,サイトメガロウイルスセイショウカカンカンセン,
10052819,小腸のカルチノイド腫瘍,ショウチョウノカルチノイドシュヨウ,
10052820,後天性食道ウエッブ,コウテンセイショクドウウエッブ,
10052824,陰茎の紅色肥厚症,インケイノコウショクヒコウショウ,
10052825,外陰の紅色肥厚症,ガイインノコウショクヒコウショウ,
10052832,急性好酸球性肺炎,キュウセイコウサンキュウセイハイエン,
10052833,慢性好酸球性肺炎,マンセイコウサンキュウセイハイエン,
10052834,好酸球性膿疱性毛包炎,コウサンキュウセイノウホウセイモウホウエン,
10052837,線維性心内膜炎,センイセイシンナイマクエン,
10052840,心粗動,シンソドウ,
10052844,人工流産による出血,ジンコウリュウザンニヨルシュッケツ,
10052845,人工流産による感染,ジンコウリュウザンニヨルカンセン,
10052846,早期流産,ソウキリュウザン,
10052847,後期流産,コウキリュウザン,
10052848,額位,ガクイ,
10052849,斜位,シャイ,
10052850,胎児の麻酔合併症,タイジノマスイガッペイショウ,
10052851,新生児の麻酔合併症,シンセイジノマスイガッペイショウ,
10052853,陰部神経ブロック,インブシンケイブロック,
10052854,会陰刺激,エインシゲキ,
10052855,分娩促進,ブンベンソクシン,
10052856,分娩誘発,ブンベンユウハツ,
10052857,放射線骨盤計測,ホウシャセンコツバンケイソク,
10052859,妊婦管理,ニンプカンリ,
10052864,血液近距離照射療法,ケツエキキンキョリショウシャリョウホウ,
10052865,血液電子照射療法,ケツエキデンシショウシャリョウホウ,
10052866,血液γ線療法,ケツエキガンマセンリョウホウ,
10052867,血液光子照射療法,ケツエキコウシショウシャリョウホウ,
10052869,血液レントゲン照射療法,ケツエキレントゲンショウシャリョウホウ,
10052870,肝臓近距離照射療法,カンゾウキンキョリショウシャリョウホウ,
10052871,肝臓電子照射療法,カンゾウデンシショウシャリョウホウ,
10052872,肝臓γ線療法,カンゾウガンマセンリョウホウ,
10052873,肝臓光子照射療法,カンゾウコウシショウシャリョウホウ,
10052875,肝臓レントゲン照射療法,カンゾウレントゲンショウシャリョウホウ,
10052877,軟部組織近距離照射療法,ナンブソシキキンキョリショウシャリョウホウ,
10052878,軟部組織電子照射療法,ナンブソシキデンシショウシャリョウホウ,
10052879,軟部組織γ線療法,ナンブソシキガンマセンリョウホウ,
10052880,軟部組織光子照射療法,ナンブソシキコウシショウシャリョウホウ,
10052882,軟部組織レントゲン照射療法,ナンブソシキレントゲンショウシャリョウホウ,
10052883,中枢神経系結核腫,チュウスウシンケイケイケッカクシュ,
10052884,中枢神経系結核性膿瘍,チュウスウシンケイケイケッカクセイノウヨウ,
10052891,皮膚細菌感染,ヒフサイキンカンセン,
10052892,真菌性壊死性筋膜炎,シンキンセイエシセイキンマクエン,
10052894,口腔そう痒症,コウクウソウヨウショウ,コウコウソウヨウショウ
10052895,冠動脈不全,カンドウミャクフゼン,
10052896,眼血管障害,ガンケッカンショウガイ,
10052897,神経損傷,シンケイソンショウ,
10052898,陰茎水疱,インケイスイホウ,
10052899,内方発育毛,ナイホウハツイクモウ,
10052900,マーフィー徴候陽性,マーフィーチョウコウヨウセイ,
10052901,終末尿滴下,シュウマツニョウテキカ,
10052903,角膜新生物、悪性度不明,カクマクシンセイブツアクセイドフメイ,
10052904,筋骨格硬直,キンコッカクコウチョク,
10052905,脳血管造影,ノウケッカンゾウエイ,
10052906,脳血管造影異常,ノウケッカンゾウエイイジョウ,
10052907,脳血管造影正常,ノウケッカンゾウエイセイジョウ,
10052909,心リハビリテーション療法,シンリハビリテーションリョウホウ,
10052910,心中隔欠損修復,シンチュウカクケッソンシュウフク,
10052911,心筋保護法,シンキンホゴホウ,
10052913,軟骨手術,ナンコツシュジュツ,
10052914,軟骨切除,ナンコツセツジョ,
10052915,カテーテル留置,カテーテルリュウチ,
10052916,カテーテル除去,カテーテルジョキョ,
10052919,髄膜修復,ズイマクシュウフク,
10052920,脊椎保護,セキツイホゴ,
10052922,キレート療法,キレートリョウホウ,
10052923,総胆管切除,ソウタンカンセツジョ,
10052924,総胆管瘻造設,ソウタンカンロウゾウセツ,
10052925,胆石摘出,タンセキテキシュツ,
10052926,脊髄コルドトミー,セキズイコルドトミー,
10052927,帯状回切除,タイジョウカイセツジョ,
10052928,鉗子による血管遮断,カンシニヨルケッカンシャダン,
10052929,尾骨切除,ビコツセツジョ,
10052931,結腸瘻修復,ケッチョウロウシュウフク,
10052932,結膜形成,ケツマクケイセイ,
10052933,便秘予防,ベンピヨボウ,
10052936,陰茎海綿体手術,インケイカイメンタイシュジュツ,
10052937,頭蓋骨部分切除,トウガイコツブブンセツジョ,
10052938,嚢胞切除,ノウホウセツジョ,
10052939,涙嚢摘出,ルイノウテキシュツ,
10052941,歯科障害予防,シカショウガイヨボウ,
10052942,歯のフッ化物療法,ハノフッカブツリョウホウ,
10052943,歯科印象採取法,シカインショウサイシュホウ,
10052944,歯科補てつ物装着,シカホテツブツソウチャク,
10052945,片頭痛発作重積,ヘンズツウホッサジュウセキ,
10052946,皮膚線維腫摘出,ヒフセンイシュテキシュツ,
10052947,脳室ドレナージ,ノウシツドレナージ,
10052949,動脈治療手技,ドウミャクチリョウシュギ,
10052955,歯科Ｘ線,シカXセン,
10052957,硬膜下腔ドレナージ,コウマクカクウドレナージ,
10052958,植込み型除細動器除去,ウエコミガタジョサイドウキジョキョ,
10052959,間欠的陽圧呼吸,カンケツテキヨウアツコキュウ,
10052960,陰茎修復,インケイシュウフク,
10052961,胸部理学療法,キョウブリガクリョウホウ,
10052962,胸部超音波検査,キョウブチョウオンパケンサ,
10052963,子宮修復,シキュウシュウフク,
10052964,静脈修復,ジョウミャクシュウフク,
10052966,持続的他動運動装置療法,ジゾクテキタドウウンドウソウチリョウホウ,
10052967,上咽頭手術,ジョウイントウシュジュツ,
10052968,鼻うっ血除去療法,ビウッケツジョキョリョウホウ,
10052969,筋電気刺激療法,キンデンキシゲキリョウホウ,
10052970,薬物離脱維持療法,ヤクブツリダツイジリョウホウ,
10052971,医療機器除去,イリョウキキジョキョ,
10052972,縦隔生検,ジュウカクセイケン,
10052974,リンパ腫手術,リンパシュシュジュツ,
10052975,リンパ組織手術,リンパソシキシュジュツ,
10052976,ループ式電気焼灼切除法,ループシキデンシショウシャクセツジョホウ,
10052977,口唇手術,コウシンシュジュツ,
10052979,病変部切除,ビョウヘンブセツジョ,
10052980,水晶体手術,スイショウタイシュジュツ,
10052981,喉頭瘻造設,コウトウロウゾウセツ,
10052983,喉頭瘻修復,コウトウロウシュウフク,
10052984,喉頭気管手術,コウトウキカンシュジュツ,
10052985,人工喉頭挿入,ジンコウコウトウソウニュウ,
10052986,ラクトース負荷試験,ラクトースフカシケン,
10052987,関節洗浄,カンセツセンジョウ,
10052988,関節脱臼整復,カンセツダッキュウセイフク,
10052989,大動脈内バルーン挿入,ダイドウミャクナイバルーンソウニュウ,
10052991,腸管瘻修復,チョウカンロウシュウフク,
10052994,化学的髄核融解,カガクテキズイカクユウカイ,
10052995,注射,チュウシャ,
10052996,吸入療法,キュウニュウリョウホウ,
10052997,回腸結腸瘻造設,カイチョウケッチョウロウゾウセツ,
10052998,子宮卵管切除,シキュウランカンセツジョ,
10053000,肝管空腸吻合,カンカンクウチョウフンゴウ,
10053002,脊椎ロッド挿入,セキツイロッドソウニュウ,
10053003,頚動脈バイパス,ケイドウミャクバイパス,
10053025,地方病性梅毒,チホウビョウセイバイドク,
10053026,肺ペスト,ハイペスト,
10053028,婦人科クラミジア感染,フジンカクラミジアカンセン,
10053029,中咽頭アスペルギルス症,チュウイントウアスペルギルスショウ,
10053043,ウレアプラズマ性精巣上体炎,ウレアプラズマセイセイソウジョウタイエン,
10053045,搾乳者結節,サクニュウシャケッセツ,
10053046,心血管評価,シンケッカンヒョウカ,
10053047,医学的観察,イガクテキカンサツ,
10053048,脊椎ロッド除去,セキツイロッドジョキョ,
10053049,胃瘻閉鎖,イロウヘイサ,
10053050,胃腸管挿入,イチョウカンソウニュウ,
10053052,女性性器手術,ジョセイセイキシュジュツ,
10053056,食道瘻造設,ショクドウロウゾウセツ,
10053057,食道胃十二指腸内視鏡検査,ショクドウイジュウニシチョウナイシキョウケンサ,
10053058,食道胃内視鏡検査,ショクドウイナイシキョウケンサ,
10053059,食道造影,ショクドウゾウエイ,
10053060,食道移植,ショクドウイショク,
10053061,食道運動検査,ショクドウウンドウケンサ,
10053062,焼痂切開,ショウカセッカイ,
10053064,骨端手術,コッタンシュジュツ,
10053065,酵素補充,コウソホジュウ,
10053066,心膜修復,シンマクシュウフク,
10053067,高位浣腸法,コウイカンチョウホウ,
10053068,内分泌腺手術,ナイブンピセンシュジュツ,ナイブンピツセンシュジュツ
10053069,救急医療における検査,キュウキュウイリョウニオケルケンサ,
10053070,外軟骨腫手術,ガイナンコツシュシュジュツ,
10053072,十二指腸瘻造設,ジュウニシチョウロウゾウセツ,
10053073,利尿療法,リニョウリョウホウ,
10053074,胃腸障害治療,イチョウショウガイチリョウ,
10053075,微生物学的検査,ビセイブツガクテキケンサ,
10053076,血液学的検査,ケツエキガクテキケンサ,
10053077,薬用ヒル療法,ヤクヨウヒルリョウホウ,
10053090,血液濾過,ケツエキロカ,
10053108,胎児ノンストレステスト,タイジノンストレステスト,
10053111,尿中ベンスジョーンズ蛋白陰性,ニョウチュウベンスジョーンズタンパクインセイ,
10053112,尿中ベンスジョーンズ蛋白陽性,ニョウチュウベンスジョーンズタンパクヨウセイ,
10053113,尿中ビリルビン,ニョウチュウビリルビン,
10053114,尿中結晶,ニョウチュウケッショウ,
10053115,尿中シスチン,ニョウチュウシスチン,
10053116,尿中シスチン陽性,ニョウチュウシスチンヨウセイ,
10053117,尿中システイン,ニョウチュウシステイン,
10053118,尿中システイン陽性,ニョウチュウシステインヨウセイ,
10053119,尿中グロブリン,ニョウチュウグロブリン,
10053120,尿中ホモシステイン,ニョウチュウホモシステイン,
10053121,尿中ホモシステイン陽性,ニョウチュウホモシステインヨウセイ,
10053122,ヒドロキシプロリン尿,ヒドロキシプロリンニョウ,
10053123,尿中蛋白陽性,ニョウチュウタンパクヨウセイ,
10053128,男性乳頭の悪性新生物,ダンセイニュウトウノアクセイシンセイブツ,
10053129,女性乳頭の悪性新生物,ジョセイニュウトウノアクセイシンセイブツ,
10053132,癌性リンパ管症,ガンセイリンパカンショウ,
10053138,先天性再生不良性貧血,センテンセイサイセイフリョウセイヒンケツ,
10053139,胎児生検,タイジセイケン,
10053140,胎児超音波検査,タイジチョウオンパケンサ,
10053141,乏渇感症,ボウカツカンショウ,
10053142,嗅脳性器異形成,キュウノウセイキイケイセイ,
10053147,後天性ポルフィリン症,コウテンセイポルフィリンショウ,
10053148,ヒドロキシプロリン血症,ヒドロキシプロリンケツショウ,ヒドロキシプロリンケッショウ
10053150,白色瞳孔,ハクショクドウコウ,
10053153,先天性筋緊張低下児,センテンセイキンキンチョウテイカジ,
10053154,視覚障害者,シカクショウガイシャ,
10053155,心窩部不快感,シンカブフカイカン,
10053156,筋骨格不快感,キンコッカクフカイカン,
10053158,カンジダ性肺炎,カンジダセイハイエン,
10053159,臓器不全,ゾウキフゼン,
10053160,ウイルス性気管支炎,ウイルスセイキカンシエン,
10053161,移植片過成長,イショクヘンカセイチョウ,
10053163,結膜の混濁,ケツマクノコンダク,
10053164,アルコール離脱症候群,アルコールリダツショウコウグン,
10053166,カンジダ性敗血症,カンジダセイハイケツショウ,
10053174,処置後蜂巣炎,ショチゴホウソウエン,
10053175,処置後ドレナージ,ショチゴドレナージ,
10053176,周期性好中球減少症,シュウキセイコウチュウキュウゲンショウショウ,
10053177,表皮融解,ヒョウヒユウカイ,
10053178,生殖器嚢胞,セイショクキノウホウ,
10053180,皮膚白血病,ヒフハッケツビョウ,
10053181,治療効果遅延,チリョウコウカチエン,
10053182,動静脈グラフト血栓症,ドウジョウミャクグラフトケッセンショウ,
10053183,カテーテル留置部位蜂巣炎,カテーテルリュウチブイホウソウエン,
10053185,糖原病ＩＩ型,トウゲンビョウ2ガタ,
10053186,尿中グロブリン陽性,ニョウチュウグロブリンヨウセイ,
10053187,コクシエラ感染,コクシエラカンセン,
10053188,トルロプシス感染,トルロプシスカンセン,
10053190,悪性度不明の脾臓新生物,アクセイドフメイノヒゾウシンセイブツ,
10053191,人工流産の不成功,ジンコウリュウザンノフセイコウ,
10053194,聴覚障害者,チョウカクショウガイシャ,
10053195,妄想性障害、被害型,モウソウセイショウガイヒガイガタ,
10053196,眼瞼出血,ガンケンシュッケツ,
10053198,抗利尿ホルモン不適合分泌,コウリニョウホルモンフテキゴウブンピ,コウリニョウホルモンフテキゴウブンピツ
10053199,白赤芽球性貧血,ハクセキガキュウセイヒンケツ,
10053200,白質切断,ハクシツセツダン,
10053201,麻痺性障害者,マヒセイショウガイシャ,
10053202,先天性後眼房異常,センテンセイコウガンボウイジョウ,
10053203,腹部絞扼性ヘルニア,フクブコウヤクセイヘルニア,
10053204,歩行障害者,ホコウショウガイシャ,
10053206,転位骨折,テンイコッセツ,
10053208,創腐敗,ソウフハイ,
10053209,植皮生着不全,ショクヒセイチャクフゼン,
10053213,有熱性骨髄無形成,ユウネツセイコツズイムケイセイ,
10053214,泉門陥没,センモンカンボツ,
10053215,ヘモグロビンＥ症,ヘモグロビンEショウ,
10053216,腸骨動脈狭窄,チョウコツドウミャクキョウサク,
10053217,鼠径部腫瘤,ソケイブシュリュウ,
10053226,不飽和鉄結合能,フホウワテツケツゴウノウ,
10053227,エイズ網膜症,エイズモウマクショウ,
10053231,腺様嚢胞癌,センヨウノウホウガン,
10053232,椎間板造影,ツイカンバンゾウエイ,
10053235,副腎腫瘤,フクジンシュリュウ,
10053236,混合性尿失禁,コンゴウセイニョウシッキン,
10053238,無表情,ムヒョウジョウ,
10053239,移植片対宿主病の予防,イショクヘンタイシュクシュビョウノヨボウ,
10053240,糖原病ＶＩ型,トウゲンビョウ6ガタ,
10053241,糖原病ＶＩＩ型,トウゲンビョウ7ガタ,
10053242,糖原病ＶＩＩＩ型,トウゲンビョウ8ガタ,
10053244,肝細胞泡沫細胞症候群,カンサイボウホウマツサイボウショウコウグン,
10053247,インスリン必要２型糖尿病,インスリンヒツヨウ2ガタトウニョウビョウ,
10053249,糖原病ＩＶ型,トウゲンビョウ4ガタ,
10053250,糖原病ＩＩＩ型,トウゲンビョウ3ガタ,
10053260,二次性甲状腺機能亢進症,ニジセイコウジョウセンキノウコウシンショウ,
10053261,冠動脈再閉塞,カンドウミャクサイヘイソク,
10053262,皮膚腫脹,ヒフシュチョウ,
10053264,鼻腔通気度検査,ビクウツウキドケンサ,
10053265,鼻腔通気度検査正常,ビクウツウキドケンサセイジョウ,
10053266,鼻腔通気度検査異常,ビクウツウキドケンサイジョウ,
10053268,骨切除,コツセツジョ,
10053272,視神経手術,シシンケイシュジュツ,
10053273,耳生検,ジセイケン,ミミセイケン
10053274,耳生検正常,ジセイケンセイジョウ,ミミセイケンセイジョウ
10053275,耳生検異常,ジセイケンイジョウ,ミミセイケンイジョウ
10053276,精巣上体手術,セイソウジョウタイシュジュツ,
10053277,レスパイトケア,レスパイトケア,
10053278,胎児モニタリング,タイジモニタリング,
10053279,オキシトシン負荷試験,オキシトシンフカシケン,
10053280,胃病変部切除,イビョウヘンブセツジョ,
10053281,小腸生検,ショウチョウセイケン,
10053282,小腸生検正常,ショウチョウセイケンセイジョウ,
10053283,小腸生検異常,ショウチョウセイケンイジョウ,
10053284,直腸Ｓ状結腸鏡検査,チョクチョウSジョウケッチョウキョウケンサ,
10053285,直腸Ｓ状結腸鏡検査正常,チョクチョウSジョウケッチョウキョウケンサセイジョウ,
10053286,直腸Ｓ状結腸鏡検査異常,チョクチョウSジョウケッチョウキョウケンサイジョウ,
10053290,ポリツェル法,ポリツェルホウ,
10053291,リウマトイド結節切除,リウマトイドケッセツセツジョ,
10053293,腎尿管切除,ジンニョウカンセツジョ,
10053295,脾手術,ヒシュジュツ,
10053296,人工中耳除去,ジンコウチュウジジョキョ,
10053297,膵脾摘除,スイヒテキジョ,
10053298,腹部皮下脂肪組織切除,フクブヒカシボウソシキセツジョ,
10053299,眼部液ドレナージ,ガンブエキドレナージ,
10053300,眼洗浄,ガンセンジョウ,
10053301,神経系新生物手術,シンケイケイシンセイブツシュジュツ,
10053303,神経破壊,シンケイハカイ,
10053306,胸骨後胸水除去,キョウコツゴキョウスイジョキョ,
10053308,ポリープ切除,ポリープセツジョ,
10053309,腹部診査,フクブシンサ,
10053310,頚部診査,ケイブシンサ,
10053312,スプリント装着,スプリントソウチャク,
10053315,患者隔離,カンジャカクリ,
10053316,患者拘束,カンジャコウソク,
10053317,恐水病,キョウスイビョウ,
10053318,神経伝導検査,シンケイデンドウケンサ,
10053319,睡眠検査,スイミンケンサ,
10053320,睡眠検査異常,スイミンケンサイジョウ,
10053321,睡眠検査正常,スイミンケンサセイジョウ,
10053322,耳鼻咽喉科手術,ジビインコウカシュジュツ,
10053323,来院,ライイン,
10053324,温熱療法,オンネツリョウホウ,
10053325,禁煙療法,キンエンリョウホウ,
10053326,精索手術,セイサクシュジュツ,
10053327,産科処置,サンカショチ,
10053328,口腔内新生物手術,コウクウナイシンセイブツシュジュツ,コウコウナイシンセイブツシュジュツ
10053329,傍卵巣嚢胞摘出,ボウランソウノウホウテキシュツ,
10053332,膵空腸吻合,スイクウチョウフンゴウ,
10053333,副甲状腺手術,フクコウジョウセンシュジュツ,
10053334,陰茎再接合,インケイサイセツゴウ,
10053335,神経縫合,シンケイホウゴウ,
10053336,精神医学的評価,セイシンイガクテキヒョウカ,
10053337,精神医学的評価正常,セイシンイガクテキヒョウカセイジョウ,
10053338,精神医学的評価異常,セイシンイガクテキヒョウカイジョウ,
10053339,日常的健康維持,ニチジョウテキケンコウイジ,
10053340,鼻炎予防,ビエンヨボウ,
10053343,新生物予防,シンセイブツヨボウ,
10053344,鼻鏡検査,ビキョウケンサ,
10053348,脊髄手術,セキズイシュジュツ,
10053351,末梢血行再建,マッショウケッコウサイケン,
10053352,起立血圧,キリツケツアツ,
10053353,起立血圧正常,キリツケツアツセイジョウ,
10053354,起立血圧異常,キリツケツアツイジョウ,
10053355,起立血圧上昇,キリツケツアツジョウショウ,
10053356,起立血圧低下,キリツケツアツテイカ,
10053358,硝酸塩化合物療法,ショウサンエンカゴウブツリョウホウ,
10053359,検温,ケンオン,
10053369,精子提供,セイシテイキョウ,
10053370,卵母細胞提供,ランボサイボウテイキョウ,
10053371,経口胆嚢造影,ケイコウタンノウゾウエイ,
10053372,経口胆嚢造影正常,ケイコウタンノウゾウエイセイジョウ,
10053373,経口胆嚢造影異常,ケイコウタンノウゾウエイイジョウ,
10053377,中心静脈カテーテル留置,チュウシンジョウミャクカテーテルリュウチ,
10053394,注射避妊薬使用中の妊娠,チュウシャヒニンヤクシヨウチュウノニンシン,
10053395,進行性多発性硬化症,シンコウセイタハツセイコウカショウ,
10053396,注射部位光線過敏反応,チュウシャブイコウセンカビンハンノウ,
10053397,心因性結腸炎,シンインセイケッチョウエン,
10053398,間代性痙攣,カンダイセイケイレン,カンタイセイケイレン
10053399,薬物半減期延長,ヤクブツハンゲンキエンチョウ,
10053400,エンドセリン上昇,エンドセリンジョウショウ,
10053401,エンドセリン,エンドセリン,
10053402,エンドセリン低下,エンドセリンテイカ,
10053403,エンドセリン異常,エンドセリンイジョウ,
10053404,エンドセリン正常,エンドセリンセイジョウ,
10053405,脳性ナトリウム利尿ペプチド増加,ノウセイナトリウムリニョウペプチドゾウカ,
10053406,脳性ナトリウム利尿ペプチド,ノウセイナトリウムリニョウペプチド,
10053407,脳性ナトリウム利尿ペプチド減少,ノウセイナトリウムリニョウペプチドゲンショウ,
10053408,脳性ナトリウム利尿ペプチド異常,ノウセイナトリウムリニョウペプチドイジョウ,
10053409,脳性ナトリウム利尿ペプチド正常,ノウセイナトリウムリニョウペプチドセイジョウ,
10053410,心房性ナトリウム利尿ペプチド異常,シンボウセイナトリウムリニョウペプチドイジョウ,
10053411,心房性ナトリウム利尿ペプチド正常,シンボウセイナトリウムリニョウペプチドセイジョウ,
10053412,心房性ナトリウム利尿ペプチド増加,シンボウセイナトリウムリニョウペプチドゾウカ,
10053413,心房性ナトリウム利尿ペプチド減少,シンボウセイナトリウムリニョウペプチドゲンショウ,
10053418,ウイルス性腹膜炎,ウイルスセイフクマクエン,
10053419,白癬性肉芽腫,ハクセンセイニクゲシュ,
10053420,気管支肺疾患,キカンシハイシッカン,
10053421,気管支軟化症,キカンシナンカショウ,
10053424,適用部位腫脹,テキヨウブイシュチョウ,
10053425,注射部位腫脹,チュウシャブイシュチョウ,
10053430,赤血球食細胞増加症,セッケッキュウショクサイボウゾウカショウ,
10053435,良性腫瘍切除,リョウセイシュヨウセツジョ,
10053436,胆管生検,タンカンセイケン,
10053437,腐骨摘出,フコツテキシュツ,
10053438,心モニタリング,シンモニタリング,
10053439,心モニタリング正常,シンモニタリングセイジョウ,
10053440,心モニタリング異常,シンモニタリングイジョウ,
10053441,心臓ペースメーカー機能評価,シンゾウペースメーカーキノウヒョウカ,
10053442,右室造影,ウシツゾウエイ,
10053443,右室造影正常,ウシツゾウエイセイジョウ,
10053444,右室造影異常,ウシツゾウエイイジョウ,
10053445,心室造影,シンシツゾウエイ,
10053446,心室造影正常,シンシツゾウエイセイジョウ,
10053447,心室造影異常,シンシツゾウエイイジョウ,
10053448,心電図テレメトリー,シンデンズテレメトリー,
10053449,心電図テレメトリー正常,シンデンズテレメトリーセイジョウ,
10053450,心電図テレメトリー異常,シンデンズテレメトリーイジョウ,
10053451,心臓画像検査,シンゾウガゾウケンサ,
10053452,心臓画像検査正常,シンゾウガゾウケンサセイジョウ,
10053453,心臓画像検査異常,シンゾウガゾウケンサイジョウ,
10053458,制酸薬療法,セイサンヤクリョウホウ,
10053459,分泌物分泌,ブンピブツブンピ,ブンピツブツブンピツ
10053460,抗血小板療法,コウケッショウバンリョウホウ,
10053461,トリコスポロン感染,トリコスポロンカンセン,
10053462,アレルギー検査,アレルギーケンサ,
10053463,アレン試験,アレンシケン,
10053464,無呼吸検査,ムコキュウケンサ,
10053465,外科的ステープリング,ゲカテキステープリング,
10053467,消炎療法,ショウエンリョウホウ,
10053468,抗凝固療法,コウギョウコリョウホウ,
10053469,鎮痛療法,チンツウリョウホウ,
10053470,浮遊耳石置換法,フユウジセキチカンホウ,
10053471,陰部神経終末神経潜時測定試験,インブシンケイシュウマツシンケイセンジソクテイシケン,
10053472,陰部神経終末神経潜時測定試験正常,インブシンケイシュウマツシンケイセンジソクテイシケンセイジョウ,
10053473,陰部神経終末神経潜時測定試験異常,インブシンケイシュウマツシンケイセンジソクテイシケンイジョウ,
10053474,肛門直腸内圧測定,コウモンチョクチョウナイアツソクテイ,
10053476,外傷性出血,ガイショウセイシュッケツ,
10053477,扁桃障害,ヘントウショウガイ,
10053478,乳房の理学的検査,ニュウボウノリガクテキケンサ,
10053479,乳房の理学的検査正常,ニュウボウノリガクテキケンサセイジョウ,
10053480,乳房の理学的検査異常,ニュウボウノリガクテキケンサイジョウ,
10053481,気管支胸膜瘻,キカンシキョウマクロウ,
10053482,注入部位硬結,チュウニュウブイコウケツ,
10053483,注入部位疼痛,チュウニュウブイトウツウ,
10053484,注入部位熱感,チュウニュウブイネッカン,
10053485,脳静脈性血管腫,ノウジョウミャクセイケッカンシュ,
10053486,ペースメーカー原性不整脈,ペースメーカーゲンセイフセイミャク,
10053487,毒性物質曝露,ドクセイブッシツバクロ,
10053490,気管障害,キカンショウガイ,
10053491,人工尿道括約筋埋込み,ジンコウニョウドウカツヤクキンウメコミ,
10053494,動脈瘤切除,ドウミャクリュウセツジョ,
10053496,腟狭窄,チツキョウサク,
10053497,左室造影,サシツゾウエイ,
10053498,左室造影正常,サシツゾウエイセイジョウ,
10053499,左室造影異常,サシツゾウエイイジョウ,
10053500,ヒト免疫不全ウイルス伝播,ヒトメンエキフゼンウイルスデンパ,
10053502,骨髄スキャン,コツズイスキャン,
10053503,骨髄スキャン正常,コツズイスキャンセイジョウ,
10053504,骨髄スキャン異常,コツズイスキャンイジョウ,
10053505,注入部位腫脹,チュウニュウブイシュチョウ,
10053506,口蓋垂形成不全,コウガイスイケイセイフゼン,
10053507,口蓋垂裂,コウガイスイレツ,
10053509,有毒性咬傷,ユウドクセイコウショウ,
10053510,有毒性刺傷,ユウドクセイシショウ,
10053522,血管腫切除,ケッカンシュセツジョ,
10053536,尿中蛋白／クレアチニン比減少,ニョウチュウタンパククレアチニンヒゲンショウ,
10053537,尿中蛋白／クレアチニン比,ニョウチュウタンパククレアチニンヒ,
10053538,尿中蛋白／クレアチニン比増加,ニョウチュウタンパククレアチニンヒゾウカ,
10053539,尿中蛋白／クレアチニン比異常,ニョウチュウタンパククレアチニンヒイジョウ,
10053540,尿中蛋白／クレアチニン比正常,ニョウチュウタンパククレアチニンヒセイジョウ,
10053541,尿中アルブミン／クレアチニン比増加,ニョウチュウアルブミンクレアチニンヒゾウカ,
10053542,尿中アルブミン／クレアチニン比,ニョウチュウアルブミンクレアチニンヒ,
10053543,尿中アルブミン／クレアチニン比正常,ニョウチュウアルブミンクレアチニンヒセイジョウ,
10053544,尿中アルブミン／クレアチニン比異常,ニョウチュウアルブミンクレアチニンヒイジョウ,
10053545,尿中アルブミン／クレアチニン比減少,ニョウチュウアルブミンクレアチニンヒゲンショウ,
10053546,前立腺性酸性ホスファターゼ減少,ゼンリツセンセイサンセイホスファターゼゲンショウ,
10053547,先天性全身性リポジストロフィー,センテンセイゼンシンセイリポジストロフィー,
10053548,遠隔転移を伴う消化器癌,エンカクテンイヲトモナウショウカキガン,
10053549,深径覚の変化,シンケイカクノヘンカ,
10053552,異痛症,イツウショウ,
10053555,細菌性関節炎,サイキンセイカンセツエン,
10053573,顎膿瘍,ガクノウヨウ,
10053574,免疫芽球性リンパ腫,メンエキガキュウセイリンパシュ,
10053575,淡蒼球切裁,タンソウキュウセッサイ,
10053576,頚部膿瘍,ケイブノウヨウ,
10053579,化学的薬物配合禁忌,カガクテキヤクブツハイゴウキンキ,
10053580,生理学的薬物配合禁忌,セイリガクテキヤクブツハイゴウキンキ,
10053581,治療的薬物配合禁忌,チリョウテキヤクブツハイゴウキンキ,
10053582,気管支肺症,キカンシハイショウ,
10053583,結核性腹膜炎,ケッカクセイフクマクエン,
10053584,新生児肺炎,シンセイジハイエン,
10053585,播種性新生児単純ヘルペス,ハシュセイシンセイジタンジュンヘルペス,
10053586,新生児単純ヘルペス髄膜脳炎,シンセイジタンジュンヘルペスズイマクノウエン,
10053587,新生児粘膜皮膚単純ヘルペス,シンセイジネンマクヒフタンジュンヘルペス,
10053588,Ｂ群レンサ球菌性新生児敗血症,Bグンレンサキュウキンセイシンセイジハイケツショウ,
10053589,遺伝性有口赤血球症,イデンセイユウコウセッケッキュウショウ,
10053592,新生児遷延性肺高血圧症,シンセイジセンエンセイハイコウケツアツショウ,
10053601,胎児脳血管障害,タイジノウケッカンショウガイ,
10053602,胎児に影響する放射線損傷,タイジニエイキョウスルホウシャセンソンショウ,
10053613,４型過敏症,4ガタカビンショウ,
10053614,３型免疫複合体型反応,3ガタメンエキフクゴウタイガタハンノウ,
10053615,熱傷,ネッショウ,
10053622,無脾,ムヒ,
10053623,水分摂取制限,スイブンセッシュセイゲン,
10053626,遊離ヘモグロビン,ユウリヘモグロビン,
10053627,循環抗凝血素,ジュンカンコウギョウケツソ,
10053629,後天性胆管拡張症,コウテンセイタンカンカクチョウショウ,
10053630,先天性胆管拡張症,センテンセイタンカンカクチョウショウ,
10053631,骨腫脹,コツシュチョウ,
10053632,反応性精神病,ハンノウセイセイシンビョウ,
10053633,小脳動脈閉塞,ショウノウドウミャクヘイソク,
10053634,食道不快感,ショクドウフカイカン,
10053635,外眼筋障害,ガイガンキンショウガイ,
10053636,産科的感染症,サンカテキカンセンショウ,
10053641,マゾッティ反応,マゾッティハンノウ,
10053643,神経変性障害,シンケイヘンセイショウガイ,
10053644,第３脳神経障害,ダイ3ノウシンケイショウガイ,
10053645,視神経新生物,シシンケイシンセイブツ,
10053646,第６脳神経障害,ダイ6ノウシンケイショウガイ,
10053648,血管閉塞,ケッカンヘイソク,
10053649,血管破裂,ケッカンハレツ,
10053652,四肢の変形,シシノヘンケイ,
10053657,心電図ＰＲ延長,シンデンズPRエンチョウ,
10053658,硬膜炎,コウマクエン,
10053663,注入部位静脈炎,チュウニュウブイジョウミャクエン,
10053664,注入部位そう痒感,チュウニュウブイソウヨウカン,
10053666,避妊スポンジ使用,ヒニンスポンジシヨウ,
10053667,人工心臓使用者,ジンコウシンゾウシヨウシャ,
10053668,人工喉頭使用者,ジンコウコウトウシヨウシャ,
10053669,プロテーゼ使用者,プロテーゼシヨウシャ,
10053670,下顎補てつ物使用者,カガクホテツブツシヨウシャ,
10053671,上顎顔面補てつ物使用者,ジョウガクガンメンホテツブツシヨウシャ,
10053672,脱腸帯使用者,ダッチョウタイシヨウシャ,
10053673,凸虹彩,トツコウサイ,
10053674,虹彩落屑,コウサイラクセツ,
10053675,虹彩嵌頓,コウサイカントン,
10053677,虹彩徹照異常,コウサイテッショウイジョウ,
10053678,虹彩角膜内皮症候群,コウサイカクマクナイヒショウコウグン,
10053679,エクビヨン法,エクビヨンホウ,
10053680,止血帯使用,シケツタイシヨウ,
10053682,短頭,タントウ,
10053683,医療機器不快感,イリョウキキフカイカン,
10053684,脳肝腎症候群,ノウカンジンショウコウグン,
10053685,排尿補助機器使用者,ハイニョウホジョキキシヨウシャ,
10053686,補助人工心臓使用者,ホジョジンコウシンゾウシヨウシャ,
10053688,運動療法,ウンドウリョウホウ,
10053689,心血管系自律神経機能検査,シンケッカンケイジリツシンケイキノウケンサ,
10053690,心血管系自律神経機能検査正常,シンケッカンケイジリツシンケイキノウケンサセイジョウ,
10053691,心血管系自律神経機能検査異常,シンケッカンケイジリツシンケイキノウケンサイジョウ,
10053692,創合併症,ソウガッペイショウ,
10053693,眼の輻輳過多,メノフクソウカタ,
10053695,糖尿病性皮膚障害,トウニョウビョウセイヒフショウガイ,
10053696,ボルティセラ感染,ボルティセラカンセン,
10053697,瘻修復,ロウシュウフク,
10053699,人工腎臓使用者,ジンコウジンゾウシヨウシャ,
10053700,胎児性巨大児,タイジセイキョダイジ,
10053703,角膜後面沈着物,カクマクコウメンチンチャクブツ,
10053709,肺機能負荷試験,ハイキノウフカシケン,
10053710,肺機能負荷試験正常,ハイキノウフカシケンセイジョウ,
10053711,肺機能負荷試験異常,ハイキノウフカシケンイジョウ,
10053712,過眠・大食症候群,カミンタイショクショウコウグン,
10053714,脊髄神経刺激装置埋込み,セキズイシンケイシゲキソウチウメコミ,
10053715,排便造影,ハイベンゾウエイ,
10053716,創壊死,ソウエシ,
10053717,線維性組織球腫,センイセイソシキキュウシュ,
10053745,後天性血友病,コウテンセイケツユウビョウ,
10053747,芽球発症,ガキュウハッショウ,
10053748,心臓弁置換合併症,シンゾウベンチカンガッペイショウ,
10053749,脳腫瘍手術,ノウシュヨウシュジュツ,
10053757,治療手技,チリョウシュギ,
10053759,成長遅延,セイチョウチエン,
10053762,適応外使用,テキオウガイシヨウ,
10053763,星細胞腫手術,セイサイボウシュシュジュツ,
10053765,髄膜腫手術,ズイマクシュシュジュツ,
10053766,肺成熟障害症候群,ハイセイジュクショウガイショウコウグン,
10053768,胃十二指腸出血,イジュウニシチョウシュッケツ,
10053771,血中白色凝固物陽性,ケッチュウハクショクギョウコブツヨウセイ,
10053774,腹壁形成,フクヘキケイセイ,
10053775,Ｂリンパ球異常,Bリンパキュウイジョウ,
10053776,好酸球性蜂巣炎,コウサンキュウセイホウソウエン,
10053778,脊髄円錐症候群,セキズイエンスイショウコウグン,
10053779,アレルギー性咳嗽,アレルギーセイガイソウ,
10053781,前房内細胞,ゼンボウナイサイボウ,
10053785,血中遊離テストステロン増加,ケッチュウユウリテストステロンゾウカ,
10053786,血中遊離テストステロン減少,ケッチュウユウリテストステロンゲンショウ,
10053787,血中遊離テストステロン,ケッチュウユウリテストステロン,
10053788,血中遊離テストステロン正常,ケッチュウユウリテストステロンセイジョウ,
10053789,血中遊離テストステロン異常,ケッチュウユウリテストステロンイジョウ,
10053790,遊離トリヨードチロニン増加,ユウリトリヨードチロニンゾウカ,
10053791,遊離トリヨードチロニン減少,ユウリトリヨードチロニンゲンショウ,
10053792,遊離トリヨードチロニン,ユウリトリヨードチロニン,
10053793,遊離トリヨードチロニン正常,ユウリトリヨードチロニンセイジョウ,
10053794,遊離トリヨードチロニン異常,ユウリトリヨードチロニンイジョウ,
10053795,血中エリスロポエチン増加,ケッチュウエリスロポエチンゾウカ,
10053796,血中エリスロポエチン減少,ケッチュウエリスロポエチンゲンショウ,
10053797,ストレプトキナーゼ抗体増加,ストレプトキナーゼコウタイゾウカ,
10053798,ＣＳＦ単球数増加,CSFタンキュウスウゾウカ,
10053799,ＣＳＦ単球数,CSFタンキュウスウ,
10053800,ＣＳＦ単球数減少,CSFタンキュウスウゲンショウ,
10053801,ＣＳＦ単球陽性,CSFタンキュウヨウセイ,
10053802,ＣＳＦ単球陰性,CSFタンキュウインセイ,
10053803,ＣＳＦ好中球数増加,CSFコウチュウキュウスウゾウカ,
10053804,ＣＳＦ好中球数減少,CSFコウチュウキュウスウゲンショウ,
10053805,ＣＳＦ白血球数増加,CSFハッケッキュウスウゾウカ,
10053806,ＣＳＦ白血球数減少,CSFハッケッキュウスウゲンショウ,
10053808,血中アンドロステンジオン増加,ケッチュウアンドロステンジオンゾウカ,
10053809,血中アンドロステンジオン減少,ケッチュウアンドロステンジオンゲンショウ,
10053810,血中１，２５－ジヒドロキシコレカルシフェロール増加,ケッチュウ125ジヒドロキシコレカルシフェロールゾウカ,
10053811,血中１，２５－ジヒドロキシコレカルシフェロール減少,ケッチュウ125ジヒドロキシコレカルシフェロールゲンショウ,
10053812,血中２５－ヒドロキシコレカルシフェロール増加,ケッチュウ25ヒドロキシコレカルシフェロールゾウカ,
10053813,血中２５－ヒドロキシコレカルシフェロール減少,ケッチュウ25ヒドロキシコレカルシフェロールゲンショウ,
10053814,抗インスリン抗体陽性,コウインスリンコウタイヨウセイ,
10053815,抗インスリン抗体増加,コウインスリンコウタイゾウカ,
10053816,抗インスリン抗体減少,コウインスリンコウタイゲンショウ,
10053817,エプスタイン・バーウイルス抗体,エプスタインバーウイルスコウタイ,
10053818,エプスタイン・バーウイルス抗体陰性,エプスタインバーウイルスコウタイインセイ,
10053833,ヒストン抗体陽性,ヒストンコウタイヨウセイ,
10053834,遊離前立腺特異性抗原減少,ユウリゼンリツセントクイセイコウゲンゲンショウ,
10053835,遊離前立腺特異性抗原陽性,ユウリゼンリツセントクイセイコウゲンヨウセイ,
10053836,遊離前立腺特異性抗原陰性,ユウリゼンリツセントクイセイコウゲンインセイ,
10053837,遊離前立腺特異性抗原,ユウリゼンリツセントクイセイコウゲン,
10053838,遊離前立腺特異性抗原増加,ユウリゼンリツセントクイセイコウゲンゾウカ,
10053839,ユビキノン減少,ユビキノンゲンショウ,
10053840,細菌性敗血症,サイキンセイハイケツショウ,
10053841,スネドン症候群,スネドンショウコウグン,
10053842,ジアノッティ・クロスティ症候群,ジアノッティクロスティショウコウグン,
10053843,腟形成不全,チツケイセイフゼン,
10053844,足根洞症候群,ソクコンドウショウコウグン,ソッコンドウショウコウグン
10053845,皮膚内植込み物除去,ヒフナイウエコミブツジョキョ,
10053846,緑内障薬物療法,リョクナイショウヤクブツリョウホウ,
10053854,眼球クローヌスミオクローヌス,ガンキュウクローヌスミオクローヌス,
10053857,部分的リポジストロフィー,ブブンテキリポジストロフィー,
10053865,卵管の良性新生物,ランカンノリョウセイシンセイブツ,
10053866,前立腺液中白血球増加,ゼンリツセンエキチュウハッケッキュウゾウカ,
10053868,アッシャーマン症候群,アッシャーマンショウコウグン,
10053869,ＰＯＥＭＳ症候群,POEMSショウコウグン,
10053870,アラジール症候群,アラジールショウコウグン,
10053871,８トリソミー,8トリソミー,
10053872,ＭＥＬＡＳ症候群,MELASショウコウグン,
10053873,エヴァンズ症候群,エヴァンズショウコウグン,
10053875,胸部コンピュータ断層撮影,キョウブコンピュータダンソウサツエイ,
10053876,腹部コンピュータ断層撮影,フクブコンピュータダンソウサツエイ,
10053877,先天性眼球運動失行,センテンセイガンキュウウンドウシッコウ,
10053878,グレイグ症候群,グレイグショウコウグン,
10053879,敗血症症候群,ハイケツショウショウコウグン,
10053884,１８トリソミー,18トリソミー,
10053897,頚動脈脈拍減少,ケイドウミャクミャクハクゲンショウ,
10053898,頚動脈脈拍増加,ケイドウミャクミャクハクゾウカ,
10053899,上腕動脈脈拍減少,ジョウワンドウミャクミャクハクゲンショウ,
10053900,上腕動脈脈拍増加,ジョウワンドウミャクミャクハクゾウカ,
10053901,大腿動脈脈拍減少,ダイタイドウミャクミャクハクゲンショウ,
10053902,大腿動脈脈拍増加,ダイタイドウミャクミャクハクゾウカ,
10053903,橈骨動脈脈拍減少,トウコツドウミャクミャクハクゲンショウ,
10053904,橈骨動脈脈拍増加,トウコツドウミャクミャクハクゾウカ,
10053905,膝窩動脈脈拍減少,シッカドウミャクミャクハクゲンショウ,シツカドウミャクミャクハクゲンショウ
10053906,膝窩動脈脈拍増加,シッカドウミャクミャクハクゾウカ,シツカドウミャクミャクハクゾウカ
10053920,赤血球分布幅増加,セッケッキュウブンプハバゾウカ,
10053921,赤血球分布幅減少,セッケッキュウブンプハバゲンショウ,
10053922,赤血球分布幅正常,セッケッキュウブンプハバセイジョウ,
10053923,赤血球分布幅異常,セッケッキュウブンプハバイジョウ,
10053925,１７トリソミー,17トリソミー,
10053926,頚動脈脈拍,ケイドウミャクミャクハク,
10053927,頚動脈脈拍正常,ケイドウミャクミャクハクセイジョウ,
10053928,頚動脈脈拍異常,ケイドウミャクミャクハクイジョウ,
10053929,上腕動脈脈拍,ジョウワンドウミャクミャクハク,
10053930,上腕動脈脈拍正常,ジョウワンドウミャクミャクハクセイジョウ,
10053931,上腕動脈脈拍異常,ジョウワンドウミャクミャクハクイジョウ,
10053932,大腿動脈脈拍,ダイタイドウミャクミャクハク,
10053933,大腿動脈脈拍正常,ダイタイドウミャクミャクハクセイジョウ,
10053934,大腿動脈脈拍異常,ダイタイドウミャクミャクハクイジョウ,
10053935,橈骨動脈脈拍,トウコツドウミャクミャクハク,
10053936,橈骨動脈脈拍正常,トウコツドウミャクミャクハクセイジョウ,
10053937,橈骨動脈脈拍異常,トウコツドウミャクミャクハクイジョウ,
10053938,膝窩動脈脈拍,シッカドウミャクミャクハク,シツカドウミャクミャクハク
10053939,膝窩動脈脈拍正常,シッカドウミャクミャクハクセイジョウ,シツカドウミャクミャクハクセイジョウ
10053940,膝窩動脈脈拍異常,シッカドウミャクミャクハクイジョウ,シツカドウミャクミャクハクイジョウ
10053942,脳血腫,ノウケッシュ,
10053943,造血幹細胞動員,ゾウケツカンサイボウドウイン,
10053949,血管偽動脈瘤破裂,ケッカンギドウミャクリュウハレツ,
10053961,ミトコンドリア毒性,ミトコンドリアドクセイ,
10053962,骨端骨折,コッタンコッセツ,
10053963,ミネラル補給,ミネラルホキュウ,
10053968,トロンビン・アンチトロンビンＩＩＩ複合体増加,トロンビンアンチトロンビン3フクゴウタイゾウカ,
10053969,トロンビン・アンチトロンビンＩＩＩ複合体減少,トロンビンアンチトロンビン3フクゴウタイゲンショウ,
10053970,トロンビン・アンチトロンビンＩＩＩ複合体,トロンビンアンチトロンビン3フクゴウタイ,
10053971,トロンビン・アンチトロンビンＩＩＩ複合体正常,トロンビンアンチトロンビン3フクゴウタイセイジョウ,
10053972,トロンビン・アンチトロンビンＩＩＩ複合体異常,トロンビンアンチトロンビン3フクゴウタイイジョウ,
10053973,肝嚢胞破裂,カンノウホウハレツ,
10053975,胸腔ドレナージ,キョウクウドレナージ,
10053977,神経切断,シンケイセツダン,
10053979,注射部位関節運動障害,チュウシャブイカンセツウンドウショウガイ,
10053981,マレー渓谷脳炎,マレーケイコクノウエン,
10053982,微胞子虫類感染,ビホウシチュウルイカンセン,
10053984,不完全人工流産,フカンゼンジンコウリュウザン,
10053990,後天性涙道狭窄,コウテンセイルイドウキョウサク,
10053991,新生児封入体結膜炎,シンセイジフウニュウタイケツマクエン,
10053994,心室血栓症,シンシツケッセンショウ,
10053995,埋込み部位出血,ウメコミブイシュッケツ,
10053996,穿刺部位反応,センシブイハンノウ,
10053998,注入部位浮腫,チュウニュウブイフシュ,
10054000,２型過敏症,2ガタカビンショウ,
10054002,先天性梅毒性骨軟骨炎,センテンセイバイドクセイコツナンコツエン,
10054003,頭部コンピュータ断層撮影,トウブコンピュータダンソウサツエイ,
10054004,腎コンピュータ断層撮影,ジンコンピュータダンソウサツエイ,
10054008,頭蓋縫合部閉鎖遅延,トウガイホウゴウブヘイサチエン,
10054009,リポ蛋白（ａ）増加,リポタンパクaゾウカ,
10054010,サイログロブリン増加,サイログロブリンゾウカ,
10054011,サイログロブリン減少,サイログロブリンゲンショウ,
10054015,死戦調律,シセンチョウリツ,
10054017,薬理学的心負荷試験,ヤクリガクテキシンフカシケン,
10054018,下半身切除,カハンシンセツジョ,
10054019,先天性毛巣嚢胞,センテンセイモウソウノウホウ,
10054020,リポ蛋白（ａ）,リポタンパクa,
10054021,リポ蛋白（ａ）減少,リポタンパクaゲンショウ,
10054022,リポ蛋白（ａ）正常,リポタンパクaセイジョウ,
10054023,リポ蛋白（ａ）異常,リポタンパクaイジョウ,
10054024,サイログロブリン陽性,サイログロブリンヨウセイ,
10054025,サイログロブリン陰性,サイログロブリンインセイ,
10054030,ラフォラ・ミオクロニーてんかん,ラフォラミオクロニーテンカン,
10054033,下垂体ゴナドトロピン分泌能亢進,カスイタイゴナドトロピンブンピノウコウシン,カスイタイゴナドトロピンブンピツノウコウシン
10054034,泉門閉鎖遅延,センモンヘイサチエン,
10054044,糖尿病性微小血管症,トウニョウビョウセイビショウケッカンショウ,
10054045,前嚢収縮,ゼンノウシュウシュク,
10054047,肺炎球菌性敗血症,ハイエンキュウキンセイハイケツショウ,
10054048,術後イレウス,ジュツゴイレウス,
10054052,臨床検査正常,リンショウケンサセイジョウ,
10054053,エストロゲン受容体測定,エストロゲンジュヨウタイソクテイ,
10054054,エストロゲン受容体測定陽性,エストロゲンジュヨウタイソクテイヨウセイ,
10054055,エストロゲン受容体測定陰性,エストロゲンジュヨウタイソクテイインセイ,
10054056,プロゲステロン受容体測定,プロゲステロンジュヨウタイソクテイ,
10054057,プロゲステロン受容体測定陽性,プロゲステロンジュヨウタイソクテイヨウセイ,
10054058,プロゲステロン受容体測定陰性,プロゲステロンジュヨウタイソクテイインセイ,
10054064,先天性長骨弯曲,センテンセイチョウコツワンキョク,
10054082,心筋血流スキャン,シンキンケツリュウスキャン,
10054088,細菌性尿路感染,サイキンセイニョウロカンセン,
10054089,抑うつ症状,ヨクウツショウジョウ,
10054092,血管穿刺部位出血,ケッカンセンシブイシュッケツ,
10054094,腫瘍壊死,シュヨウエシ,
10054096,出血性腫瘍壊死,シュッケツセイシュヨウエシ,
10054106,関節熱感,カンセツネッカン,
10054107,小結節,ショウケッセツ,
10054108,創部内臓脱出,ソウブナイゾウダッシュツ,
10054112,入院,ニュウイン,
10054115,喉頭不快感,コウトウフカイカン,
10054116,リステリア性脳炎,リステリアセイノウエン,
10054117,マラセチア感染,マラセチアカンセン,
10054118,悪性梅毒,アクセイバイドク,
10054120,小球菌感染,ショウキュウキンカンセン,
10054121,小胞子菌感染,ショウホウシキンカンセン,
10054122,心筋石灰化,シンキンセッカイカ,
10054123,マラリア性心筋炎,マラリアセイシンキンエン,
10054124,ペプトストレプトコッカス感染,ペプトストレプトコッカスカンセン,
10054125,肝周囲不快感,カンシュウイフカイカン,
10054126,処置後不快感,ショチゴフカイカン,
10054128,ビタミン補給,ビタミンホキュウ,
10054129,ジフテリア免疫,ジフテリアメンエキ,
10054130,Ｂ型肝炎免疫,Bガタカンエンメンエキ,
10054131,破傷風免疫,ハショウフウメンエキ,
10054133,悪心・嘔吐の予防,オシンオウトノヨボウ,
10054135,唾液中アルコール検査,ダエキチュウアルコールケンサ,
10054136,陰嚢嚢胞切除,インノウノウホウセツジョ,
10054137,ステノトロフォモナス性敗血症,ステノトロフォモナスセイハイケツショウ,
10054138,ステノトロフォモナス感染,ステノトロフォモナスカンセン,
10054139,精管精巣上体吻合,セイカンセイソウジョウタイフンゴウ,
10054140,ベイヨネラ感染,ベイヨネラカンセン,
10054152,皮膚カンジダ,ヒフカンジダ,
10054156,上腸間膜動脈症候群,ジョウチョウカンマクドウミャクショウコウグン,
10054160,クレブシエラ性敗血症,クレブシエラセイハイケツショウ,
10054161,ポンティアック熱,ポンティアックネツ,
10054162,小球菌性敗血症,ショウキュウキンセイハイケツショウ,
10054165,粘膜皮膚リーシュマニア症,ネンマクヒフリーシュマニアショウ,
10054175,ポリオ免疫,ポリオメンエキ,
10054176,唾液中アルコール検査陽性,ダエキチュウアルコールケンサヨウセイ,
10054178,赤痢菌感染,セキリキンカンセン,
10054179,子宮内異物経腟除去,シキュウナイイブツケイチツジョキョ,
10054184,小腸癌,ショウチョウガン,
10054185,副腎全摘,フクジンゼンテキ,
10054193,腸切除,チョウセツジョ,
10054196,感情不安定,カンジョウフアンテイ,
10054197,歩行偏位,ホコウヘンイ,
10054201,第４脳神経不全麻痺,ダイ4ノウシンケイフゼンマヒ,
10054202,第３脳神経不全麻痺,ダイ3ノウシンケイフゼンマヒ,
10054204,抗酸性桿菌感染,コウサンセイカンキンカンセン,
10054205,アエロモナス感染,アエロモナスカンセン,
10054206,アルコールリハビリテーション,アルコールリハビリテーション,
10054207,アルテルナリア感染,アルテルナリアカンセン,
10054210,ブルセラ性敗血症,ブルセラセイハイケツショウ,
10054211,心不快感,シンフカイカン,
10054212,心感染,シンカンセン,
10054213,シトロバクター性敗血症,シトロバクターセイハイケツショウ,
10054214,コクシジオイデス性脳炎,コクシジオイデスセイノウエン,
10054215,先天性耳瘻,センテンセイジロウ,
10054216,クリプトコッカス皮膚感染,クリプトコッカスヒフカンセン,
10054217,歯不快感,シフカイカン,ハフカイカン
10054218,エンテロバクター性肺炎,エンテロバクターセイハイエン,
10054219,エンテロバクター性敗血症,エンテロバクターセイハイケツショウ,
10054220,エンテロバクター性気管気管支炎,エンテロバクターセイキカンキカンシエン,
10054221,腸球菌性敗血症,チョウキュウキンセイハイケツショウ,
10054222,フラボバクテリウム感染,フラボバクテリウムカンセン,
10054223,フソバクテリウム感染,フソバクテリウムカンセン,
10054232,カテーテル留置部位不快感,カテーテルリュウチブイフカイカン,
10054236,クロストリジウム・ディフィシレ感染,クロストリジウムディフィシレカンセン,
10054244,肛門直腸単純ヘルペス,コウモンチョクチョウタンジュンヘルペス,
10054258,大腸菌性菌血症,ダイチョウキンセイキンケツショウ,
10054259,大腸菌性腟炎,ダイチョウキンセイチツエン,
10054260,男性生殖器手術,ダンセイセイショクキシュジュツ,
10054261,フラビウイルス感染,フラビウイルスカンセン,
10054263,ヘリコバクター感染,ヘリコバクターカンセン,
10054264,ヘリコバクター性敗血症,ヘリコバクターセイハイケツショウ,
10054265,α溶血性レンサ球菌感染,アルファヨウケツセイレンサキュウキンカンセン,
10054266,注射部位不快感,チュウシャブイフカイカン,
10054272,ヘリコバクター性胃炎,ヘリコバクターセイイエン,
10054716,眼球障害,ガンキュウショウガイ,
10054717,眼窩障害,ガンカショウガイ,
10054720,退行行動,タイコウコウドウ,
10054721,胎児ヘモグロビン,タイジヘモグロビン,
10054722,先天性腸管リンパ管拡張症,センテンセイチョウカンリンパカンカクチョウショウ,
10054749,シャルコ・ブシャール微小動脈瘤,シャルコブシャールビショウドウミャクリュウ,
10054753,胆管消失症候群,タンカンショウシツショウコウグン,
10054754,カルノフスキ尺度悪化,カルノフスキシャクドアッカ,
10054755,カルノフスキ尺度,カルノフスキシャクド,
10054756,カルノフスキ尺度改善,カルノフスキシャクドカイゼン,
10054760,角膜菲薄化,カクマクヒハクカ,
10054761,高粘稠性気管支分泌物,コウネンチョウセイキカンシブンピブツ,コウネンチョウセイキカンシブンピツブツ
10054762,眼内感染,ガンナイカンセン,
10054763,強膜菲薄化,キョウマクヒハクカ,
10054764,気管支分泌減少,キカンシブンピゲンショウ,キカンシブンピツゲンショウ
10054765,前房の炎症,ゼンボウノエンショウ,
10054773,房水のフィブリン,ボウスイノフィブリン,
10054774,前房のフィブリン,ゼンボウノフィブリン,
10054775,ウイルス性角膜潰瘍,ウイルスセイカクマクカイヨウ,
10054777,原虫性角膜潰瘍,ゲンチュウセイカクマクカイヨウ,
10054783,ビフィドバクテリウム感染,ビフィドバクテリウムカンセン,
10054785,鼻嚢胞切除,ビノウホウセツジョ,ハナノウホウセツジョ
10054786,皮膚灼熱感,ヒフシャクネツカン,
10054787,痔出血,ジシュッケツ,
10054793,動脈線維症,ドウミャクセンイショウ,
10054794,線維筋性形成異常,センイキンセイケイセイイジョウ,
10054795,トランスアミナーゼ低下,トランスアミナーゼテイカ,
10054796,脳切離,ノウセツリ,
10054797,硬膜下滲出液,コウマクカシンシュツエキ,
10054798,胎盤後血腫,タイバンゴケッシュ,タイバンコウケッシュ
10054799,周術期鎮痛,シュウジュツキチンツウ,
10054805,大血管障害,ダイケッカンショウガイ,
10054806,顎顔面手術,ガクガンメンシュジュツ,
10054807,抗痙攣剤濃度治療量以上,コウケイレンザイノウドチリョウリョウイジョウ,
10054808,末梢性麻痺,マッショウセイマヒ,
10054809,術後呼吸窮迫,ジュツゴコキュウキュウハク,
10054810,胎盤異形成,タイバンイケイセイ,
10054812,注射部位石灰化,チュウシャブイセッカイカ,
10054813,椎間関節症候群,ツイカンカンセツショウコウグン,
10054815,性器灼熱感,セイキシャクネツカン,
10054816,性器紅斑,セイキコウハン,
10054819,憩室ヘルニア,ケイシツヘルニア,
10054820,脊柱腫瘤,セキチュウシュリュウ,
10054821,リパーゼ異常,リパーゼイジョウ,
10054823,血中リン異常,ケッチュウリンイジョウ,
10054824,卵管卵巣膿瘍,ランカンランソウノウヨウ,
10054825,プロテーゼ移植,プロテーゼイショク,
10054826,咽頭病変,イントウビョウヘン,
10054827,腹膜病変,フクマクビョウヘン,
10054828,直腸病変,チョクチョウビョウヘン,
10054829,脾臓病変,ヒゾウビョウヘン,
10054830,咽喉病変,インコウビョウヘン,
10054831,人工乳房除去,ジンコウニュウボウジョキョ,
10054832,びまん性メサンギウム硬化,ビマンセイメサンギウムコウカ,
10054834,性腺機能亢進,セイセンキノウコウシン,
10054836,乳状血清,ニュウジョウケッセイ,
10054837,筋脂肪腫,キンシボウシュ,
10054838,適用部位発汗,テキヨウブイハッカン,
10054839,脊髄中心症候群,セキズイチュウシンショウコウグン,
10054846,角膜移植,カクマクイショク,
10054856,色素性黄斑症,シキソセイオウハンショウ,
10054859,ミオクロニーてんかん,ミオクロニーテンカン,
10054874,翼口蓋神経痛,ヨクコウガイシンケイツウ,
10054875,外耳道閉鎖,ガイジドウヘイサ,
10054876,モルガネラ感染,モルガネラカンセン,
10054877,粘膜変色,ネンマクヘンショク,
10054878,有痛性感覚消失,ユウツウセイカンカクショウシツ,
10054879,指節骨欠損,シセツコツケッソン,
10054880,血行不全,ケッコウフゼン,
10054881,後天性色素性網膜症,コウテンセイシキソセイモウマクショウ,
10054882,腓骨欠損,ヒコツケッソン,
10054885,肝臓血管腫破裂,カンゾウケッカンシュハレツ,
10054887,血中リン正常,ケッチュウリンセイジョウ,
10054888,トランスアミナーゼ,トランスアミナーゼ,
10054889,トランスアミナーゼ上昇,トランスアミナーゼジョウショウ,
10054891,硬膜外鎮痛,コウマクガイチンツウ,
10054892,胸骨脱臼,キョウコツダッキュウ,
10054895,バルト型ミオクロニーてんかん,バルトガタミオクロニーテンカン,
10054909,静脈性潰瘍痛,ジョウミャクセイカイヨウツウ,
10054912,卵巣嚢胞腺癌,ランソウノウホウセンガン,
10054913,卵巣漿液性嚢胞腺癌,ランソウショウエキセイノウホウセンガン,
10054914,卵巣粘液性嚢胞腺癌,ランソウネンエキセイノウホウセンガン,
10054920,溶血性黄疸性貧血,ヨウケツセイオウダンセイヒンケツ,
10054923,創部炎症,ソウブエンショウ,
10054924,乗物酔い予防,ノリモノヨイヨボウ,
10054925,ＨＩＶ感染予防,HIVカンセンヨボウ,
10054927,気管支痙攣予防,キカンシケイレンヨボウ,
10054928,植物アレルギー,ショクブツアレルギー,
10054929,発酵食品アレルギー,ハッコウショクヒンアレルギー,
10054930,神経管欠損予防,シンケイカンケッソンヨボウ,
10054931,脱水予防,ダッスイヨボウ,
10054932,外陰異形成,ガイインイケイセイ,
10054933,新生児呼吸窮迫症候群予防,シンセイジコキュウキュウハクショウコウグンヨボウ,
10054935,アイカルディ症候群,アイカルディショウコウグン,
10054936,心臓性肝硬変,シンゾウセイカンコウヘン,
10054937,中枢神経系腫瘤,チュウスウシンケイケイシュリュウ,
10054938,大脳障害,ダイノウショウガイ,
10054939,子宮頚部性難産,シキュウケイブセイナンザン,
10054940,論理障害,ロンリショウガイ,
10054945,心膜新生物,シンマクシンセイブツ,
10054946,心膜の悪性新生物,シンマクノアクセイシンセイブツ,
10054947,心膜の良性新生物,シンマクノリョウセイシンセイブツ,
10054948,半月板手術,ハンゲツバンシュジュツ,
10054949,化生,カセイ,
10054950,陰嚢紅斑,インノウコウハン,
10054951,播種性大細胞型リンパ腫,ハシュセイダイサイボウガタリンパシュ,
10054953,心理的虐待,シンリテキギャクタイ,
10054954,先天性脳嚢胞,センテンセイノウノウホウ,
10054955,気管閉鎖,キカンヘイサ,
10054956,音恐怖症,オトキョウフショウ,
10054964,ディスフェミア,ディスフェミア,
10054974,骨盤血腫,コツバンケッシュ,
10054976,抗うつ療法,コウウツリョウホウ,
10054977,電解質補充療法,デンカイシツホジュウリョウホウ,
10054978,黒血症,コクケツショウ,
10054979,続発性免疫不全症,ゾクハツセイメンエキフゼンショウ,
10054980,免疫抑制剤療法,メンエキヨクセイザイリョウホウ,
10054981,胃腸潰瘍予防,イチョウカイヨウヨボウ,
10054991,肺血腫,ハイケッシュ,
10054992,子宮頚部周囲縫合法,シキュウケイブシュウイホウゴウホウ,
10054994,注射部位膿疱,チュウシャブイノウホウ,
10054995,注入部位潰瘍,チュウニュウブイカイヨウ,
10054996,注入部位反応,チュウニュウブイハンノウ,
10054997,注入部位感染,チュウニュウブイカンセン,
10054998,神経低糖症,シンケイテイトウショウ,
10054999,さじ状爪,サジジョウソウ,サジジョウツメ
10055000,臭汗症,シュウカンショウ,
10055002,単精巣,タンセイソウ,
10055003,尿中クレアチニン減少,ニョウチュウクレアチニンゲンショウ,
10055004,性的活動亢進,セイテキカツドウコウシン,
10055006,膵肉腫,スイニクシュ,
10055007,膵のカルチノイド腫瘍,スイノカルチノイドシュヨウ,
10055008,胃肉腫,イニクシュ,
10055009,心線維腫,シンセンイシュ,
10055010,心リンパ管腫,シンリンパカンシュ,
10055011,心良性血管腫,シンリョウセイケッカンシュ,
10055012,心神経線維腫,シンシンケイセンイシュ,
10055013,心肉芽腫,シンニクゲシュ,
10055014,心臓負荷試験異常,シンゾウフカシケンイジョウ,
10055015,角膜肥大,カクマクヒダイ,
10055016,耳新生物,ジシンセイブツ,ミミシンセイブツ
10055017,耳の悪性新生物,ミミノアクセイシンセイブツ,
10055018,歯肉嚢胞,シニクノウホウ,
10055019,ヘモグロビンＤ症,ヘモグロビンDショウ,
10055020,ヘモグロビンＤ形質,ヘモグロビンDケイシツ,
10055021,ヘモグロビンＣ形質,ヘモグロビンCケイシツ,
10055023,肛門損傷,コウモンソンショウ,
10055024,膵腫大,スイシュダイ,
10055025,前立腺検査異常,ゼンリツセンケンサイジョウ,
10055026,前立腺閉塞,ゼンリツセンヘイソク,
10055027,汗腺感染,カンセンカンセン,
10055028,舌萎縮,ゼツイシュク,シタイシュク
10055029,臍紅斑,サイコウハン,
10055030,尿中リン増加,ニョウチュウリンゾウカ,
10055031,血管新生物,ケッカンシンセイブツ,
10055032,心電図Ｕ波異常,シンデンズUハイジョウ,
10055033,精巣乳頭腫,セイソウニュウトウシュ,
10055035,色素異常性固定紅斑,シキソイジョウセイコテイコウハン,
10055036,非定型マイコバクテリウム性心膜炎,ヒテイケイマイコバクテリウムセイシンマクエン,
10055038,椎間板石灰化,ツイカンバンセッカイカ,
10055039,椎間板圧迫,ツイカンバンアッパク,
10055040,椎間板損傷,ツイカンバンソンショウ,
10055041,椎間板腔狭窄,ツイカンバンクウキョウサク,
10055042,脊椎骨棘,セキツイコツキョク,
10055045,精巣上体障害,セイソウジョウタイショウガイ,
10055046,粘液水腫性苔癬,ネンエキスイシュセイタイセン,
10055047,脾壊死,ヒエシ,
10055048,ワクチンアレルギー,ワクチンアレルギー,
10055050,鼻内視鏡検査,ビナイシキョウケンサ,ハナナイシキョウケンサ
10055051,電気声門図,デンキセイモンズ,
10055052,平均血小板容積増加,ヘイキンケッショウバンヨウセキゾウカ,
10055053,平均血小板容積減少,ヘイキンケッショウバンヨウセキゲンショウ,
10055054,感染性軟骨炎,カンセンセイナンコツエン,
10055055,喉頭嚢胞切除,コウトウノウホウセツジョ,
10055056,眼瞼生検,ガンケンセイケン,
10055057,精嚢生検,セイノウセイケン,
10055063,心臓負荷試験正常,シンゾウフカシケンセイジョウ,
10055064,前立腺検査正常,ゼンリツセンケンサセイジョウ,
10055065,尿中リン減少,ニョウチュウリンゲンショウ,
10055066,尿中リン正常,ニョウチュウリンセイジョウ,
10055067,尿中リン異常,ニョウチュウリンイジョウ,
10055069,結核性心膜炎,ケッカクセイシンマクエン,
10055070,平均血小板容積正常,ヘイキンケッショウバンヨウセキセイジョウ,
10055071,平均血小板容積異常,ヘイキンケッショウバンヨウセキイジョウ,
10055082,口唇損傷,コウシンソンショウ,
10055088,粟粒肺炎,ゾクリュウハイエン,
10055093,遠隔転移を伴う脳悪性腫瘍,エンカクテンイヲトモナウノウアクセイシュヨウ,
10055094,遠隔転移を伴う子宮頚部癌,エンカクテンイヲトモナウシキュウケイブガン,
10055095,遠隔転移を伴う副腎癌,エンカクテンイヲトモナウフクジンガン,
10055096,遠隔転移を伴う肛門癌,エンカクテンイヲトモナウコウモンガン,
10055097,遠隔転移を伴う直腸癌,エンカクテンイヲトモナウチョクチョウガン,
10055098,遠隔転移を伴う口腔内癌,エンカクテンイヲトモナウコウクウナイガン,エンカクテンイヲトモナウコウコウナイガン
10055099,遠隔転移を伴う眼悪性腫瘍,エンカクテンイヲトモナウガンアクセイシュヨウ,エンカクテンイヲトモナウメアクセイシュヨウ
10055100,遠隔転移を伴う耳悪性腫瘍,エンカクテンイヲトモナウジアクセイシュヨウ,エンカクテンイヲトモナウミミアクセイシュヨウ
10055101,遠隔転移を伴う骨癌,エンカクテンイヲトモナウコツガン,
10055102,遠隔転移を伴う食道癌,エンカクテンイヲトモナウショクドウガン,
10055103,遠隔転移を伴う精巣癌,エンカクテンイヲトモナウセイソウガン,
10055104,遠隔転移を伴う咽頭癌,エンカクテンイヲトモナウイントウガン,
10055105,遠隔転移を伴う副鼻腔癌,エンカクテンイヲトモナウフクビクウガン,
10055106,遠隔転移を伴う下垂体癌,エンカクテンイヲトモナウカスイタイガン,
10055107,遠隔転移を伴う甲状腺癌,エンカクテンイヲトモナウコウジョウセンガン,
10055108,遠隔転移を伴う胸腺癌,エンカクテンイヲトモナウキョウセンガン,
10055109,遠隔転移を伴う舌癌,エンカクテンイヲトモナウゼツガン,
10055110,遠隔転移を伴う肝癌,エンカクテンイヲトモナウカンガン,
10055111,遠隔転移を伴う胆道癌,エンカクテンイヲトモナウタンドウガン,
10055113,遠隔転移を伴う乳癌,エンカクテンイヲトモナウニュウガン,
10055114,遠隔転移を伴う結腸癌,エンカクテンイヲトモナウケッチョウガン,
10055115,遠隔転移を伴う皮膚癌,エンカクテンイヲトモナウヒフガン,
10055117,滴下投与部位刺激感,テキカトウヨブイシゲキカン,
10055120,鎮咳療法,チンガイリョウホウ,
10055122,動静脈瘻部位合併症,ドウジョウミャクロウブイガッペイショウ,
10055123,動静脈瘻部位出血,ドウジョウミャクロウブイシュッケツ,
10055124,動静脈瘻部位感染,ドウジョウミャクロウブイカンセン,
10055125,動静脈グラフト部位合併症,ドウジョウミャクグラフトブイガッペイショウ,
10055126,動静脈グラフト部位出血,ドウジョウミャクグラフトブイシュッケツ,
10055127,動静脈グラフト部位感染,ドウジョウミャクグラフトブイカンセン,
10055128,自己免疫性好中球減少症,ジコメンエキセイコウチュウキュウゲンショウショウ,
10055147,動静脈グラフト部位狭窄,ドウジョウミャクグラフトブイキョウサク,
10055150,動静脈瘻部位血腫,ドウジョウミャクロウブイケッシュ,
10055152,動静脈グラフト部位血腫,ドウジョウミャクグラフトブイケッシュ,
10055156,造管術による神経修復,ゾウカンジュツニヨルシンケイシュウフク,
10055157,遊離サイロキシン,ユウリサイロキシン,
10055158,遊離サイロキシン異常,ユウリサイロキシンイジョウ,
10055159,遊離サイロキシン正常,ユウリサイロキシンセイジョウ,
10055161,腟留血症,チツリュウケツショウ,
10055162,遊離サイロキシン減少,ユウリサイロキシンゲンショウ,
10055163,遊離サイロキシン増加,ユウリサイロキシンゾウカ,
10055164,体脂肪異常,タイシボウイジョウ,
10055165,フォンウィルブランド因子多量体異常,フォンウィルブランドインシタリョウタイイジョウ,
10055166,言語的虐待,ゲンゴテキギャクタイ,
10055167,性的虐待の被害者,セイテキギャクタイノヒガイシャ,
10055169,フォンウィルブランド因子多量体測定,フォンウィルブランドインシタリョウタイソクテイ,
10055170,フォンウィルブランド因子多量体正常,フォンウィルブランドインシタリョウタイセイジョウ,
10055171,高血圧性腎症,コウケツアツセイジンショウ,
10055181,ＢＫウイルス感染,BKウイルスカンセン,
10055182,湿潤性湿疹,シツジュンセイシッシン,
10055660,止瀉薬による補助療法,シシャヤクニヨルホジョリョウホウ,
10055662,カテーテル留置部位血腫,カテーテルリュウチブイケッシュ,
10055663,盲腸手術,モウチョウシュジュツ,
10055665,角膜血管新生,カクマクケッカンシンセイ,
10055666,網膜血管新生,モウマクケッカンシンセイ,
10055667,新生児壊死性腸炎,シンセイジエシセイチョウエン,
10055668,壊死性食道炎,エシセイショクドウエン,
10055670,壊死性潰瘍性歯肉口内炎,エシセイカイヨウセイシニクコウナイエン,
10055671,壊死性潰瘍性歯周炎,エシセイカイヨウセイシシュウエン,
10055672,壊死性肺炎,エシセイハイエン,
10055677,卒中の出血性変化,ソッチュウノシュッケツセイヘンカ,
10055690,胎児死亡,タイジシボウ,
10055776,デング出血熱,デングシュッケツネツ,
10055798,出血,シュッケツ,
10055803,冠動脈出血,カンドウミャクシュッケツ,
10055847,尿路出血,ニョウロシュッケツ,
10055870,閉経後出血,ヘイケイゴシュッケツ,
10055890,筋肉内血腫,キンニクナイケッシュ,
10055909,カテーテル留置部位浮腫,カテーテルリュウチブイフシュ,
10055953,浮腫性硬化症,フシュセイコウカショウ,
10056091,食道静脈瘤,ショクドウジョウミャクリュウ,
10056131,癜風,デンプウ,
10056193,子宮頚部円錐切除,シキュウケイブエンスイセツジョ,
10056199,女性不妊手術,ジョセイフニンシュジュツ,
10056203,肝塞栓術,カンソクセンジュツ,
10056204,体外受精,タイガイジュセイ,
10056209,二次性全般化を伴う部分発作,ニジセイゼンパンカヲトモナウブブンホッサ,
10056210,赤血球空胞化,セッケッキュウクウホウカ,
10056212,あぶみ骨可動,アブミコツカドウ,
10056237,片頭痛性梗塞,ヘンズツウセイコウソク,
10056242,パーキンソン歩行,パーキンソンホコウ,
10056243,ビタミンＫ欠乏時産生蛋白ＩＩ,ビタミンKケツボウジサンセイタンパク2,
10056245,輸入脚症候群,ユニュウキャクショウコウグン,
10056246,好酸球性膀胱炎,コウサンキュウセイボウコウエン,
10056247,ビタミンＫ欠乏時産生蛋白ＩＩ上昇,ビタミンKケツボウジサンセイタンパク2ジョウショウ,
10056250,注射部位運動障害,チュウシャブイウンドウショウガイ,
10056251,尿路転移,ニョウロテンイ,
10056253,血管の良性新生物,ケッカンノリョウセイシンセイブツ,
10056254,子宮内感染,シキュウナイカンセン,
10056255,腰部くも膜下腔腹腔シャント,ヨウブクモマクカクウフククウシャント,ヨウブクモマクカクウフックウシャント
10056261,サイトメガロウイルス性心筋炎,サイトメガロウイルスセイシンキンエン,
10056262,サイトメガロウイルス症候群,サイトメガロウイルスショウコウグン,
10056263,心膜切開,シンマクセッカイ,
10056264,強迫反すう症,キョウハクハンスウショウ,
10056266,卵巣胎芽性癌,ランソウタイガセイガン,
10056268,腺筋症,センキンショウ,
10056269,癒着剥離,ユチャクハクリ,
10056270,注入部位炎症,チュウニュウブイエンショウ,
10056271,肛門直腸無形成,コウモンチョクチョウムケイセイ,
10056274,新生児中毒性紅斑,シンセイジチュウドクセイコウハン,
10056276,口蓋形成,コウガイケイセイ,
10056277,膵腎症候群,スイジンショウコウグン,
10056278,トキソプラズマ血清学的検査陽性,トキソプラズマケッセイガクテキケンサヨウセイ,
10056279,直腸瘻造設,チョクチョウロウゾウセツ,
10056281,ウイルス性血管炎,ウイルスセイケッカンエン,
10056282,抗痙攣剤濃度治療量,コウケイレンザイノウドチリョウリョウ,
10056283,ＣＤ８リンパ球減少,CD8リンパキュウゲンショウ,
10056284,リンパ節石灰化,リンパセツセッカイカ,
10056286,乳頭新生物,ニュウトウシンセイブツ,
10056287,胸骨損傷,キョウコツソンショウ,
10056288,虫垂新生物,チュウスイシンセイブツ,
10056290,グルタチオン減少,グルタチオンゲンショウ,
10056291,水分摂取量減少,スイブンセッシュリョウゲンショウ,
10056292,アンドロゲン不感性症候群,アンドロゲンフカンセイショウコウグン,
10056293,腎静脈閉塞,ジンジョウミャクヘイソク,
10056294,ケルニッヒ徴候,ケルニッヒチョウコウ,
10056295,カテーテル留置部位壊死,カテーテルリュウチブイエシ,
10056296,胸腺新生物,キョウセンシンセイブツ,
10056299,トキソプラズマ血清学的検査陰性,トキソプラズマケッセイガクテキケンサインセイ,
10056300,偽性麻痺,ギセイマヒ,
10056301,顔面播種状粟粒性狼瘡,ガンメンハシュジョウゾクリュウセイロウソウ,
10056302,肝異形成,カンイケイセイ,
10056303,勃起時疼痛,ボッキジトウツウ,
10056304,全前脳胞症,ゼンゼンノウホウショウ,
10056305,下咽頭新生物,カイントウシンセイブツ,
10056311,産瘤,サンリュウ,
10056319,外耳道損傷,ガイジドウソンショウ,
10056325,糞塊,フンカイ,
10056326,一過性精神病,イッカセイセイシンビョウ,
10056327,抗痙攣剤濃度治療量以下,コウケイレンザイノウドチリョウリョウイカ,
10056328,肝虚血,カンキョケツ,
10056332,全脳炎,ゼンノウエン,
10056335,第Ｖ因子抑制,ダイ5インシヨクセイ,
10056336,深部脳刺激,シンブノウシゲキ,
10056337,滑液包障害,カツエキホウショウガイ,
10056339,自律神経機能不全症候群,ジリツシンケイキノウフゼンショウコウグン,
10056342,肺腫瘤,ハイシュリュウ,
10056343,縦隔出血,ジュウカクシュッケツ,
10056344,月経不快感,ゲッケイフカイカン,
10056345,直腸腟中隔膿瘍,チョクチョウチツチュウカクノウヨウ,
10056346,吻合部出血,フンゴウブシュッケツ,
10056347,アルコール性痙攣,アルコールセイケイレン,
10056348,精索障害,セイサクショウガイ,
10056349,横隔膜下膿瘍,オウカクマクカノウヨウ,
10056350,疼痛管理,トウツウカンリ,
10056351,気腫性膀胱炎,キシュセイボウコウエン,
10056352,アレルギー検査陽性,アレルギーケンサヨウセイ,
10056353,ベンチレータ離脱,ベンチレータリダツ,
10056361,末端腸閉塞症候群,マッタンチョウヘイソクショウコウグン,
10056362,アレルギー検査陰性,アレルギーケンサインセイ,
10056367,関節結核,カンセツケッカク,
10056368,右方移動,ウホウイドウ,
10056369,血液型不適合による新生児溶血性貧血,ケツエキガタフテキゴウニヨルシンセイジヨウケツセイヒンケツ,
10056371,脳血管動静脈奇形,ノウケッカンドウジョウミャクキケイ,
10056377,骨結核,コツケッカク,ホネケッカク
10056379,爆風損傷,バクフウソンショウ,
10056382,術中大脳動脈閉塞,ジュツチュウダイノウドウミャクヘイソク,
10056383,左方移動,サホウイドウ,
10056387,アレルギー性脳炎,アレルギーセイノウエン,
10056388,嗅神経障害,キュウシンケイショウガイ,
10056391,分娩時母体ジストレス,ブンベンジボタイジストレス,
10056392,周産期脳損傷,シュウサンキノウソンショウ,
10056394,出産後ストレス障害,シュッサンゴストレスショウガイ,
10056395,著明なストレッサーを伴わない短期精神病性障害,チョメイナストレッサーヲトモナワナイタンキセイシンビョウセイショウガイ,
10056396,無症候性細菌尿,ムショウコウセイサイキンニョウ,
10056397,気管軟化症,キカンナンカショウ,
10056405,精神的発育遅延者,セイシンテキハツイクチエンシャ,
10056406,近親者による治療拒否,キンシンシャニヨルチリョウキョヒ,
10056407,患者による治療拒否,カンジャニヨルチリョウキョヒ,
10056409,心肺移植,シンパイイショク,
10056410,脳葉切除,ノウヨウセツジョ,
10056411,避妊リズム法,ヒニンリズムホウ,
10056416,膀胱頚部手術,ボウコウケイブシュジュツ,
10056417,非抱合型モノクローナル抗体療法,ヒホウゴウガタモノクローナルコウタイリョウホウ,
10056418,動脈バイパス手術,ドウミャクバイパスシュジュツ,
10056419,拡張型心筋症,カクチョウガタシンキンショウ,
10056426,卵管形成術,ランカンケイセイジュツ,
10056430,ブドウ球菌性敗血症,ブドウキュウキンセイハイケツショウ,
10056432,子宮内膜肥厚,シキュウナイマクヒコウ,
10056433,尿管瘤,ニョウカンリュウ,
10056434,先天性尿管瘤,センテンセイニョウカンリュウ,
10056437,パーキンソン病安静時振戦,パーキンソンビョウアンセイジシンセン,
10056438,成長ホルモン欠乏症,セイチョウホルモンケツボウショウ,
10056440,反抗挑戦性障害,ハンコウチョウセンセイショウガイ,
10056442,スワン・ガンツカテーテル留置,スワンガンツカテーテルリュウチ,
10056447,下垂体卒中,カスイタイソッチュウ,
10056450,肥満細胞性白血病,ヒマンサイボウセイハッケツビョウ,
10056452,無痛性全身性肥満細胞症,ムツウセイゼンシンセイヒマンサイボウショウ,
10056457,腹腔内血腫,フククウナイケッシュ,フックウナイケッシュ
10056458,水瘤排液検査,スイリュウハイエキケンサ,
10056459,心嚢排液検査異常,シンノウハイエキケンサイジョウ,
10056460,胸腔排液検査,キョウクウハイエキケンサ,
10056461,水瘤排液検査異常,スイリュウハイエキケンサイジョウ,
10056462,水瘤排液検査正常,スイリュウハイエキケンサセイジョウ,
10056463,心嚢排液検査正常,シンノウハイエキケンサセイジョウ,
10056464,胸腔排液検査異常,キョウクウハイエキケンサイジョウ,
10056465,食物渇望,ショクモツカツボウ,
10056466,リンパ洞カタル,リンパドウカタル,
10056467,大脳形成異常,ダイノウケイセイイジョウ,
10056471,新生児徐脈,シンセイジジョミャク,
10056472,心室壁運動亢進,シンシツヘキウンドウコウシン,
10056473,肘部管症候群,チュウブカンショウコウグン,
10056474,紅色症,コウショクショウ,
10056476,角膜刺激,カクマクシゲキ,
10056486,先行疾患,センコウシッカン,
10056489,冠動脈再狭窄,カンドウミャクサイキョウサク,
10056490,術後脊柱後弯症,ジュツゴセキチュウコウワンショウ,
10056492,抗第ＶＩＩＩ因子を有する血友病Ａ,コウダイ8インシヲユウスルケツユウビョウA,
10056493,インヒビターのない血友病Ａ,インヒビターノナイケツユウビョウA,
10056494,抗第ＩＸ因子を有する血友病Ｂ,コウダイ9インシヲユウスルケツユウビョウB,
10056495,インヒビターのない血友病Ｂ,インヒビターノナイケツユウビョウB,
10056499,肛門周囲体毛乱生,コウモンシュウイタイモウランセイ,
10056500,感染性虹彩毛様体炎,カンセンセイコウサイモウヨウタイエン,
10056501,細菌性涙嚢炎,サイキンセイルイノウエン,
10056505,妊娠時腎障害,ニンシンジジンショウガイ,
10056506,毛包性ムチン沈着症,モウホウセイムチンチンチャクショウ,
10056507,胆管吻合,タンカンフンゴウ,
10056508,後天性表皮水疱症,コウテンセイヒョウヒスイホウショウ,
10056509,皮膚エリテマトーデス,ヒフエリテマトーデス,
10056510,胸腺放射線療法,キョウセンホウシャセンリョウホウ,
10056511,後天性眼瞼贅皮,コウテンセイガンケンゼイヒ,
10056512,後天性過長結腸,コウテンセイカチョウケッチョウ,
10056514,胆道の良性新生物,タンドウノリョウセイシンセイブツ,
10056515,筋膜感染,キンマクカンセン,
10056517,腰筋膿瘍,ヨウキンノウヨウ,
10056518,敗血症性静脈炎,ハイケツショウセイジョウミャクエン,
10056519,腹部感染,フクブカンセン,
10056520,カテーテル留置部位感染,カテーテルリュウチブイカンセン,
10056522,肝感染,カンカンセン,
10056523,肝胆道系感染,カンタンドウケイカンセン,
10056525,妊娠時甲状腺障害,ニンシンジコウジョウセンショウガイ,
10056526,翼状爪,ヨクジョウソウ,
10056528,新生児胆汁うっ滞,シンセイジタンジュウウッタイ,
10056529,胆道ジスキネジア,タンドウジスキネジア,
10056530,外陰腟そう痒症,ガイインチツソウヨウショウ,
10056531,先天性眼瞼贅皮,センテンセイガンケンゼイヒ,
10056533,先天性肝線維症,センテンセイカンセンイショウ,
10056534,肝胆道Ｘ線,カンタンドウXセン,
10056535,肝胆道Ｘ線正常,カンタンドウXセンセイジョウ,
10056536,肝胆道Ｘ線異常,カンタンドウXセンイジョウ,
10056548,副甲状腺膿瘍,フクコウジョウセンノウヨウ,
10056551,尿中アルコール検査陽性,ニョウチュウアルコールケンサヨウセイ,
10056552,呼気中アルコール検査陽性,コキチュウアルコールケンサヨウセイ,
10056553,吸引治療,キュウインチリョウ,
10056554,Ｘ染色体連鎖障害,Xセンショクタイレンサショウガイ,
10056555,Ｙ染色体連鎖障害,Yセンショクタイレンサショウガイ,
10056556,会陰瘻,エインロウ,
10056557,湾岸戦争症候群,ワンガンセンソウショウコウグン,
10056558,腹膜悪性中皮腫,フクマクアクセイチュウヒシュ,
10056559,移植片感染,イショクヘンカンセン,
10056560,横隔膜破裂,オウカクマクハレツ,
10056561,ラクトース負荷試験異常,ラクトースフカシケンイジョウ,
10056562,腹膜カンジダ症,フクマクカンジダショウ,
10056564,尿中アルコール検査,ニョウチュウアルコールケンサ,
10056565,尿中アルコール検査陰性,ニョウチュウアルコールケンサインセイ,
10056566,呼気中アルコール検査,コキチュウアルコールケンサ,
10056567,呼気中アルコール検査陰性,コキチュウアルコールケンサインセイ,
10056568,ラクトース負荷試験正常,ラクトースフカシケンセイジョウ,
10056583,縦隔手術,ジュウカクシュジュツ,
10056585,新生児保温療法,シンセイジホオンリョウホウ,
10056587,骨盤診査,コツバンシンサ,
10056588,脂肪組織切除,シボウソシキセツジョ,
10056589,試験的手術,シケンテキシュジュツ,
10056609,尿毒症臭,ニョウドクショウシュウ,
10056610,偽性狭心症,ギセイキョウシンショウ,
10056611,瘻造影正常,ロウゾウエイセイジョウ,
10056612,瘻造影異常,ロウゾウエイイジョウ,
10056613,保育器療法,ホイクキリョウホウ,
10056614,尿中ビリルビン減少,ニョウチュウビリルビンゲンショウ,
10056615,尿中窒素減少,ニョウチュウチッソゲンショウ,
10056619,直腸超音波検査,チョクチョウチョウオンパケンサ,
10056620,直腸超音波検査正常,チョクチョウチョウオンパケンサセイジョウ,
10056621,直腸超音波検査異常,チョクチョウチョウオンパケンサイジョウ,
10056626,偽ポリープ,ギポリープ,
10056627,感染性静脈炎,カンセンセイジョウミャクエン,
10056628,卵巣細菌感染,ランソウサイキンカンセン,
10056629,デヒドロエピアンドロステロン減少,デヒドロエピアンドロステロンゲンショウ,
10056630,アポリポ蛋白,アポリポタンパク,
10056642,デヒドロエピアンドロステロン検査,デヒドロエピアンドロステロンケンサ,
10056643,アポリポ蛋白正常,アポリポタンパクセイジョウ,
10056644,アポリポ蛋白異常,アポリポタンパクイジョウ,
10056645,アポリポ蛋白増加,アポリポタンパクゾウカ,
10056646,アポリポ蛋白減少,アポリポタンパクゲンショウ,
10056647,眼窩周囲腫脹,ガンカシュウイシュチョウ,
10056651,前庭炎,ゼンテイエン,
10056652,中葉症候群,チュウヨウショウコウグン,
10056653,気管支損傷,キカンシソンショウ,
10056655,膀胱無形成,ボウコウムケイセイ,
10056656,二次性徴欠如,ニジセイチョウケツジョ,
10056657,高脂肪食,コウシボウショク,
10056658,仮性嚢胞,カセイノウホウ,
10056659,仙骨形成不全,センコツケイセイフゼン,
10056660,ゲオトリクム感染,ゲオトリクムカンセン,
10056662,四肢再接合手術,シシサイセツゴウシュジュツ,
10056663,胃感染,イカンセン,
10056664,後腹膜新生物,コウフクマクシンセイブツ,
10056666,尿中非治療薬陽性,ニョウチュウヒチリョウヤクヨウセイ,
10056667,コーガン症候群,コーガンショウコウグン,
10056668,気腫性胆嚢炎,キシュセイタンノウエン,
10056670,リンパ腫様丘疹症,リンパシュヨウキュウシンショウ,
10056671,皮膚粘膜発疹,ヒフネンマクホッシン,ヒフネンマクハッシン
10056672,神経外胚葉新生物,シンケイガイハイヨウシンセイブツ,
10056673,末梢性感覚運動ニューロパチー,マッショウセイカンカクウンドウニューロパチー,
10056674,口腔膿疱,コウクウノウホウ,コウコウノウホウ
10056675,術後腎不全,ジュツゴジンフゼン,
10056676,運転恐怖症,ウンテンキョウフショウ,
10056677,神経変性,シンケイヘンセイ,
10056681,唾液管の炎症,ダエキカンノエンショウ,
10056695,気管支浮腫,キカンシフシュ,
10056696,注視麻痺,チュウシマヒ,
10056697,組織無酸素症,ソシキムサンソショウ,
10056698,狭窄性腱鞘炎,キョウサクセイケンショウエン,
10056699,非定型良性部分てんかん,ヒテイケイリョウセイブブンテンカン,
10056700,尿中治療薬陽性,ニョウチュウチリョウヤクヨウセイ,
10056701,尿中治療薬陰性,ニョウチュウチリョウヤクインセイ,
10056702,尿中非治療薬陰性,ニョウチュウヒチリョウヤクインセイ,
10056703,唾液中アルコール検査陰性,ダエキチュウアルコールケンサインセイ,
10056704,寄生虫性食道炎,キセイチュウセイショクドウエン,
10056715,ローレンス・ムーン・バルデー・ビードル症候群,ローレンスムーンバルデービードルショウコウグン,
10056717,静脈瘤性静脈炎,ジョウミャクリュウセイジョウミャクエン,
10056718,胎盤絨毛血管腫,タイバンジュウモウケッカンシュ,
10056720,筋腫瘤,キンシュリュウ,
10056721,サイトメガロウイルス性心膜炎,サイトメガロウイルスセイシンマクエン,
10056722,半月板除去,ハンゲツバンジョキョ,
10056723,デンタルケア,デンタルケア,
10056738,子宮頚管裂傷,シキュウケイカンレッショウ,
10056740,性器分泌物,セイキブンピブツ,セイキブンピツブツ
10056741,糖尿病性腸障害,トウニョウビョウセイチョウショウガイ,
10056742,糖尿病性胃腸障害,トウニョウビョウセイイチョウショウガイ,
10056743,出血性胃腸潰瘍,シュッケツセイイチョウカイヨウ,
10056744,羊鳴性気管支音,ヨウメイセイキカンシオン,
10056745,術後胸部処置合併症,ジュツゴキョウブショチガッペイショウ,
10056754,子宮頚管病変部切除,シキュウケイカンビョウヘンブセツジョ,
10056807,耳鼻咽喉科検査,ジビインコウカケンサ,
10056809,骨形成低下,コツケイセイテイカ,
10056810,正常値を上回る身長,セイジョウチヲウワマワルシンチョウ,
10056811,正常値を下回る身長,セイジョウチヲシタマワルシンチョウ,
10056812,身長減少,シンチョウゲンショウ,
10056813,身長増加,シンチョウゾウカ,
10056814,体重異常,タイジュウイジョウ,
10056817,体重正常,タイジュウセイジョウ,
10056821,身長正常,シンチョウセイジョウ,
10056822,身長異常,シンチョウイジョウ,
10056823,直腸検査正常,チョクチョウケンサセイジョウ,
10056824,直腸検査異常,チョクチョウケンサイジョウ,
10056825,耳鏡検査正常,ジキョウケンサセイジョウ,
10056826,耳鏡検査異常,ジキョウケンサイジョウ,
10056827,歯科検査正常,シカケンサセイジョウ,
10056828,歯科検査異常,シカケンサイジョウ,
10056829,婦人科検査正常,フジンカケンサセイジョウ,
10056830,婦人科検査異常,フジンカケンサイジョウ,
10056831,神経学的検査正常,シンケイガクテキケンサセイジョウ,
10056832,神経学的検査異常,シンケイガクテキケンサイジョウ,
10056833,耳科検査正常,ジカケンサセイジョウ,
10056834,耳科検査異常,ジカケンサイジョウ,
10056835,眼科検査正常,ガンカケンサセイジョウ,
10056836,眼科検査異常,ガンカケンサイジョウ,
10056839,足病学的検査正常,ソクビョウガクテキケンサセイジョウ,
10056840,足病学的検査異常,ソクビョウガクテキケンサイジョウ,
10056841,泌尿器科検査正常,ヒニョウキカケンサセイジョウ,
10056842,泌尿器科検査異常,ヒニョウキカケンサイジョウ,
10056843,医学的観察正常,イガクテキカンサツセイジョウ,
10056844,医学的観察異常,イガクテキカンサツイジョウ,
10056845,救急医療における検査正常,キュウキュウイリョウニオケルケンサセイジョウ,
10056846,救急医療における検査異常,キュウキュウイリョウニオケルケンサイジョウ,
10056847,耳鼻咽喉科検査正常,ジビインコウカケンサセイジョウ,
10056848,耳鼻咽喉科検査異常,ジビインコウカケンサイジョウ,
10056849,アプガールスコア正常,アプガールスコアセイジョウ,
10056850,アプガールスコア異常,アプガールスコアイジョウ,
10056851,検温正常,ケンオンセイジョウ,
10056852,検温異常,ケンオンイジョウ,
10056866,顔のやせ,カオノヤセ,
10056867,活性化プロテインＣ抵抗性,カッセイカプロテインCテイコウセイ,
10056871,医療機器不具合,イリョウキキフグアイ,
10056872,触知可能紫斑病,ショクチカノウシハンビョウ,
10056873,第３期梅毒,ダイ3キバイドク,
10056874,化学物質性膀胱炎,カガクブッシツセイボウコウエン,
10056875,アクロコルドン切除,アクロコルドンセツジョ,
10056878,播種性皮膚線維腫症,ハシュセイヒフセンイシュショウ,
10056883,第２期梅毒,ダイ2キバイドク,
10056884,第１期梅毒,ダイ1キバイドク,
10056885,アデノウイルス性肝炎,アデノウイルスセイカンエン,
10056886,ムコ多糖症Ｉ,ムコタトウショウ1,
10056889,ムコ多糖症ＩＩ,ムコタトウショウ2,
10056890,ムコ多糖症ＩＩＩ,ムコタトウショウ3,
10056891,ムコ多糖症Ｖ,ムコタトウショウ5,
10056892,ムコ多糖症ＶＩ,ムコタトウショウ6,
10056893,ムコ多糖症ＶＩＩ,ムコタトウショウ7,
10056894,ＸＹＹ症候群,XYYショウコウグン,
10056905,溺水,デキスイ,
10056948,自動膀胱,ジドウボウコウ,
10056951,光線性口唇炎,コウセンセイコウシンエン,
10056954,ゴットロン丘疹,ゴットロンキュウシン,
10056956,亜急性肝不全,アキュウセイカンフゼン,
10056962,心電図２相性Ｐ波,シンデンズ2ソウセイPハ,
10056968,持続性隆起性紅斑,ジゾクセイリュウキセイコウハン,
10056969,糖尿病性脂肪類壊死症,トウニョウビョウセイシボウルイエシショウ,
10056970,ネグレリア感染,ネグレリアカンセン,
10056971,感染による慢性閉塞性気道疾患の増悪,カンセンニヨルマンセイヘイソクセイキドウシッカンノゾウアク,
10056972,水腫性胆嚢炎,スイシュセイタンノウエン,
10056974,新生児副甲状腺機能低下症,シンセイジフクコウジョウセンキノウテイカショウ,
10056975,膵フレグモーネ,スイフレグモーネ,
10056976,遺伝性膵炎,イデンセイスイエン,
10056977,アルコール性膵炎,アルコールセイスイエン,
10056978,胃嚢胞,イノウホウ,
10056979,顕微鏡的大腸炎,ケンビキョウテキダイチョウエン,
10056981,大腸腺腫性ポリポーシス,ダイチョウセンシュセイポリポーシス,
10056982,歯肉切除,シニクセツジョ,
10056983,歯周手術,シシュウシュジュツ,
10056984,歯垢,シコウ,
10056987,先天性異所性膵,センテンセイイショセイスイ,
10056988,糞石,フンセキ,
10056990,腸管脱,チョウカンダツ,
10056991,小腸結腸瘻,ショウチョウケッチョウロウ,
10056992,食道気管支瘻,ショクドウキカンシロウ,
10056994,ブルンネル腺過形成,ブルンネルセンカケイセイ,
10056995,胃腸粘膜障害,イチョウネンマクショウガイ,
10056997,空腹時血中ブドウ糖不良,クウフクジケッチュウブドウトウフリョウ,
10056998,口蓋浮腫,コウガイフシュ,
10056999,唇裂修復,シンレツシュウフク,
10057001,精嚢感染,セイノウカンセン,
10057002,唾液腺腫瘤,ダエキセンシュリュウ,
10057003,食道腫瘤,ショクドウシュリュウ,
10057004,気管支異形成,キカンシイケイセイ,
10057005,腸瘻造設,チョウロウゾウセツ,
10057006,回腸切除,カイチョウセツジョ,
10057007,空腸切除,クウチョウセツジョ,
10057008,膀胱前立腺摘除,ボウコウゼンリツセンテキジョ,
10057011,直腸攣縮,チョクチョウレンシュク,
10057022,膵管括約筋切除,スイカンカツヤクキンセツジョ,
10057024,食道胃切除,ショクドウイセツジョ,
10057030,腸壁気腫症,チョウヘキキシュショウ,
10057037,新生児テタニー,シンセイジテタニー,
10057040,温度変化不耐症,オンドヘンカフタイショウ,
10057041,多形皮膚萎縮症,タケイヒフイシュクショウ,
10057042,先天性皮膚弛緩症,センテンセイヒフシカンショウ,センテンセイヒフチカンショウ
10057056,腫瘍随伴性天疱瘡,シュヨウズイハンセイテンポウソウ,
10057064,皮膚のたるみ,ヒフノタルミ,
10057070,隆起性皮膚線維肉腫,リュウキセイヒフセンイニクシュ,
10057071,直腸しぶり,チョクチョウシブリ,
10057074,腸瘻閉鎖,チョウロウヘイサ,
10057075,胎便栓症候群,タイベンセンショウコウグン,
10057084,胃腸粘膜色素沈着,イチョウネンマクシキソチンチャク,
10057098,眼内注射,ガンナイチュウシャ,
10057102,膿気胸,ノウキキョウ,
10057105,眼レーザー手術,ガンレーザーシュジュツ,
10057106,血中メトヘモグロビン陽性,ケッチュウメトヘモグロビンヨウセイ,
10057107,芽球細胞陽性,ガキュウサイボウヨウセイ,
10057108,抗赤血球抗体陽性,コウセッケッキュウコウタイヨウセイ,
10057109,多発性微小結節性肺胞上皮細胞過形成,タハツセイビショウケッセツセイハイホウジョウヒサイボウカケイセイ,
10057110,肝腫瘤,カンシュリュウ,
10057111,滑液中赤血球陽性,カツエキチュウセッケッキュウヨウセイ,
10057112,滑液中結晶陽性,カツエキチュウケッショウヨウセイ,
10057113,滑液中ブドウ糖陽性,カツエキチュウブドウトウヨウセイ,
10057114,滑液中蛋白陽性,カツエキチュウタンパクヨウセイ,
10057115,扁平頭蓋底,ヘンペイトウガイテイ,
10057116,多染性赤血球陽性,タセンセイセッケッキュウヨウセイ,
10057117,前立腺容積測定検査,ゼンリツセンヨウセキソクテイケンサ,
10057118,尿中ホモシスチン陽性,ニョウチュウホモシスチンヨウセイ,
10057120,尿中尿酸増加,ニョウチュウニョウサンゾウカ,
10057121,尿中移行上皮細胞陽性,ニョウチュウイコウジョウヒサイボウヨウセイ,
10057135,尿臭異常,ニョウシュウイジョウ,
10057136,芽球細胞陰性,ガキュウサイボウインセイ,
10057137,抗赤血球抗体陰性,コウセッケッキュウコウタイインセイ,
10057138,尿中シュウ酸塩,ニョウチュウシュウサンエン,
10057139,尿中尿酸減少,ニョウチュウニョウサンゲンショウ,
10057140,尿中尿酸正常,ニョウチュウニョウサンセイジョウ,
10057141,尿中尿酸異常,ニョウチュウニョウサンイジョウ,
10057142,尿中尿酸,ニョウチュウニョウサン,
10057146,腸管吻合,チョウカンフンゴウ,
10057147,骨折デブリードマン,コッセツデブリードマン,
10057156,下垂体切除,カスイタイセツジョ,
10057157,血中メトヘモグロビン,ケッチュウメトヘモグロビン,
10057158,血中メトヘモグロビン陰性,ケッチュウメトヘモグロビンインセイ,
10057159,尿中ホモシスチン,ニョウチュウホモシスチン,
10057161,胃腸潰瘍治療,イチョウカイヨウチリョウ,
10057182,眼窩周囲蜂巣炎,ガンカシュウイホウソウエン,
10057183,新生児頻呼吸,シンセイジヒンコキュウ,
10057194,急性巨核芽球性白血病（寛解期）,キュウセイキョカクガキュウセイハッケツビョウカンカイキ,
10057202,胆管拡張,タンカンカクチョウ,
10057203,尿道拡張術,ニョウドウカクチョウジュツ,
10057204,肛門拡張術,コウモンカクチョウジュツ,
10057205,胆管拡張術,タンカンカクチョウジュツ,
10057206,幽門拡張術,ユウモンカクチョウジュツ,
10057207,幽門拡張,ユウモンカクチョウ,
10057208,光干渉断層撮影,ヒカリカンショウダンソウサツエイ,
10057209,子宮頚部肥大,シキュウケイブヒダイ,
10057211,眼瞼毛包炎,ガンケンモウホウエン,
10057222,リウマチ後慢性関節障害,リウマチゴマンセイカンセツショウガイ,
10057224,ワクチン接種後の易刺激性,ワクチンセッシュゴノイシゲキセイ,
10057229,胆嚢摘出術後症候群,タンノウテキシュツジュツゴショウコウグン,
10057230,脳振盪後症候群,ノウシントウゴショウコウグン,
10057248,細胞死,サイボウシ,
10057249,食作用,ショクサヨウ,
10057250,細胞媒介性細胞傷害,サイボウバイカイセイサイボウショウガイ,
10057251,後天性ミトコンドリアＤＮＡ欠失,コウテンセイミトコンドリアDNAケッシツ,
10057252,後天性ミトコンドリアＤＮＡ変異,コウテンセイミトコンドリアDNAヘンイ,
10057254,結合組織の炎症,ケツゴウソシキノエンショウ,
10057258,感染性静脈瘤,カンセンセイジョウミャクリュウ,
10057259,喉頭異形成,コウトウイケイセイ,
10057260,下気道の炎症,カキドウノエンショウ,
10057261,肺硬結,ハイコウケツ,
10057263,前立腺硬結,ゼンリツセンコウケツ,
10057264,Ｔリンパ球数増加,Tリンパキュウスウゾウカ,
10057265,尿中電解質増加,ニョウチュウデンカイシツゾウカ,
10057266,印環細胞癌,インカンサイボウガン,
10057267,静脈周囲炎,ジョウミャクシュウイエン,
10057268,脊髄麻痺,セキズイマヒ,
10057269,粘液性類表皮癌,ネンエキセイルイヒョウヒガン,
10057270,神経内分泌癌,シンケイナイブンピガン,シンケイナイブンピツガン
10057271,好酸球性結腸炎,コウサンキュウセイケッチョウエン,
10057276,頚髄麻痺,ケイズイマヒ,
10057277,胸髄麻痺,キョウズイマヒ,
10057278,腰髄麻痺,ヨウズイマヒ,
10057283,Ｔリンパ球数正常,Tリンパキュウスウセイジョウ,
10057284,Ｔリンパ球数異常,Tリンパキュウスウイジョウ,
10057285,神経筋ブロック療法,シンケイキンブロックリョウホウ,
10057286,神経筋ブロック拮抗,シンケイキンブロックキッコウ,
10057293,ウエストナイルウイルス感染,ウエストナイルウイルスカンセン,
10057294,胎児治療手技,タイジチリョウシュギ,
10057295,声帯の炎症,セイタイノエンショウ,
10057296,偽神経学的症状,ギシンケイガクテキショウジョウ,
10057304,子宮頚管拡張および子宮内掻爬,シキュウケイカンカクチョウオヨビシキュウナイソウハ,
10057305,食道拡張術,ショクドウカクチョウジュツ,
10057315,白日夢,ハクジツム,
10057316,再発下垂体腫瘍,サイハツカスイタイシュヨウ,
10057322,椎間板手術,ツイカンバンシュジュツ,
10057332,固有感覚の欠如,コユウカンカクノケツジョ,
10057333,小字症,ショウジショウ,
10057334,肺嚢胞切除,ハイノウホウセツジョ,
10057335,治療的塞栓術,チリョウテキソクセンジュツ,
10057338,気管腫瘤,キカンシュリュウ,
10057340,精巣平滑筋肉腫,セイソウヘイカツキンニクシュ,
10057341,腺脂肪腫,センシボウシュ,
10057342,爪咬癖,ソウコウヘキ,
10057343,パルボウイルス感染,パルボウイルスカンセン,
10057344,咽頭肥大,イントウヒダイ,
10057345,腎脂肪腫症,ジンシボウシュショウ,
10057346,気管支ポリープ,キカンシポリープ,
10057347,ブドウ球菌性耳感染,ブドウキュウキンセイジカンセン,ブドウキュウキンセイミミカンセン
10057348,胃潰瘍外科手術,イカイヨウゲカシュジュツ,
10057352,遠隔転移を伴う膀胱癌,ボウコウノエンカクテンイヲトモナウガン,
10057358,鼻粘膜肥厚,ビネンマクヒコウ,
10057361,血液脳関門欠損,ケツエキノウカンモンケッソン,
10057362,過少量投与,カショウリョウトウヨ,
10057365,口腔白色水腫,コウクウハクショクスイシュ,コウコウハクショクスイシュ
10057366,ヒトポリオーマウイルス感染,ヒトポリオーマウイルスカンセン,
10057371,口の感覚鈍麻,クチノカンカクドンマ,
10057372,口の錯感覚,クチノサクカンカク,クチノサッカンカク
10057373,アデノウイルス性出血性膀胱炎,アデノウイルスセイシュッケツセイボウコウエン,
10057374,リハビリテーション療法,リハビリテーションリョウホウ,
10057375,バリント症候群,バリントショウコウグン,
10057376,卵巣顆粒卵胞膜細胞腫,ランソウカリュウランポウマクサイボウシュ,
10057380,アレルギー性角膜炎,アレルギーセイカクマクエン,
10057385,眼瞼刺激,ガンケンシゲキ,
10057391,内臓ヘルニア,ナイゾウヘルニア,
10057392,副鼻腔分泌過多,フクビクウブンピカタ,フクビクウブンピツカタ
10057393,二束ブロック,ニソクブロック,
10057397,腎盂鏡検査,ジンウキョウケンサ,
10057399,腎杯憩室,ジンパイケイシツ,
10057400,前房色素沈着,ゼンボウシキソチンチャク,
10057401,眼角形成,ガンカクケイセイ,
10057402,脈絡膜欠損,ミャクラクマクケッソン,
10057403,脈絡膜梗塞,ミャクラクマクコウソク,
10057405,脈絡膜新生物,ミャクラクマクシンセイブツ,
10057406,結膜新生物,ケツマクシンセイブツ,
10057407,網膜新生物,モウマクシンセイブツ,
10057408,涙管新生物,ルイカンシンセイブツ,
10057409,前立腺圧痛,ゼンリツセンアッツウ,
10057410,瞳孔動揺,ドウコウドウヨウ,
10057411,先天性虹彩異常,センテンセイコウサイイジョウ,
10057412,虹彩新生物,コウサイシンセイブツ,
10057413,虹彩損傷,コウサイソンショウ,
10057414,小角膜,ショウカクマク,
10057415,毛様体障害,モウヨウタイショウガイ,
10057416,眼部血管外皮腫,ガンブケッカンガイヒシュ,
10057417,毛様体出血,モウヨウタイシュッケツ,
10057418,虹彩出血,コウサイシュッケツ,
10057419,白内障手術合併症,ハクナイショウシュジュツガッペイショウ,
10057420,虹彩手術,コウサイシュジュツ,
10057421,角膜対光反射試験,カクマクタイコウハンシャシケン,
10057422,視神経乳頭血管障害,シシンケイニュウトウケッカンショウガイ,
10057423,視神経乳頭毛細血管拡張,シシンケイニュウトウモウサイケッカンカクチョウ,
10057424,視神経の良性新生物,シシンケイノリョウセイシンセイブツ,
10057425,眼窩周囲障害,ガンカシュウイショウガイ,
10057426,瞳孔変形,ドウコウヘンケイ,
10057428,網膜色素細胞腫,モウマクシキソサイボウシュ,
10057429,イールズ病,イールズビョウ,
10057430,網膜損傷,モウマクソンショウ,
10057431,強膜浮腫,キョウマクフシュ,
10057432,強膜色素沈着,キョウマクシキソチンチャク,
10057433,強膜移植,キョウマクイショク,
10057434,視標追跡検査,シヒョウツイセキケンサ,
10057435,硝子体癒着,ショウシタイユチャク,
10057436,硝子体損傷,ショウシタイソンショウ,
10057437,喉頭蓋嚢胞,コウトウガイノウホウ,
10057439,喉頭腫瘤,コウトウシュリュウ,
10057440,喉頭蓋腫瘤,コウトウガイシュリュウ,
10057441,喉頭損傷,コウトウソンショウ,
10057442,鼻喉頭炎,ビコウトウエン,
10057443,鼻粘膜生検,ビネンマクセイケン,ハナネンマクセイケン
10057444,中咽頭新生物,チュウイントウシンセイブツ,
10057445,耳介仮性嚢胞,ジカイカセイノウホウ,
10057446,耳部損傷,ジブソンショウ,
10057447,副鼻腔の良性新生物,フクビクウノリョウセイシンセイブツ,
10057448,副鼻腔新生物,フクビクウシンセイブツ,
10057449,アデノイド障害,アデノイドショウガイ,
10057450,扁桃出血,ヘントウシュッケツ,
10057451,扁桃嚢胞,ヘントウノウホウ,
10057452,末梢血管造影,マッショウケッカンゾウエイ,
10057453,大動脈拡張,ダイドウミャクカクチョウ,
10057454,大動脈弁逸脱,ダイドウミャクベンイツダツ,
10057455,心室障害,シンシツショウガイ,
10057456,心奇形腫,シンキケイシュ,
10057457,血行力学検査異常,ケッコウリキガクケンサイジョウ,
10057458,血管検査異常,ケッカンケンサイジョウ,
10057459,植込み型除細動器置換,ウエコミガタジョサイドウキチカン,
10057461,心臓処置合併症,シンゾウショチガッペイショウ,
10057462,血管処置合併症,ケッカンショチガッペイショウ,
10057463,心膜手術,シンマクシュジュツ,
10057464,肺動脈弁石灰化,ハイドウミャクベンセッカイカ,
10057465,肺動脈弁硬化症,ハイドウミャクベンコウカショウ,
10057466,三尖弁石灰化,サンセンベンセッカイカ,
10057467,三尖弁硬化症,サンセンベンコウカショウ,
10057469,血管狭窄,ケッカンキョウサク,
10057470,リンパ節触知,リンパセツショクチ,
10057471,脾触知,ヒショクチ,
10057472,胆嚢触知,タンノウショクチ,
10057473,ベルナール・スーリエ症候群,ベルナールスーリエショウコウグン,
10057476,先天性歯周異常,センテンセイシシュウイジョウ,
10057477,骨髄像,コツズイゾウ,
10057478,呼吸器振盪音,コキュウキシントウオン,
10057480,高圧酸素療法,コウアツサンソリョウホウ,
10057481,ループス肺臓炎,ループスハイゾウエン,
10057482,レスピレータ依存,レスピレータイゾン,
10057493,腎動脈形成,ジンドウミャクケイセイ,
10057500,左房肥大,サボウヒダイ,
10057501,右房肥大,ウボウヒダイ,
10057508,腎盂鏡検査正常,ジンウキョウケンサセイジョウ,
10057509,腎盂鏡検査異常,ジンウキョウケンサイジョウ,
10057510,先天性腎杯憩室,センテンセイジンパイケイシツ,
10057511,角膜対光反射試験正常,カクマクタイコウハンシャシケンセイジョウ,
10057512,角膜対光反射試験異常,カクマクタイコウハンシャシケンイジョウ,
10057513,視神経乳頭陥凹／乳頭比減少,シシンケイニュウトウカンオウニュウトウヒゲンショウ,
10057514,視標追跡検査正常,シヒョウツイセキケンサセイジョウ,
10057515,視標追跡検査異常,シヒョウツイセキケンサイジョウ,
10057516,末梢血管造影正常,マッショウケッカンゾウエイセイジョウ,
10057517,末梢血管造影異常,マッショウケッカンゾウエイイジョウ,
10057518,末梢動脈形成,マッショウドウミャクケイセイ,
10057520,末梢動脈解離,マッショウドウミャクカイリ,
10057521,末梢動脈瘤,マッショウドウミャクリュウ,
10057522,血行力学検査正常,ケッコウリキガクケンサセイジョウ,
10057523,血管検査正常,ケッカンケンサセイジョウ,
10057525,末梢動脈閉塞,マッショウドウミャクヘイソク,
10057526,心電図Ｐ波逆転,シンデンズPハギャクテン,
10057527,骨髄像正常,コツズイゾウセイジョウ,
10057528,骨髄像異常,コツズイゾウイジョウ,
10057529,遠隔転移を伴う卵巣癌,エンカクテンイヲトモナウランソウガン,
10057537,鼻粘膜変色,ビネンマクヘンショク,
10057554,腸骨動脈解離,チョウコツドウミャクカイリ,
10057563,脊髄造影,セキズイゾウエイ,
10057564,脊髄造影正常,セキズイゾウエイセイジョウ,
10057565,脊髄造影異常,セキズイゾウエイイジョウ,
10057567,視神経乳頭陥凹／乳頭比増加,シシンケイニュウトウカンオウニュウトウヒゾウカ,
10057570,呼吸器ジスキネジア,コキュウキジスキネジア,
10057571,眼球後出血,ガンキュウゴシュッケツ,ガンキュウコウシュッケツ
10057572,胃静脈瘤出血,イジョウミャクリュウシュッケツ,
10057573,慢性肝不全,マンセイカンフゼン,
10057574,下垂体放射線療法,カスイタイホウシャセンリョウホウ,
10057576,心中隔肥大,シンチュウカクヒダイ,
10057581,タバコ使用者,タバコシヨウシャ,
10057585,処置後下痢,ショチゴゲリ,
10057586,処置後胆汁漏出,ショチゴタンジュウロウシュツ,
10057587,処置後尿漏出,ショチゴニョウロウシュツ,
10057593,血中ケトン体,ケッチュウケトンタイ,
10057594,血中ケトン体増加,ケッチュウケトンタイゾウカ,
10057595,血中ケトン体減少,ケッチュウケトンタイゲンショウ,
10057596,尿中ケトン体陰性,ニョウチュウケトンタイインセイ,
10057597,尿中ケトン体陽性,ニョウチュウケトンタイヨウセイ,
10057598,血中ケトン体陽性,ケッチュウケトンタイヨウセイ,
10057600,血中ケトン体陰性,ケッチュウケトンタイインセイ,
10057602,滑液包損傷,カツエキホウソンショウ,
10057603,靱帯骨棘,ジンタイコツキョク,
10057604,滑液包石灰化,カツエキホウセッカイカ,
10057605,インターフェロンγレセプター不全,インターフェロンガンマレセプターフゼン,
10057607,頚動脈洞マッサージ,ケイドウミャクドウマッサージ,
10057608,筋移植,キンイショク,
10057609,骨折整復,コッセツセイフク,
10057610,末梢神経除圧,マッショウシンケイジョアツ,
10057611,尿路手術,ニョウロシュジュツ,
10057612,骨デブリードマン,コツデブリードマン,
10057614,心膜石灰化,シンマクセッカイカ,
10057615,内分泌性高血圧,ナイブンピセイコウケツアツ,ナイブンピツセイコウケツアツ
10057616,麻酔拮抗,マスイキッコウ,
10057617,大動脈バイパス,ダイドウミャクバイパス,
10057619,感染性腱鞘炎,カンセンセイケンショウエン,
10057620,セントラルコア病,セントラルコアビョウ,
10057621,窒息性胸郭異形成,チッソクセイキョウカクイケイセイ,
10057622,ＱＲＳ軸,QRSジク,
10057623,ＱＲＳ軸正常,QRSジクセイジョウ,
10057624,ＱＲＳ軸異常,QRSジクイジョウ,
10057643,ゴキブリアレルギー,ゴキブリアレルギー,
10057644,精巣癌,セイソウガン,
10057645,慢性炎症性脱髄性多発根ニューロパチー,マンセイエンショウセイダツズイセイタハツコンニューロパチー,
10057646,軟部組織末梢神経上皮腫,ナンブソシキマッショウシンケイジョウヒシュ,
10057647,腫瘍細胞縮小術,シュヨウサイボウシュクショウジュツ,
10057648,単眼症,タンガンショウ,
10057649,子宮内膜肉腫,シキュウナイマクニクシュ,
10057651,心臓弁疣贅,シンゾウベンユウゼイ,
10057653,脳皮質血管腫症,ノウヒシツケッカンシュショウ,
10057654,女性乳癌,ジョセイニュウガン,
10057664,注射による四肢の運動低下,チュウシャニヨルシシノウンドウテイカ,
10057665,注射部位リンパ節腫脹,チュウシャブイリンパセツシュチョウ,
10057666,不安障害,フアンショウガイ,
10057667,双極性障害,ソウキョクセイショウガイ,
10057668,認知障害,ニンチショウガイ,
10057669,結腸損傷,ケッチョウソンショウ,
10057671,女性性機能不全,ジョセイセイキノウフゼン,
10057672,男性性機能不全,ダンセイセイキノウフゼン,
10057673,胎児に影響する母体の状態,タイジニエイキョウスルボタイノジョウタイ,
10057675,後眼房異常,コウガンボウイジョウ,
10057676,精神医学的検査,セイシンイガクテキケンサ,
10057677,移植,イショク,
10057678,血管性認知症,ケッカンセイニンチショウ,
10057679,創傷閉鎖,ソウショウヘイサ,
10057680,蛇昆虫の分泌毒液中毒,ヘビコンチュウノブンピドクエキチュウドク,ヘビコンチュウノブンピツドクエキチュウドク
10057681,関節形成,カンセツケイセイ,
10057682,須毛白癬,シュモウハクセン,スモウハクセン
10057684,胸壁生検異常,キョヘキセイケンイジョウ,
10057685,胸壁生検正常,キョヘキセイケンセイジョウ,
10057687,血性分泌物,ケッセイブンピブツ,ケッセイブンピツブツ
10057688,カテーテル留置部位分泌,カテーテルリュウチブイブンピ,カテーテルリュユチブイブンピツ
10057700,限局性血管肉腫,ゲンキョクセイケッカンニクシュ,
10057739,血小板非減少性紫斑病,ケッショウバンヒゲンショウセイシハンビョウ,
10057751,処置後分泌物,ショチゴブンピブツ,ショチゴブンピツブツ
10057755,血液学的検査異常,ケツエキガクテキケンサイジョウ,
10057756,血液学的検査正常,ケツエキガクテキケンサセイジョウ,
10057765,処置合併症,ショチガッペイショウ,
10057767,コリネバクテリウム性敗血症,コリネバクテリウムセイハイケツショウ,
10057768,心臓外傷後症候群,シンゾウガイショウゴショウコウグン,
10057771,リンパ球幼若化試験陽性,リンパキュウヨウジャクカシケンヨウセイ,
10057773,リンパ球幼若化試験陰性,リンパキュウヨウジャクカシケンインセイ,
10057775,大動脈造影,ダイドウミャクゾウエイ,
10057776,バルーン閉塞下逆行性経静脈性塞栓術,バルーンヘイソクカギャッコウセイケイジョウミャクセイソクセンジュツ,
10057777,椎骨動脈血栓症,ツイコツドウミャクケッセンショウ,
10057794,大動脈造影異常,ダイドウミャクゾウエイイジョウ,
10057795,大動脈造影正常,ダイドウミャクゾウエイセイジョウ,
10057798,腹部コンピュータ断層撮影異常,フクブコンピュータダンソウサツエイイジョウ,
10057799,胸部コンピュータ断層撮影異常,キョウブコンピュータダンソウサツエイイジョウ,
10057800,腹部コンピュータ断層撮影正常,フクブコンピュータダンソウサツエイセイジョウ,
10057801,胸部コンピュータ断層撮影正常,キョウブコンピュータダンソウサツエイセイジョウ,
10057837,腹膜潅流,フクマクカンリュウ,
10057838,再発悪性下垂体新生物,サイハツアクセイカスイタイシンセイブツ,
10057840,大うつ病,ダイウツビョウ,
10057843,ストーマ部疼痛,ストーマブトウツウ,
10057846,未分化神経外胚葉性腫瘍,ミブンカシンケイガイハイヨウセイシュヨウ,
10057847,胆道性敗血症,タンドウセイハイケツショウ,
10057850,胆道超音波検査正常,タンドウチョウオンパケンサセイジョウ,
10057851,胆道超音波検査異常,タンドウチョウオンパケンサイジョウ,
10057852,ニコチン依存,ニコチンイゾン,
10057854,脳トキソプラズマ症,ノウトキソプラズマショウ,
10057855,両眼近接,リョウガンキンセツ,リョウメキンセツ
10057856,抗痙攣剤濃度増加,コウケイレンザイノウドゾウカ,
10057857,抗痙攣剤濃度減少,コウケイレンザイノウドゲンショウ,
10057858,男性生殖器発育不全,ダンセイセイショクキハツイクフゼン,
10057862,両眼隔離症,リョウガンカクリショウ,リョウメカクリショウ
10057864,骨密度増加,コツミツドゾウカ,
10057868,細菌性上気道感染,サイキンセイジョウキドウカンセン,
10057869,細菌性咽頭炎,サイキンセイイントウエン,
10057870,ヘッドラグ,ヘッドラグ,
10057871,ヘッドラグ異常,ヘッドラグイジョウ,
10057872,ヘッドラグ正常,ヘッドラグセイジョウ,
10057873,遺伝性ヘモクロマトーシス,イデンセイヘモクロマトーシス,
10057880,注射部位結節,チュウシャブイケッセツ,
10057881,適用部位膿瘍,テキヨウブイノウヨウ,
10057882,子宮頚管内膜掻爬,シキュウケイカンナイマクソウハ,
10057884,ボーマン膜障害,ボーマンマクショウガイ,
10057885,眼瞼乳頭腫,ガンケンニュウトウシュ,
10057886,先天性脈絡膜異常,センテンセイミャクラクマクイジョウ,
10057887,新生児エリテマトーデス,シンセイジエリテマトーデス,
10057888,腱石灰化,ケンセッカイカ,
10057895,動脈雑音,ドウミャクザツオン,
10057896,増殖性硝子体網膜症,ゾウショクセイショウシタイモウマクショウ,
10057900,耳チューブ挿入,ミミチューブソウニュウ,
10057903,亜急性皮膚エリテマトーデス,アキュウセイヒフエリテマトーデス,
10057913,心電図Ｕ波陽性,シンデンズUハヨウセイ,
10057921,心室内径,シンシツナイケイ,
10057922,心室内径異常,シンシツナイケイイジョウ,
10057923,心室内径正常,シンシツナイケイセイジョウ,
10057925,移植適応の評価,イショクテキオウノヒョウカ,
10057926,先天性ＱＴ延長症候群,センテンセイQTエンチョウショウコウグン,
10057927,耳チューブ除去,ミミチューブジョキョ,
10057928,急性皮膚エリテマトーデス,キュウセイヒフエリテマトーデス,
10057929,慢性皮膚エリテマトーデス,マンセイヒフエリテマトーデス,
10057941,皮膚化学熱傷,ヒフカガクネッショウ,
10057945,筋酵素上昇,キンコウソジョウショウ,
10057946,暗夜恐怖症,アンヤキョウフショウ,
10057948,夜間恐怖,ヤカンキョウフ,
10057950,杆状核好中球数減少,カンジョウカクコウチュウキュウスウゲンショウ,
10057951,筋酵素,キンコウソ,
10057952,筋酵素低下,キンコウソテイカ,
10057954,先天性ミトコンドリア細胞症,センテンセイミトコンドリアサイボウショウ,
10057956,シルマー試験異常,シルマーシケンイジョウ,
10057957,シルマー試験正常,シルマーシケンセイジョウ,
10057961,リウマチ因子減少,リウマチインシゲンショウ,
10057962,リウマチ因子増加,リウマチインシゾウカ,
10057964,脳室造影,ノウシツゾウエイ,
10057965,不飽和鉄結合能増加,フホウワテツケツゴウノウゾウカ,
10057966,不飽和鉄結合能減少,フホウワテツケツゴウノウゲンショウ,
10057967,脳室造影正常,ノウシツゾウエイセイジョウ,
10057968,脳室造影異常,ノウシツゾウエイイジョウ,
10057969,逆流性胃炎,ギャクリュウセイイエン,
10057970,中毒性皮疹,チュウドクセイヒシン,
10057972,過剰仮骨,カジョウカコツ,
10057973,歯槽整形術,シソウセイケイジュツ,
10057974,歯肉腫,シニクシュ,
10057975,乳酸／ピルビン酸比,ニュウサンピルビンサンヒ,
10057976,乳酸／ピルビン酸比異常,ニュウサンピルビンサンヒイジョウ,
10057977,乳酸／ピルビン酸比増加,ニュウサンピルビンサンヒゾウカ,
10057978,乳酸／ピルビン酸比減少,ニュウサンピルビンサンヒゲンショウ,
10057980,乳酸／ピルビン酸比正常,ニュウサンピルビンサンヒセイジョウ,
10057984,風疹状皮疹,フウシンジョウヒシン,
10057985,Ｅ型肝炎抗体陽性,Eガタカンエンコウタイヨウセイ,
10057986,虫垂粘液嚢胞,チュウスイネンエキノウホウ,
10057987,胆嚢粘液嚢胞,タンノウネンエキノウホウ,
10057992,Ｅ型肝炎抗体,Eガタカンエンコウタイ,
10057993,Ｅ型肝炎抗体陰性,Eガタカンエンコウタイインセイ,
10057994,Ｅ型肝炎抗体異常,Eガタカンエンコウタイイジョウ,
10057995,Ｅ型肝炎抗体正常,Eガタカンエンコウタイセイジョウ,
10057999,心電図ペースメーカースパイク,シンデンズペースメーカースパイク,
10058001,グロブリン減少,グロブリンゲンショウ,
10058002,低グロブリン血症,テイグロブリンケツショウ,テイグロブリンケッショウ
10058008,偽単核細胞増加症,ギタンカクサイボウゾウカショウ,
10058009,亜急性脊髄視神経ニューロパチー,アキュウセイセキズイシシンケイニューロパチー,
10058012,前立腺特異性抗原異常,ゼンリツセントクイセイコウゲンイジョウ,
10058013,胎位異常,タイイイジョウ,
10058014,感染性新生物,カンセンセイシンセイブツ,
10058015,感染性嚢腫,カンセンセイノウシュ,
10058016,感染性血栓症,カンセンセイケッセンショウ,
10058017,感染性動脈瘤,カンセンセイドウミャクリュウ,
10058019,癌疼痛,ガントウツウ,
10058022,前立腺特異性抗原正常,ゼンリツセントクイセイコウゲンセイジョウ,
10058024,形質細胞減少,ケイシツサイボウゲンショウ,
10058025,高圧性水頭症,コウアツセイスイトウショウ,
10058028,シャント感染,シャントカンセン,
10058029,関節線維性癒着,カンセツセンイセイユチャク,
10058030,軟骨肥厚,ナンコツヒコウ,
10058031,関節癒着,カンセツユチャク,
10058032,抑制抗体,ヨクセイコウタイ,
10058035,胃イレウス,イイレウス,
10058036,経鼻胃管排液量高値,ケイビイカンハイエキリョウコウチ,
10058037,シスタチンＣ増加,シスタチンCゾウカ,
10058039,心穿孔,シンセンコウ,
10058040,腹部敗血症,フクブハイケツショウ,
10058041,膿創,ノウソウ,
10058042,創部膿瘍,ソウブノウヨウ,
10058043,切開部位痛,セッカイブイツウ,
10058046,処置後合併症,ショチゴガッペイショウ,
10058049,投与部位疼痛,トウヨブイトウツウ,
10058059,吻合合併症,フンゴウガッペイショウ,
10058060,移植片合併症,イショクヘンガッペイショウ,
10058061,消化管浮腫,ショウカカンフシュ,
10058062,埋込み部位刺激感,ウメコミブイシゲキカン,
10058063,中和抗体,チュウワコウタイ,
10058067,移植片離層,イショクヘンリソウ,
10058073,麻酔前投薬,マスイゼントウヤク,マスイマエトウヤク
10058074,耳洗浄,ジセンジョウ,ミミセンジョウ
10058077,胸膜放射線療法,キョウマクホウシャセンリョウホウ,
10058079,肺静脈還流異常,ハイジョウミャクカンリュウイジョウ,
10058080,ブドウ球菌感染,ブドウキュウキンカンセン,
10058084,思春期早発症,シシュンキソウハツショウ,
10058092,多臓器障害,タゾウキショウガイ,
10058094,インフルエンザ脳炎,インフルエンザノウエン,
10058095,腹膜血腫,フクマクケッシュ,
10058097,代謝障害,タイシャショウガイ,
10058105,好中球性皮膚症,コウチュウキュウセイヒフショウ,
10058108,脂質異常症,シシツイジョウショウ,
10058109,逆むけ,サカムケ,
10058111,尿道ステント挿入,ニョウドウステントソウニュウ,
10058112,軟骨溶解,ナンコツヨウカイ,
10058113,胎便性腹膜炎,タイベンセイフクマクエン,
10058114,パープルグローブ症候群,パープルグローブショウコウグン,
10058116,腎性貧血,ジンセイヒンケツ,
10058117,黄疸眼,オウダンガン,
10058118,耳頭症,ジトウショウ,
10058119,神経原性ショック,シンケイゲンセイショック,
10058120,肝結核,カンケッカク,
10058130,皮脂欠乏症,ヒシケツボウショウ,
10058133,好酸球百分率異常,コウサンキュウヒャクブンリツイジョウ,
10058134,好中球百分率異常,コウチュキュウヒャクブンリツイジョウ,
10058141,植皮片拒絶反応,ショクヒヘンキョゼツハンノウ,
10058142,腸管移植拒絶反応,チョウカンイショクキョゼツハンノウ,
10058143,ループス血管炎,ループスケッカンエン,
10058144,梗塞後狭心症,コウソクゴキョウシンショウ,
10058145,心内膜下虚血,シンナイマクカキョケツ,
10058148,アメーバ性心膜炎,アメーバセイシンマクエン,
10058149,ループス心膜炎,ループスシンマクエン,
10058150,先天性大動脈拡張,センテンセイダイドウミャクカクチョウ,
10058151,無脈性電気活動,ムミャクセイデンキカツドウ,
10058155,交互脈,コウゴミャク,
10058156,再潅流性不整脈,サイカンリュウセイフセイミャク,
10058169,鰓弓症候群,サイキュウショウコウグン,
10058176,褐色細胞腫切除,カッショクサイボウシュセツジョ,
10058177,過動心症候群,カドウシンショウコウグン,
10058178,大動脈閉塞,ダイドウミャクヘイソク,
10058179,高血圧緊急症,コウケツアツキンキュウショウ,
10058181,高血圧切迫症,コウケツアツセッパクショウ,
10058184,心室性副収縮,シンシツセイフクシュウシュク,
10058202,嚢胞様黄斑浮腫,ノウホウヨウオウハンフシュ,
10058216,白血球空胞化,ハッケッキュウクウホウカ,
10058222,高血圧性心筋症,コウケツアツセイシンキンショウ,
10058225,ループス心内膜炎,ループスシンナイマクエン,
10058227,右房拡大,ウボウカクダイ,
10058266,トロポニンＴ,トロポニンT,
10058267,トロポニン増加,トロポニンゾウカ,
10058268,トロポニンＩ増加,トロポニンIゾウカ,
10058269,トロポニンＴ増加,トロポニンTゾウカ,
10058271,過度驚愕,カドキョウガク,
10058278,パネル反応性抗体増加,パネルハンノウセイコウタイゾウカ,
10058279,第Ｖ因子ライデン変異,ダイ5インシライデンヘンイ,
10058280,パネル反応性抗体,パネルハンノウセイコウタイ,
10058281,胆嚢癌第２期,タンノウガンダイ2キ,
10058282,胆嚢癌第３期,タンノウガンダイ3キ,
10058283,胆嚢癌第４期,タンノウガンダイ4キ,
10058284,節足動物刺傷アレルギー,セッソクドウブツシショウアレルギー,
10058285,節足動物咬傷アレルギー,セッソクドウブツコウショウアレルギー,
10058286,胆嚢腺癌,タンノウセンガン,
10058297,カルバモイルリン酸合成酵素欠損症,カルバモイルリンサンゴウセイコウソケッソンショウ,
10058298,アルギニノコハク酸合成酵素欠損症,アルギニノコハクサンゴウセイコウソケッソンショウ,
10058299,アルギニノコハク酸分解酵素欠損症,アルギニノコハクサンブンカイコウソケッソンショウ,
10058300,リジン尿性蛋白不耐症,リジンニョウセイタンパクフタイショウ,
10058305,クロストリジウム性大腸炎,クロストリジウムセイダイチョウエン,
10058306,遠隔転移を伴う気管支癌,エンカクテンイヲトモナウキカンシガン,
10058307,末梢血管系転移,マッショウケッカンケイテンイ,
10058310,結膜下注射,ケツマクカチュウシャ,
10058314,異形成,イケイセイ,
10058316,抗感染療法,コウカンセンリョウホウ,
10058317,心筋虚血の心電図所見,シンキンキョケツノシンデンズショケン,
10058318,不全角化,フゼンカクカ,
10058319,書字障害,ショジショウガイ,
10058320,膀胱腫瘤,ボウコウシュリュウ,
10058324,治療的催吐,チリョウテキサイト,
10058339,脾炎,ヒエン,
10058340,胎児肺成熟の促進を目的とした母体治療,タイジハイセイジュクノソクシンヲモクテキトシタボタイチリョウ,
10058341,抗リン脂質抗体,コウリンシシツコウタイ,
10058342,抗リン脂質抗体陰性,コウリンシシツコウタイインセイ,
10058354,細気管支肺胞上皮癌,サイキカンシハイホウジョウヒガン,
10058357,虹彩振盪,コウサイシントウ,
10058358,びらん性大腸炎,ビランセイダイチョウエン,
10058359,性腺機能低下,セイセンキノウテイカ,
10058360,後腹膜血腫,コウフクマクケッシュ,
10058363,尿中好酸球陽性,ニョウチュウコウサンキュウヨウセイ,
10058364,動脈生検異常,ドウミャクセイケンイジョウ,
10058365,胆管生検異常,タンカンセイケンイジョウ,
10058366,横隔膜生検異常,オウカクマクセイケンイジョウ,
10058367,眼瞼生検異常,ガンケンセイケンイジョウ,
10058368,エルゴセラピー,エルゴセラピー,
10058369,卵管生検異常,ランカンセイケンイジョウ,
10058370,胎児生検異常,タイジセイケンイジョウ,
10058371,腸生検異常,チョウセイケンイジョウ,
10058372,靱帯生検異常,ジンタイセイケンイジョウ,
10058373,腱生検異常,ケンセイケンイジョウ,
10058374,膵生検異常,スイセイケンイジョウ,
10058375,精嚢生検異常,セイノウセイケンイジョウ,
10058376,子宮生検異常,シキュウセイケンイジョウ,
10058377,声帯生検異常,セイタイセイケンイジョウ,
10058378,縦隔生検異常,ジュウカクセイケンイジョウ,
10058379,皮膚科検査,ヒフカケンサ,
10058380,皮膚科検査異常,ヒフカケンサイジョウ,
10058381,食道瘻修復,ショクドウロウシュウフク,
10058382,胆管瘻修復,タンカンロウシュウフク,
10058383,胆嚢瘻修復,タンノウロウシュウフク,
10058384,膵瘻修復,スイロウシュウフク,
10058385,泌尿生殖器瘻修復,ヒニョウセイショクキロウシュウフク,
10058386,滑液包手術,カツエキホウシュジュツ,
10058391,尿中好酸球,ニョウチュウコウサンキュウ,
10058392,尿中好酸球陰性,ニョウチュウコウサンキュウインセイ,
10058393,動脈生検正常,ドウミャクセイケンセイジョウ,
10058394,胆管生検正常,タンカンセイケンセイジョウ,
10058395,横隔膜生検正常,オウカクマクセイケンセイジョウ,
10058396,眼瞼生検正常,ガンケンセイケンセイジョウ,
10058397,卵管生検正常,ランカンセイケンセイジョウ,
10058398,胎児生検正常,タイジセイケンセイジョウ,
10058399,腸生検正常,チョウセイケンセイジョウ,
10058400,靱帯生検正常,ジンタイセイケンセイジョウ,
10058401,腱生検正常,ケンセイケンセイジョウ,
10058402,膵生検正常,スイセイケンセイジョウ,
10058403,精嚢生検正常,セイノウセイケンセイジョウ,
10058404,子宮生検正常,シキュウセイケンセイジョウ,
10058405,声帯生検正常,セイタイセイケンセイジョウ,
10058406,縦隔生検正常,ジュウカクセイケンセイジョウ,
10058407,皮膚科検査正常,ヒフカケンサセイジョウ,
10058408,外科的血管シャント,ゲカテキケッカンシャント,
10058409,血管生検正常,ケッカンセイケンセイジョウ,
10058410,血管生検異常,ケッカンセイケンイジョウ,
10058417,ヒアルロン酸,ヒアルロンサン,
10058418,ヒアルロン酸正常,ヒアルロンサンセイジョウ,
10058419,ヒアルロン酸異常,ヒアルロンサンイジョウ,
10058420,ヒアルロン酸増加,ヒアルロンサンゾウカ,
10058421,ヒアルロン酸減少,ヒアルロンサンゲンショウ,
10058423,血管腫・血小板減少症候群,ケッカンシュケッショウバンゲンショウショウコウグン,
10058429,舌癌第０期,ゼツガンダイ0キ,
10058430,舌癌第１期,ゼツガンダイ1キ,
10058431,舌癌第２期,ゼツガンダイ2キ,
10058432,舌癌第３期,ゼツガンダイ3キ,
10058433,舌癌第４期,ゼツガンダイ4キ,
10058434,グルタミン酸脱水素酵素濃度異常,グルタミンサンダッスイソコウソノウドイジョウ,
10058435,胃肉芽腫,イニクゲシュ,
10058436,Ｄ型肝炎抗原陽性,Dガタカンエンコウゲンヨウセイ,
10058437,Ｄ型肝炎抗原,Dガタカンエンコウゲン,
10058438,肝臓脱,カンゾウダツ,
10058440,心筋膿瘍,シンキンノウヨウ,
10058441,胆管虚血,タンカンキョケツ,
10058442,肛門肥大乳頭,コウモンヒダイニュウトウ,
10058443,神経嚢虫症,シンケイノウチュウショウ,
10058444,ホフマン徴候,ホフマンチョウコウ,
10058449,マイコバクテリウム・アビウムコンプレックス免疫再構築疾患,マイコバクテリウムアビウムコンプレックスメンエキサイコウチクシッカン,
10058450,グルタミン酸脱水素酵素濃度正常,グルタミンサンダッスイソコウソノウドセイジョウ,
10058451,Ｄ型肝炎抗原陰性,Dガタカンエンコウゲンインセイ,
10058453,食道吻合,ショクドウフンゴウ,
10058455,爪色素沈着,ソウシキソチンチャク,ツメシキソチンチャク
10058456,人工歯冠処置,ジンコウシカンショチ,
10058460,細菌性迷路炎,サイキンセイメイロエン,
10058461,非感染性精巣炎,ヒカンセンセイセイソウエン,
10058463,外尿道口狭窄,ガイニョウドウコウキョウサク,
10058464,注入部位膿瘍,チュニュウブイノウヨウ,
10058467,肺の悪性新生物,ハイノアクセイシンセイブツ,
10058468,腹腔鏡下手術,フククウキョウカシュジュツ,フックウキョウカシュジュツ
10058470,心機能検査,シンキノウケンサ,
10058471,関節鏡下手術,カンセツキョウカシュジュツ,
10058477,血中ビリルビン異常,ケッチュウビリルビンイジョウ,
10058478,心機能検査正常,シンキノウケンサセイジョウ,
10058479,心機能検査異常,シンキノウケンサイジョウ,
10058483,項部硬直,コウブコウチョク,
10058484,膀胱マラコプラキア,ボウコウマラコプラキア,
10058485,赤芽球数増加,セキガキュウスウゾウカ,
10058486,眉間反射異常,ミケンハンシャイジョウ,
10058489,ヒトＴ細胞リンパ親和性ウイルス２型感染,ヒトTサイボウリンパシンワセイウイルス2ガタカンセン,
10058490,高酸素症,コウサンソショウ,
10058491,肺動脈拡張,ハイドウミャクカクチョウ,
10058504,バリズム,バリズム,
10058505,赤芽球数減少,セキガキュウスウゲンショウ,
10058506,赤芽球数,セキガキュウスウ,
10058507,赤芽球数正常,セキガキュウスウセイジョウ,
10058508,赤芽球数異常,セキガキュウスウイジョウ,
10058509,高プロリン血症,コウプロリンケツショウ,コウプロリンケッショウ
10058516,高トロンビン血症,コウトロンビンケツショウ,コウトロンビンケッショウ
10058517,低トロンビン血症,テイトロンビンケツショウ,テイトロンビンケッショウ
10058518,低トロンボプラスチン血症,テイトロンボプラスチンケツショウ,テイトロンボプラスチンケッショウ
10058521,遊離ヘモグロビン陽性,ユウリヘモグロビンヨウセイ,
10058522,食道損傷,ショクドウソンショウ,
10058523,膀胱カンジダ症,ボウコウカンジダショウ,
10058524,膀胱嚢胞,ボウコウノウホウ,
10058525,鼻吸引,ビキュウイン,ハナキュウイン
10058527,遠隔転移を伴う食道扁平上皮癌,エンカクテンイヲトモナウショクドウヘンペイジョウヒガン,
10058528,胆汁量増加,タンジュウリョウゾウカ,
10058529,抗血小板抗体陽性,コウケッショウバンコウタイヨウセイ,
10058530,末梢神経麻痺,マッショウシンケイマヒ,
10058539,遊離ヘモグロビン陰性,ユウリヘモグロビンインセイ,
10058541,抗血小板抗体陰性,コウケッショウバンコウタイインセイ,
10058542,抗血小板抗体,コウケッショウバンコウタイ,
10058553,横隔膜損傷,オウカクマクソンショウ,
10058556,漿膜炎,ショウマクエン,
10058558,低潅流,テイカンリュウ,
10058559,つぎ足歩行検査,ツギアシホコウケンサ,
10058560,つぎ足歩行検査異常,ツギアシホコウケンサイジョウ,
10058561,つぎ足歩行検査正常,ツギアシホコウケンサセイジョウ,
10058562,動静脈瘻閉塞,ドウジョウミャクロウヘイソク,
10058563,肺門腫瘤,ハイモンシュリュウ,
10058564,後天性竜骨胸,コウテンセイリュウコツキョウ,
10058565,後天性漏斗胸,コウテンセイロウトキョウ,
10058571,脊髄梗塞,セキズイコウソク,
10058596,腎嚢胞感染,ジンノウホウカンセン,
10058597,右室機能不全,ウシツキノウフゼン,
10058604,頭蓋縫合部拡大,トウガイホウゴウブカクダイ,
10058605,吸啜反射不良,キュウセツハンシャフリョウ,
10058609,ピルビン酸キナーゼ増加,ピルビンサンキナーゼゾウカ,
10058610,尿中カルシウム／クレアチニン比増加,ニョウチュウカルシウムクレアチニンヒゾウカ,
10058611,５－ヒドロキシインドール酢酸増加,5ヒドロキシインドールサクサンゾウカ,
10058612,セクレチン試験値増加,セクレチンシケンチゾウカ,
10058613,ピルビン酸キナーゼ減少,ピルビンサンキナーゼゲンショウ,
10058614,尿中カルシウム／クレアチニン比減少,ニョウチュウカルシウムクレアチニンヒゲンショウ,
10058616,５－ヒドロキシインドール酢酸減少,5ヒドロキシインドールサクサンゲンショウ,
10058624,尿中カルシウム／クレアチニン比,ニョウチュウカルシウムクレアチニンヒ,
10058630,総コレステロール／ＨＤＬ比増加,ソウコレステロールHDLヒゾウカ,
10058631,総コレステロール／ＨＤＬ比減少,ソウコレステロールHDLヒゲンショウ,
10058632,総コレステロール／ＨＤＬ比,ソウコレステロールHDLヒ,
10058633,総コレステロール／ＨＤＬ比異常,ソウコレステロールHDLヒイジョウ,
10058634,総コレステロール／ＨＤＬ比正常,ソウコレステロールHDLヒセイジョウ,
10058646,角膜リポイド環,カクマクリポイドカン,
10058648,大動脈障害,ダイドウミャクショウガイ,
10058660,脊椎靱帯骨化症,セキツイジンタイコツカショウ,セキツイジンタイコッカショウ
10058664,前眼房結晶形成,ゼンガンボウケッショウケイセイ,
10058665,母乳変色,ボニュウヘンショク,
10058666,サイトメガロウイルス感染再燃,サイトメガロウイルスカンセンサイネン,
10058667,経口毒性,ケイコウドクセイ,
10058668,斜指症,シャシショウ,
10058670,喉頭刺激感,コウトウシゲキカン,
10058671,白血病肝浸潤,ハッケツビョウカンシンジュン,
10058672,消極的思考,ショウキョクテキシコウ,
10058673,爪軟化症,ソウナンカショウ,ツメナンカショウ
10058674,骨盤内感染,コツバンナイカンセン,
10058675,乾癬様皮膚炎,カンセンヨウヒフエン,
10058678,真菌性副鼻腔炎,シンキンセイフクビクウエン,
10058679,皮膚浮腫,ヒフフシュ,
10058680,乳頭腫脹,ニュウトウシュチョウ,
10058681,小水疱性湿疹,ショウスイホウセイシッシン,
10058682,ウイルス性腟炎,ウイルスセイチツエン,
10058704,子宮頚部痛,シキュウケイブツウ,
10058709,昏眠,コンミン,
10058713,適用部位腫瘤,テキヨウブイシュリュウ,
10058717,慢性リンパ性白血病急性転化,マンセイリンパセイハッケツビョウキュウセイテンカ,
10058728,リクター症候群,リクターショウコウグン,
10058729,薬剤性塞栓性皮膚症,ヤクザイセイソクセンセイヒフショウ,
10058730,適用部位光線過敏反応,テキヨウブイコウセンカビンハンノウ,
10058734,片頭痛予防,ヘンズツウヨボウ,
10058735,ミオグロビン血症,ミオグロビンケツショウ,ミオグロビンケッショウ
10058736,ＨＩＶ抗体陽性,HIVコウタイヨウセイ,
10058737,ＨＩＶ抗原陽性,HIVコウゲンヨウセイ,
10058738,ビタミンＥ減少,ビタミンEゲンショウ,
10058739,ビタミンＢ１増加,ビタミンB1ゾウカ,
10058740,ビタミンＢ１減少,ビタミンB1ゲンショウ,
10058741,ビタミンＢ２増加,ビタミンB2ゾウカ,
10058742,ビタミンＢ２減少,ビタミンB2ゲンショウ,
10058743,ビタミンＫ増加,ビタミンKゾウカ,
10058744,ビタミンＫ減少,ビタミンKゲンショウ,
10058745,抗第Ｖ因子抗体陽性,コウダイ5インシコウタイヨウセイ,
10058746,抗第ＶＩＩ因子抗体陽性,コウダイ7インシコウタイヨウセイ,
10058747,抗第Ｘ因子抗体陽性,コウダイ10インシコウタイヨウセイ,
10058748,抗第ＩＸ因子抗体陽性,コウダイ9インシコウタイヨウセイ,
10058749,抗第ＸＩ因子抗体陽性,コウダイ11インシコウタイヨウセイ,
10058750,抗第ＸＩＩ因子抗体陽性,コウダイ12インシコウタイヨウセイ,
10058751,Ａ型肝炎抗原陽性,Aガタカンエンコウゲンヨウセイ,
10058752,単芽球数増加,タンガキュウスウゾウカ,
10058753,形質芽球数増加,ケイシツガキュウスウゾウカ,
10058757,尿中ビタミンＫ増加,ニョウチュウビタミンKゾウカ,
10058758,尿中ビタミンＫ減少,ニョウチュウビタミンKゲンショウ,
10058760,非感染性髄膜炎,ヒカンセンセイズイマクエン,
10058761,ＨＩＶ抗体,HIVコウタイ,
10058762,ＨＩＶ抗体陰性,HIVコウタイインセイ,
10058763,ＨＩＶ抗原,HIVコウゲン,
10058764,ＨＩＶ抗原陰性,HIVコウゲンインセイ,
10058765,ビタミンＥ,ビタミンE,
10058766,ビタミンＢ１,ビタミンB1,
10058767,ビタミンＢ２,ビタミンB2,
10058768,ビタミンＫ,ビタミンK,
10058769,ニコチンアミド増加,ニコチンアミドゾウカ,
10058770,ニコチンアミド,ニコチンアミド,
10058771,単芽球数,タンガキュウスウ,
10058772,単芽球数減少,タンガキュウスウゲンショウ,
10058773,形質芽球数,ケイシツガキュウスウ,
10058774,形質芽球数減少,ケイシツガキュウスウゲンショウ,
10058780,新生児髄膜炎,シンセイジズイマクエン,
10058794,血管拡張術,ケッカンカクチョウジュツ,
10058795,胃拡張術,イカクチョウジュツ,
10058796,ニコチンアミド減少,ニコチンアミドゲンショウ,
10058799,ミトコンドリア脳筋症,ミトコンドリアノウキンショウ,
10058803,食道感染,ショクドウカンセン,
10058806,マイコバクテリウム・アビウムコンプレックス感染,マイコバクテリウムアビウムコンプレックスカンセン,
10058808,腹部コンパートメント症候群,フクブコンパートメントショウコウグン,
10058809,睫毛変色,ショウモウヘンショク,マツゲヘンショク
10058810,睫毛剛毛化,ショウモウゴウモウカ,マツゲゴウモウカ
10058818,皮膚裂傷,ヒフレッショウ,
10058819,高アルブミン血症,コウアルブミンケツショウ,コウアルブミンケッショウ
10058820,棘融解,キョクユウカイ,
10058821,生殖器の炎症,セイショクキノエンショウ,
10058822,骨髄壊死,コツズイエシ,
10058823,卵巣腫瘤,ランソウシュリュウ,
10058824,肺壊死,ハイエシ,
10058825,閉経期障害,ヘイケイキショウガイ,
10058827,Ｂ型肝炎再活性化,Bガタカンエンサイカッセイカ,
10058829,待期的手術,タイキテキシュジュツ,
10058835,後天性巨舌症,コウテンセイキョゼツショウ,
10058838,感染性小腸結腸炎,カンセンセイショウチョウケッチョウエン,
10058839,感染性腸炎,カンセンセイチョウエン,
10058840,検査拒否,ケンサキョヒ,
10058841,子宮付属器痛,シキュウフゾクキツウ,
10058842,脳血管不全,ノウケッカンフゼン,
10058845,膵移植,スイイショク,
10058846,膵島細胞移植,スイトウサイボウイショク,
10058847,精巣超音波検査,セイソウチョウオンパケンサ,
10058848,精巣超音波検査異常,セイソウチョウオンパケンサイジョウ,
10058849,テンシロン試験,テンシロンシケン,
10058850,膀胱病変部切除,ボウコウビョウヘンブセツジョ,
10058851,卵巣病変部切除,ランソウビョウヘンブセツジョ,
10058852,クロストリジウム性菌血症,クロストリジウムセイキンケツショウ,
10058853,バクテロイデス性菌血症,バクテロイデスセイキンケツショウ,
10058854,サイトメガロウイルス血症,サイトメガロウイルスケツショウ,サイトメガロウイルスケッショウ
10058855,エルシニア性菌血症,エルシニアセイキンケツショウ,
10058856,クレブシエラ性菌血症,クレブシエラセイキンケツショウ,
10058857,エンテロバクター性菌血症,エンテロバクターセイキンケツショウ,
10058858,髄膜炎菌性菌血症,ズイマクエンキンセイキンケツショウ,
10058859,肺炎球菌性菌血症,ハイエンキュウキンセイキンケツショウ,
10058864,精巣超音波検査正常,セイソウチョウオンパケンサセイジョウ,
10058865,テンシロン試験正常,テンシロンシケンセイジョウ,
10058866,テンシロン試験異常,テンシロンシケンイジョウ,
10058872,真菌性敗血症,シンキンセイハイケツショウ,
10058873,炭疽性敗血症,タンソセイハイケツショウ,
10058874,ウイルス血症,ウイルスケツショウ,ウイルスケッショウ
10058875,ヘモフィルス性敗血症,ヘモフィルスセイハイケツショウ,
10058876,ヘルペス性敗血症,ヘルペスセイハイケツショウ,
10058877,シュードモナス性敗血症,シュードモナスセイハイケツショウ,
10058878,サルモネラ性敗血症,サルモネラセイハイケツショウ,
10058879,セラチア性敗血症,セラチアセイハイケツショウ,
10058889,敗血症性ペスト,ハイケツショウセイペスト,
10058890,バクテロイデス感染,バクテロイデスカンセン,
10058892,カルニチン欠損症,カルニチンケッソンショウ,
10058895,心因性発作,シンインセイホッサ,
10058896,先天性血小板障害,センテンセイケッショウバンショウガイ,
10058897,子宮付属器腫瘤,シキュウフゾクキシュリュウ,
10058898,手皮膚炎,シュヒフエン,テヒフエン
10058900,甲状腺腫瘤,コウジョウセンシュリュウ,
10058901,精巣腫瘤,セイソウシュリュウ,
10058907,脊柱変形,セキチュウヘンケイ,
10058908,性欲促進療法,セイヨクソクシンリョウホウ,
10058909,筋弛緩療法,キンシカンリョウホウ,キンチカンリョウホウ
10058910,全身健康状態正常,ゼンシンケンコウジョウタイセイジョウ,
10058911,全身健康状態異常,ゼンシンケンコウジョウタイイジョウ,
10058912,全身健康状態,ゼンシンケンコウジョウタイ,
10058913,バンカート病変,バンカートビョウヘン,
10058914,低緊張性膀胱,テイキンチョウセイボウコウ,
10058920,下肢静止不能症候群,カシセイシフノウショウコウグン,
10058921,セラチア性菌血症,セラチアセイキンケツショウ,
10058922,ヘモフィルス性菌血症,ヘモフィルスセイキンケツショウ,
10058923,シュードモナス性菌血症,シュードモナスセイキンケツショウ,
10058924,サルモネラ性菌血症,サルモネラセイキンケツショウ,
10058929,性的興奮障害,セイテキコウフンショウガイ,
10058934,新生児腸管拡張,シンセイジチョウカンカクチョウ,
10058936,２’，５’－オリゴアデニル酸合成酵素検査値増加,25オリゴアデニルサンゴウセイコウソケンサチゾウカ,
10058937,ＨＢＶ－ＤＮＡポリメラーゼ増加,HBVDNAポリメラーゼゾウカ,
10058938,アセトン血性嘔吐症,アセトンケツセイオウトショウ,アセトンケッセイオウトショウ
10058939,視床出血,シショウシュッケツ,
10058940,被殻出血,ヒカクシュッケツ,
10058941,胆管壊死,タンカンエシ,
10058942,尺骨神経管症候群,シャッコツシンケイカンショウコウグン,
10058945,２’，５’－オリゴアデニル酸合成酵素検査,25オリゴアデニルサンゴウセイコウソケンサ,
10058946,２’，５’－オリゴアデニル酸合成酵素検査値減少,25オリゴアデニルサンゴウセイコウソケンサチゲンショウ,
10058947,血性胆汁,ケッセイタンジュウ,
10058954,強膜軟化症,キョウマクナンカショウ,
10058955,硬膜外新生物,コウマクガイシンセイブツ,
10058956,二血球減少症,ニケッキュウゲンショウショウ,
10058968,心臓弁石灰化,シンゾウベンセッカイカ,
10058969,ラトケ嚢胞,ラトケノウホウ,
10058972,骨代謝障害,コツタイシャショウガイ,
10058973,シュードアレシェリア性敗血症,シュードアレシェリアセイハイケツショウ,
10058974,殺人の被害者,サツジンノヒガイシャ,
10058975,ナチュラルキラー細胞リンパ芽球性リンパ腫,ナチュラルキラーサイボウリンパガキュウセイリンパシュ,
10058981,関節膿瘍,カンセツノウヨウ,
10058982,炭酸ガス分圧異常,タンサンガスブンアツイジョウ,
10058983,炭酸ガス分圧正常,タンサンガスブンアツセイジョウ,
10058984,虐待の被害者,ギャクタイノヒガイシャ,
10058985,臓器提供者,ゾウキテイキョウシャ,
10058987,下大静脈閉塞,カダイジョウミャクヘイソク,
10058988,上大静脈閉塞,ジョウダイジョウミャクヘイソク,
10058989,門脈閉塞,モンミャクヘイソク,
10058990,静脈閉塞,ジョウミャクヘイソク,
10058991,肝静脈閉塞,カンジョウミャクヘイソク,
10058992,腸骨静脈閉塞,チョウコツジョウミャクヘイソク,
10058994,急性出血性白質脳炎,キュウセイシュッケツセイハクシツノウエン,
10059001,眉毛下垂,ビモウカスイ,
10059005,適用部位変色,テキヨウブイヘンショク,
10059008,適用部位瘢痕,テキヨウブイハンコン,
10059009,注射部位瘢痕,チュウシャブイハンコン,
10059011,肋骨の変形,ロッコツノヘンケイ,
10059012,乳頭乳輪部浮腫,ニュウトウニュウリンブフシュ,
10059013,夢精,ムセイ,
10059015,透析機器挿入,トウセキキキソウニュウ,
10059017,腸管腫瘤,チョウカンシュリュウ,
10059023,グルタチオン検査,グルタチオンケンサ,
10059024,胃腸毒性,イチョウドクセイ,
10059025,冠動脈バイパス血栓症,カンドウミャクバイパスケッセンショウ,
10059026,真菌性心筋炎,シンキンセイシンキンエン,
10059027,ブルガダ症候群,ブルガダショウコウグン,
10059028,胃腸虚血,イチョウキョケツ,
10059029,カレン徴候,カレンチョウコウ,
10059030,骨髄採取不十分,コツズイサイシュフジュウブン,
10059031,血液幹細胞採取不十分,ケツエキカンサイボウサイシュフジュウブン,
10059032,血液幹細胞移植不全,ケツエキカンサイボウイショクフゼン,
10059033,新生児吸引,シンセイジキュウイン,
10059034,再発急性骨髄性白血病,サイハツキュウセイコツズイセイハッケツビョウ,
10059035,食後低血糖,ショクゴテイケットウ,
10059042,排尿回数減少,ハイニョウカイスウゲンショウ,
10059045,スケドスポリウム感染,スケドスポリウムカンセン,
10059046,適用部位脱毛,テキヨウブイダツモウ,
10059047,アミロイドーマ,アミロイドーマ,
10059048,切開部位合併症,セッカイブイガッペイショウ,
10059049,新生物腫脹,シンセイブツシュチョウ,
10059051,副甲状腺出血,フクコウジョウセンシュッケツ,
10059052,ストーマ部カンジダ,ストーマブカンジダ,
10059053,シャント狭窄,シャントキョウサク,
10059054,シャント血栓症,シャントケッセンショウ,
10059056,心室機能不全,シンシツキノウフゼン,
10059057,医療機器による疼痛,イリョウキキニヨルトウツウ,
10059058,ストーマ部反応,ストーマブハンノウ,
10059059,縫合関連合併症,ホウゴウカンレンガッペイショウ,
10059070,骨盤内敗血症,コツバンナイハイケツショウ,
10059071,ストーマ部発疹,ストーマブホッシン,ストーマブハッシン
10059072,ストーマ部刺激感,ストーマブシゲキカン,
10059079,ワクチン接種部位紅斑,ワクチンセッシュブイコウハン,
10059080,ワクチン接種部位反応,ワクチンセッシュブイハンノウ,
10059081,網膜白点症候群,モウマクハクテンショウコウグン,
10059086,ストーマ部膿瘍,ストーマブノウヨウ,
10059096,強膜充血,キョウマクジュウケツ,
10059098,振動検査,シンドウケンサ,
10059099,白色萎縮,ハクショクイシュク,
10059100,振動検査正常,シンドウケンサセイジョウ,
10059101,振動検査異常,シンドウケンサイジョウ,
10059107,稽留分娩,ケイリュウブンベン,
10059108,医療機器変更,イリョウキキヘンコウ,
10059109,脳血管収縮,ノウケッカンシュウシュク,
10059110,腟形成,チツケイセイ,
10059116,糖尿病性胎児病,トウニョウビョウセイタイジビョウ,
10059117,ベッカー型筋ジストロフィー,ベッカーガタキンジストロフィー,
10059118,胆汁性嚢胞,タンジュウセイノウホウ,
10059126,青趾症候群,セイシショウコウグン,
10059129,杆状核好中球百分率増加,カンジョウカクコウチュウキュウヒャクブンリツゾウカ,
10059130,杆状核好中球百分率減少,カンジョウカクコウチュウキュウヒャクブンリツゲンショウ,
10059133,群発頭痛,グンパツズツウ,
10059134,糖尿病性乳腺症,トウニョウビョウセイニュウセンショウ,
10059136,適用部位毛包炎,テキヨウブイモウホウエン,
10059138,舌根沈下,ゼッコンチンカ,
10059141,血中クロモグラニンＡ増加,ケッチュウクロモグラニンAゾウカ,
10059150,脳硬化症,ノウコウカショウ,
10059157,先天性視力低下,センテンセイシリョクテイカ,
10059158,排便回数減少,ハイベンカイスウゲンショウ,
10059159,先天性眼障害,センテンセイガンショウガイ,
10059160,肺分画症,ハイブンカクショウ,
10059161,結核性腱鞘炎,ケッカクセイケンショウエン,
10059162,心室奇異性壁運動,シンシツキイセイヘキウンドウ,
10059163,心マッサージ,シンマッサージ,
10059164,乳頭筋出血,ニュウトウキンシュッケツ,
10059165,酸素消費量減少,サンソショウヒリョウゲンショウ,
10059166,角膜破裂,カクマクハレツ,
10059167,酸素消費量,サンソショウヒリョウ,
10059168,酸素消費量増加,サンソショウヒリョウゾウカ,
10059175,腸出血,チョウシュッケツ,
10059176,若年性特発性関節炎,ジャクネンセイトクハツセイカンセツエン,
10059183,家族性高トリグリセリド血症,カゾクセイコウトリグリセリドケツショウ,カゾクセイコウトリグリセリドケッショウ
10059184,歯状態不良,シジョウタイフリョウ,ハジョウタイフリョウ
10059185,後天性横隔膜性内臓転位,コウテンセイオウカクマクセイナイゾウテンイ,
10059186,早期満腹,ソウキマンプク,
10059189,出血性嚢胞,シュッケツセイノウホウ,
10059193,急性Ｂ型肝炎,キュウセイBガタカンエン,
10059194,副腎血腫,フクジンケッシュ,
10059199,前房分離不全症候群,ゼンボウブンリフゼンショウコウグン,
10059203,注入部位内出血,チュウニュウブイナイシュッケツ,
10059204,陣痛,ジンツウ,
10059205,ファロー五徴,ファローゴチョウ,
10059206,爪毒性,ソウドクセイ,ツメドクセイ
10059208,眼瞼痛,ガンケンツウ,
10059209,腎周囲液貯留,ジンシュウイエキチョリュウ,
10059211,経心筋血行再建,ケイシンキンケッコウサイケン,
10059212,組織ポリペプチド抗原,ソシキポリペプチドコウゲン,
10059213,ＣＳＦ圧,CSFアツ,
10059216,ロイシンアミノペプチダーゼ,ロイシンアミノペプチダーゼ,
10059217,尿中メタネフリン,ニョウチュウメタネフリン,
10059219,尿中ベンスジョーンズ蛋白,ニョウチュウベンスジョーンズタンパク,
10059220,尿中亜硝酸塩,ニョウチュウアショウサンエン,
10059221,脾生検,ヒセイケン,
10059222,尿中ケトン体,ニョウチュウケトンタイ,
10059226,脾生検正常,ヒセイケンセイジョウ,
10059227,脾生検異常,ヒセイケンイジョウ,
10059228,尿中ヘモグロビン,ニョウチュウヘモグロビン,
10059232,てんかん精神病,テンカンセイシンビョウ,
10059233,アルコール離脱症候群予防,アルコールリダツショウコウグンヨボウ,
10059235,肥厚性鼻炎,ヒコウセイビエン,
10059237,耳介側頭神経症候群,ジカイソクトウシンケイショウコウグン,
10059238,高血圧性血管障害,コウケツアツセイケッカンショウガイ,
10059239,白血病性網膜症,ハッケツビョウセイモウマクショウ,
10059240,リンパうっ滞,リンパウッタイ,
10059241,切開部位血腫,セッカイブイケッシュ,
10059242,顎手術,ガクシュジュツ,アゴシュジュツ
10059245,血管障害,ケッカンショウガイ,
10059250,消化管アミロイドーシス,ショウカカンアミロイドーシス,
10059251,低血圧麻酔法,テイケツアツマスイホウ,
10059253,巨大角膜,キョダイカクマク,
10059256,透析不均衡症候群,トウセキフキンコウショウコウグン,
10059260,乳児への栄養供給過剰,ニュウジヘノエイヨウキョウキュウカジョウ,
10059261,尿細胞診異常,ニョウサイボウシンイジョウ,
10059263,尿細胞診,ニョウサイボウシン,
10059264,尿細胞診正常,ニョウサイボウシンセイジョウ,
10059267,熱性譫妄,ネッセイセンモウ,ネツセイセンモウ
10059271,精巣形成異常,セイソウケイセイイジョウ,
10059273,小脳血管腫,ショウノウケッカンシュ,
10059276,水晶体線維柱帯切除,スイショウタイセンイチュウタイセツジョ,
10059282,中枢神経系転移,チュウスウシンケイケイテンイ,
10059283,鎮静療法,チンセイリョウホウ,
10059284,表皮壊死,ヒョウヒエシ,
10059297,角膜径増加,カクマクケイゾウカ,
10059298,角膜径減少,カクマクケイゲンショウ,
10059299,サルコシン血症,サルコシンケツショウ,サルコシンケッショウ
10059313,肛門性器疣贅,コウモンセイキユウゼイ,
10059316,胆嚢癌第０期,タンノウガンダイ0キ,
10059317,胆嚢癌第１期,タンノウガンダイ1キ,
10059318,肝癌第１期,カンガンダイ1キ,
10059319,肝癌第２期,カンガンダイ2キ,
10059320,膵癌第０期,スイガンダイ0キ,
10059321,膵癌第１期,スイガンダイ1キ,
10059322,膵癌第２期,スイガンダイ2キ,
10059323,膵癌第３期,スイガンダイ3キ,
10059324,肝癌第３期,カンガンダイ3キ,
10059325,肝癌第４期,カンガンダイ4キ,
10059326,膵癌第４期,スイガンダイ4キ,
10059343,狭頭症,キョウトウショウ,
10059344,蛋白漏出性胃腸症,タンパクロウシュツセイイチョウショウ,
10059345,腎後性腎不全,ジンゴセイジンフゼン,
10059346,ウイルス性出血性膀胱炎,ウイルスセイシュッケツセイボウコウエン,
10059349,腟会陰形成,チツエインケイセイ,
10059350,リンパ嚢腫造袋術,リンパノウシュゾウタイジュツ,
10059352,類腱腫,ルイケンシュ,
10059359,感染性リンパ嚢腫,カンセンセイリンパノウシュ,
10059360,胃心臓症候群,イシンゾウショウコウグン,
10059361,胸膜心膜炎,キョウマクシンマクエン,
10059362,骨折頬骨弓挙上,コッセツキョウコツキュウキョジョウ,
10059368,小腸癌第０期,ショウチョウガンダイ0キ,
10059369,小腸癌第１期,ショウチョウガンダイ1キ,
10059370,小腸癌第２期,ショウチョウガンダイ2キ,
10059371,小腸癌第３期,ショウチョウガンダイ3キ,
10059372,小腸癌第４期,ショウチョウガンダイ4キ,
10059373,胆管癌第１期,タンカンガンダイ1キ,
10059374,胆管癌第２期,タンカンガンダイ2キ,
10059375,胆管癌第３期,タンカンガンダイ3キ,
10059376,胆管癌第４期,タンカンガンダイ4キ,
10059384,胆管癌第０期,タンカンガンダイ0キ,
10059385,四肢壊死,シシエシ,
10059386,切開部位そう痒感,セッカイブイソウヨウカン,
10059387,尾部退行症候群,ビブタイコウショウコウグン,
10059388,消化管異物除去,ショウカカンイブツジョキョ,
10059389,直腸異物除去,チョクチョウイブツジョキョ,
10059390,気道異物除去,キドウイブツジョキョ,
10059391,乳房損傷,ニュウボウソンショウ,
10059392,移植臓器摘出,イショクゾウキテキシュツ,
10059393,ホイグネ症候群,ホイグネショウコウグン,
10059394,棘細胞腫,キョクサイボウシュ,
10059396,ミトコンドリアＤＮＡ枯渇,ミトコンドリアDNAコカツ,
10059397,異種不同視,イシュフドウシ,
10059399,移植片虚血,イショクヘンキョケツ,
10059407,眼傍結合織炎,ガンボウケツゴウシキエン,
10059410,糞尿,フンニョウ,
10059411,呼気延長,コキエンチョウ,
10059415,副甲状腺ホルモン関連蛋白,フクコウジョウセンホルモンカンレンタンパク,
10059416,副甲状腺ホルモン関連蛋白異常,フクコウジョウセンホルモンカンレンタンパクイジョウ,
10059417,副甲状腺ホルモン関連蛋白正常,フクコウジョウセンホルモンカンレンタンパクセイジョウ,
10059418,副甲状腺ホルモン関連蛋白増加,フクコウジョウセンホルモンカンレンタンパクゾウカ,
10059420,腫瘍随伴症候群,シュヨウズイハンショウコウグン,
10059421,細菌検査陽性,サイキンケンサヨウセイ,
10059422,寄生虫検査陽性,キセイチュウケンサヨウセイ,
10059423,真菌検査陽性,シンキンケンサヨウセイ,
10059424,ウイルス検査陽性,ウイルスケンサヨウセイ,
10059425,良性脾腫瘍,リョウセイヒシュヨウ,
10059427,ブシュケ・レーベンシュタイン腫瘍,ブシュケレーベンシュタインシュヨウ,
10059429,インフルエンザ免疫,インフルエンザメンエキ,
10059440,血小板毒性,ケッショウバンドクセイ,
10059441,項部菱形皮膚,コウブリョウケイヒフ,コウブヒシガタヒフ
10059442,ブドウ球菌性創感染,ブドウキュウキンセイソウカンセン,
10059443,皮膚新生物切除,ヒフシンセイブツセツジョ,
10059444,シュードモナス性創感染,シュードモナスセイソウカンセン,
10059445,静脈穿刺,ジョウミャクセンシ,
10059447,アレルギー性大腸炎,アレルギーセイダイチョウエン,
10059448,化学的焼灼法,カガクテキショウシャクホウ,
10059449,カンジダ性眼内炎,カンジダセイガンナイエン,
10059450,腟瘤,チツリュウ,
10059462,リンパ芽球数,リンパガキュウスウ,
10059463,マイトゲン刺激試験,マイトゲンシゲキシケン,
10059464,好酸球百分率,コウサンキュウヒャクブンリツ,
10059466,抗痙攣剤濃度,コウケイレンザイノウド,
10059467,好中球百分率,コウチュキュウヒャクブンリツ,
10059468,杆状核好中球百分率,カンジョウカクコウチュウキュウヒャクブンリツ,
10059469,後骨髄球百分率,コウコツズイキュウヒャクブンリツ,
10059470,骨髄球百分率,コツズイキュウヒャクブンリツ,
10059471,好塩基球百分率,コウエンキキュウヒャクブンリツ,
10059472,骨髄芽球百分率,コツズイガキュウヒャクブンリツ,
10059473,単球百分率,タンキュウヒャクブンリツ,
10059477,杆状核好中球数,カンジョウカクコウチュウキュウスウ,
10059478,白血球検査,ハッケッキュウケンサ,
10059482,好中球減少性感染,コウチュウキュウゲンショウセイカンセン,
10059484,血液希釈,ケツエキキシャク,
10059485,低体温法,テイタイオンホウ,
10059486,腹腔ドレナージ,フククウドレナージ,フックウドレナージ
10059487,肺過膨脹,ハイカボウチョウ,
10059490,粘膜擦過傷,ネンマクサッカショウ,
10059491,頭蓋内血腫,トウガイナイケッシュ,
10059492,先天性男性性器奇形,センテンセイダンセイセイキキケイ,
10059497,新生児昏睡,シンセイジコンスイ,
10059498,スチュアート・トリーヴェス症候群,スチュアートトリーヴェスショウコウグン,
10059499,出血性蕁麻疹,シュッケツセイジンマシン,
10059501,便中ウロビリノーゲン,ベンチュウウロビリノーゲン,
10059502,便中ウロビリノーゲン増加,ベンチュウウロビリノーゲンゾウカ,
10059503,便中ウロビリノーゲン減少,ベンチュウウロビリノーゲンゲンショウ,
10059504,便中ウロビリノーゲン異常,ベンチュウウロビリノーゲンイジョウ,
10059505,便中ウロビリノーゲン正常,ベンチュウウロビリノーゲンセイジョウ,
10059506,尿中ウロビリノーゲン,ニョウチュウウロビリノーゲン,
10059512,アポトーシス,アポトーシス,
10059513,緩和ケア,カンワケア,
10059514,遠隔転移を伴う小細胞肺癌,エンカクテンイヲトモナウショウサイボウハイガン,
10059515,遠隔転移を伴う非小細胞肺癌,エンカクテンイヲトモナウヒショウサイボウハイガン,
10059516,皮膚毒性,ヒフドクセイ,
10059517,細菌性腎盂腎炎,サイキンセイジンウジンエン,
10059518,胸膜悪性中皮腫,キョウマクアクセイチュウヒシュ,
10059522,胃液検査異常,イエキケンサイジョウ,
10059523,細胞診異常,サイボウシンイジョウ,
10059524,腹腔液検査異常,フククウエキケンサイジョウ,フックウエキケンサイジョウ
10059525,唾液検査異常,ダエキケンサイジョウ,
10059526,滑液検査異常,カツエキケンサイジョウ,
10059527,便検査異常,ベンケンサイジョウ,
10059528,Ｄ型肝炎抗体陽性,Dガタカンエンコウタイヨウセイ,
10059529,胃液検査,イエキケンサ,
10059530,胃液検査正常,イエキケンサセイジョウ,
10059531,細胞診正常,サイボウシンセイジョウ,
10059532,唾液検査,ダエキケンサ,
10059533,唾液検査正常,ダエキケンサセイジョウ,
10059534,滑液検査,カツエキケンサ,
10059535,滑液検査正常,カツエキケンサセイジョウ,
10059536,便検査,ベンケンサ,
10059537,便検査正常,ベンケンサセイジョウ,
10059538,Ｄ型肝炎抗体,Dガタカンエンコウタイ,
10059539,Ｄ型肝炎抗体陰性,Dガタカンエンコウタイインセイ,
10059540,Ｄ型肝炎ＲＮＡ陽性,DガタカンエンRNAヨウセイ,
10059541,Ｄ型肝炎ＲＮＡ,DガタカンエンRNA,
10059542,Ｄ型肝炎ＲＮＡ陰性,DガタカンエンRNAインセイ,
10059543,αグロブリン増加,アルファグロブリンゾウカ,
10059544,αグロブリン減少,アルファグロブリンゲンショウ,
10059545,βグロブリン増加,ベータグロブリンゾウカ,
10059546,βグロブリン減少,ベータグロブリンゲンショウ,
10059547,皮膚幼虫移行症,ヒフヨウチュウイコウショウ,
10059550,尿中クロム増加,ニョウチュウクロムゾウカ,
10059551,尿中銅増加,ニョウチュウドウゾウカ,
10059554,尿中アルミニウム増加,ニョウチュウアルミニウムゾウカ,
10059555,尿中アンチモン増加,ニョウチュウアンチモンゾウカ,
10059556,尿中砒素増加,ニョウチュウヒソゾウカ,
10059557,尿中バルビツール酸増加,ニョウチュウバルビツールサンゾウカ,
10059558,尿中ベリリウム増加,ニョウチュウベリリウムゾウカ,
10059561,βグロブリン,ベータグロブリン,
10059562,βグロブリン異常,ベータグロブリンイジョウ,
10059563,βグロブリン正常,ベータグロブリンセイジョウ,
10059564,尿中クロム,ニョウチュウクロム,
10059565,尿中クロム減少,ニョウチュウクロムゲンショウ,
10059566,尿中銅,ニョウチュウドウ,
10059567,尿中銅減少,ニョウチュウドウゲンショウ,
10059569,血中アルカリホスファターゼ減少,ケッチュウアルカリホスファターゼゲンショウ,
10059570,血中アルカリホスファターゼ増加,ケッチュウアルカリホスファターゼゾウカ,
10059571,血中アルカリホスファターゼ異常,ケッチュウアルカリホスファターゼイジョウ,
10059572,尿中アルミニウム,ニョウチュウアルミニウム,
10059573,尿中アルミニウム減少,ニョウチュウアルミニウムゲンショウ,
10059574,尿中アンチモン,ニョウチュウアンチモン,
10059575,尿中アンチモン減少,ニョウチュウアンチモンゲンショウ,
10059576,尿中砒素,ニョウチュウヒソ,
10059577,尿中砒素減少,ニョウチュウヒソゲンショウ,
10059578,尿中バルビツール酸,ニョウチュウバルビツールサン,
10059579,尿中バルビツール酸減少,ニョウチュウバルビツールサンゲンショウ,
10059580,尿中ベリリウム,ニョウチュウベリリウム,
10059581,尿中ベリリウム減少,ニョウチュウベリリウムゲンショウ,
10059587,骨軟骨腫,コツナンコツシュ,
10059588,耳介形成,ジカイケイセイ,
10059589,デュボヴィッツ症候群,デュボヴィッツショウコウグン,
10059590,インスリン様成長因子減少,インスリンヨウセイチョウインシゲンショウ,
10059591,コタール症候群,コタールショウコウグン,
10059594,続発性性腺機能低下,ゾクハツセイセイセンキノウテイカ,
10059596,インスリン様成長因子増加,インスリンヨウセイチョウインシゾウカ,
10059598,ヘパリン抵抗性,ヘパリンテイコウセイ,
10059599,偽性髄膜瘤,ギセイズイマクリュウ,
10059600,ドナー部位合併症,ドナーブイガッペイショウ,
10059603,放射線嚥下障害,ホウシャセンエンゲショウガイ,
10059604,神経根痛,シンケイコンツウ,
10059605,類壊死,ルイエシ,
10059608,第ＸＩＩＩ因子抑制,ダイ13インシヨクセイ,
10059611,冠動脈穿孔,カンドウミャクセンコウ,
10059612,タバコ離脱症状,タバコリダツショウジョウ,
10059613,進行性脳卒中,シンコウセイノウソッチュウ,
10059618,プラスミノーゲン活性化因子インヒビター増加,プラスミノーゲンカッセイカインシインヒビターゾウカ,
10059619,プラスミノーゲン活性化因子インヒビター減少,プラスミノーゲンカッセイカインシインヒビターゲンショウ,
10059620,プラスミノーゲン活性化因子インヒビター,プラスミノーゲンカッセイカインシインヒビター,
10059624,痔核手術,ジカクシュジュツ,
10059625,腹壁障害,フクヘキショウガイ,
10059631,陰茎扁平上皮癌,インケイヘンペイジョウヒガン,
10059636,陰茎癒着,インケイユチャク,
10059638,ムンプス抗体検査,ムンプスコウタイケンサ,
10059639,喉頭閉塞,コウトウヘイソク,
10059640,ウレアプラズマ感染,ウレアプラズマカンセン,
10059641,薬物クリアランス増加,ヤクブツクリアランスゾウカ,
10059644,ムンプス抗体検査陽性,ムンプスコウタイケンサヨウセイ,
10059645,ムンプス抗体検査陰性,ムンプスコウタイケンサインセイ,
10059646,セロコンバージョン検査陽性,セロコンバージョンケンサヨウセイ,
10059647,セロコンバージョン検査陰性,セロコンバージョンケンサインセイ,
10059650,埋込み部位感染,ウメコミブイカンセン,
10059653,尿中ピリジノリン,ニョウチュウピリジノリン,
10059654,性ホルモン結合グロブリン,セイホルモンケツゴウグロブリン,
10059655,血液スミア試験,ケツエキスミアシケン,
10059656,免疫組織化学的検査,メンエキソシキカガクテキケンサ,
10059657,尿中ピリジノリン増加,ニョウチュウピリジノリンゾウカ,
10059658,尿中ピリジノリン減少,ニョウチュウピリジノリンゲンショウ,
10059659,性ホルモン結合グロブリン増加,セイホルモンケツゴウグロブリンゾウカ,
10059660,性ホルモン結合グロブリン減少,セイホルモンケツゴウグロブリンゲンショウ,
10059661,網膜図,モウマクズ,
10059662,網膜図正常,モウマクズセイジョウ,
10059663,網膜図異常,モウマクズイジョウ,
10059664,血液スミア試験正常,ケツエキスミアシケンセイジョウ,
10059665,血液スミア試験異常,ケツエキスミアシケンイジョウ,
10059668,腎リンパ嚢腫,ジンリンパノウシュ,
10059669,喉頭病変を伴う関節リウマチ,コウトウビョウヘンヲトモナウカンセツリウマチ,
10059672,セロコンバージョン検査,セロコンバージョンケンサ,
10059684,プラスミン減少,プラスミンゲンショウ,
10059685,痰貯留,タンチョリュウ,
10059686,性ホルモン,セイホルモン,
10059687,胆汁培養,タンジュウバイヨウ,
10059689,内分泌検査,ナイブンピケンサ,ナイブンピツケンサ
10059690,ＣＳＦ検査,CSFケンサ,
10059691,下部消化管Ｘ線造影,カブショウカカンXセンゾウエイ,
10059693,ＬＤＬ／ＨＤＬ比,LDLHDLヒ,
10059695,ヒストン抗体,ヒストンコウタイ,
10059696,造影スキャン,ゾウエイスキャン,
10059697,ガラクトース排泄能検査,ガラクトースハイセツノウケンサ,
10059698,胆汁培養陽性,タンジュウバイヨウヨウセイ,
10059699,胆汁培養陰性,タンジュウバイヨウインセイ,
10059700,内分泌検査正常,ナイブンピケンサセイジョウ,ナイブンピツケンサセイジョウ
10059701,内分泌検査異常,ナイブンピケンサイジョウ,ナイブンピツケンサイジョウ
10059702,ＣＳＦ検査正常,CSFケンサセイジョウ,
10059703,ＣＳＦ検査異常,CSFケンサイジョウ,
10059704,下部消化管Ｘ線造影正常,カブショウカカンXセンゾウエイセイジョウ,
10059705,下部消化管Ｘ線造影異常,カブショウカカンXセンゾウエイイジョウ,
10059706,上部消化管Ｘ線造影正常,ジョウブショウカカンXセンゾウエイセイジョウ,
10059707,上部消化管Ｘ線造影異常,ジョウブショウカカンXセンゾウエイイジョウ,
10059708,ヒストン抗体陰性,ヒストンコウタイインセイ,
10059709,ガラクトース排泄能検査正常,ガラクトースハイセツノウケンサセイジョウ,
10059710,ガラクトース排泄能検査異常,ガラクトースハイセツノウケンサイジョウ,
10059711,ガラクトース排泄能検査値増加,ガラクトースハイセツノウケンサチゾウカ,
10059712,ガラクトース排泄能検査値減少,ガラクトースハイセツノウケンサチゲンショウ,
10059728,抗ＧＡＤ抗体陽性,コウGADコウタイヨウセイ,
10059729,抗ＧＡＤ抗体,コウGADコウタイ,
10059730,抗ＧＡＤ抗体陰性,コウGADコウタイインセイ,
10059739,尿中カソモルフィン正常,ニョウチュウカソモルフィンセイジョウ,
10059740,尿中カソモルフィン異常,ニョウチュウカソモルフィンイジョウ,
10059741,Ｔリンパ球数,Tリンパキュウスウ,
10059742,尿中クエン酸増加,ニョウチュウクエンサンゾウカ,
10059743,尿中クエン酸減少,ニョウチュウクエンサンゲンショウ,
10059744,凝固因子,ギョウコインシ,
10059745,毛髪中金属検査,モウハツチュウキンゾクケンサ,
10059746,毛髪中金属検査正常,モウハツチュウキンゾクケンサセイジョウ,
10059747,毛髪中金属検査異常,モウハツチュウキンゾクケンサイジョウ,
10059748,ＣＳＦ乳酸塩正常,CSFニュウサンエンセイジョウ,
10059749,ＣＳＦ乳酸塩異常,CSFニュウサンエンイジョウ,
10059750,ＣＳＦ乳酸塩増加,CSFニュウサンエンゾウカ,
10059751,ＣＳＦ乳酸塩減少,CSFニュウサンエンゲンショウ,
10059752,ＣＳＦミエリン塩基性蛋白正常,CSFミエリンエンキセイタンパクセイジョウ,
10059753,ＣＳＦミエリン塩基性蛋白異常,CSFミエリンエンキセイタンパクイジョウ,
10059754,ＣＳＦミエリン塩基性蛋白増加,CSFミエリンエンキセイタンパクゾウカ,
10059755,ＣＳＦミエリン塩基性蛋白減少,CSFミエリンエンキセイタンパクゲンショウ,
10059756,デキサメタゾン抑制試験陽性,デキサメタゾンヨクセイシケンヨウセイ,
10059757,デキサメタゾン抑制試験陰性,デキサメタゾンヨクセイシケンインセイ,
10059758,ラッセルクサリヘビ毒時間正常,ラッセルクサリヘビドクジカンセイジョウ,
10059759,ラッセルクサリヘビ毒時間異常,ラッセルクサリヘビドクジカンイジョウ,
10059766,血性腹水,ケツセイフクスイ,ケッセイフクスイ
10059770,尿中カソモルフィン,ニョウチュウカソモルフィン,
10059771,尿中クエン酸,ニョウチュウクエンサン,
10059772,ＣＳＦ乳酸塩,CSFニュウサンエン,
10059773,ＣＳＦミエリン塩基性蛋白,CSFミエリンエンキセイタンパク,
10059774,デキサメタゾン抑制試験,デキサメタゾンヨクセイシケン,
10059775,ラッセルクサリヘビ毒時間,ラッセルクサリヘビドクジカン,
10059790,尺骨神経麻痺,シャッコツシンケイマヒ,
10059798,十二指腸前門脈,ジュウニシチョウゼンモンミャク,
10059799,前立腺形成不全,ゼンリツセンケイセイフゼン,
10059800,尿生殖洞遺残,ニョウセイショクドウイザン,
10059801,後天性髄膜瘤,コウテンセイズイマクリュウ,
10059828,呼吸療法,コキュウリョウホウ,
10059829,空気圧迫療法,クウキアッパクリョウホウ,
10059830,注入部位発疹,チュウニュウブイホッシン,チュウニュウブイハッシン
10059831,ペースメーカー調律,ペースメーカーチョウリツ,
10059837,癒着,ユチャク,
10059838,尿中コルチゾール／クレアチニン比,ニョウチュウコルチゾールクレアチニンヒ,
10059839,尿中コルチゾール／クレアチニン比減少,ニョウチュウコルチゾールクレアチニンヒゲンショウ,
10059840,尿中コルチゾール／クレアチニン比異常,ニョウチュウコルチゾールクレアチニンヒイジョウ,
10059841,上咽頭逆流,ジョウイントウギャクリュウ,
10059842,尿中コルチゾール／クレアチニン比増加,ニョウチュウコルチゾールクレアチニンヒゾウカ,
10059843,尿中コルチゾール／クレアチニン比正常,ニョウチュウコルチゾールクレアチニンヒセイジョウ,
10059844,甲状腺機能低下性甲状腺腫,コウジョウセンキノウテイカセイコウジョウセンシュ,
10059846,腎嚢胞出血,ジンノウホウシュッケツ,
10059848,直腸結腸切除,チョクチョウケッチョウセツジョ,
10059849,尿生殖洞分離,ニョウセイショクドウブンリ,
10059862,心臓再同調療法,シンゾウサイドウチョウリョウホウ,
10059864,心臓アブレーション,シンゾウアブレーション,
10059865,頚静脈拡張,ケイジョウミャクカクチョウ,
10059866,薬剤耐性,ヤクザイタイセイ,
10059875,医療機器無効,イリョウキキムコウ,
10059882,細胞遺伝学的分析,サイボウイデンガクテキブンセキ,
10059883,吸入酸素濃度,キュウニュウサンソノウド,
10059884,血中ミオグロビン,ケッチュウミオグロビン,
10059886,細胞遺伝学的分析正常,サイボウイデンガクテキブンセキセイジョウ,
10059887,細胞遺伝学的分析異常,サイボウイデンガクテキブンセキイジョウ,
10059888,血中ミオグロビン陽性,ケッチュウミオグロビンヨウセイ,
10059889,血中ミオグロビン陰性,ケッチュウミオグロビンインセイ,
10059890,終末呼気陽圧,シュウマツコキヨウアツ,
10059894,尿量,ニョウリョウ,
10059895,尿量減少,ニョウリョウゲンショウ,
10059896,尿量増加,ニョウリョウゾウカ,
10059897,血中１，２５－ジヒドロキシコレカルシフェロール,ケッチュウ125ジヒドロキシコレカルシフェロール,
10059898,５－ヌクレオチダーゼ,5ヌクレオチダーゼ,
10059899,血中尿素窒素／クレアチニン比,ケッチュウニョウソチッソクレアチニンヒ,
10059900,グルコース－６－リン酸脱水素酵素,グルコース6リンサンダッスイソコウソ,
10059901,グルコース－６－リン酸脱水素酵素正常,グルコース6リンサンダッスイソコウソセイジョウ,
10059902,グルコース－６－リン酸脱水素酵素異常,グルコース6リンサンダッスイソコウソイジョウ,
10059903,グルタミン酸脱水素酵素,グルタミンサンダッスイソコウソ,
10059905,リンパ球百分率,リンパキュウヒャクブンリツ,
10059906,血小板形態,ケッショウバンケイタイ,
10059907,赤血球形態,セッケッキュウケイタイ,
10059908,白血球形態,ハッケッキュウケイタイ,
10059910,尿中ポルフィリン,ニョウチュウポルフィリン,
10059911,尿中ポルフィリン正常,ニョウチュウポルフィリンセイジョウ,
10059912,尿中ポルフィリン異常,ニョウチュウポルフィリンイジョウ,
10059913,蛋白結合ヨウ素,タンパクケツゴウヨウソ,
10059914,肺機能検査,ハイキノウケンサ,
10059915,大小不同赤血球陽性,ダイショウフドウセッケッキュウヨウセイ,
10059916,球状赤血球陽性,キュウジョウセッケッキュウヨウセイ,
10059917,網状赤血球百分率,モウジョウセッケッキュウヒャクブンリツ,
10059918,網状赤血球百分率正常,モウジョウセッケッキュウヒャクブンリツセイジョウ,
10059919,網状赤血球百分率異常,モウジョウセッケッキュウヒャクブンリツイジョウ,
10059920,網状赤血球百分率増加,モウジョウセッケッキュウヒャクブンリツゾウカ,
10059921,網状赤血球百分率減少,モウジョウセッケッキュウヒャクブンリツゲンショウ,
10059922,レチノール結合蛋白,レチノールケツゴウタンパク,
10059923,咽頭感覚鈍麻,イントウカンカクドンマ,
10059924,舌損傷,ゼツソンショウ,シタソンショウ
10059936,血中２５－ヒドロキシコレカルシフェロール,ケッチュウ25ヒドロキシコレカルシフェロール,
10059937,血中尿素窒素／クレアチニン比減少,ケッチュウニョウソチッソクレアチニンヒゲンショウ,
10059938,臨床検査,リンショウケンサ,
10059939,ＬＥ細胞,LEサイボウ,
10059940,血中ミオグロビン減少,ケッチュウミオグロビンゲンショウ,
10059941,尿中ポルフィリン増加,ニョウチュウポルフィリンゾウカ,
10059942,尿中ポルフィリン減少,ニョウチュウポルフィリンゲンショウ,
10059943,肺機能検査値上昇,ハイキノウケンサチジョウショウ,
10059947,変形赤血球陽性,ヘンケイセッケッキュウヨウセイ,
10059952,カルニチン,カルニチン,
10059953,ＣＳＦアルブミン,CSFアルブミン,
10059955,尿中アンフェタミン,ニョウチュウアンフェタミン,
10059956,抗アセチルコリン受容体抗体,コウアセチルコリンジュヨウタイコウタイ,
10059961,過剰塩基,カジョウエンキ,
10059963,血中アルコール,ケッチュウアルコール,
10059964,血中アンドロステンジオン,ケッチュウアンドロステンジオン,
10059966,Ｂリンパ球数,Bリンパキュウスウ,
10059973,抗ウイルス薬濃度,コウウイルスヤクノウド,
10059974,抗ウイルス薬濃度治療量以上,コウウイルスヤクノウドチリョウリョウイジョウ,
10059975,抗ウイルス薬濃度治療量以下,コウウイルスヤクノウドチリョウリョウイカ,
10059976,ＣＳＦアルブミン異常,CSFアルブミンイジョウ,
10059977,ＣＳＦアルブミン正常,CSFアルブミンセイジョウ,
10059978,ＣＳＦアルブミン増加,CSFアルブミンゾウカ,
10059979,ＣＳＦアルブミン減少,CSFアルブミンゲンショウ,
10059980,プラスミン・インヒビター,プラスミンインヒビター,
10059981,腫瘍壊死因子α,シュヨウエシインシアルファ,
10059982,腫瘍壊死因子α増加,シュヨウエシインシアルファゾウカ,
10059983,腫瘍壊死因子α減少,シュヨウエシインシアルファゲンショウ,
10059986,尿中アンフェタミン陰性,ニョウチュウアンフェタミンインセイ,
10059993,過剰塩基増加,カジョウエンキゾウカ,
10059994,過剰塩基減少,カジョウエンキゲンショウ,
10059995,血中アルコール異常,ケッチュウアルコールイジョウ,
10059998,Ｂリンパ球数増加,Bリンパキュウスウゾウカ,
10060013,血中アルコール増加,ケッチュウアルコールゾウカ,
10060021,好酸球陽イオン蛋白,コウサンキュウヨウイオンタンパク,
10060022,血中ガラクトース,ケッチュウガラクトース,
10060023,インターフェロンγ濃度,インターフェロンガンマノウド,
10060024,胃内ｐＨ,イナイpH,
10060025,頭囲,トウイ,
10060026,ヘパプラスチンテスト,ヘパプラスチンテスト,
10060027,Ｂ型肝炎ＤＮＡ測定,BガタカンエンDNAソクテイ,
10060028,Ｅ型肝炎抗原,Eガタカンエンコウゲン,
10060029,ヒスタミン濃度,ヒスタミンノウド,
10060033,尿中グリセリン酸増加,ニョウチュウグリセリンサンゾウカ,
10060036,血中ガラクトース正常,ケッチュウガラクトースセイジョウ,
10060037,血中ガラクトース異常,ケッチュウガラクトースイジョウ,
10060038,血中ガラクトース増加,ケッチュウガラクトースゾウカ,
10060039,血中ガラクトース減少,ケッチュウガラクトースゲンショウ,
10060040,胃内ｐＨ上昇,イナイpHジョウショウ,
10060041,胃内ｐＨ低下,イナイpHテイカ,
10060042,頭囲正常,トウイセイジョウ,
10060043,頭囲異常,トウイイジョウ,
10060044,ヘモグロビンＥ,ヘモグロビンE,
10060045,ヘモグロビンＥ陰性,ヘモグロビンEインセイ,
10060046,ヘモグロビンＥ陽性,ヘモグロビンEヨウセイ,
10060047,Ｂ型肝炎ＤＮＡ測定陽性,BガタカンエンDNAソクテイヨウセイ,
10060048,Ｂ型肝炎ＤＮＡ測定陰性,BガタカンエンDNAソクテイインセイ,
10060049,Ｅ型肝炎抗原陽性,Eガタカンエンコウゲンヨウセイ,
10060050,Ｅ型肝炎抗原陰性,Eガタカンエンコウゲンインセイ,
10060051,ヒスタミン濃度増加,ヒスタミンノウドゾウカ,
10060052,ヒスタミン濃度減少,ヒスタミンノウドゲンショウ,
10060055,抗核抗体陽性,コウカクコウタイヨウセイ,
10060064,尿中乳酸,ニョウチュウニュウサン,
10060065,左室拡張終期圧,サシツカクチョウシュウキアツ,
10060066,麻疹抗体,マシンコウタイ,
10060067,血中水銀,ケッチュウスイギン,
10060068,尿中水銀,ニョウチュウスイギン,
10060073,肝腎ミクロソーム抗体,カンジンミクロソームコウタイ,
10060080,知能指数検査,チノウシスウケンサ,
10060081,知能指数検査正常,チノウシスウケンサセイジョウ,
10060082,知能指数検査異常,チノウシスウケンサイジョウ,
10060083,軽鎖分析,ケイサブンセキ,
10060084,軽鎖分析値増加,ケイサブンセキチゾウカ,
10060085,軽鎖分析値減少,ケイサブンセキチゲンショウ,
10060086,尿中乳酸増加,ニョウチュウニュウサンゾウカ,
10060087,尿中乳酸減少,ニョウチュウニュウサンゲンショウ,
10060088,左室拡張終期圧上昇,サシツカクチョウシュウキアツジョウショウ,
10060089,左室拡張終期圧低下,サシツカクチョウシュウキアツテイカ,
10060090,鎮痛剤濃度,チンツウザイノウド,
10060091,静脈圧,ジョウミャクアツ,
10060092,血中水銀正常,ケッチュウスイギンセイジョウ,
10060093,血中水銀異常,ケッチュウスイギンイジョウ,
10060094,尿中水銀正常,ニョウチュウスイギンセイジョウ,
10060095,尿中水銀異常,ニョウチュウスイギンイジョウ,
10060105,肝機能検査,カンキノウケンサ,
10060106,肝機能検査正常,カンキノウケンサセイジョウ,
10060107,肝腎ミクロソーム抗体陽性,カンジンミクロソームコウタイヨウセイ,
10060108,肝腎ミクロソーム抗体陰性,カンジンミクロソームコウタイインセイ,
10060114,ヒトヘルペスウイルス６血清学的検査,ヒトヘルペスウイルス6ケッセイガクテキケンサ,
10060121,頭頚部扁平上皮癌,トウケイブヘンペイジョウヒガン,
10060122,小赤血球,ショウセッケッキュウ,
10060124,血中寄生虫検査陽性,ケッチュウキセイチュウケンサヨウセイ,
10060127,フェニルアラニンスクリーニング,フェニルアラニンスクリーニング,
10060135,小赤血球陰性,ショウセッケッキュウインセイ,
10060136,抗好中球細胞質抗体陽性,コウコウチュウキュウサイボウシツコウタイヨウセイ,
10060137,抗好中球細胞質抗体陰性,コウコウチュウキュウサイボウシツコウタイインセイ,
10060138,抗好中球細胞質抗体増加,コウコウチュウキュウサイボウシツコウタイゾウカ,
10060139,抗好中球細胞質抗体減少,コウコウチュウキュウサイボウシツコウタイゲンショウ,
10060142,抗精神病薬濃度,コウセイシンビョウヤクノウド,
10060143,抗精神病薬濃度治療量,コウセイシンビョウヤクノウドチリョウリョウ,
10060144,抗精神病薬濃度治療量以上,コウセイシンビョウヤクノウドチリョウリョウイジョウ,
10060145,抗精神病薬濃度治療量以下,コウセイシンビョウヤクノウドチリョウリョウイカ,
10060150,フェニルアラニンスクリーニング陽性,フェニルアラニンスクリーニングヨウセイ,
10060151,フェニルアラニンスクリーニング陰性,フェニルアラニンスクリーニングインセイ,
10060181,ガスリー試験,ガスリーシケン,
10060182,ガスリー試験陽性,ガスリーシケンヨウセイ,
10060183,ガスリー試験陰性,ガスリーシケンインセイ,
10060190,ウイルス性食道炎,ウイルスセイショクドウエン,
10060192,血小板第４因子,ケッショウバンダイ4インシ,
10060194,カリウム感受性検査,カリウムカンジュセイケンサ,
10060195,前赤芽球数,ゼンセキガキュウスウ,
10060196,肺動脈圧,ハイドウミャクアツ,
10060197,赤血球形態正常,セッケッキュウケイタイセイジョウ,
10060198,リウマチ因子定量法,リウマチインシテイリョウホウ,
10060199,右室収縮期圧,ウシツシュウシュクキアツ,
10060219,血小板第４因子増加,ケッショウバンダイ4インシゾウカ,
10060220,血小板第４因子減少,ケッショウバンダイ4インシゲンショウ,
10060221,血小板形態正常,ケッショウバンケイタイセイジョウ,
10060224,カリウム感受性検査正常,カリウムカンジュセイケンサセイジョウ,
10060225,カリウム感受性検査異常,カリウムカンジュセイケンサイジョウ,
10060226,前赤芽球数正常,ゼンセキガキュウスウセイジョウ,
10060227,前赤芽球数異常,ゼンセキガキュウスウイジョウ,
10060228,前赤芽球数増加,ゼンセキガキュウスウゾウカ,
10060229,前赤芽球数減少,ゼンセキガキュウスウゲンショウ,
10060230,プロテインＣ増加,プロテインCゾウカ,
10060231,肺動脈圧低下,ハイドウミャクアツテイカ,
10060232,肺動脈圧正常,ハイドウミャクアツセイジョウ,
10060233,肺動脈圧異常,ハイドウミャクアツイジョウ,
10060234,定量リウマチ因子増加,テイリョウリウマチインシゾウカ,
10060235,定量リウマチ因子減少,テイリョウリウマチインシゲンショウ,
10060236,右室収縮期圧上昇,ウシツシュウシュクキアツジョウショウ,
10060237,右室収縮期圧低下,ウシツシュウシュクキアツテイカ,
10060240,筋弛緩薬濃度,キンシカンヤクノウド,キンチカンヤクノウド
10060241,筋弛緩薬濃度治療量,キンシカンヤクノウドチリョウリョウ,キンチカンヤクノウドチリョウリョウ
10060242,筋弛緩薬濃度治療量以上,キンシカンヤクノウドチリョウリョウイジョウ,キンチカンヤクノウドチリョウリョウイジョウ
10060243,筋弛緩薬濃度治療量以下,キンシカンヤクノウドチリョウリョウイカ,
10060292,リバーストリヨードチロニン,リバーストリヨードチロニン,
10060294,尿中セレン,ニョウチュウセレン,
10060306,リバーストリヨードチロニン増加,リバーストリヨードチロニンゾウカ,
10060307,リバーストリヨードチロニン減少,リバーストリヨードチロニンゲンショウ,
10060310,抗甲状腺抗体陽性,コウコウジョウセンコウタイヨウセイ,
10060311,抗甲状腺抗体陰性,コウコウジョウセンコウタイインセイ,
10060312,抗うつ剤濃度,コウウツザイノウド,
10060313,尿中セレン正常,ニョウチュウセレンセイジョウ,
10060314,尿中セレン異常,ニョウチュウセレンイジョウ,
10060315,尿中セレン増加,ニョウチュウセレンゾウカ,
10060316,尿中セレン減少,ニョウチュウセレンゲンショウ,
10060317,抗生剤濃度,コウセイザイノウド,
10060318,抗凝固薬濃度,コウギョウコヤクノウド,
10060319,抗凝固薬濃度治療量,コウギョウコヤクノウドチリョウリョウ,
10060320,抗凝固薬濃度治療量以上,コウギョウコヤクノウドチリョウリョウイジョウ,
10060321,抗凝固薬濃度治療量以下,コウギョウコヤクノウドチリョウリョウイカ,
10060325,抗甲状腺抗体,コウコウジョウセンコウタイ,
10060345,注入,チュウニュウ,
10060346,経皮避妊法,ケイヒヒニンホウ,
10060360,ブルトン型無γグロブリン血症,ブルトンガタムガンマグロブリンケツショウ,ブルトンガタムガンマグロブリンケッショウ
10060374,水血症,スイケツショウ,スイケッショウ
10060377,高ガストリン血症,コウガストリンケツショウ,コウガストリンケッショウ
10060378,高インスリン血症,コウインスリンケツショウ,コウインスリンケッショウ
10060406,形質細胞性白血病、寛解期,ケイシツサイボウセイハッケツビョウカンカイキ,
10060476,新生児赤血球増加症,シンセイジセッケッキュウゾウカショウ,
10060692,真菌性気道感染,シンキンセイキドウカンセン,
10060693,細菌性気道感染,サイキンセイキドウカンセン,
10060696,老人性食道,ロウジンセイショクドウ,
10060704,好酸球陽イオン蛋白増加,コウサンキュウヨウイオンタンパクゾウカ,
10060705,好酸球陽イオン蛋白減少,コウサンキュウヨウイオンタンパクゲンショウ,
10060708,硬結,コウケツ,
10060709,消化管びらん,ショウカカンビラン,
10060710,うつ乳,ウツニュウ,
10060711,血管内乳頭状内皮過形成,ケッカンナイニュウトウジョウナイヒカケイセイ,
10060712,皮膚新生物出血,ヒフシンセイブツシュッケツ,
10060717,腸間膜出血,チョウカンマクシュッケツ,
10060721,貯留嚢胞,チョリュウノウホウ,
10060733,血腫除去,ケッシュジョキョ,
10060734,糖尿病性足病変,トウニョウビョウセイソクビョウヘン,トウニョウビョウセイアシビョウヘン
10060737,先天性ネフローゼ症候群,センテンセイネフローゼショウコウグン,
10060738,椎間板炎,ツイカンバンエン,
10060742,内分泌性眼症,ナイブンピセイガンショウ,ナイブンピツセイガンショウ
10060744,黄疸指数,オウダンシスウ,
10060745,黄疸指数低下,オウダンシスウテイカ,
10060746,羊水中α１フェトプロテイン減少,ヨウスイチュウアルファ1フェトプロテインゲンショウ,
10060747,先天性低γグロブリン血症,センテンセイテイガンマグロブリンケツショウ,センテンセイテイガンマグロブリンケッショウ
10060749,１型高脂血症,1ガタコウシケツショウ,1ガタコウシケッショウ
10060751,３型高脂血症,3ガタコウシケツショウ,3ガタコウシケッショウ
10060753,４型高脂血症,4ガタコウシケツショウ,4ガタコウシケッショウ
10060755,５型高脂血症,5ガタコウシケツショウ,5ガタコウシケッショウ
10060757,尿中グリセリン酸,ニョウチュウグリセリンサン,
10060758,リンパ球刺激試験,リンパキュウシゲキシケン,
10060759,リンパ球刺激試験陰性,リンパキュウシゲキシケンインセイ,
10060760,リンパ球刺激試験陽性,リンパキュウシゲキシケンヨウセイ,
10060761,モーリアック症候群,モーリアックショウコウグン,
10060762,眼瞼びらん,ガンケンビラン,
10060764,太陽光線予防,タイヨウコウセンヨボウ,
10060765,臭気恐怖症,シュウキキョウフショウ,
10060766,異所的形成,イショテキケイセイ,
10060768,鼻新生物,ビシンセイブツ,ハナシンセイブツ
10060774,軟骨症,ナンコツショウ,
10060776,腟会陰縫合,チツエインホウゴウ,
10060781,出血性卵巣嚢胞,シュッケツセイランソウノウホウ,
10060784,回腸瘻閉鎖,カイチョウロウヘイサ,
10060785,胃バンディング術,イバンディングジュツ,
10060786,喉頭軟化症,コウトウナンカショウ,
10060788,関節安定化,カンセツアンテイカ,
10060793,肝酵素,カンコウソ,
10060794,肝酵素低下,カンコウソテイカ,
10060795,肝酵素上昇,カンコウソジョウショウ,
10060796,５－ヌクレオチダーゼ低下,5ヌクレオチダーゼテイカ,
10060797,グルタミン酸脱水素酵素減少,グルタミンサンダッスイソコウソゲンショウ,
10060798,白血球形態正常,ハッケッキュウケイタイセイジョウ,
10060799,尿中亜硝酸塩陰性,ニョウチュウアショウサンエンインセイ,
10060800,ほてり,ホテリ,
10060801,エルドハイム・チェスター病,エルドハイムチェスタービョウ,
10060802,腹部ヘルニア修復,フクブヘルニアシュウフク,
10060803,糖尿病性足感染,トウニョウビョウセイソクカンセン,トウニョウビョウセイアシカンセン
10060811,管腔臓器ミオパチー,カンクウゾウキミオパチー,
10060812,便寄生虫検査,ベンキセイチュウケンサ,
10060813,腸脛靱帯症候群,チョウケイジンタイショウコウグン,
10060815,黄斑偽円孔,オウハンギエンコウ,
10060820,関節損傷,カンセツソンショウ,
10060821,壊死融解性遊走性紅斑,エシユウカイセイユウソウセイコウハン,
10060823,脈絡膜血管新生,ミャクラクマクケッカンシンセイ,
10060824,プラスミノーゲン,プラスミノーゲン,
10060825,骨端障害,コッタンショウガイ,コツタンショウガイ
10060827,ヒトヘルペスウイルス６血清学的検査陽性,ヒトヘルペスウイルス6ケッセイガクテキケンサヨウセイ,
10060828,ヒトヘルペスウイルス６血清学的検査陰性,ヒトヘルペスウイルス6ケッセイガクテキケンサインセイ,
10060833,感染性結晶状角膜症,カンセンセイケッショウジョウカクマクショウ,
10060839,塞栓性脳梗塞,ソクセンセイノウコウソク,
10060840,虚血性脳梗塞,キョケツセイノウコウソク,
10060841,細菌性副鼻腔炎,サイキンセイフクビクウエン,
10060850,胃腺腫,イセンシュ,
10060851,高アルカリホスファターゼ血症,コウアルカリホスファターゼケツショウ,コウアルカリホスファターゼケッショウ
10060853,ＣＳＦ細胞数減少,CSFサイボウスウゲンショウ,
10060854,腰椎穿刺後症候群,ヨウツイセンシゴショウコウグン,
10060856,リコール現象,リコールゲンショウ,
10060858,心血管機能検査,シンケッカンキノウケンサ,
10060859,尿中ノルメタネフリン減少,ニョウチュウノルメタネフリンゲンショウ,
10060860,神経学的症状,シンケイガクテキショウジョウ,
10060862,前立腺癌,ゼンリツセンガン,
10060865,十二指腸胃逆流,ジュウニシチョウイギャクリュウ,
10060866,軽鎖分析値正常,ケイサブンセキチセイジョウ,
10060867,軽鎖分析値異常,ケイサブンセキチイジョウ,
10060869,涙腺粘液嚢胞,ルイセンネンエキノウホウ,
10060870,唾液腺粘液嚢胞,ダエキセンネンエキノウホウ,
10060872,移植不全,イショクフゼン,
10060874,大動脈破裂,ダイドウミャクハレツ,
10060876,良性家族性血尿,リョウセイカゾクセイケツニョウ,
10060880,単クローン性免疫グロブリン血症,タンクローンセイメンエキグロブリンケツショウ,タンクローンセイメンエキグロブリンケッショウ
10060888,皮膚テスト陰性,ヒフテストインセイ,
10060889,白癬感染,ハクセンカンセン,
10060890,三叉神経障害,サンサシンケイショウガイ,
10060891,全身症状,ゼンシンショウジョウ,
10060892,異常ヘモグロビン症,イジョウヘモグロビンショウ,
10060893,遺伝性溶血性貧血,イデンセイヨウケツセイヒンケツ,
10060896,カルシウムイオン異常,カルシウムイオンイジョウ,
10060897,カルシウムイオン正常,カルシウムイオンセイジョウ,
10060898,カルシウムイオン減少,カルシウムイオンゲンショウ,
10060899,カルシウムイオン増加,カルシウムイオンゾウカ,
10060900,カルシウムイオン,カルシウムイオン,
10060902,びまん性肺胞障害,ビマンセイハイホウショウガイ,
10060904,すくみ現象,スクミゲンショウ,
10060906,希釈性凝固障害,キシャクセイギョウコショウガイ,
10060910,再発前駆Ｂリンパ芽球性リンパ腫,サイハツゼンクBリンパガキュウセイリンパシュ,
10060911,治療抵抗性前駆Ｂリンパ芽球性リンパ腫,チリョウテイコウセイゼンクBリンパガキュウセイリンパシュ,
10060912,過剰塩基陽性,カジョウエンキヨウセイ,
10060913,膀胱瘻閉鎖,ボウコウロウヘイサ,
10060915,過剰塩基陰性,カジョウエンキインセイ,
10060917,循環血液量,ジュンカンケツエキリョウ,
10060919,胎児奇形,タイジキケイ,
10060921,腹部膿瘍,フクブノウヨウ,
10060922,壊疽性腹部ヘルニア,エソセイフクブヘルニア,
10060923,閉塞を伴う腹部ヘルニア,ヘイソクヲトモナウフクブヘルニア,
10060924,腹部損傷,フクブソンショウ,
10060925,腹部新生物,フクブシンセイブツ,
10060926,腹部症状,フクブショウジョウ,
10060927,異常受胎産物,イジョウジュタイサンブツ,
10060928,完全人工流産,カンゼンジンコウリュウザン,
10060929,副神経障害,フクシンケイショウガイ,
10060930,急性白血病、寛解期,キュウセイハッケツビョウカンカイキ,
10060931,アデノウイルス感染,アデノウイルスカンセン,
10060932,術後癒着,ジュツゴユチャク,
10060933,有害事象,ユウガイジショウ,
10060934,アレルギー性浮腫,アレルギーセイフシュ,
10060935,同種異系免疫化,ドウシュイケイメンエキカ,
10060936,羊膜腔障害,ヨウマククウショウガイ,ヨウマクコウショウガイ
10060937,羊膜腔感染,ヨウマククウカンセン,ヨウマクコウカンセン
10060938,麻酔合併症,マスイガッペイショウ,
10060939,麻酔による血管系合併症,マスイニヨルケッカンケイガッペイショウ,
10060940,鎮痛剤濃度治療量以上,チンツウザイノウドチリョウリョウイジョウ,
10060941,鎮痛剤濃度減少,チンツウザイノウドゲンショウ,
10060942,鎮痛剤濃度増加,チンツウザイノウドゾウカ,
10060943,鎮痛剤濃度治療量,チンツウザイノウドチリョウリョウ,
10060944,鎮痛剤濃度治療量以下,チンツウザイノウドチリョウリョウイカ,
10060945,細菌感染,サイキンカンセン,
10060946,細菌性肺炎,サイキンセイハイエン,
10060950,眼圧検査,ガンアツケンサ,
10060951,眼圧検査異常,ガンアツケンサイジョウ,
10060952,眼圧検査正常,ガンアツケンサセイジョウ,
10060953,心室不全,シンシツフゼン,
10060954,腹部ヘルニア,フクブヘルニア,
10060955,アンドロゲン異常,アンドロゲンイジョウ,
10060956,血管造影異常,ケッカンゾウエイイジョウ,
10060957,先天性中耳異常,センテンセイチュウジイジョウ,
10060958,細菌性肛門直腸感染,サイキンセイコウモンチョクチョウカンセン,
10060960,虫垂障害,チュウスイショウガイ,
10060961,食欲障害,ショクヨクショウガイ,
10060963,動脈障害,ドウミャクショウガイ,
10060964,動脈出血,ドウミャクシュッケツ,
10060965,動脈狭窄,ドウミャクキョウサク,
10060966,真菌性関節炎,シンキンセイカンセツエン,
10060967,蠕虫性関節炎,ゼンチュウセイカンセツエン,
10060968,感染性関節炎,カンセンセイカンセツエン,
10060969,節足動物寄生,セッソクドウブツキセイ,
10060970,節足動物媒介疾患,セッソクドウブツバイカイシッカン,
10060971,悪性星細胞腫,アクセイセイサイボウシュ,
10060972,自己抗体検査,ジココウタイケンサ,
10060973,自己抗体陽性,ジココウタイヨウセイ,
10060974,自己抗体陰性,ジココウタイインセイ,
10060975,常染色体異常,ジョウセンショクタイイジョウ,
10060976,バチルス感染,バチルスカンセン,
10060978,好塩基球数異常,コウエンキキュウスウイジョウ,
10060979,抗体検査,コウタイケンサ,
10060980,顆粒細胞腫,カリュウサイボウシュ,
10060983,根尖肉芽腫,コンセンニクゲシュ,
10060987,甲状腺超音波検査異常,コウジョウセンチョウオンパケンサイジョウ,
10060988,甲状腺超音波検査正常,コウジョウセンチョウオンパケンサセイジョウ,
10060989,喀痰正常,カクタンセイジョウ,カッタンセイジョウ
10060990,喀痰検査,カクタンケンサ,カッタンケンサ
10060991,喀痰異常,カクタンイジョウ,カッタンイジョウ
10060992,肛門直腸の良性新生物,コウモンチョクチョウノリョウセイシンセイブツ,
10060993,骨の良性新生物,コツノリョウセイシンセイブツ,ホネノリョウセイシンセイブツ
10060994,内分泌腺の良性新生物,ナイブンピセンノリョウセイシンセイブツ,ナイブンピツセンノリョウセイシンセイブツ
10060995,女性生殖器の良性新生物,ジョセイセイショクキノリョウセイシンセイブツ,
10060996,消化器の良性新生物,ショウカキノリョウセイシンセイブツ,
10060997,リンパ節の良性新生物,リンパセツノリョウセイシンセイブツ,
10060998,男性生殖器の良性新生物,ダンセイセイショクキノリョウセイシンセイブツ,
10060999,良性新生物,リョウセイシンセイブツ,
10061000,膵臓の良性新生物,スイゾウノリョウセイシンセイブツ,
10061001,腎臓の良性新生物,ジンゾウノリョウセイシンセイブツ,
10061002,気道の良性新生物,キドウノリョウセイシンセイブツ,
10061003,小腸の良性新生物,ショウチョウノリョウセイシンセイブツ,
10061004,軟部組織の良性新生物,ナンブソシキノリョウセイシンセイブツ,
10061005,心臓粘液腫,シンゾウネンエキシュ,
10061006,尿路の良性新生物,ニョウロノリョウセイシンセイブツ,
10061007,子宮の良性新生物,シキュウノリョウセイシンセイブツ,
10061008,胆道障害,タンドウショウガイ,
10061009,ビリルビン排泄障害,ビリルビンハイセツショウガイ,
10061010,両眼球運動障害,リョウガンキュウウンドウショウガイ,
10061011,膀胱障害,ボウコウショウガイ,
10061012,血中カンナビノイド,ケッチュウカンナビノイド,
10061013,血中電解質,ケッチュウデンカイシツ,
10061014,血中電解質異常,ケッチュウデンカイシツイジョウ,
10061015,血中電解質正常,ケッチュウデンカイシツセイジョウ,
10061016,血液検査異常,ケツエキケンサイジョウ,
10061018,近距離照射療法,キンキョリショウシャリョウホウ,
10061019,脳新生物,ノウシンセイブツ,
10061020,男性乳癌,ダンセイニュウガン,
10061021,乳房障害,ニュウボウショウガイ,
10061022,感染性滑液包炎,カンセンセイカツエキホウエン,
10061023,炭水化物代謝障害,タンスイカブツタイシャショウガイ,
10061024,心障害,シンショウガイ,
10061025,心臓の悪性新生物,シンゾウノアクセイシンセイブツ,
10061026,心臓手術,シンゾウシュジュツ,
10061027,心臓負荷試験,シンゾウフカシケン,
10061028,強心剤濃度,キョウシンザイノウド,
10061031,悪性胸腺腫,アクセイキョウセンシュ,
10061034,尿中カテコールアミン増加,ニョウチュウカテコールアミンゾウカ,
10061035,中枢神経系エンテロウイルス感染,チュウスウシンケイケイエンテロウイルスカンセン,
10061036,中枢神経系感染,チュウスウシンケイケイカンセン,
10061037,中枢神経系ウイルス感染,チュウスウシンケイケイウイルスカンセン,
10061038,小脳血腫,ショウノウケッシュ,
10061039,条虫感染,ジョウチュウカンセン,
10061040,小児精神病,ショウニセイシンビョウ,
10061041,クラミジア感染,クラミジアカンセン,
10061042,慢性白血病、寛解期,マンセイハッケツビョウカンカイキ,
10061043,クロストリジウム感染,クロストリジウムカンセン,
10061044,中枢神経系膿瘍,チュウスウシンケイケイノウヨウ,
10061045,結腸新生物,ケッチョウシンセイブツ,
10061046,コミュニケーション障害,コミュニケーションショウガイ,
10061047,補体因子異常,ホタイインシイジョウ,
10061048,補体因子減少,ホタイインシゲンショウ,
10061049,補体因子増加,ホタイインシゾウカ,
10061050,分娩過程合併症,ブンベンカテイガッペイショウ,
10061051,先天性前眼房異常,センテンセイゼンガンボウイジョウ,
10061052,先天性大動脈異常,センテンセイダイドウミャクイジョウ,
10061053,先天性膀胱異常,センテンセイボウコウイジョウ,
10061054,先天性心血管異常,センテンセイシンケッカンイジョウ,
10061055,補体因子,ホタイインシ,
10061056,補体因子正常,ホタイインシセイジョウ,
10061059,先天性角膜異常,センテンセイカクマクイジョウ,
10061060,先天性冠動脈奇形,センテンセイカンドウミャクキケイ,
10061061,先天性横隔膜異常,センテンセイオウカクマクイジョウ,
10061062,先天性卵管異常,センテンセイランカンイジョウ,
10061063,先天性胃異常,センテンセイイイジョウ,
10061064,先天性毛髪障害,センテンセイモウハツショウガイ,
10061065,先天性肝胆道系異常,センテンセイカンタンドウケイイジョウ,
10061067,先天性腸管奇形,センテンセイチョウカンキケイ,
10061068,先天性膝変形,センテンセイシツヘンケイ,センテンセイヒザヘンケイ
10061069,先天性食道異常,センテンセイショクドウイジョウ,
10061070,先天性口腔奇形,センテンセイコウクウキケイ,センテンセイコウコウキケイ
10061071,先天性卵巣異常,センテンセイランソウイジョウ,
10061072,先天性膵臓異常,センテンセイスイゾウイジョウ,
10061073,先天性咽頭異常,センテンセイイントウイジョウ,
10061074,先天性肺動脈異常,センテンセイハイドウミャクイジョウ,
10061075,先天性肺動脈弁障害,センテンセイハイドウミャクベンショウガイ,
10061076,先天性脊髄異常,センテンセイセキズイイジョウ,
10061077,先天性舌異常,センテンセイゼツイジョウ,センテンセイシタイジョウ
10061078,先天性尿管異常,センテンセイニョウカンイジョウ,
10061079,先天性子宮異常,センテンセイシキュウイジョウ,
10061080,先天性大血管異常,センテンセイダイケッカンイジョウ,
10061081,喀痰減少,カクタンゲンショウ,カッタンゲンショウ
10061082,心臓弁硬化症,シンゾウベンコウカショウ,
10061085,先天性硝子体異常,センテンセイショウシタイイジョウ,
10061086,先天性白血球障害,センテンセイハッケッキュウショウガイ,
10061087,結合組織障害,ケツゴウソシキショウガイ,
10061088,結合組織新生物,ケツゴウソシキシンセイブツ,
10061089,クームス試験陰性,クームスシケンインセイ,
10061090,クームス試験陽性,クームスシケンヨウセイ,
10061091,銅代謝障害,ドウタイシャショウガイ,
10061092,コリネバクテリウム感染,コリネバクテリウムカンセン,
10061093,脳神経障害,ノウシンケイショウガイ,
10061094,脳神経損傷,ノウシンケイソンショウ,
10061095,脳神経の良性新生物,ノウシンケイノリョウセイシンセイブツ,
10061097,挫滅,ザメツ,
10061098,ＣＳＦ白血球数,CSFハッケッキュウスウ,
10061099,ＣＳＦ白血球陰性,CSFハッケッキュウインセイ,
10061100,ＣＳＦ白血球陽性,CSFハッケッキュウヨウセイ,
10061101,欠乏性貧血,ケツボウセイヒンケツ,
10061104,糖尿病合併症,トウニョウビョウガッペイショウ,
10061105,透析,トウセキ,
10061106,横隔膜障害,オウカクマクショウガイ,
10061107,二糖類代謝障害,ニトウルイタイシャショウガイ,
10061108,社会的行為障害,シャカイテキコウイショウガイ,
10061109,ＤＮＡ抗体陰性,DNAコウタイインセイ,
10061110,ＤＮＡ抗体陽性,DNAコウタイヨウセイ,
10061111,薬物乱用者,ヤクブツランヨウシャ,
10061112,塵埃吸入による肺病変,ジンアイキュウニュウニヨルハイビョウヘン,
10061113,エコーウイルス感染,エコーウイルスカンセン,
10061115,異所性ホルモン分泌,イショセイホルモンブンピ,イショセイホルモンブンピツ
10061116,心電図変化,シンデンズヘンカ,
10061117,心電図ＳＴ－Ｔ変化,シンデンズSTTヘンカ,
10061118,原虫性脳炎,ゲンチュウセイノウエン,
10061119,リケッチア性脳炎,リケッチアセイノウエン,
10061120,心内膜疾患,シンナイマクシッカン,
10061121,内分泌腺新生物,ナイブンピセンシンセイブツ,ナイブンピツセンシンセイブツ
10061122,内分泌腺の悪性新生物,ナイブンピセンノアクセイシンセイブツ,ナイブンピツセンノアクセイシンセイブツ
10061123,膵内分泌障害,スイナイブンピショウガイ,スイナイブンピツショウガイ
10061124,腸球菌感染,チョウキュウキンカンセン,
10061125,好酸球数異常,コウサンキュウスウイジョウ,
10061126,大腸菌感染,ダイチョウキンカンセン,
10061127,眼変性障害,ガンヘンセイショウガイ,
10061128,眼外傷,ガンガイショウ,
10061129,眼運動障害,ガンウンドウショウガイ,
10061130,眼瞼障害,ガンケンショウガイ,
10061131,ＤＮＡ抗体,DNAコウタイ,
10061132,薬物濃度治療量以上,ヤクブツノウドチリョウリョウイジョウ,
10061133,薬物濃度治療量以下,ヤクブツノウドチリョウリョウイカ,
10061134,薬物濃度治療量,ヤクブツノウドチリョウリョウ,
10061135,特発性細菌性腹膜炎,トクハツセイサイキンセイフクマクエン,
10061136,サイログロブリン,サイログロブリン,
10061137,眼毒性,ガンドクセイ,
10061138,真菌性腹膜炎,シンキンセイフクマクエン,
10061139,糖尿病性膀胱症,トウニョウビョウセイボウコウショウ,
10061145,眼瞼機能障害,ガンケンキノウショウガイ,
10061146,先天性眼瞼奇形,センテンセイガンケンキケイ,
10061147,眼瞼血管障害,ガンケンケッカンショウガイ,
10061148,栄養補給障害,エイヨウホキュウショウガイ,
10061149,女性生殖器瘻,ジョセイセイショクキロウ,
10061150,女性生殖器結核,ジョセイセイショクキケッカク,
10061153,女性生殖器新生物,ジョセイセイショクキシンセイブツ,
10061154,女性生殖器上皮内癌,ジョセイセイショクキジョウヒナイガン,
10061156,指変形,シヘンケイ,ユビヘンケイ
10061157,胎児障害,タイジショウガイ,
10061158,胎児心拍障害,タイジシンパクショウガイ,
10061159,足変形,ソクヘンケイ,アシヘンケイ
10061160,足部手術,ソクブシュジュツ,
10061161,骨盤骨折,コツバンコッセツ,
10061163,先天性胆嚢異常,センテンセイタンノウイジョウ,
10061164,胃粘膜病変,イネンマクビョウヘン,
10061165,ガストリン分泌障害,ガストリンブンピショウガイ,ガストリンブンピツショウガイ
10061166,細菌性胃腸炎,サイキンセイイチョウエン,
10061168,消化器上皮内癌,ショウカキジョウヒナイガン,
10061169,塞栓症,ソクセンショウ,
10061170,濾胞中心リンパ腫、濾胞グレード１、２、３,ロホウチュウシンリンパシュロホウグレード123,
10061172,消化管損傷,ショウカカンソンショウ,
10061173,消化管運動障害,ショウカカンウンドウショウガイ,
10061174,消化器新生物,ショウカキシンセイブツ,
10061175,原虫性消化管感染,ゲンチュウセイショウカカンカンセン,
10061178,性器出血,セイキシュッケツ,
10061179,細菌性性器感染,サイキンセイセイキカンセン,
10061180,真菌性性器感染,シンキンセイセイキカンセン,
10061181,泌尿生殖器淋菌感染,ヒニョウセイショクキリンキンカンセン,
10061182,泌尿生殖器感染,ヒニョウセイショクキカンセン,
10061183,泌尿生殖器新生物,ヒニョウセイショクキシンセイブツ,
10061184,胚細胞癌,ハイサイボウガン,
10061185,舌咽神経障害,ゼツインシンケイショウガイ,
10061186,グルカゴン分泌障害,グルカゴンブンピショウガイ,グルカゴンブンピツショウガイ
10061187,造血器新生物,ゾウケツキシンセイブツ,
10061188,血液毒性,ケツエキドクセイ,
10061189,血行力学検査,ケッコウリキガクケンサ,
10061190,ヘモフィルス感染,ヘモフィルスカンセン,
10061191,胎児出血,タイジシュッケツ,
10061192,出血熱,シュッケツネツ,
10061193,過誤腫,カゴシュ,
10061194,手変形,シュヘンケイ,テヘンケイ
10061198,ハンタウイルス感染,ハンタウイルスカンセン,
10061199,頭部変形,トウブヘンケイ,
10061201,蠕虫感染,ゼンチュウカンセン,
10061203,肝胆道系新生物,カンタンドウケイシンセイブツ,
10061204,遺伝性脳変性疾患,イデンセイノウヘンセイシッカン,
10061205,遺伝性障害,イデンセイショウガイ,
10061206,壊疽性ヘルニア,エソセイヘルニア,
10061207,閉塞性ヘルニア,ヘイソクセイヘルニア,
10061208,神経合併症を伴う帯状疱疹感染,シンケイガッペイショウヲトモナウタイジョウホウシンカンセン,
10061209,股関節変形,コカンセツヘンケイ,
10061210,ホルモン値異常,ホルモンチイジョウ,
10061211,高インスリン症,コウインスリンショウ,
10061212,舌下神経障害,ゼッカシンケイショウガイ,
10061213,医原性損傷,イゲンセイソンショウ,
10061214,免疫学的検査異常,メンエキガクテキケンサイジョウ,
10061215,衝動制御障害,ショウドウセイギョショウガイ,
10061216,梗塞,コウソク,
10061217,寄生,キセイ,
10061218,炎症,エンショウ,
10061219,水晶体障害,スイショウタイショウガイ,
10061220,白血病、寛解期,ハッケツビョウカンカイキ,
10061221,リビドー障害,リビドーショウガイ,
10061222,靱帯障害,ジンタイショウガイ,
10061223,靱帯損傷,ジンタイソンショウ,
10061224,四肢不快感,シシフカイカン,
10061225,四肢損傷,シシソンショウ,
10061226,四肢手術,シシシュジュツ,
10061227,脂質代謝障害,シシツタイシャショウガイ,
10061228,脂肪腫症,シボウシュショウ,
10061231,リンパ管障害,リンパカンショウガイ,
10061232,リンパ増殖性障害,リンパゾウショクセイショウガイ,
10061233,リンパ増殖性障害、寛解期,リンパゾウショクセイショウガイカンカイキ,
10061234,男性生殖器結核,ダンセイセイショクキケッカク,
10061236,男性生殖器新生物,ダンセイセイショクキシンセイブツ,
10061237,肛門直腸の悪性新生物,コウモンチョクチョウノアクセイシンセイブツ,
10061238,脳神経の悪性新生物,ノウシンケイノアクセイシンセイブツ,
10061240,悪性リンパ様新生物,アクセイリンパヨウシンセイブツ,
10061241,縦隔の悪性新生物,ジュウカクノアクセイシンセイブツ,
10061245,内臓損傷,ナイゾウソンショウ,
10061246,椎間板変性症,ツイカンバンヘンセイショウ,
10061248,穿孔性腸潰瘍,センコウセイチョウカイヨウ,
10061249,腹腔内出血,フククウナイシュッケツ,フックウナイシュッケツ
10061253,検査異常,ケンサイジョウ,
10061254,虹彩障害,コウサイショウガイ,
10061255,虚血,キョケツ,
10061256,虚血性脳卒中,キョケツセイノウソッチュウ,
10061257,顎障害,ガクショウガイ,アゴショウガイ
10061258,関節ロック,カンセツロック,
10061259,クレブシエラ感染,クレブシエラカンセン,
10061260,涙腺嚢胞,ルイセンノウホウ,
10061261,乳汁分泌障害,ニュウジュウブンピショウガイ,ニュウジュウブンピツショウガイ
10061262,出血性大腸潰瘍,シュッケツセイダイチョウカイヨウ,
10061263,喉頭障害,コウトウショウガイ,
10061264,咽喉頭炎,インコウトウエン,
10061265,学習障害,ガクシュウショウガイ,
10061266,レジオネラ感染,レジオネラカンセン,
10061267,中耳の悪性新生物,チュウジノアクセイシンセイブツ,
10061268,神経系の悪性新生物,シンケイケイノアクセイシンセイブツ,
10061269,腹膜の悪性新生物,フクマクノアクセイシンセイブツ,
10061270,気道の悪性新生物,キドウノアクセイシンセイブツ,
10061272,尿路の悪性新生物,ニョウロノアクセイシンセイブツ,
10061273,栄養障害,エイヨウショウガイ,
10061274,不正咬合,フセイコウゴウ,
10061275,マントル細胞リンパ腫,マントルサイボウリンパシュ,
10061276,乳様突起膿瘍,ニュウヨウトッキノウヨウ,
10061277,乳突部障害,ニュウトツブショウガイ,
10061280,縦隔障害,ジュウカクショウガイ,
10061281,髄膜障害,ズイマクショウガイ,
10061282,髄膜新生物,ズイマクシンセイブツ,
10061283,神経系の良性新生物,シンケイケイノリョウセイシンセイブツ,
10061284,精神障害,セイシンショウガイ,
10061285,身体疾患による精神障害,シンタイシッカンニヨルセイシンショウガイ,
10061286,代謝機能検査異常,タイシャキノウケンサイジョウ,
10061287,神経系転移,シンケイケイテンイ,
10061288,生殖器転移,セイショクキテンイ,
10061289,遠隔転移を伴う新生物,エンカクテンイヲトモナウシンセイブツ,
10061290,中耳障害,チュウジショウガイ,
10061291,無機質欠乏,ムキシツケツボウ,
10061292,無機質代謝障害,ムキシツタイシャショウガイ,
10061293,単球数異常,タンキュウスウイジョウ,
10061294,単球形態異常,タンキュウケイタイイジョウ,
10061295,単球性白血病、寛解期,タンキュウセイハッケツビョウカンカイキ,
10061296,運動機能障害,ウンドウキノウショウガイ,
10061297,粘膜びらん,ネンマクビラン,
10061298,粘膜出血,ネンマクシュッケツ,
10061300,マイコプラズマ感染,マイコプラズマカンセン,
10061301,骨髄性白血病、寛解期,コツズイセイハッケツビョウカンカイキ,
10061302,鼓膜炎,コマクエン,
10061303,爪床感染,ソウショウカンセン,
10061304,爪感染,ソウカンセン,ツメカンセン
10061305,鼻粘膜障害,ビネンマクショウガイ,
10061306,上咽頭癌,ジョウイントウガン,
10061307,頚変形,ケイヘンケイ,クビヘンケイ
10061308,新生児感染,シンセイジカンセン,
10061309,新生物進行,シンセイブツシンコウ,
10061310,神経根損傷,シンケイコンソンショウ,
10061311,神経系新生物,シンケイケイシンセイブツ,
10061312,神経性眼瞼障害,シンケイセイガンケンショウガイ,
10061313,好中球数異常,コウチュウキュウスウイジョウ,
10061314,好中球機能障害,コウチュウキュウキノウショウガイ,
10061315,産科処置合併症,サンカショチガッペイショウ,
10061316,職業性大気汚染曝露,ショクギョウセイタイキオセンバクロ,
10061317,新生児浮腫,シンセイジフシュ,
10061318,食道障害,ショクドウショウガイ,
10061319,食道手術,ショクドウシュジュツ,
10061320,細菌性食道炎,サイキンセイショクドウエン,
10061321,視神経乳頭障害,シシンケイニュウトウショウガイ,
10061322,視神経障害,シシンケイショウガイ,
10061323,視神経症,シシンケイショウ,
10061324,口腔真菌感染,コウクウシンキンカンセン,コウコウシンキンカンセン
10061325,口腔新生物,コウクウシンセイブツ,コウコウシンセイブツ
10061327,耳小骨障害,ジショウコツショウガイ,
10061328,卵巣上皮癌,ランソウジョウヒガン,
10061330,乳頭筋障害,ニュウトウキンショウガイ,
10061331,乳頭腫ウイルス感染,ニュウトウシュウイルスカンセン,
10061332,傍神経節新生物,ボウシンケイセツシンセイブツ,
10061333,パラプロテイン血症,パラプロテインケツショウ,パラプロテインケッショウ
10061334,部分発作,ブブンホッサ,
10061335,骨盤変形,コツバンヘンケイ,
10061336,骨盤新生物,コツバンシンセイブツ,
10061338,心膜疾患,シンマクシッカン,
10061339,会陰痛,エインツウ,
10061340,末梢血管塞栓症,マッショウケッカンソクセンショウ,
10061341,末梢神経手術,マッショウシンケイシュジュツ,
10061342,骨末梢神経上皮腫,コツマッショウシンケイジョウヒシュ,ホネマッショウシンケイジョウヒシュ
10061343,腹膜障害,フクマクショウガイ,
10061344,腹膜新生物,フクマクシンセイブツ,
10061346,体液ｐＨ,タイエキpH,
10061347,リン代謝障害,リンタイシャショウガイ,
10061348,松果体新生物,ショウカタイシンセイブツ,
10061349,胎盤新生物,タイバンシンセイブツ,
10061350,血漿蛋白代謝障害,ケッショウタンパクタイシャショウガイ,
10061351,胸膜感染,キョウマクカンセン,
10061352,胸膜新生物,キョウマクシンセイブツ,
10061353,肺炎球菌感染,ハイエンキュウキンカンセン,
10061354,真菌性肺炎,シンキンセイハイエン,
10061355,中毒,チュウドク,
10061356,ポルフィリン代謝障害,ポルフィリンタイシャショウガイ,
10061357,体液ｐＨ正常,タイエキpHセイジョウ,
10061360,虹彩血管障害,コウサイケッカンショウガイ,
10061361,陰嚢出血,インノウシュッケツ,
10061363,骨格損傷,コッカクソンショウ,
10061364,皮膚損傷,ヒフソンショウ,
10061365,頭蓋骨骨折,トウガイコツコッセツ,
10061366,軟部組織障害,ナンブソシキショウガイ,
10061367,脊髄障害,セキズイショウガイ,
10061368,脊椎障害,セキツイショウガイ,
10061369,脊髄血管障害,セキズイケッカンショウガイ,
10061370,スピロヘータ感染,スピロヘータカンセン,
10061371,脊椎炎,セキツイエン,
10061372,レンサ球菌感染,レンサキュウキンカンセン,
10061373,突発性難聴,トッパツセイナンチョウ,
10061374,滑膜障害,カツマクショウガイ,
10061375,梅毒検査,バイドクケンサ,
10061376,体温調節障害,タイオンチョウセツショウガイ,
10061377,腱新生物,ケンシンセイブツ,
10061378,精巣胚細胞性癌,セイソウハイサイボウセイガン,
10061379,精巣新生物,セイソウシンセイブツ,
10061380,治療反応時間減少,チリョウハンノウジカンゲンショウ,
10061381,胸腺障害,キョウセンショウガイ,
10061382,毒性学的検査異常,ドクセイガクテキケンサイジョウ,
10061383,毒性学的検査正常,ドクセイガクテキケンサセイジョウ,
10061384,毒性学的検査,ドクセイガクテキケンサ,
10061385,外傷性切断,ガイショウセイセツダン,
10061386,胸部損傷,キョウブソンショウ,
10061387,外傷性頭蓋内出血,ガイショウセイトウガイナイシュッケツ,
10061389,三尖弁疾患,サンセンベンシッカン,
10061390,消化器結核,ショウカキケッカク,
10061391,中枢神経系結核,チュウスウシンケイケイケッカク,
10061392,腫瘍切除,シュヨウセツジョ,
10061393,チフス,チフス,
10061394,上肢骨折,ジョウシコッセツ,
10061395,尿管膿瘍,ニョウカンノウヨウ,
10061396,尿路上皮内癌,ニョウロジョウヒナイガン,
10061397,尿路損傷,ニョウロソンショウ,
10061398,尿路新生物,ニョウロシンセイブツ,
10061399,温熱蕁麻疹,オンネツジンマシン,
10061400,子宮収縮異常,シキュウシュウシュクイジョウ,
10061401,子宮損傷,シキュウソンショウ,
10061402,腟障害,チツショウガイ,
10061403,迷走神経障害,メイソウシンケイショウガイ,
10061404,四肢外傷性切断,シシガイショウセイセツダン,
10061405,骨盤内臓器損傷,コツバンナイゾウキソンショウ,
10061406,心臓弁膜疾患,シンゾウベンマクシッカン,
10061409,犯罪被害者,ハンザイヒガイシャ,
10061411,視覚路障害,シカクロショウガイ,
10061412,ビタミンＡ欠乏性眼障害,ビタミンAケツボウセイガンショウガイ,
10061413,ビタミンＣ異常,ビタミンCイジョウ,
10061414,白血球障害,ハッケッキュウショウガイ,
10061415,手関節変形,シュカンセツヘンケイ,テカンセツヘンケイ
10061416,エルシニア感染,エルシニアカンセン,
10061417,人畜共通細菌感染,ジンチクキョウツウサイキンカンセン,
10061419,結晶性関節障害,ケッショウセイカンセツショウガイ,
10061420,嚢胞吸引異常,ノウホウキュウインイジョウ,
10061421,嚢胞吸引正常,ノウホウキュウインセイジョウ,
10061422,異常行動,イジョウコウドウ,
10061423,健忘障害,ケンボウショウガイ,
10061424,肛門癌,コウモンガン,
10061425,抗体検査異常,コウタイケンサイジョウ,
10061426,抗体検査陰性,コウタイケンサインセイ,
10061427,抗体検査陽性,コウタイケンサヨウセイ,
10061428,食欲減退,ショクヨクゲンタイ,
10061429,抗体検査正常,コウタイケンサセイジョウ,
10061430,アレルギー性関節炎,アレルギーセイカンセツエン,
10061431,神経膠瘢痕,シンケイコウハンコン,
10061432,尿中レチノール結合蛋白増加,ニョウチュウレチノールケツゴウタンパクゾウカ,
10061433,レチノール結合蛋白増加,レチノールケツゴウタンパクゾウカ,
10061438,抗喘息薬濃度治療量以上,コウゼンソクヤクノウドチリョウリョウイジョウ,
10061439,抗喘息薬濃度治療量以下,コウゼンソクヤクノウドチリョウリョウイカ,
10061440,尿中レチノール結合蛋白,ニョウチュウレチノールケツゴウタンパク,
10061441,尿中レチノール結合蛋白減少,ニョウチュウレチノールケツゴウタンパクゲンショウ,
10061442,抗喘息薬濃度治療量,コウゼンソクヤクノウドチリョウリョウ,
10061443,抗喘息薬濃度,コウゼンソクヤクノウド,
10061444,中枢神経系刺激,チュウスウシンケイケイシゲキ,
10061445,脳嚢胞,ノウノウホウ,
10061446,結膜障害,ケツマクショウガイ,
10061447,培養,バイヨウ,
10061448,培養陰性,バイヨウインセイ,
10061449,培養陽性,バイヨウヨウセイ,
10061450,上皮内癌,ジョウヒナイガン,
10061451,結腸直腸癌,ケッチョウチョクチョウガン,
10061452,妊娠合併症,ニンシンガッペイショウ,
10061453,角膜障害,カクマクショウガイ,
10061454,歯および顔面の機能障害,ハオヨビガンメンノキノウショウガイ,
10061455,先天性皮膚掌紋異常,センテンセイヒフショウモンイジョウ,
10061456,外耳障害,ガイジショウガイ,
10061457,顔面神経障害,ガンメンシンケイショウガイ,
10061458,体温変動感,タイオンヘンドウカン,
10061459,胃腸潰瘍,イチョウカイヨウ,
10061460,グルココルチコイド異常,グルココルチコイドイジョウ,
10061461,勃起不全,ボッキフゼン,
10061462,耳管障害,ジカンショウガイ,
10061463,網膜機能検査正常,モウマクキノウケンサセイジョウ,
10061464,中枢神経系機能検査正常,チュウスウシンケイケイキノウケンサセイジョウ,
10061465,末梢神経系機能検査正常,マッショウシンケイケイキノウケンサセイジョウ,
10061466,グルココルチコイド減少,グルココルチコイドゲンショウ,
10061467,流産後感染,リュウザンゴカンセン,
10061468,術後創合併症,ジュツゴソウガッペイショウ,
10061469,分娩後障害,ブンベンゴショウガイ,
10061470,プロテウス感染,プロテウスカンセン,
10061471,シュードモナス感染,シュードモナスカンセン,
10061472,精神症状,セイシンショウジョウ,
10061473,放射線による肺損傷,ホウシャセンニヨルハイソンショウ,
10061474,肺血管障害,ハイケッカンショウガイ,
10061475,脈波形異常,ミャクハケイイジョウ,
10061476,プリン代謝障害,プリンタイシャショウガイ,
10061478,ラジオアイソトープスキャン,ラジオアイソトープスキャン,
10061480,腎機能検査異常,ジンキノウケンサイジョウ,
10061481,腎損傷,ジンソンショウ,
10061482,腎新生物,ジンシンセイブツ,
10061483,生殖器系障害,セイショクキケイショウガイ,
10061484,新生児呼吸障害,シンセイジコキュウショウガイ,
10061485,フューム吸引性呼吸障害,フュームキュウインセイコキュウショウガイ,
10061486,気道新生物,キドウシンセイブツ,
10061487,脈波形正常,ミャクハケイセイジョウ,
10061488,脈波形,ミャクハケイ,
10061489,処置後瘻孔,ショチゴロウコウ,
10061490,腎機能検査,ジンキノウケンサ,
10061491,腎機能検査正常,ジンキノウケンサセイジョウ,
10061492,網膜分離症,モウマクブンリショウ,
10061493,レトロウイルス感染,レトロウイルスカンセン,
10061494,ライノウイルス感染,ライノウイルスカンセン,
10061495,リケッチア症,リケッチアショウ,
10061496,神経合併症を伴う風疹感染,シンケイガッペイショウヲトモナウフウシンカンセン,
10061497,唾液腺新生物,ダエキセンシンセイブツ,
10061498,スキャン,スキャン,
10061499,スキャン異常,スキャンイジョウ,
10061500,脳スキャン,ノウスキャン,
10061501,心筋血流スキャン異常,シンキンケツリュウスキャンイジョウ,
10061502,腹部スキャン異常,フクブスキャンイジョウ,
10061503,副腎スキャン,フクジンスキャン,
10061504,リンパ節スキャン,リンパセツスキャン,
10061505,スキャン正常,スキャンセイジョウ,
10061506,脾臓スキャン,ヒゾウスキャン,
10061507,副甲状腺スキャン,フクコウジョウセンスキャン,
10061508,甲状腺スキャン,コウジョウセンスキャン,
10061509,強膜変性,キョウマクヘンセイ,
10061510,強膜障害,キョウマクショウガイ,
10061511,脂腺障害,シセンショウガイ,
10061512,セラチア感染,セラチアカンセン,
10061513,性染色体異常,セイセンショクタイイジョウ,
10061514,心筋血流スキャン正常,シンキンケツリュウスキャンセイジョウ,
10061517,陰嚢血瘤,インノウケツリュウ,
10061519,ＣＤＣ分類第４群ＨＩＶ感染,CDCブンルイダイ4グンHIVカンセン,
10061520,不明確な障害,フメイカクナショウガイ,
10061521,椎間板障害,ツイカンバンショウガイ,
10061522,核型分析異常,カクガタブンセキイジョウ,
10061523,口唇および口腔内癌,コウシンオヨビコウクウナイガン,コウシンオヨビコウコウナイガン
10061524,内耳障害,ナイジショウガイ,
10061525,涙器障害,ルイキショウガイ,
10061526,悪性間葉腫,アクセイカンヨウシュ,
10061527,神経線維肉腫,シンケイセンイニクシュ,
10061528,先天性視神経異常,センテンセイシシンケイイジョウ,
10061529,ポリープ,ポリープ,
10061530,先天性強膜障害,センテンセイキョウマクショウガイ,
10061531,皮膚変性障害,ヒフヘンセイショウガイ,
10061532,僧帽弁疾患,ソウボウベンシッカン,
10061533,ミオトニー,ミオトニー,
10061534,食道扁平上皮癌,ショクドウヘンペイジョウヒガン,
10061535,卵巣新生物,ランソウシンセイブツ,
10061536,パーキンソン病,パーキンソンビョウ,
10061537,松果体実質部の悪性新生物,ショウカタイジッシツブノアクセイシンセイブツ,
10061538,下垂体の良性腫瘍,カスイタイノリョウセイシュヨウ,
10061539,血小板機能検査異常,ケッショウバンキノウケンサイジョウ,
10061540,血小板機能検査正常,ケッショウバンキノウケンサセイジョウ,
10061541,肺動脈弁疾患,ハイドウミャクベンシッカン,
10061542,脳放射線療法,ノウホウシャセンリョウホウ,
10061543,肺放射線療法,ハイホウシャセンリョウホウ,
10061544,前立腺放射線療法,ゼンリツセンホウシャセンリョウホウ,
10061545,皮膚放射線療法,ヒフホウシャセンリョウホウ,
10061546,膀胱放射線療法,ボウコウホウシャセンリョウホウ,
10061547,子宮放射線療法,シキュウホウシャセンリョウホウ,
10061548,赤血球異常,セッケッキュウイジョウ,
10061549,異物感,イブツカン,
10061550,出血性小腸潰瘍,シュッケツセイショウチョウカイヨウ,
10061551,脊髄小脳障害,セキズイショウノウショウガイ,
10061554,ブドウ球菌性咽頭炎,ブドウキュウキンセイイントウエン,
10061555,咽頭損傷,イントウソンショウ,
10061556,ウイルス性気管気管支炎,ウイルスセイキカンキカンシエン,
10061557,アレルギー性中耳炎,アレルギーセイチュウジエン,
10061558,感覚レベル,カンカクレベル,
10061559,膀胱括約筋切除,ボウコウカツヤクキンセツジョ,
10061560,腫瘤切除,シュリュウセツジョ,
10061567,感覚レベル異常,カンカクレベルイジョウ,
10061568,感覚レベル正常,カンカクレベルセイジョウ,
10061573,先天性偽関節,センテンセイギカンセツ,
10061574,尿路閉塞,ニョウロヘイソク,
10061575,先天性毛細血管拡張症,センテンセイモウサイケッカンカクチョウショウ,
10061576,トロポニン,トロポニン,
10061577,潰瘍性出血,カイヨウセイシュッケツ,
10061578,尿検査正常,ニョウケンサセイジョウ,
10061579,尿中電解質減少,ニョウチュウデンカイシツゲンショウ,
10061580,ビタミンＢ群欠乏,ビタミンBグンケツボウ,
10061581,声帯障害,セイタイショウガイ,
10061582,胃腸管Ｘ線異常,イチョウカンXセンイジョウ,
10061583,胃腸管Ｘ線,イチョウカンXセン,
10061584,胃腸管Ｘ線正常,イチョウカンXセンセイジョウ,
10061585,四肢Ｘ線,シシXセン,
10061586,四肢Ｘ線異常,シシXセンイジョウ,
10061587,四肢Ｘ線正常,シシXセンセイジョウ,
10061588,副腎新生物,フクジンシンセイブツ,
10061589,大動脈弁疾患,ダイドウミャクベンシッカン,
10061590,血液障害,ケツエキショウガイ,
10061591,ボレリア感染,ボレリアカンセン,
10061592,心細動,シンサイドウ,
10061593,心エコー図異常,シンエコーズイジョウ,
10061595,虚偽性障害,キョギセイショウガイ,
10061596,胃腸奇形,イチョウキケイ,
10061597,ホジキン病第４期,ホジキンビョウダイ4キ,
10061598,免疫不全症,メンエキフゼンショウ,
10061599,下肢骨折,カシコッセツ,
10061600,呼吸器系転移,コキュウキケイテンイ,
10061601,血小板凝集異常,ケッショウバンギョウシュウイジョウ,
10061602,肺機能検査異常,ハイキノウケンサイジョウ,
10061603,ＲＳウイルス感染,RSウイルスカンセン,
10061604,超音波血管造影異常,チョウオンパケッカンゾウエイイジョウ,
10061605,超音波血管造影正常,チョウオンパケッカンゾウエイセイジョウ,
10061606,超音波スキャン異常,チョウオンパスキャンイジョウ,
10061607,超音波スキャン正常,チョウオンパスキャンセイジョウ,
10061608,尿中１７ケトステロイド異常,ニョウチュウ17ケトステロイドイジョウ,
10061609,腹部手術,フクブシュジュツ,
10061610,腹壁新生物,フクヘキシンセイブツ,
10061611,腹壁手術,フクヘキシュジュツ,
10061612,腹部Ｘ線,フクブXセン,
10061613,睡眠関連異常事象,スイミンカンレンイジョウジショウ,
10061614,完全流産,カンゼンリュウザン,
10061615,合併症を伴う流産,ガッペイショウヲトモナウリュウザン,
10061616,完全自然流産,カンゼンシゼンリュウザン,
10061617,不全自然流産,フゼンシゼンリュウザン,
10061618,アカントアメーバ感染,アカントアメーバカンセン,
10061619,変形,ヘンケイ,
10061621,適応障害,テキオウショウガイ,
10061622,副腎摘除,フクジンテキジョ,
10061623,医薬品副作用,イヤクヒンフクサヨウ,
10061624,エイズ関連合併症,エイズカンレンガッペイショウ,
10061625,尿中アルドステロン異常,ニョウチュウアルドステロンイジョウ,
10061626,化学物質アレルギー,カガクブッシツアレルギー,
10061627,切断,セツダン,
10061628,肛門感染,コウモンカンセン,
10061629,肛門新生物,コウモンシンセイブツ,
10061630,副腎性器症候群,フクジンセイキショウコウグン,
10061631,鎮痛薬投与による補助療法,チンツウヤクトウヨニヨルホジョリョウホウ,
10061633,アンドロゲン,アンドロゲン,
10061634,アンドロゲン減少,アンドロゲンゲンショウ,
10061635,アンドロゲン正常,アンドロゲンセイジョウ,
10061636,血管異形成,ケッカンイケイセイ,
10061637,血管造影,ケッカンゾウエイ,
10061638,血管造影正常,ケッカンゾウエイセイジョウ,
10061639,被角血管腫,ヒカクケッカンシュ,
10061640,肛門直腸感染,コウモンチョクチョウカンセン,
10061641,前眼房障害,ゼンガンボウショウガイ,
10061642,抗生剤濃度治療量以上,コウセイザイノウドチリョウリョウイジョウ,
10061643,抗生剤濃度治療量以下,コウセイザイノウドチリョウリョウイカ,
10061644,抗生剤濃度治療量,コウセイザイノウドチリョウリョウ,
10061645,抗うつ剤クリアランス,コウウツザイクリアランス,
10061646,抗うつ剤濃度治療量以上,コウウツザイノウドチリョウリョウイジョウ,
10061647,抗うつ剤濃度治療量以下,コウウツザイノウドチリョウリョウイカ,
10061648,抗うつ剤濃度減少,コウウツザイノウドゲンショウ,
10061649,抗うつ剤濃度増加,コウウツザイノウドゾウカ,
10061650,抗うつ剤濃度治療量,コウウツザイノウドチリョウリョウ,
10061651,大動脈手術,ダイドウミャクシュジュツ,
10061652,大動脈弁修復,ダイドウミャクベンシュウフク,
10061653,アフェレーシス,アフェレーシス,
10061654,アポリポ蛋白Ａ－ＩＩ異常,アポリポタンパクA2イジョウ,
10061655,動脈グラフト,ドウミャクグラフト,
10061656,動脈修復,ドウミャクシュウフク,
10061657,動脈ステント挿入,ドウミャクステントソウニュウ,
10061658,動脈造影,ドウミャクゾウエイ,
10061659,動脈造影異常,ドウミャクゾウエイイジョウ,
10061660,動脈解離,ドウミャクカイリ,
10061661,介助分娩,カイジョブンベン,
10061662,無症候性遺伝子キャリアー,ムショウコウセイイデンシキャリアー,
10061663,非定型マイコバクテリア感染,ヒテイケイマイコバクテリアカンセン,
10061664,自己免疫障害,ジコメンエキショウガイ,
10061665,自律神経手術,ジリツシンケイシュジュツ,
10061666,自律神経ニューロパチー,ジリツシンケイニューロパチー,
10061682,動脈造影正常,ドウミャクゾウエイセイジョウ,
10061683,関節固定術,カンセツコテイジュツ,
10061684,血小板機能検査,ケッショウバンキノウケンサ,
10061686,バリウム二重撮影異常,バリウムニジュウサツエイイジョウ,
10061687,バリウム二重撮影正常,バリウムニジュウサツエイセイジョウ,
10061688,気圧性外傷,キアツセイガイショウ,
10061689,好塩基球形態異常,コウエンキキュウケイタイイジョウ,
10061690,好塩基球形態正常,コウエンキキュウケイタイセイジョウ,
10061691,良性中皮腫,リョウセイチュウヒシュ,
10061692,筋の良性新生物,キンノリョウセイシンセイブツ,
10061693,β２ミクログロブリン異常,ベータ2ミクログロブリンイジョウ,
10061694,尿中β２ミクログロブリン異常,ニョウチュウベータ2ミクログロブリンイジョウ,
10061695,胆道感染,タンドウカンセン,
10061696,胆道手術,タンドウシュジュツ,
10061697,子宮生検,シキュウセイケン,
10061698,膀胱損傷,ボウコウソンショウ,
10061699,膀胱手術,ボウコウシュジュツ,
10061700,芽球細胞,ガキュウサイボウ,
10061701,血中アルコール減少,ケッチュウアルコールゲンショウ,
10061706,好塩基球形態,コウエンキキュウケイタイ,
10061707,好酸球形態,コウサンキュウケイタイ,
10061708,単球形態,タンキュウケイタイ,
10061709,好中球形態,コウチュウキュウケイタイ,
10061712,血中カンナビノイド減少,ケッチュウカンナビノイドゲンショウ,
10061713,血中カンナビノイド増加,ケッチュウカンナビノイドゾウカ,
10061714,血中カンナビノイド正常,ケッチュウカンナビノイドセイジョウ,
10061715,血中電解質減少,ケッチュウデンカイシツゲンショウ,
10061716,血中電解質増加,ケッチュウデンカイシツゾウカ,
10061724,血液ｐＨ,ケツエキpH,
10061725,血中プロインスリン異常,ケッチュウプロインスリンイジョウ,
10061726,血液検査,ケツエキケンサ,
10061727,血中尿酸異常,ケッチュウニョウサンイジョウ,
10061728,骨病変,コツビョウヘン,ホネビョウヘン
10061729,骨髄障害,コツズイショウガイ,
10061730,骨髄移植,コツズイイショク,
10061731,骨手術,コツシュジュツ,ホネシュジュツ
10061732,脳手術,ノウシュジュツ,
10061734,乳房手術,ニュウボウシュジュツ,
10061736,細菌性気管支炎,サイキンセイキカンシエン,
10061737,真菌性気管支炎,シンキンセイキカンシエン,
10061738,カプノサイトファーガ感染,カプノサイトファーガカンセン,
10061739,心臓電気生理学的検査,シンゾウデンキセイリガクテキケンサ,
10061740,強心剤濃度治療量以上,キョウシンザイノウドチリョウリョウイジョウ,
10061741,強心剤濃度治療量以下,キョウシンザイノウドチリョウリョウイカ,
10061742,強心剤濃度治療量,キョウシンザイノウドチリョウリョウ,
10061743,カロチン異常,カロチンイジョウ,
10061744,頚動脈疾患,ケイドウミャクシッカン,
10061745,軟骨発育障害,ナンコツハツイクショウガイ,
10061746,軟骨新生物,ナンコツシンセイブツ,
10061747,尿中カテコールアミン異常,ニョウチュウカテコールアミンイジョウ,
10061748,尿中カテコールアミン減少,ニョウチュウカテコールアミンゲンショウ,
10061749,尿中カテコールアミン正常,ニョウチュウカテコールアミンセイジョウ,
10061750,小脳腫瘍,ショウノウシュヨウ,
10061751,脳血管狭窄,ノウケッカンキョウサク,
10061752,子宮頚部手術,シキュウケイブシュジュツ,
10061754,化学療法剤濃度,カガクリョウホウザイノウド,
10061755,化学療法剤濃度治療量以上,カガクリョウホウザイノウドチリョウリョウイジョウ,
10061756,化学療法剤濃度治療量以下,カガクリョウホウザイノウドチリョウリョウイカ,
10061757,化学療法剤濃度治療量,カガクリョウホウザイノウドチリョウリョウ,
10061758,化学療法,カガクリョウホウ,
10061759,胸壁手術,キョウヘキシュジュツ,
10061760,慢性胆管炎,マンセイタンカンエン,
10061761,軟骨石灰化症,ナンコツセッカイカショウ,
10061762,軟骨疾患,ナンコツシッカン,
10061763,脈絡網膜障害,ミャクラクモウマクショウガイ,
10061764,染色体欠失,センショクタイケッシツ,
10061765,染色体変異,センショクタイヘンイ,
10061766,染色体マッピング異常,センショクタイマッピングイジョウ,
10061767,染色体マッピング正常,センショクタイマッピングセイジョウ,
10061768,慢性呼吸疾患,マンセイコキュウシッカン,
10061769,毛様体手術,モウヨウタイシュジュツ,
10061770,凝固第ＩＸ因子量異常,ギョウコダイ9インシリョウイジョウ,
10061771,凝固第Ｖ因子量異常,ギョウコダイ5インシリョウイジョウ,
10061772,凝固第ＶＩＩ因子量異常,ギョウコダイ7インシリョウイジョウ,
10061773,凝固第ＶＩＩＩ因子量異常,ギョウコダイ8インシリョウイジョウ,
10061774,凝固第Ｘ因子量異常,ギョウコダイ10インシリョウイジョウ,
10061775,凝固第ＸＩ因子量異常,ギョウコダイ11インシリョウイジョウ,
10061776,凝固第ＸＩＩ因子量異常,ギョウコダイ12インシリョウイジョウ,
10061777,凝固第ＸＩＩＩ因子量異常,ギョウコダイ13インシリョウイジョウ,
10061778,結腸切除,ケッチョウセツジョ,
10061779,結腸手術,ケッチョウシュジュツ,
10061780,腟壁形成,チツヘキケイセイ,
10061781,分娩合併症,ブンベンガッペイショウ,
10061782,結膜手術,ケツマクシュジュツ,
10061783,結膜血管障害,ケツマクケッカンショウガイ,
10061784,細菌性結膜炎,サイキンセイケツマクエン,
10061786,クームス試験,クームスシケン,
10061787,角膜嚢胞,カクマクノウホウ,
10061788,角膜感染,カクマクカンセン,
10061789,角膜手術,カクマクシュジュツ,
10061790,尿中遊離コルチゾール異常,ニョウチュウユウリコルチゾールイジョウ,
10061791,脳神経手術,ノウシンケイシュジュツ,
10061794,ＣＳＦ麻疹抗体陰性,CSFマシンコウタイインセイ,
10061795,ＣＳＦ麻疹抗体陽性,CSFマシンコウタイヨウセイ,
10061798,ＣＳＦ圧異常,CSFアツイジョウ,
10061799,脳脊髄液シャント手術,ノウセキズイエキシャントシュジュツ,
10061800,ＣＳＦウイルス検出,CSFウイルスケンシュツ,
10061801,ＣＳＦウイルス未検出,CSFウイルスミケンシュツ,
10061802,サイクロスポリジウム感染,サイクロスポリジウムカンセン,
10061803,嚢胞破裂,ノウホウハレツ,
10061804,細胞診,サイボウシン,
10061806,サイトメガロウイルス検査,サイトメガロウイルスケンサ,
10061807,心臓電気生理学的検査正常,シンゾウデンキセイリガクテキケンサセイジョウ,
10061808,心臓電気生理学的検査異常,シンゾウデンキセイリガクテキケンサイジョウ,
10061809,子宮頚部癌第０期,シキュウケイブガンダイ0キ,
10061810,胸郭変形,キョウカクヘンケイ,
10061811,脱髄性多発ニューロパチー,ダツズイセイタハツニューロパチー,
10061812,歯科手術,シカシュジュツ,
10061814,解毒,ゲドク,
10061815,糖尿病性血管障害,トウニョウビョウセイケッカンショウガイ,
10061816,診断法,シンダンホウ,
10061817,横隔膜手術,オウカクマクシュジュツ,
10061818,疾患進行,シッカンシンコウ,
10061819,疾患再発,シッカンサイハツ,
10061820,憩室穿孔,ケイシツセンコウ,
10061821,薬剤植込み,ヤクザイウエコミ,
10061822,薬物不耐性,ヤクブツフタイセイ,
10061823,薬物濃度,ヤクブツノウド,
10061824,薬物濃度上下変動,ヤクブツノウドジョウゲヘンドウ,
10061825,十二指腸新生物,ジュウニシチョウシンセイブツ,
10061826,十二指腸手術,ジュウニシチョウシュジュツ,
10061827,睡眠異常,スイミンイジョウ,
10061829,外耳道狭窄,ガイジドウキョウサク,
10061830,ウイルス性耳感染,ウイルスセイジカンセン,ウイルスセイミミカンセン
10061831,耳手術,ジシュジュツ,ミミシュジュツ
10061832,摂食障害症状,セッショクショウガイショウジョウ,
10061833,肘関節変形,チュウカンセツヘンケイ,ヒジカンセツヘンケイ
10061834,電子照射療法,デンシショウシャリョウホウ,
10061835,糖尿病性腎症,トウニョウビョウセイジンショウ,
10061836,電気泳動正常,デンキエイドウセイジョウ,
10061837,ウイルス性心内膜炎,ウイルスセイシンナイマクエン,
10061838,内視鏡検査異常,ナイシキョウケンサイジョウ,
10061840,内視鏡検査正常,ナイシキョウケンサセイジョウ,
10061841,ウイルス性腸炎,ウイルスセイチョウエン,
10061842,眼瞼内反,ガンケンナイハン,
10061843,好酸球形態異常,コウサンキュウケイタイイジョウ,
10061844,好酸球形態正常,コウサンキュウケイタイセイジョウ,
10061845,エピネフリン異常,エピネフリンイジョウ,
10061846,硬膜外膿瘍,コウマクガイノウヨウ,
10061848,性腺外原発性悪性奇形腫,セイセンガイゲンパツセイアクセイキケイシュ,
10061849,性腺外原発性非セミノーマ,セイセンガイゲンパツセイヒセミノーマ,
10061850,節外性辺縁帯Ｂ細胞リンパ腫（ＭＡＬＴ型）,セツガイセイヘンエンタイBサイボウリンパシュMALTガタ,
10061851,眼の訓練,メノクンレン,
10061852,眼部手術,ガンブシュジュツ,
10061853,眼瞼手術,ガンケンシュジュツ,
10061854,顔面手術,ガンメンシュジュツ,
10061855,卵管新生物,ランカンシンセイブツ,
10061856,筋膜手術,キンマクシュジュツ,
10061857,脂肪壊死,シボウエシ,
10061858,補液,ホエキ,
10061859,吸虫感染,キュウチュウカンセン,
10061860,消化管内視鏡検査異常,ショウカカンナイシキョウケンサイジョウ,
10061861,消化管内視鏡検査正常,ショウカカンナイシキョウケンサセイジョウ,
10061862,母体の物質乱用による新生児合併症,ボタイノブッシツランヨウニヨルシンセイジガッペイショウ,
10061863,眼窩新生物,ガンカシンセイブツ,
10061864,新生物再発,シンセイブツサイハツ,
10061867,好中球機能試験異常,コウチュウキュウキノウシケンイジョウ,
10061868,好中球機能試験正常,コウチュウキュウキノウシケンセイジョウ,
10061869,好中球形態異常,コウチュウキュウケイタイイジョウ,
10061870,好中球形態正常,コウチュウキュウケイタイセイジョウ,
10061871,トランスフォームした再発非ホジキンリンパ腫,トランスフォームシタサイハツヒホジキンリンパシュ,
10061872,非腎細胞性腎癌,ヒジンサイボウセイジンガン,
10061873,非小細胞肺癌,ヒショウサイボウハイガン,
10061874,ノルエピネフリン異常,ノルエピネフリンイジョウ,
10061875,鼻変形,ビヘンケイ,ハナヘンケイ
10061876,閉塞,ヘイソク,
10061877,閉塞性気道障害,ヘイソクセイキドウショウガイ,
10061881,眼球運動検査正常,ガンキュウウンドウケンサセイジョウ,
10061882,食道新生物,ショクドウシンセイブツ,
10061883,エストリオール異常,エストリオールイジョウ,
10061885,尿中総エストロゲン異常,ニョウチュウソウエストロゲンイジョウ,
10061886,好中球機能試験,コウチュウキュウキノウシケン,
10061887,眼球運動検査,ガンキュウウンドウケンサ,
10061889,卵巣摘除,ランソウテキジョ,
10061890,臓器移植,ゾウキイショク,
10061891,真菌性口腔咽頭炎,シンキンセイコウクウイントウエン,シンキンセイコウコウイントウエン
10061892,耳小骨手術,ジショウコツシュジュツ,
10061893,卵巣胚細胞癌,ランソウハイサイボウガン,
10061894,卵巣胚細胞癌第１期,ランソウハイサイボウガンダイ1キ,
10061895,卵巣胚細胞癌第２期,ランソウハイサイボウガンダイ2キ,
10061896,卵巣胚細胞癌第３期,ランソウハイサイボウガンダイ3キ,
10061897,卵巣胚細胞癌第４期,ランソウハイサイボウガンダイ4キ,
10061898,膵酵素,スイコウソ,
10061899,膵酵素検査異常,スイコウソケンサイジョウ,
10061900,膵酵素増加,スイコウソゾウカ,
10061901,膵酵素検査正常,スイコウソケンサセイジョウ,
10061902,膵新生物,スイシンセイブツ,
10061903,膵臓手術,スイゾウシュジュツ,
10061904,膵造影,スイゾウエイ,
10061905,穿刺,センシ,
10061906,パラコクシジオイデス感染,パラコクシジオイデスカンセン,
10061907,パラインフルエンザウイルス感染,パラインフルエンザウイルスカンセン,
10061908,脳神経麻痺,ノウシンケイマヒ,
10061909,副鼻腔および鼻腔の悪性新生物,フクビクウオヨビビクウノアクセイシンセイブツ,
10061910,睡眠時随伴症,スイミンジズイハンショウ,
10061911,脳神経不全麻痺,ノウシンケイフゼンマヒ,
10061912,陰茎感染,インケイカンセン,
10061913,陰茎新生物,インケイシンセイブツ,
10061914,ポルフィロモナス感染,ポルフィロモナスカンセン,
10061915,脱修復,ダツシュウフク,
10061916,前立腺摘除,ゼンリツセンテキジョ,
10061917,前立腺手術,ゼンリツセンシュジュツ,
10061918,プロトロンビン時間比異常,プロトロンビンジカンヒイジョウ,
10061919,シュードアレシェリア感染,シュードアレシェリアカンセン,
10061920,精神病性障害,セイシンビョウセイショウガイ,
10061921,身体疾患による精神病性障害,シンタイシッカンニヨルセイシンビョウセイショウガイ,
10061922,肺機能検査値低下,ハイキノウケンサチテイカ,
10061923,肺機能検査正常,ハイキノウケンサセイジョウ,
10061924,肺毒性,ハイドクセイ,
10061925,肺動脈弁修復,ハイドウミャクベンシュウフク,
10061926,化膿,カノウ,
10061927,腎盂腎杯拡張症,ジンウジンパイカクチョウショウ,
10061929,ラジオアイソトープスキャン異常,ラジオアイソトープスキャンイジョウ,
10061930,ラジオアイソトープスキャン正常,ラジオアイソトープスキャンセイジョウ,
10061934,唾液腺癌,ダエキセンガン,
10061935,唾液腺障害,ダエキセンショウガイ,
10061936,腹部スキャン,フクブスキャン,
10061937,腹部スキャン正常,フクブスキャンセイジョウ,
10061938,副腎スキャン異常,フクジンスキャンイジョウ,
10061939,副腎スキャン正常,フクジンスキャンセイジョウ,
10061940,膀胱スキャン,ボウコウスキャン,
10061941,骨スキャン異常,コツスキャンイジョウ,ホネスキャンイジョウ
10061942,骨スキャン正常,コツスキャンセイジョウ,ホネスキャンセイジョウ
10061943,脳スキャン異常,ノウスキャンイジョウ,
10061944,脳スキャン正常,ノウスキャンセイジョウ,
10061945,消化管スキャン,ショウカカンスキャン,
10061946,肝胆道スキャン,カンタンドウスキャン,
10061947,肝スキャン異常,カンスキャンイジョウ,
10061948,肝スキャン正常,カンスキャンセイジョウ,
10061949,リンパ節スキャン異常,リンパセツスキャンイジョウ,
10061950,リンパ節スキャン正常,リンパセツスキャンセイジョウ,
10061951,副甲状腺スキャン異常,フクコウジョウセンスキャンイジョウ,
10061952,副甲状腺スキャン正常,フクコウジョウセンスキャンセイジョウ,
10061953,腎スキャン異常,ジンスキャンイジョウ,
10061954,腎スキャン正常,ジンスキャンセイジョウ,
10061955,唾液腺スキャン異常,ダエキセンスキャンイジョウ,
10061956,唾液腺スキャン正常,ダエキセンスキャンセイジョウ,
10061957,小細胞型濾胞中心リンパ腫びまん性,ショウサイボウガタロホウチュウシンセイリンパシュビマンセイ,
10061958,食物不耐性,ショクモツフタイセイ,
10061959,骨折治療,コッセツチリョウ,
10061962,胆嚢手術,タンノウシュジュツ,
10061963,γ線照射療法,ガンマセンショウシャリョウホウ,
10061964,免疫グロブリン血症,メンエキグロブリンケツショウ,メンエキグロブリンケッショウ
10061965,胃切除,イセツジョ,
10061966,胃バイパス,イバイパス,
10061967,胃癌第４期,イガンダイ4キ,
10061968,胃新生物,イシンセイブツ,
10061969,胃手術,イシュジュツ,
10061970,胃狭窄,イキョウサク,
10061971,細菌性胃炎,サイキンセイイエン,
10061972,真菌性胃炎,シンキンセイイエン,
10061973,先天性胃腸障害,センテンセイイチョウショウガイ,
10061974,胃腸管閉塞,イチョウカンヘイソク,
10061975,穿孔性胃腸潰瘍,センコウセイイチョウカイヨウ,
10061977,女性性器感染,ジョセイセイキカンセン,
10061978,生殖器病変,セイショクキビョウヘン,
10061979,生殖器痛,セイショクキツウ,
10061980,尿沈渣異常,ニョウチンサイジョウ,
10061981,ＳＵＮＣＴ症候群,SUNCTショウコウグン,
10061982,重症急性呼吸器症候群,ジュウショウキュウセイコキュウキショウコウグン,
10061985,食道形成,ショクドウケイセイ,
10061987,泌尿生殖器手術,ヒニョウセイショクキシュジュツ,
10061988,妊娠性絨毛性腫瘍,ニンシンセイジュウモウセイシュヨウ,
10061989,糸球体硬化症,シキュウタイコウカショウ,
10061990,糖原病,トウゲンビョウ,
10061991,しかめ面,シカメツラ,
10061992,血友病,ケツユウビョウ,
10061993,新生児出血,シンセイジシュッケツ,
10061994,心臓弁手術,シンゾウベンシュジュツ,
10061995,心臓弁置換,シンゾウベンチカン,
10061996,心臓弁狭窄,シンゾウベンキョウサク,
10061997,肝切除,カンセツジョ,
10061998,肝病変,カンビョウヘン,
10061999,肝炎ウイルス検査,カンエンウイルスケンサ,
10062000,肝胆道系疾患,カンタンドウケイシッカン,
10062001,肝芽腫,カンガシュ,
10062002,遺伝性運動失調症,イデンセイウンドウシッチョウショウ,
10062003,ヘルニア修復,ヘルニアシュウフク,
10062004,ヘルペス眼感染,ヘルペスガンカンセン,
10062005,組織学的検査,ソシキガクテキケンサ,
10062006,ＨＬＡマーカー検査,HLAマーカーケンサ,
10062007,ヒトＴ細胞リンパ球向性ウイルス感染,ヒトTサイボウリンパキュウコウセイウイルスカンセン,
10062008,水瘤手術,スイリュウシュジュツ,
10062009,尿中ヒドロキシコルチコステロイド異常,ニョウチュウヒドロキシコルチコステロイドイジョウ,
10062010,回腸手術,カイチョウシュジュツ,
10062011,免疫凝集素,メンエキギョウシュウソ,
10062013,免疫抑制剤濃度,メンエキヨクセイザイノウド,
10062014,免疫抑制剤濃度減少,メンエキヨクセイザイノウドゲンショウ,
10062015,免疫抑制剤濃度増加,メンエキヨクセイザイノウドゾウカ,
10062016,免疫抑制,メンエキヨクセイ,
10062017,先天性ビリルビン代謝異常,センテンセイビリルビンタイシャイジョウ,
10062018,先天性代謝異常症,センテンセイタイシャイジョウショウ,
10062019,伝染病病原体キャリアー,デンセンビョウビョウゲンタイキャリアー,
10062020,不妊症検査異常,フニンショウケンサイジョウ,
10062021,不妊症検査正常,フニンショウケンサセイジョウ,
10062022,腸管閉鎖,チョウカンヘイサ,
10062023,腸管嚢胞,チョウカンノウホウ,
10062024,腸管手術,チョウカンシュジュツ,
10062025,脳内血腫除去術,ノウナイケッシュジョキョジュツ,
10062026,検査,ケンサ,
10062027,空腸手術,クウチョウシュジュツ,
10062028,細菌性角膜炎,サイキンセイカクマクエン,
10062029,ウイルス性角膜炎,ウイルスセイカクマクエン,
10062030,陰唇手術,インシンシュジュツ,
10062031,乳酸桿菌感染,ニュウサンカンキンカンセン,
10062032,大腸手術,ダイチョウシュジュツ,
10062033,喉頭浸潤,コウトウシンジュン,
10062034,喉頭手術,コウトウシュジュツ,
10062035,レーザー療法,レーザーリョウホウ,
10062037,白斑症,ハクハンショウ,
10062038,口唇新生物,コウシンシンセイブツ,
10062039,砕石,サイセキ,
10062040,肝臓手術,カンゾウシュジュツ,
10062041,悪性肺浸潤,アクセイハイシンジュン,
10062042,肺新生物,ハイシンセイブツ,
10062043,肺手術,ハイシュジュツ,
10062044,リンパ系新生物,リンパケイシンセイブツ,
10062045,リンパ芽球形態,リンパガキュウケイタイ,
10062046,リンパ球形態,リンパキュウケイタイ,
10062047,リンパ球形態異常,リンパキュウケイタイイジョウ,
10062048,リンパ球形態正常,リンパキュウケイタイセイジョウ,
10062049,リンパ球浸潤,リンパキュウシンジュン,
10062050,筋の悪性新生物,キンノアクセイシンセイブツ,
10062051,乳頭の悪性新生物,ニュウトウノアクセイシンセイブツ,
10062053,用手操作,ヨウシュソウサ,
10062054,乳突洞手術,ニュウトツドウシュジュツ,
10062055,楕円赤血球存在,ダエンセッケッキュウソンザイ,
10062058,組織学的検査正常,ソシキガクテキケンサセイジョウ,
10062059,組織学的検査異常,ソシキガクテキケンサイジョウ,
10062060,高脂血症,コウシケツショウ,コウシケッショウ
10062061,膝関節変形,シツカンセツヘンケイ,ヒザカンセツヘンケイ
10062062,大腸閉塞,ダイチョウヘイソク,
10062063,陰茎手術,インケイシュジュツ,
10062065,穿孔性潰瘍,センコウセイカイヨウ,
10062067,軟骨膜炎,ナンコツマクエン,
10062068,会陰手術,エインシュジュツ,
10062069,末梢神経系新生物,マッショウシンケイケイシンセイブツ,
10062070,細菌性腹膜炎,サイキンセイフクマクエン,
10062071,体液ｐＨ異常,タイエキpHイジョウ,
10062072,体液ｐＨ低下,タイエキpHテイカ,
10062073,体液ｐＨ上昇,タイエキpHジョウショウ,
10062074,精液ｐＨ異常,セイエキpHイジョウ,
10062075,咽頭新生物,イントウシンセイブツ,
10062076,咽頭手術,イントウシュジュツ,
10062077,光子照射療法,コウシショウシャリョウホウ,
10062078,身体的診察結果異常,シンタイテキシンサツケッカイジョウ,
10062079,身体的診察結果正常,シンタイテキシンサツケッカセイジョウ,
10062080,色素沈着障害,シキソチンチャクショウガイ,
10062081,形質細胞障害,ケイシツサイボウショウガイ,
10062082,形成手術,ケイセイシュジュツ,
10062083,血小板粘着性異常,ケッショウバンネンチャクセイイジョウ,
10062085,血小板凝集正常,ケッショウバンギョウシュウセイジョウ,
10062086,胸膜手術,キョウマクシュジュツ,
10062087,ＰＯ２異常,PO2イジョウ,
10062088,血液放射線療法,ケツエキホウシャセンリョウホウ,
10062089,骨放射線療法,コツホウシャセンリョウホウ,ホネホウシャセンリョウホウ
10062090,乳房放射線療法,ニュウボウホウシャセンリョウホウ,
10062091,耳放射線療法,ジホウシャセンリョウホウ,ミミホウシャセンリョウホウ
10062092,消化管放射線療法,ショウカカンホウシャセンリョウホウ,
10062093,肝臓放射線療法,カンゾウホウシャセンリョウホウ,
10062094,鼻放射線療法,ビホウシャセンリョウホウ,ハナホウシャセンリョウホウ
10062095,膵臓放射線療法,スイゾウホウシャセンリョウホウ,
10062096,軟部組織放射線療法,ナンブソシキホウシャセンリョウホウ,
10062098,甲状腺放射線療法,コウジョウセンホウシャセンリョウホウ,
10062099,直腸新生物,チョクチョウシンセイブツ,
10062100,赤血球形態異常,セッケッキュウケイタイイジョウ,
10062101,頭蓋内圧亢進の減圧,トウガイナイアツコウシンノゲンアツ,
10062102,異物除去,イブツジョキョ,
10062104,腎腫瘤,ジンシュリュウ,
10062105,呼吸系ガス交換障害,コキュウケイガスコウカンショウガイ,
10062106,ウイルス性気道感染,ウイルスセイキドウカンセン,
10062107,網膜手術,モウマクシュジュツ,
10062108,網膜血管血栓症,モウマクケッカンケッセンショウ,
10062109,可逆性気道閉塞,カギャクセイキドウヘイソク,
10062110,リウマチ性心疾患,リウマチセイシンシッカン,
10062112,脾感染,ヒカンセン,
10062113,脾臓辺縁帯リンパ腫,ヒゾウヘンエンタイリンパシュ,
10062115,ステント除去,ステントジョキョ,
10062116,不妊手術,フニンシュジュツ,
10062117,ステロイド療法,ステロイドリョウホウ,
10062118,レンサ桿菌感染,レンサカンキンカンセン,
10062119,交感神経作動作用,コウカンシンケイサドウサヨウ,
10062120,梅毒,バイドク,
10062121,腱手術,ケンシュジュツ,
10062122,精巣絨毛癌,セイソウジュウモウガン,
10062123,精巣胎芽性癌,セイソウタイガセイガン,
10062124,精巣（純粋）セミノーマ,セイソウジュンスイセミノーマ,
10062125,甲状腺奇形,コウジョウセンキケイ,
10062126,甲状腺手術,コウジョウセンシュジュツ,
10062127,甲状腺摘除,コウジョウセンテキジョ,
10062129,舌新生物,ゼツシンセイブツ,シタシンセイブツ
10062130,舌手術,ゼツシュジュツ,シタシュジュツ
10062131,扁桃新生物,ヘントウシンセイブツ,
10062132,抜歯,バッシ,
10062133,気管新生物,キカンシンセイブツ,
10062134,ビタミンＤ増加,ビタミンDゾウカ,
10062135,外陰新生物,ガイインシンセイブツ,
10062136,外陰部手術,ガイインブシュジュツ,
10062137,白血球形態異常,ハッケッキュウケイタイイジョウ,
10062138,尿路系Ｘ線異常,ニョウロケイXセンイジョウ,
10062139,尿路系Ｘ線正常,ニョウロケイXセンセイジョウ,
10062140,ソマトスタチン受容体スキャン異常,ソマトスタチンジュヨウタイスキャンイジョウ,
10062141,ソマトスタチン受容体スキャン正常,ソマトスタチンジュヨウタイスキャンセイジョウ,
10062142,脾臓スキャン異常,ヒゾウスキャンイジョウ,
10062143,脾臓スキャン正常,ヒゾウスキャンセイジョウ,
10062144,胃スキャン,イスキャン,
10062145,胃スキャン異常,イスキャンイジョウ,
10062146,胃スキャン正常,イスキャンセイジョウ,
10062147,精巣スキャン異常,セイソウスキャンイジョウ,
10062148,精巣スキャン正常,セイソウスキャンセイジョウ,
10062149,甲状腺スキャン異常,コウジョウセンスキャンイジョウ,
10062150,甲状腺スキャン正常,コウジョウセンスキャンセイジョウ,
10062151,全身スキャン,ゼンシンスキャン,
10062152,造影スキャン異常,ゾウエイスキャンイジョウ,
10062153,造影スキャン正常,ゾウエイスキャンセイジョウ,
10062154,強膜手術,キョウマクシュジュツ,
10062155,陰嚢障害,インノウショウガイ,
10062156,陰嚢感染,インノウカンセン,
10062157,陰嚢手術,インノウシュジュツ,
10062159,精液液化異常,セイエキエキカイジョウ,
10062160,精液粘度異常,セイエキネンドイジョウ,
10062161,精嚢手術,セイノウシュジュツ,
10062162,感覚運動障害,カンカクウンドウショウガイ,
10062163,血清学的検査,ケッセイガクテキケンサ,
10062164,血清反応陰性関節炎,ケッセイハンノウインセイカンセツエン,
10062165,腟新生物,チツシンセイブツ,
10062166,腟手術,チツシュジュツ,
10062168,静脈瘤手術,ジョウミャクリュウシュジュツ,
10062169,血管確保合併症,ケッカンカクホガッペイショウ,
10062170,血管バイパス機能障害,ケッカンバイパスキノウショウガイ,
10062171,皮膚血管障害,ヒフケッカンショウガイ,
10062172,血管検査,ケッカンケンサ,
10062173,静脈閉塞性疾患,ジョウミャクヘイソクセイシッカン,
10062174,静脈性血管瘤,ジョウミャクセイケッカンリュウ,
10062175,静脈手術,ジョウミャクシュジュツ,
10062176,静脈圧正常,ジョウミャクアツセイジョウ,
10062177,第８脳神経病変,ダイ8ノウシンケイビョウヘン,
10062178,ウイルス量,ウイルスリョウ,
10062179,ウイルス量減少,ウイルスリョウゲンショウ,
10062180,ウイルス量増加,ウイルスリョウゾウカ,
10062183,ビタミンＡ異常,ビタミンAイジョウ,
10062184,ビタミンＡ減少,ビタミンAゲンショウ,
10062185,ビタミンＡ増加,ビタミンAゾウカ,
10062186,ビタミンＡ正常,ビタミンAセイジョウ,
10062187,ビタミンＢ１２異常,ビタミンB12イジョウ,
10062188,ビタミンＤ異常,ビタミンDイジョウ,
10062189,ビタミンＤ減少,ビタミンDゲンショウ,
10062190,代謝性脳症,タイシャセイノウショウ,
10062191,代謝機能検査,タイシャキノウケンサ,
10062192,代謝機能検査正常,タイシャキノウケンサセイジョウ,
10062193,尿中メタネフリン異常,ニョウチュウメタネフリンイジョウ,
10062194,転移,テンイ,
10062195,胆道転移,タンドウテンイ,
10062196,胃腸管転移,イチョウカンテンイ,
10062197,軟部組織転移,ナンブソシキテンイ,
10062198,微小血管症,ビショウケッカンショウ,
10062200,マイトゲン刺激試験異常,マイトゲンシゲキシケンイジョウ,
10062201,マイトゲン刺激試験正常,マイトゲンシゲキシケンセイジョウ,
10062202,僧帽弁修復,ソウボウベンシュウフク,
10062203,単ニューロパチー,タンニューロパチー,
10062204,モラクセラ感染,モラクセラカンセン,
10062205,粘膜生検,ネンマクセイケン,
10062206,筋肉手術,キンニクシュジュツ,
10062207,マイコバクテリア感染,マイコバクテリアカンセン,
10062208,爪手術,ソウシュジュツ,ツメシュジュツ
10062209,鼻部障害,ビブショウガイ,
10062210,鼻手術,ビシュジュツ,ハナシュジュツ
10062211,頚部損傷,ケイブソンショウ,
10062212,ナイセリア感染,ナイセリアカンセン,
10062213,気管手術,キカンシュジュツ,
10062214,トランスフェリン異常,トランスフェリンイジョウ,
10062215,トリヨードチロニン摂取異常,トリヨードチロニンセッシュイジョウ,
10062216,腫瘍マーカー検査,シュヨウマーカーケンサ,
10062217,腫瘍ワクチン療法,シュヨウワクチンリョウホウ,
10062218,鼓膜障害,コマクショウガイ,
10062219,真菌性上気道感染,シンキンセイジョウキドウカンセン,
10062220,尿管障害,ニョウカンショウガイ,
10062221,尿管新生物,ニョウカンシンセイブツ,
10062222,尿管手術,ニョウカンシュジュツ,
10062223,尿道新生物,ニョウドウシンセイブツ,
10062224,尿道手術,ニョウドウシュジュツ,
10062225,尿路痛,ニョウロツウ,
10062226,尿検査異常,ニョウケンサイジョウ,
10062227,尿中カンナビノイド減少,ニョウチュウカンナビノイドゲンショウ,
10062228,尿中カンナビノイド増加,ニョウチュウカンナビノイドゾウカ,
10062229,尿中電解質,ニョウチュウデンカイシツ,
10062230,尿中電解質正常,ニョウチュウデンカイシツセイジョウ,
10062231,尿中カリウム異常,ニョウチュウカリウムイジョウ,
10062232,尿中ナトリウム異常,ニョウチュウナトリウムイジョウ,
10062233,子宮感染,シキュウカンセン,
10062234,子宮手術,シキュウシュジュツ,
10062235,血小板粘着性,ケッショウバンネンチャクセイ,
10062236,血小板粘着性正常,ケッショウバンネンチャクセイセイジョウ,
10062237,腎機能障害,ジンキノウショウガイ,
10062238,精液検査正常,セイエキケンサセイジョウ,
10062241,肩変形,ケンヘンケイ,カタヘンケイ
10062242,肩関節手術,カタカンセツシュジュツ,
10062243,シャント機能不全,シャントキノウフゼン,
10062244,副鼻腔障害,フクビクウショウガイ,
10062245,副鼻腔手術,フクビクウシュジュツ,
10062246,骨格筋酵素,コッカクキンコウソ,
10062247,植皮,ショクヒ,
10062248,皮膚内植込み,ヒフナイウエコミ,
10062251,皮膚手術,ヒフシュジュツ,
10062252,小腸手術,ショウチョウシュジュツ,
10062253,平滑筋細胞新生物,ヘイカツキンサイボウシンセイブツ,
10062254,社会問題,シャカイモンダイ,
10062255,軟部組織感染,ナンブソシキカンセン,
10062256,体液比重,タイエキヒジュウ,
10062257,体液比重異常,タイエキヒジュウイジョウ,
10062258,体液比重減少,タイエキヒジュウゲンショウ,
10062259,体液比重増加,タイエキヒジュウゾウカ,
10062260,体液比重正常,タイエキヒジュウセイジョウ,
10062261,脊髄新生物,セキズイシンセイブツ,
10062262,脊椎手術,セキツイシュジュツ,
10062263,小腸狭窄,ショウチョウキョウサク,
10062264,先天性甲状腺機能亢進症,センテンセイコウジョウセンキノウコウシンショウ,
10062267,透明中隔欠損,トウメイチュウカクケッソン,
10062268,赤芽球形態異常,セキガキュウケイタイイジョウ,
10062269,副腎炎,フクジンエン,
10062270,赤芽球形態,セキガキュウケイタイ,
10062274,芽球細胞数増加,ガキュウサイボウスウゾウカ,
10062275,芽球細胞数減少,ガキュウサイボウスウゲンショウ,
10062276,結膜色素沈着,ケツマクシキソチンチャク,
10062277,尿中カテコールアミン,ニョウチュウカテコールアミン,
10062279,シュードモナス性尿路感染,シュードモナスセイニョウロカンセン,
10062280,ブドウ球菌性尿路感染,ブドウキュウキンセイニョウロカンセン,
10062282,シルバー・ラッセル症候群,シルバーラッセルショウコウグン,
10062283,爪線状隆起,ソウセンジョウリュウキ,ツメセンジョウリュウキ
10062284,神経筋毒性,シンケイキンドクセイ,
10062285,呼吸音消失,コキュウオンショウシツ,
10062286,ストーマ部ヘルニア,ストーマブヘルニア,
10062291,破骨細胞分化抑制因子,ハコツサイボウブンカヨクセイインシ,
10062292,破骨細胞分化抑制因子減少,ハコツサイボウブンカヨクセイインシゲンショウ,
10062293,破骨細胞分化抑制因子増加,ハコツサイボウブンカヨクセイインシゾウカ,
10062294,破骨細胞分化抑制因子リガンド,ハコツサイボウブンカヨクセイインシリガンド,
10062297,免疫学的検査,メンエキガクテキケンサ,
10062300,処置による低血圧,ショチニヨルテイケツアツ,
10062307,鼻汁中好酸球陽性,ビジュウチュウコウサンキュウヨウセイ,ハナジルチュウコウサンキュウヨウセイ
10062310,関節過伸展,カンセツカシンテン,
10062311,心電図低電位,シンデンズテイデンイ,
10062314,心電図Ｕ波逆転,シンデンズUハギャクテン,
10062315,脂肪肥大症,シボウヒダイショウ,
10062316,性器膿瘍,セイキノウヨウ,
10062317,扁平コンジローマ,ヘンペイコンジローマ,
10062318,腱固定,ケンコテイ,
10062321,副鼻腔嚢胞,フクビクウノウホウ,
10062325,先天性動脈奇形,センテンセイドウミャクキケイ,
10062327,先天性脳血管異常,センテンセイノウケッカンイジョウ,
10062328,先天性嚢胞,センテンセイノウホウ,
10062329,先天性内分泌系異常,センテンセイナイブンピケイイジョウ,センテンセイナイブンピツケイイジョウ
10062330,先天性喉頭蓋異常,センテンセイコウトウガイイジョウ,
10062331,先天性耳管異常,センテンセイジカンイジョウ,
10062332,先天性足奇形,センテンセイソクキケイ,センテンセイアシキケイ
10062333,先天性性器奇形,センテンセイセイキキケイ,
10062334,先天性泌尿生殖器異常,センテンセイヒニョウセイショクキイジョウ,
10062335,先天性手奇形,センテンセイシュキケイ,センテンセイテキケイ
10062336,先天性顎奇形,センテンセイガクキケイ,センテンセイアゴキケイ
10062337,先天性関節奇形,センテンセイカンセツキケイ,
10062338,先天性涙道異常,センテンセイルイドウイジョウ,
10062339,先天性外耳異常,センテンセイガイジイジョウ,
10062340,先天性内耳異常,センテンセイナイジイジョウ,
10062341,先天性副腎異常,センテンセイフクジンイジョウ,
10062342,先天性胃腸血管異常,センテンセイイチョウケッカンイジョウ,
10062343,先天性感染症,センテンセイカンセンショウ,
10062345,先天性神経学的障害,センテンセイシンケイガクテキショウガイ,
10062346,先天性ニューロパチー,センテンセイニューロパチー,
10062347,先天性鼻奇形,センテンセイビキケイ,センテンセイハナキケイ
10062349,先天性尿道異常,センテンセイニョウドウイジョウ,
10062350,脾臓奇形,ヒゾウキケイ,
10062352,気道感染,キドウカンセン,
10062353,真菌性角膜炎,シンキンセイカクマクエン,
10062354,虚血性心疾患予防,キョケツセイシンシッカンヨボウ,
10062355,評価不能の事象,ヒョウカフノウノジショウ,
10062356,糖尿病性水疱,トウニョウビョウセイスイホウ,
10062358,ウイルス検査,ウイルスケンサ,
10062362,ウイルス検査陰性,ウイルスケンサインセイ,
10062363,腹腔動脈血栓,フククウドウミャクケッセン,フックウドウミャクケッセン
10062364,破骨細胞分化抑制因子リガンド減少,ハコツサイボウブンカヨクセイインシリガンドゲンショウ,
10062484,胸部拡張減少,キョウブカクチョウゲンショウ,
10062485,遠隔転移を伴う後腹膜新生物,エンカクテンイヲトモナウコウフクマクシンセイブツ,
10062486,モラクセラ性気管支炎,モラクセラセイキカンシエン,
10062487,肺炎球菌性気管支炎,ハイエンキュウキンセイキカンシエン,
10062488,遊走性紅斑,ユウソウセイコウハン,
10062489,白血病再発,ハッケツビョウサイハツ,
10062490,白血病再発予防,ハッケツビョウサイハツヨボウ,
10062491,感染性心膜炎,カンセンセイシンマクエン,
10062494,死体狂,シタイキョウ,
10062500,弯足矯正,ワンソクキョウセイ,
10062501,非心臓性胸痛,ヒシンゾウセイキョウツウ,
10062502,免疫学的検査正常,メンエキガクテキケンサセイジョウ,
10062503,気管支吻合合併症,キカンシフンゴウガッペイショウ,
10062506,ヘパリン起因性血小板減少症,ヘパリンキインセイケッショウバンゲンショウショウ,
10062516,膵外分泌機能検査,スイガイブンピキノウケンサ,スイガイブンピツキノウケンサ
10062517,膵外分泌機能検査異常,スイガイブンピキノウケンサイジョウ,スイガイブンピツキノウケンサイジョウ
10062518,膵外分泌機能検査正常,スイガイブンピキノウケンサセイジョウ,スイガイブンピツキノウケンサセイジョウ
10062519,睡眠の質低下,スイミンノシツテイカ,
10062521,男性性器感染,ダンセイセイキカンセン,
10062530,気管支分泌増加,キカンシブンピゾウカ,キカンシブンピツゾウカ
10062532,びらん性十二指腸炎,ビランセイジュウニシチョウエン,
10062542,動脈不全,ドウミャクフゼン,
10062543,気管出血,キカンシュッケツ,
10062544,歯牙破折,シガハセツ,
10062545,中耳滲出液,チュウジシンシュツエキ,
10062546,医療機器内血栓,イリョウキキナイケッセン,
10062547,先天性ミオパチー,センテンセイミオパチー,
10062550,腎塩類喪失症候群,ジンエンルイソウシツショウコウグン,
10062552,アプガールスコア,アプガールスコア,
10062553,強皮症腎クリーゼ,キョウヒショウジンクリーゼ,
10062556,握力低下,アクリョクテイカ,
10062557,握力,アクリョク,
10062558,腟びらん,チツビラン,
10062559,外陰部びらん,ガイインブビラン,
10062564,セメント芽細胞腫,セメントガサイボウシュ,
10062570,腸膀胱瘻,チョウボウコウロウ,
10062573,脳幹血栓症,ノウカンケッセンショウ,
10062575,筋拘縮,キンコウシュク,
10062577,注射避妊法,チュウシャヒニンホウ,
10062578,骨髄移植前治療,コツズイイショクゼンチリョウ,
10062579,壊死性脂肪織炎,エシセイシボウシキエン,
10062585,末梢動脈閉塞性疾患,マッショウドウミャクヘイソクセイシッカン,
10062599,動脈閉塞性疾患,ドウミャクヘイソクセイシッカン,
10062600,ローリー・ウッド症候群,ローリーウッドショウコウグン,
10062601,甲状舌管瘻,コウジョウゼッカンロウ,
10062608,非感染性心内膜炎,ヒカンセンセイシンナイマクエン,
10062610,虚血性四肢痛,キョケツセイシシツウ,
10062611,経口投与合併症,ケイコウトウヨガッペイショウ,
10062615,四肢固定,シシコテイ,
10062621,角膜内皮炎,カクマクナイヒエン,
10062622,色素沈着性腎症,シキソチンチャクセイジンショウ,
10062623,飢餓骨症候群,キガコツショウコウグン,
10062624,高回転型骨症,コウカイテンガタコツショウ,
10062625,寄生虫アレルギー,キセイチュウアレルギー,
10062626,副舟状骨症候群,フクシュウジョウコツショウコウグン,
10062631,感染性胆嚢炎,カンセンセイタンノウエン,
10062639,ヘルペス性皮膚炎,ヘルペスセイヒフエン,
10062641,女性の性的興奮障害,ジョセイノセイテキコウフンショウガイ,
10062644,非感染性気管支炎,ヒカンセンセイキカンシエン,
10062645,ヒステリー性精神病,ヒステリーセイセイシンビョウ,
10062646,膵酵素減少,スイコウソゲンショウ,
10062649,後骨髄球百分率増加,コウコツズイキュウヒャクブンリツゾウカ,
10062650,エタノールゲル化試験陽性,エタノールゲルカシケンヨウセイ,
10062651,エタノールゲル化試験陰性,エタノールゲルカシケンインセイ,
10062652,エタノールゲル化試験,エタノールゲルカシケン,
10062654,口腔内泡沫,コウクウナイホウマツ,コウコウナイホウマツ
10062656,膀胱タンポナーデ,ボウコウタンポナーデ,
10062657,敗血疹,ハイケツシン,
10062658,毛細血管脆弱性試験,モウサイケッカンゼイジャクセイシケン,
10062659,生体内遺伝子治療,セイタイナイイデンシチリョウ,
10062662,子宮腫瘤,シキュウシュリュウ,
10062665,咽頭知覚不全,イントウチカクフゼン,
10062674,偽コリンエステラーゼ欠損症,ギコリンエステラーゼケッソンショウ,
10062680,医療機器使用部位反応,イリョウキキシヨウブイハンノウ,
10062681,血中クエン酸,ケッチュウクエンサン,
10062682,血中クエン酸増加,ケッチュウクエンサンゾウカ,
10062683,血中クエン酸減少,ケッチュウクエンサンゲンショウ,
10062684,体感幻覚,タイカンゲンカク,
10062685,肝酵素異常,カンコウソイジョウ,
10062686,手根部圧潰,シュコンブアッカイ,
10062688,トランスアミナーゼ異常,トランスアミナーゼイジョウ,
10062693,胆嚢腫大,タンノウシュダイ,
10062695,アルギナーゼ欠損症,アルギナーゼケッソンショウ,
10062696,くも状静脈,クモジョウジョウミャク,
10062698,先天性カルニチン欠損症,センテンセイカルニチンケッソンショウ,
10062701,線虫症,センチュウショウ,
10062702,毛細血管脆弱性試験値減少,モウサイケッカンゼイジャクセイシケンチゲンショウ,
10062707,子宮傍組織膿瘍,シキュウボウソシキノウヨウ,
10062708,胆道膿瘍,タンドウノウヨウ,
10062713,出血性素因,シュッケツセイソイン,
10062714,異常グロブリン血症,イジョウグロブリンケツショウ,イジョウグロブリンケッショウ
10062717,上気道分泌増加,ジョウキドウブンピゾウカ,ジョウキドウブンピツゾウカ
10062723,プレカリクレイン検査,プレカリクレインケンサ,
10062724,赤血球浸透圧脆弱性試験,セッケッキュウシントウアツゼイジャクセイシケン,
10062725,凝固阻止因子測定,ギョウコソシインシソクテイ,
10062727,遊離脂肪酸,ユウリシボウサン,
10062730,Ｃ１エステラーゼインヒビター検査,C1エステラーゼインヒビターケンサ,
10062734,ヘモグロビンＡ２,ヘモグロビンA2,
10062735,インスリン様成長因子,インスリンヨウセイチョウインシ,
10062736,血管作動性腸ポリペプチド検査,ケッカンサドウセイチョウポリペプチドケンサ,
10062744,胸部出血,キョウブシュッケツ,
10062746,心炎,シンエン,
10062747,高クレアチニン血症,コウクレアチニンケツショウ,コウクレアチニンケッショウ
10062748,赤血球検査,セッケッキュウケンサ,
10062749,超音波療法,チョウオンパリョウホウ,
10062756,男性更年期,ダンセイコウネンキ,
10062757,１５トリソミー,15トリソミー,
10062758,重症筋無力症クリーゼ,ジュウショウキンムリョクショウクリーゼ,
10062759,先天性角化異常症,センテンセイカクカイジョウショウ,
10062760,足関節上腕血圧比減少,ソクカンセツジョウワンケツアツヒゲンショウ,アシカンセツジョウワンケツアツヒゲンショウ
10062761,足関節上腕血圧比正常,ソクカンセツジョウワンケツアツヒセイジョウ,アシカンセツジョウワンケツアツヒセイジョウ
10062762,足関節上腕血圧比,ソクカンセツジョウワンケツアツヒ,アシカンセツジョウワンケツアツヒ
10062766,スタルガルト病,スタルガルトビョウ,
10062767,下垂体炎,カスイタイエン,
10062768,血中クエン酸異常,ケッチュウクエンサンイジョウ,
10062769,血中クエン酸正常,ケッチュウクエンサンセイジョウ,
10062770,高アミラーゼ血症,コウアミラーゼケツショウ,コウアミラーゼケッショウ
10062771,鼻腔腫瘤,ビクウシュリュウ,
10062772,骨髄球存在,コツズイキュウソンザイ,
10062773,咽頭びらん,イントウビラン,
10062776,網膜ドルーゼン,モウマクドルーゼン,
10062804,基底細胞母斑症候群,キテイサイボウボハンショウコウグン,
10062805,異形成母斑,イケイセイボハン,
10062824,共感覚性幻覚,キョウカンカクセイゲンカク,
10062854,腎水瘤,ジンスイリュウ,
10062855,女性生殖器の血瘤,ジョセイセイショクキノケツリュウ,
10062859,盲腸切除,モウチョウセツジョ,
10062876,抗グリアジン抗体陽性,コウグリアジンコウタイヨウセイ,
10062878,胃食道癌,イショクドウガン,
10062879,胃食道括約筋機能不全,イショクドウカツヤクキンキノウフゼン,
10062883,胆管吻合合併症,タンカンフンゴウガッペイショウ,
10062885,社会的入院,シャカイテキニュウイン,
10062886,処置による高血圧,ショチニヨルコウケツアツ,
10062889,瞼裂斑炎,ケンレツハンエン,
10062890,胃石症,イセキショウ,
10062897,血中アルコール正常,ケッチュウアルコールセイジョウ,
10062898,ループス腹膜炎,ループスフクマクエン,
10062901,多発性黒子症候群,タハツセイコクシショウコウグン,タハツセイホクロショウコウグン
10062902,末梢神経移行,マッショウシンケイイコウ,
10062903,非感染性尿道炎,ヒカンセンセイニョウドウエン,
10062904,ホルモン不応性前立腺癌,ホルモンフオウセイゼンリツセンガン,
10062906,ギテルマン症候群,ギテルマンショウコウグン,
10062907,クロンカイト・カナダ症候群,クロンカイトカナダショウコウグン,
10062908,シュニッツラー症候群,シュニッツラーショウコウグン,
10062909,ネザートン症候群,ネザートンショウコウグン,
10062917,Ｅ型ヘモグロビン性サラセミア,Eガタヘモグロビンセイサラセミア,
10062918,デニー・モルガン皺襞,デニーモルガンスウヘキ,
10062919,脂腺腺腫,シセンセンシュ,
10062920,脊椎骨端異形成症,セキツイコッタンイケイセイショウ,セキツイコツタンイケイセイショウ
10062925,嗅覚検査,キュウカクケンサ,
10062926,嗅覚検査正常,キュウカクケンサセイジョウ,
10062927,嗅覚検査異常,キュウカクケンサイジョウ,
10062931,胃緊張亢進,イキンチョウコウシン,
10062932,創傷治療,ソウショウチリョウ,
10062933,胆管内圧,タンカンナイアツ,
10062934,胆管内圧上昇,タンカンナイアツジョウショウ,
10062935,習慣流産,シュウカンリュウザン,
10062936,癒着胎盤,ユチャクタイバン,
10062937,周期性嘔吐症候群,シュウキセイオウトショウコウグン,
10062938,ミトコンドリア肝障害,ミトコンドリアカンショウガイ,
10062940,ＮＡＲＰ症候群,NARPショウコウグン,
10062941,ピアソン症候群,ピアソンショウコウグン,
10062942,視神経低形成,シシンケイテイケイセイ,
10062952,びまん性汎細気管支炎,ビマンセイハンサイキカンシエン,
10062955,母斑出血,ボハンシュッケツ,
10062956,口腔粘膜肥厚,コウクウネンマクヒコウ,コウコウネンマクヒコウ
10062958,網膜下線維症,モウマクカセンイショウ,
10062959,好中球減少性大腸炎,コウチュウキュウゲンショウセイダイチョウエン,
10062960,感染性脊椎炎,カンセンセイセキツイエン,
10062971,網膜色素上皮裂孔,モウマクシキソジョウヒレッコウ,
10062987,喉頭爪皮膚症候群,コウトウソウヒフショウコウグン,コウトウツメヒフショウコウグン
10062990,内耳手術,ナイジシュジュツ,
10062991,陽性心筋変力作用,ヨウセイシンキンヘンリョクサヨウ,
10062992,ＫＩＳＳ症候群,KISSショウコウグン,
10062993,足脈拍減少,ソクミャクハクゲンショウ,
10062994,血中ホモシステイン,ケッチュウホモシステイン,
10062995,足脈拍異常,ソクミャクハクイジョウ,
10063000,低回転型骨症,テイカイテンガタコツショウ,
10063002,ヘモグロビン電気泳動,ヘモグロビンデンキエイドウ,
10063003,内分泌毒性,ナイブンピドクセイ,ナイブンピツドクセイ
10063004,胸壁腫瘤,キョウヘキシュリュウ,
10063005,腹壁腫瘤,フクヘキシュリュウ,
10063006,顔面痙攣,ガンメンケイレン,
10063007,子宮固定,シキュウコテイ,
10063012,子宮膿瘍,シキュウノウヨウ,
10063013,鼓室内出血,コシツナイシュッケツ,
10063024,サルコペニア,サルコペニア,
10063025,アテレクトミー,アテレクトミー,
10063031,腸間膜脂肪織炎,チョウカンマクシボウシキエン,
10063032,アメーバ性髄膜脳炎,アメーバセイズイマクノウエン,
10063033,うつ病性妄想,ウツビョウセイモウソウ,
10063036,脊髄浮腫,セキズイフシュ,
10063038,抗糸球体基底膜抗体,コウシキュウタイキテイマクコウタイ,
10063042,ムア・トレ症候群,ムアトレショウコウグン,
10063043,腎触知,ジンショクチ,
10063044,異所性腎,イショセイジン,
10063045,滲出液,シンシュツエキ,
10063050,結核菌検査偽陽性,ケッカクキンケンサギヨウセイ,
10063051,Ｂ型肝炎表面抗体,Bガタカンエンヒョウメンコウタイ,
10063055,トリパノソーマ血清学的検査陽性,トリパノソーマケッセイガクテキケンサヨウセイ,
10063056,摘便,テキベン,
10063057,非感染性膀胱炎,ヒカンセンセイボウコウエン,
10063060,４型コラーゲン抗原,4ガタコラーゲンコウゲン,
10063061,抗エリスロポエチン抗体,コウエリスロポエチンコウタイ,
10063062,腹腔液検査,フククウエキケンサ,フックウエキケンサ
10063063,非感染性虫垂炎,ヒカンセンセイチュウスイエン,
10063066,歯組織の壊疽,シソシキノエソ,ハソシキノエソ
10063067,透析による高血圧,トウセキニヨルコウケツアツ,
10063070,細菌性喉頭炎,サイキンセイコウトウエン,
10063072,適用部位不快感,テキヨウブイフカイカン,
10063075,特発性肝硬変,トクハツセイカンコウヘン,
10063076,咳喘息,セキゼンソク,
10063077,気管支肺胞洗浄検査正常,キカンシハイホウセンジョウケンサセイジョウ,
10063078,気管支肺胞洗浄検査異常,キカンシハイホウセンジョウケンサイジョウ,
10063079,血管吻合部動脈瘤,ケッカンフンゴウブドウミャクリュウ,
10063080,起立性頻脈症候群,キリツセイヒンミャクショウコウグン,
10063081,急性左室不全,キュウセイサシツフゼン,
10063082,急性右室不全,キュウセイウシツフゼン,
10063083,慢性左室不全,マンセイサシツフゼン,
10063084,慢性右室不全,マンセイウシツフゼン,
10063085,リステリア性敗血症,リステリアセイハイケツショウ,
10063086,関節レントゲン照射療法,カンセツレントゲンショウシャリョウホウ,
10063087,乳腺腺腫,ニュウセンセンシュ,
10063088,乳腺線維腫,ニュウセンセンイシュ,
10063092,１２トリソミー,12トリソミー,
10063093,脳底動脈血栓症,ノウテイドウミャクケッセンショウ,
10063094,脳マラリア,ノウマラリア,
10063095,グラデニーゴ症候群,グラデニーゴショウコウグン,
10063101,処置後炎症,ショチゴエンショウ,
10063111,ウイルス変異検出,ウイルスヘンイケンシュツ,
10063117,知覚変容発作,チカクヘンヨウホッサ,
10063118,網脈絡膜症,モウミャクラクマクショウ,
10063119,アナフィラキシー様ショック,アナフィラキシーヨウショック,
10063120,子宮頚部発育不全,シキュウケイブハツイクフゼン,
10063121,紅色肥厚症,コウショクヒコウショウ,
10063122,避妊用インプラント使用中の妊娠,ヒニンヨウインプラントシヨウチュウノニンシン,
10063130,避妊具使用中の妊娠,ヒニングシヨウチュウノニンシン,
10063145,アポリポ蛋白Ｅ異常,アポリポタンパクEイジョウ,
10063146,子宮発育不全,シキュウハツイクフゼン,
10063147,胃腹壁固定,イフクヘキコテイ,
10063157,遠隔転移を伴う神経膠腫,エンカクテンイヲトモナウシンケイコウシュ,
10063161,甲状腺ホルモン増加,コウジョウセンホルモンゾウカ,
10063164,前庭虚血,ゼンテイキョケツ,
10063168,尿粘稠度低下,ニョウネンチョウドテイカ,
10063169,尿粘稠度異常,ニョウネンチョウドイジョウ,
10063170,肺動脈絞扼術,ハイドウミャクコウヤクジュツ,
10063171,腎固定,ジンコテイ,
10063173,尿粘稠度,ニョウネンチョウド,
10063176,人工心臓弁血栓症,ジンコウシンゾウベンケッセンショウ,
10063179,グルカゴン負荷試験,グルカゴンフカシケン,
10063181,プロポフォール注入症候群,プロポフォールチュウニュウショウコウグン,
10063184,皮膚輪郭変形,ヒフリンカクヘンケイ,
10063185,黄斑部瘢痕,オウハンブハンコン,
10063188,処置後血腫,ショチゴケッシュ,
10063194,寄生虫ＤＮＡ検査,キセイチュウDNAケンサ,
10063195,血中寄生虫検査,ケッチュウキセイチュウケンサ,
10063201,真菌性直腸炎,シンキンセイチョクチョウエン,
10063202,真菌性眼内炎,シンキンセイガンナイエン,
10063207,ヒドロキシプロリン増加,ヒドロキシプロリンゾウカ,
10063208,ヒドロキシプロリン,ヒドロキシプロリン,
10063209,慢性移植腎症,マンセイイショクジンショウ,
10063218,凝固第Ｘ因子量正常,ギョウコダイ10インシリョウセイジョウ,
10063219,凝固第ＸＩ因子量正常,ギョウコダイ11インシリョウセイジョウ,
10063220,凝固第ＸＩＩ因子量正常,ギョウコダイ12インシリョウセイジョウ,
10063221,凝固第ＸＩＩＩ因子量正常,ギョウコダイ13インシリョウセイジョウ,
10063222,化学療法剤濃度増加,カガクリョウホウザイノウドゾウカ,
10063223,アンフェタミン陰性,アンフェタミンインセイ,
10063224,バルビツール酸陰性,バルビツールサンインセイ,
10063225,アヘン剤陰性,アヘンザイインセイ,
10063226,化学療法剤濃度減少,カガクリョウホウザイノウドゲンショウ,
10063227,アンフェタミン,アンフェタミン,
10063228,アンフェタミン陽性,アンフェタミンヨウセイ,
10063229,バルビツール酸,バルビツールサン,
10063230,バルビツール酸陽性,バルビツールサンヨウセイ,
10063231,アヘン剤,アヘンザイ,
10063232,アヘン剤陽性,アヘンザイヨウセイ,
10063240,トリプターゼ,トリプターゼ,
10063241,血中ゴナドトロピン放出ホルモン増加,ケッチュウゴナドトロピンホウシュツホルモンゾウカ,
10063242,血中ゴナドトロピン放出ホルモン減少,ケッチュウゴナドトロピンホウシュツホルモンゲンショウ,
10063243,血中免疫グロブリンＤ減少,ケッチュウメンエキグロブリンDゲンショウ,
10063244,血中免疫グロブリンＤ増加,ケッチュウメンエキグロブリンDゾウカ,
10063245,プロトロンビン消費時間延長,プロトロンビンショウヒジカンエンチョウ,
10063246,プロトロンビン消費時間短縮,プロトロンビンショウヒジカンタンシュク,
10063247,ヘモグロビンＣ陽性,ヘモグロビンCヨウセイ,
10063255,フルクトース,フルクトース,
10063256,フルクトース減少,フルクトースゲンショウ,
10063257,フルクトース増加,フルクトースゾウカ,
10063258,アミノ酸濃度,アミノサンノウド,
10063259,アミノ酸濃度増加,アミノサンノウドゾウカ,
10063260,アミノ酸濃度減少,アミノサンノウドゲンショウ,
10063261,アミノ酸濃度正常,アミノサンノウドセイジョウ,
10063262,アミノ酸濃度異常,アミノサンノウドイジョウ,
10063263,１７－ヒドロキシプロゲステロン増加,17ヒドロキシプロゲステロンゾウカ,
10063264,１７－ヒドロキシプロゲステロン減少,17ヒドロキシプロゲステロンゲンショウ,
10063265,インスリンＣペプチド異常,インスリンCペプチドイジョウ,
10063266,エストラジオール異常,エストラジオールイジョウ,
10063267,エストロン,エストロン,
10063268,エストロン減少,エストロンゲンショウ,
10063269,エストロン増加,エストロンゾウカ,
10063270,プロゲステロン異常,プロゲステロンイジョウ,
10063271,プロゲステロン減少,プロゲステロンゲンショウ,
10063272,プロゲステロン増加,プロゲステロンゾウカ,
10063273,プロゲステロン正常,プロゲステロンセイジョウ,
10063274,ミオシン上昇,ミオシンジョウショウ,
10063291,プロゲステロン,プロゲステロン,
10063292,脳幹症候群,ノウカンショウコウグン,
10063293,ＣＤ４リンパ球異常,CD4リンパキュウイジョウ,
10063294,ＣＤ４リンパ球増加,CD4リンパキュウゾウカ,
10063296,脆弱Ｘ症候群遺伝子ＤＮＡ検査,ゼイジャクXショウコウグンイデンシDNAケンサ,
10063302,ヒスタミン異常,ヒスタミンイジョウ,
10063303,ヒスタミン正常,ヒスタミンセイジョウ,
10063320,インターフェロンα濃度,インターフェロンアルファノウド,
10063321,インターロイキン濃度,インターロイキンノウド,
10063322,インターロイキン濃度増加,インターロイキンノウドゾウカ,
10063323,インターロイキン濃度減少,インターロイキンノウドゲンショウ,
10063326,免疫複合体測定,メンエキフクゴウタイソクテイ,
10063336,過剰塩基異常,カジョウエンキイジョウ,
10063337,リンパ球百分率異常,リンパキュウヒャクブンリツイジョウ,
10063338,乳児吐出,ニュウジトシュツ,
10063339,フィトテラピー,フィトテラピー,
10063341,変視症,ヘンシショウ,
10063342,トリプターゼ増加,トリプターゼゾウカ,
10063343,トリプターゼ減少,トリプターゼゲンショウ,
10063344,顕微鏡的多発血管炎,ケンビキョウテキタハツケッカンエン,
10063349,気管内挿管合併症,キカンナイソウカンガッペイショウ,
10063350,膵液漏出,スイエキロウシュツ,
10063351,国際標準比変動,コクサイヒョウジュンヒヘンドウ,
10063354,シャルル・ボネ症候群,シャルルボネショウコウグン,
10063356,羊水量減少,ヨウスイリョウゲンショウ,
10063357,羊水量増加,ヨウスイリョウゾウカ,
10063358,羊水量,ヨウスイリョウ,
10063363,腕頭静脈血栓症,ワントウジョウミャクケッセンショウ,
10063364,滑液中白血球,カツエキチュウハッケッキュウ,
10063365,滑液中赤血球,カツエキチュウセッケッキュウ,
10063366,滑液中ブドウ糖,カツエキチュウブドウトウ,
10063367,滑液中細胞数,カツエキチュウサイボウスウ,
10063368,滑液中蛋白,カツエキチュウタンパク,
10063369,滑液中結晶,カツエキチュウケッショウ,
10063370,薬物療法,ヤクブツリョウホウ,
10063371,医療機器による治療,イリョウキキニヨルチリョウ,
10063381,ポリープ状脈絡膜血管症,ポリープジョウミャクラクマクケッカンショウ,
10063382,血管ステント挿入,ケッカンステントソウニュウ,
10063383,ワグナー病,ワグナービョウ,
10063385,知性化,チセイカ,
10063386,光凝固,ヒカリギョウコ,
10063389,静脈ステント挿入,ジョウミャクステントソウニュウ,
10063395,硬膜裂傷,コウマクレッショウ,
10063396,アッシャー症候群,アッシャーショウコウグン,
10063397,ローサイ・ドーフマン症候群,ローサイドーフマンショウコウグン,
10063398,膵石除去,スイセキジョキョ,
10063399,再発寛解型多発性硬化症,サイハツカンカイガタタハツセイコウカショウ,
10063400,二次性進行型多発性硬化症,ニジセイシンコウガタタハツセイコウカショウ,
10063401,一次性進行型多発性硬化症,イチジセイシンコウガタタハツセイコウカショウ,
10063402,スティックラー症候群,スティックラーショウコウグン,
10063403,血中成長ホルモン放出ホルモン増加,ケッチュウセイチョウホルモンホウシュツホルモンゾウカ,
10063404,温泉療法,オンセンリョウホウ,
10063408,膀胱壁肥厚,ボウコウヘキヒコウ,
10063409,ダニ皮膚炎,ダニヒフエン,
10063410,腰椎化,ヨウツイカ,
10063411,Ｂ型肝炎抗原陽性,Bガタカンエンコウゲンヨウセイ,
10063412,妊娠浮腫,ニンシンフシュ,
10063413,歯原性嚢胞,シゲンセイノウホウ,
10063414,Ｂ型肝炎抗原,Bガタカンエンコウゲン,
10063420,レフグレン症候群,レフグレンショウコウグン,
10063428,スポーツ心臓症候群,スポーツシンゾウショウコウグン,
10063429,アース症候群,アースショウコウグン,
10063430,Ａ型肝炎免疫,Aガタカンエンメンエキ,
10063431,爪膝蓋骨症候群,ソウシツガイコツショウコウグン,ツメシツガイコツショウコウグン
10063438,アレルギー性そう痒症,アレルギーセイソウヨウショウ,
10063442,腸腰靱帯症候群,チョウヨウジンタイショウコウグン,
10063443,チロシン血症,チロシンケツショウ,チロシンケッショウ
10063449,遺伝性無反射性起立障害,イデンセイムハンシャセイキリツショウガイ,
10063452,動脈硬化性網膜症,ドウミャクコウカセイモウマクショウ,
10063457,先天性腟嚢胞,センテンセイチツノウホウ,
10063458,ロタウイルス検査陽性,ロタウイルスケンサヨウセイ,
10063459,ロタウイルス検査,ロタウイルスケンサ,
10063460,ロタウイルス検査陰性,ロタウイルスケンサインセイ,
10063469,先天性アンドロゲン欠乏症,センテンセイアンドロゲンケツボウショウ,
10063470,キトトリオシダーゼ,キトトリオシダーゼ,
10063471,キトトリオシダーゼ正常,キトトリオシダーゼセイジョウ,
10063472,キトトリオシダーゼ異常,キトトリオシダーゼイジョウ,
10063473,キトトリオシダーゼ増加,キトトリオシダーゼゾウカ,
10063474,キトトリオシダーゼ減少,キトトリオシダーゼゲンショウ,
10063475,術後尿閉,ジュツゴニョウヘイ,
10063476,妊娠反応偽陰性,ニンシンハンノウギインセイ,
10063477,遺伝子変異検出試験,イデンシヘンイケンシュツシケン,
10063478,遺伝子変異検出試験陽性,イデンシヘンイケンシュツシケンヨウセイ,
10063479,遺伝子変異検出試験陰性,イデンシヘンイケンシュツシケンインセイ,
10063482,薬剤希釈,ヤクザイキシャク,
10063483,喉頭白斑症,コウトウハクハンショウ,
10063488,体温変動,タイオンヘンドウ,
10063491,耳帯状疱疹,ジタイジョウホウシン,ミミタイジョウホウシン
10063493,早期老化,ソウキロウカ,
10063518,小指球ハンマー症候群,ショウシキュウハンマーショウコウグン,
10063522,ワクチン接種後の水痘,ワクチンセッシュゴノスイトウ,
10063523,結腸癌第０期,ケッチョウガンダイ0キ,
10063527,アレルギー性呼吸器症状,アレルギーセイコキュウキショウジョウ,
10063530,機能的単腎,キノウテキタンジン,
10063532,アレルギー性呼吸器疾患,アレルギーセイコキュウキシッカン,
10063534,眼球運動失調,ガンキュウウンドウシッチョウ,
10063535,ジヒドロテストステロン濃度,ジヒドロテストステロンノウド,
10063536,外陰部腺癌,ガイインブセンガン,
10063537,ジヒドロテストステロン増加,ジヒドロテストステロンゾウカ,
10063538,ジヒドロテストステロン減少,ジヒドロテストステロンゲンショウ,
10063540,シンツェル・ギーディオン症候群,シンツェルギーディオンショウコウグン,
10063541,便通不規則,ベンツウフキソク,
10063544,腎塞栓,ジンソクセン,
10063546,疾病恐怖症,シッペイキョウフショウ,
10063547,糖尿病性大血管障害,トウニョウビョウセイダイケッカンショウガイ,
10063550,脊椎すべり症,セキツイスベリショウ,
10063554,高血糖性高浸透圧性非ケトン性症候群,コウケットウセイコウシントウアツセイヒケトンセイショウコウグン,
10063556,凝固検査,ギョウコケンサ,
10063557,凝固検査異常,ギョウコケンサイジョウ,
10063558,凝固検査正常,ギョウコケンサセイジョウ,
10063559,急性前庭症候群,キュウセイゼンテイショウコウグン,
10063560,過剰肉芽組織,カジョウニクゲソシキ,
10063561,肺動脈壁肥厚,ハイドウミャクヘキヒコウ,
10063562,放射線皮膚損傷,ホウシャセンヒフソンショウ,
10063563,先天性血液凝固異常,センテンセイケツエキギョウコイジョウ,
10063565,椎体形成術,ツイタイケイセイジュツ,
10063566,食道内ｐＨ,ショクドウナイpH,
10063567,耳音響放射検査,ジオンキョウホウシャケンサ,
10063568,関節超音波検査,カンセツチョウオンパケンサ,
10063569,遠隔転移を伴う扁平上皮癌,エンカクテンイヲトモナウヘンペイジョウヒガン,
10063571,ヒトヘルペスウイルス７感染,ヒトヘルペスウイルス7カンセン,
10063575,膀胱穿孔,ボウコウセンコウ,
10063576,循環抗凝血素陽性,ジュンカンコウギョウケツソヨウセイ,
10063577,移植部位出血,イショクブイシュッケツ,
10063580,環軸椎不安定,カンジクツイフアンテイ,
10063581,幹細胞移植,カンサイボウイショク,
10063583,膀胱ポリープ切除,ボウコウポリープセツジョ,
10063587,カテーテル留置部位内出血,カテーテルリュウチブイナイシュッケツ,
10063588,オルトナー症候群,オルトナーショウコウグン,
10063599,化学汚染物質曝露,カガクオセンブッシツバクロ,
10063600,大気汚染曝露,タイキオセンバクロ,
10063601,異常温度曝露,イジョウオンドバクロ,
10063602,騒音曝露,ソウオンバクロ,
10063603,汚染土壌曝露,オセンドジョウバクロ,
10063605,ぶどう膜脱出,ブドウマクダッシュツ,
10063608,気管支瘻修復,キカンシロウシュウフク,
10063609,汗孔癌,カンコウガン,
10063611,肺新生物手術,ハイシンセイブツシュジュツ,
10063613,眼放射線療法,ガンホウシャセンリョウホウ,メホウシャセンリョウホウ
10063614,卵巣放射線療法,ランソウホウシャセンリョウホウ,
10063615,腟放射線療法,チツホウシャセンリョウホウ,
10063616,リンパ節放射線療法,リンパセツホウシャセンリョウホウ,
10063617,放射線去勢療法,ホウシャセンキョセイリョウホウ,
10063619,細菌性虹彩炎,サイキンセイコウサイエン,
10063620,再発急性リンパ性白血病,サイハツキュウセイリンパセイハッケツビョウ,
10063628,ジェスナーリンパ球浸潤,ジェスナーリンパキュウシンジュン,
10063629,海馬硬化症,カイバコウカショウ,
10063630,性器損傷,セイキソンショウ,
10063636,錐体路症候群,スイタイロショウコウグン,
10063637,後腹膜滲出液,コウフクマクシンシュツエキ,
10063639,生化学的妊娠,セイカガクテキニンシン,
10063641,カルシウム・リン積,カルシウムリンセキ,
10063642,カルシウム・リン積増加,カルシウムリンセキゾウカ,
10063643,耳音響放射検査異常,ジオンキョウホウシャケンサイジョウ,
10063644,生体機能異常,セイタイキノウイジョウ,
10063645,処置後浮腫,ショチゴフシュ,
10063648,大脳動脈狭窄,ダイノウドウミャクキョウサク,
10063652,クライハウアー・ベトケ試験,クライハウアーベトケシケン,
10063653,気管支形成,キカンシケイセイ,
10063654,精巣中毒症,セイソウチュウドクショウ,
10063655,びらん性食道炎,ビランセイショクドウエン,
10063658,腸絞扼,チョウコウヤク,
10063659,嫌悪,ケンオ,
10063661,血管性脳症,ケッカンセイノウショウ,
10063663,神経精神ループス,シンケイセイシンループス,
10063664,推定眼ヒストプラスマ症候群,スイテイガンヒストプラスマショウコウグン,
10063669,電気性結膜炎,デンキセイケツマクエン,
10063671,性交後避妊実施後の妊娠,セイコウゴヒニンジッシゴノニンシン,
10063672,既曝露薬物に対する類似反応,キバクロヤクブツニタイスルルイジハンノウ,
10063676,Ｒｈ不適合,Rhフテキゴウ,
10063677,穿刺部位感染,センシブイカンセン,
10063678,骨盤内出血,コツバンナイシュッケツ,
10063683,適用部位過敏反応,テキヨウブイカビンハンノウ,
10063684,精液尿,セイエキニョウ,
10063685,リンパ球性下垂体炎,リンパキュウセイカスイタイエン,
10063686,抗精神病薬濃度増加,コウセイシンビョウヤクノウドゾウカ,
10063688,胃洗浄検査,イセンジョウケンサ,
10063689,ヤング症候群,ヤングショウコウグン,
10063690,前立腺結石除去,ゼンリツセンケッセキジョキョ,
10063691,眼歯指形成異常,ガンシシケイセイイジョウ,
10063692,眼瞼嚢胞,ガンケンノウホウ,
10063693,眼瞼の悪性新生物,ガンケンノアクセイシンセイブツ,
10063694,虹彩色素減少,コウサイシキソゲンショウ,
10063706,眼瞼の悪性黒色腫,ガンケンノアクセイコクショクシュ,
10063707,眼瞼の良性新生物,ガンケンノリョウセイシンセイブツ,
10063709,尿毒症性胃障害,ニョウドクショウセイイショウガイ,
10063710,腎アブレーション,ジンアブレーション,
10063712,十二指腸括約筋切開,ジュウニシチョウカツヤクキンセッカイ,
10063725,特発性肺炎症候群,トクハツセイハイエンショウコウグン,
10063726,子孫における先天異常,シソンニオケルセンテンイジョウ,
10063730,肺動脈二尖弁,ハイドウミャクニセンベン,
10063731,肺動脈治療手技,ハイドウミャクチリョウシュギ,
10063732,大動脈肺動脈中隔欠損,ダイドウミャクハイドウミャクチュウカクケッソン,
10063740,ヘモグロビンＥ形質,ヘモグロビンEケイシツ,
10063741,肝アメーバ症,カンアメーバショウ,
10063743,過小食,カショウショク,
10063746,偶発的死亡,グウハツテキシボウ,
10063748,心電図ＱＴ間隔異常,シンデンズQTカンカクイジョウ,
10063749,肺気瘤,ハイキリュウ,
10063750,余命短縮,ヨメイタンシュク,
10063762,滴下投与部位紅斑,テキカトウヨブイコウハン,
10063763,滴下投与部位そう痒感,テキカトウヨブイソウヨウカン,
10063765,滴下投与部位反応,テキカトウヨブイハンノウ,
10063769,滴下投与部位冷感,テキカトウヨブイレイカン,
10063771,滴下投与部位異物感,テキカトウヨブイイブツカン,
10063772,滴下投与部位乾燥,テキカトウヨブイカンソウ,
10063774,埋込み部位蜂巣炎,ウメコミブイホウソウエン,
10063775,埋込み部位分泌,ウメコミブイブンピ,ウメコミブイブンピツ
10063776,埋込み部位浮腫,ウメコミブイフシュ,
10063778,埋込み部位びらん,ウメコミブイビラン,
10063779,埋込み部位紅斑,ウメコミブイコウハン,
10063780,埋込み部位血腫,ウメコミブイケッシュ,
10063781,埋込み部位炎症,ウメコミブイエンショウ,
10063782,埋込み部位疼痛,ウメコミブイトウツウ,
10063783,埋込み部位異常感覚,ウメコミブイイジョウカンカク,
10063784,埋込み部位静脈炎,ウメコミブイジョウミャクエン,
10063785,埋込み部位そう痒感,ウメコミブイソウヨウカン,
10063786,埋込み部位発疹,ウメコミブイホッシン,ウメコミブイハッシン
10063787,埋込み部位蕁麻疹,ウメコミブイジンマシン,
10063793,埋込み部位漿液腫,ウメコミブイショウエキシュ,
10063797,白内障手術,ハクナイショウシュジュツ,
10063802,性器びらん,セイキビラン,
10063803,子宮頚部紅斑,シキュウケイブコウハン,
10063815,子宮頚部疣贅,シキュウケイブユウゼイ,
10063816,外陰部出血,ガイインブシュッケツ,
10063817,子宮頚部浮腫,シキュウケイブフシュ,
10063818,腟浮腫,チツフシュ,
10063827,髄外造血,ズイガイゾウケツ,
10063829,医療機器機能不良,イリョウキキキノウフリョウ,
10063832,電磁干渉,デンジカンショウ,
10063834,オーバーセンシング,オーバーセンシング,
10063835,アンダーセンシング,アンダーセンシング,
10063836,房室中隔欠損,ボウシツチュウカクケッソン,
10063837,再潅流障害,サイカンリュウショウガイ,
10063838,無症候性ウイルス性肝炎,ムショウコウセイウイルスセイカンエン,
10063839,適用部位硬結,テキヨウブイコウケツ,
10063840,内臓下垂,ナイゾウカスイ,
10063844,自閉症スペクトラム障害,ジヘイショウスペクトラムショウガイ,
10063846,脾臓分離クリーゼ,ヒゾウブンリクリーゼ,
10063847,くも指症,クモシショウ,クモユビショウ
10063848,埋込み部位膿瘍,ウメコミブイノウヨウ,
10063849,埋込み部位萎縮,ウメコミブイイシュク,
10063850,埋込み部位内出血,ウメコミブイナイシュッケツ,
10063852,埋込み部位石灰化,ウメコミブイセッカイカ,
10063853,埋込み部位冷感,ウメコミブイレイカン,
10063854,埋込み部位嚢胞,ウメコミブイノウホウ,
10063855,埋込み部位皮膚炎,ウメコミブイヒフエン,
10063856,埋込み部位溢出,ウメコミブイイッシュツ,
10063857,埋込み部位線維症,ウメコミブイセンイショウ,
10063858,埋込み部位過敏反応,ウメコミブイカビンハンノウ,
10063859,埋込み部位肥厚,ウメコミブイヒコウ,
10063860,埋込み部位硬結,ウメコミブイコウケツ,
10063861,埋込み部位虚血,ウメコミブイキョケツ,
10063862,埋込み部位腫瘤,ウメコミブイシュリュウ,
10063863,埋込み部位壊死,ウメコミブイエシ,
10063864,埋込み部位神経損傷,ウメコミブイシンケイソンショウ,
10063865,埋込み部位丘疹,ウメコミブイキュウシン,
10063866,埋込み部位膿疱,ウメコミブイノウホウ,
10063867,埋込み部位腫脹,ウメコミブイシュチョウ,
10063868,埋込み部位血栓,ウメコミブイケッセン,
10063869,埋込み部位潰瘍,ウメコミブイカイヨウ,
10063870,埋込み部位小水疱,ウメコミブイショウスイホウ,
10063871,埋込み部位熱感,ウメコミブイネッカン,ウメコミブイネツカン
10063873,埋込み部位瘢痕,ウメコミブイハンコン,
10063874,埋込み部位変色,ウメコミブイヘンショク,
10063875,子宮血腫,シキュウケッシュ,
10063880,血管穿刺部位反応,ケッカンセンシブイハンノウ,
10063881,血管穿刺部位内出血,ケッカンセンシブイナイシュッケツ,
10063885,放射線甲状腺炎,ホウシャセンコウジョウセンエン,
10063890,細菌性下気道感染,サイキンセイカキドウカンセン,
10063894,てんかんにおける原因不明の突然死,テンカンニオケルゲンインフメイノトツゼンシ,
10063896,出血性肛門潰瘍,シュッケツセイコウモンカイヨウ,
10063897,腎虚血,ジンキョケツ,
10063900,スチール症候群,スチールショウコウグン,
10063905,ヘパリン中和療法,ヘパリンチュウワリョウホウ,
10063907,ＡＰＡＣＨＥ２スコア増加,APACHE2スコアゾウカ,
10063908,組織型不明の侵襲性非ホジキンリンパ腫,ソシキガタフメイノシンシュウセイヒホジキンリンパシュ,
10063909,処置後肺塞栓症,ショチゴハイソクセンショウ,
10063910,身体疾患による睡眠障害,シンタイシッカンニヨルスイミンショウガイ,
10063911,ＡＰＡＣＨＥ２スコア,APACHE2スコア,
10063914,多疾病罹患,タシッペイリカン,
10063916,遠隔転移を伴う胃癌,エンカクテンイヲトモナウイガン,
10063917,過長結腸,カチョウケッチョウ,
10063922,抗第ＶＩＩＩ因子抗体陰性,コウダイ8インシコウタイインセイ,
10063923,抗第ＩＸ因子抗体陰性,コウダイ9インシコウタイインセイ,
10063925,光線療法,コウセンリョウホウ,
10063926,血圧管理,ケツアツカンリ,
10063927,起立不耐性,キリツフタイセイ,
10063928,乳汁漏出無月経症候群,ニュウジュウロウシュツムゲッケイショウコウグン,
10063934,血管ステント血栓症,ケッカンステントケッセンショウ,
10063935,歌舞伎メーキャップ症候群,カブキメーキャップショウコウグン,
10063937,嚢ブロック症候群,ノウブロックショウコウグン,
10063938,後嚢破裂,コウノウハレツ,
10063942,硝子体脱失,ショウシタイダッシツ,
10063943,腹部ブルイ,フクブブルイ,
10063945,肺アミロイドーシス,ハイアミロイドーシス,
10063946,エンテロウイルス性脳炎,エンテロウイルスセイノウエン,
10063950,回腸結腸切除,カイチョウケッチョウセツジョ,
10063955,脂肪性浮腫,シボウセイフシュ,
10063957,扁桃結石,ヘントウケッセキ,
10063960,血管穿刺部位分泌,ケッカンセンシブイブンピ,ケッカンセンシブイブンピツ
10063961,遅発初経,チハツショケイ,
10063966,毛髪・糸止血帯症候群,モウハツイトシケツタイショウコウグン,
10063967,非高比重リポ蛋白コレステロール増加,ヒコウヒジュウリポタンパクコレステロールゾウカ,
10063968,上気道抵抗症候群,ジョウキドウテイコウショウコウグン,
10063970,脈絡膜滲出,ミャクラクマクシンシュツ,
10063972,ワクチン接種過誤,ワクチンセッシュカゴ,
10063984,非高比重リポ蛋白コレステロール,ヒコウヒジュウリポタンパクコレステロール,
10063985,植物ステロール血症,ショクブツステロールケツショウ,ショクブツステロールケッショウ
10063986,植物ステロール濃度,ショクブツステロールノウド,
10063987,植物ステロール濃度増加,ショクブツステロールノウドゾウカ,
10063997,Ｃ１エステラーゼインヒビター減少,C1エステラーゼインヒビターゲンショウ,
10063998,輪状咽頭筋切断,リンジョウイントウキンセツダン,
10064000,苔癬様角化症,タイセンヨウカクカショウ,タイセンヨウカッカショウ
10064002,アポリポ蛋白Ｃ,アポリポタンパクC,
10064003,アポリポ蛋白Ｃ異常,アポリポタンパクCイジョウ,
10064008,外陰腟腺症,ガイインチツセンショウ,
10064009,経皮的エタノール注入療法,ケイヒテキエタノールチュウニュウリョウホウ,
10064010,ブルジンスキー徴候,ブルジンスキーチョウコウ,
10064011,ファロー三徴,ファローサンチョウ,
10064012,中枢痛症候群,チュウスウツウショウコウグン,
10064017,脊椎脱臼整復,セキツイダッキュウセイフク,
10064021,心中隔欠損,シンチュウカクケッソン,
10064022,前立腺腫瘤,ゼンリツセンシュリュウ,
10064023,胃底部造襞解除,イテイブゾウヘキカイジョ,
10064024,腸回転異常,チョウカイテンイジョウ,
10064026,骨盤底筋力低下,コツバンテイキンリョクテイカ,
10064031,四肢圧挫損傷,シシアツザソンショウ,
10064034,ニパウイルス感染,ニパウイルスカンセン,
10064036,子宮頚部萎縮,シキュウケイブイシュク,
10064041,胎児染色体異常,タイジセンショクタイイジョウ,
10064043,乳頭の炎症,ニュウトウノエンショウ,
10064045,扁桃生検,ヘントウセイケン,
10064047,膀胱尿管逆流防止術,ボウコウニョウカンギャクリュウボウシジュツ,
10064048,術前ホルモン療法,ジュツゼンホルモンリョウホウ,
10064050,頻発過多月経,ヒンパツカタゲッケイ,
10064051,プロカルシトニン,プロカルシトニン,
10064055,口唇扁平上皮癌,コウシンヘンペイジョウヒガン,
10064057,ツベルクリン反応偽陽性,ツベルクリンハンノウギヨウセイ,
10064058,免疫増強療法,メンエキゾウキョウリョウホウ,
10064059,抗アレルギー療法,コウアレルギーリョウホウ,
10064060,多系統萎縮症,タケイトウイシュクショウ,
10064061,陰茎びらん,インケイビラン,
10064062,神経発達障害,シンケイハッタツショウガイ,
10064063,ＣＨＡＲＧＥ症候群,CHARGEショウコウグン,
10064064,胃食道逆流予防,イショクドウギャクリュウヨボウ,
10064065,下痢予防,ゲリヨボウ,
10064066,受動喫煙,ジュドウキツエン,
10064068,ホルモン抑制療法,ホルモンヨクセイリョウホウ,
10064069,胃腸管除去,イチョウカンジョキョ,
10064086,先天性心臓弁障害,センテンセイシンゾウベンショウガイ,
10064087,顔面肩甲上腕型筋ジストロフィー,ガンメンケンコウジョウワンガタキンジストロフィー,
10064088,爪床の炎症,ソウショウノエンショウ,
10064091,医原性感染,イゲンセイカンセン,
10064092,声帯ポリープ切除,セイタイポリープセツジョ,
10064093,被暗示性,ヒアンジセイ,
10064094,自律神経節切除,ジリツシンケイセツセツジョ,
10064095,細胞マーカー増加,サイボウマーカーゾウカ,
10064097,鳥インフルエンザ,トリインフルエンザ,
10064099,中咽頭癌第４期,チュウイントウガンダイ4キ,
10064100,羊膜索症候群,ヨウマクサクショウコウグン,
10064109,切開部位蜂巣炎,セッカイブイホウソウエン,
10064110,胸骨炎,キョウコツエン,
10064111,注射部位関節の炎症,チュウシャブイカンセツノエンショウ,
10064112,軟骨移植,ナンコツイショク,
10064115,多腺性自己免疫性症候群３型,タセンセイジコメンエキセイショウコウグン3ガタ,
10064117,家族性危険因子,カゾクセイキケンインシ,
10064120,涙点プラグ挿入,ルイテンプラグソウニュウ,
10064121,睫毛色素過剰,ショウモウシキソカジョウ,マツゲシキソカジョウ
10064127,日光黒子,ニッコウコクシ,ニッコウホクロ
10064132,結膜弛緩症,ケツマクシカンショウ,
10064133,視覚コントラスト感度低下,シカクコントラストカンドテイカ,
10064135,慢性多発ニューロパチー,マンセイタハツニューロパチー,
10064139,β２グロブリン,ベータ2グロブリン,
10064143,歯科インプラント埋込み,シカインプラントウメコミ,
10064144,駆出率正常,クシュツリツセイジョウ,
10064145,網膜血管瘤,モウマクケッカンリュウ,
10064146,胆道超音波検査,タンドウチョウオンパケンサ,
10064147,胃腸の炎症,イチョウノエンショウ,
10064148,バソプレシン療法,バソプレシンリョウホウ,
10064155,外傷性昏睡,ガイショウセイコンスイ,
10064156,二酸化炭素異常,ニサンカタンソイジョウ,
10064157,大後頭孔狭窄,ダイコウトウコウキョウサク,
10064158,後天性大後頭孔狭窄,コウテンセイダイコウトウコウキョウサク,
10064159,体力トレーニング,タイリョクトレーニング,
10064162,陰唇癒着,インシンユチャク,
10064163,ブドウ球菌性汗孔周囲炎,ブドウキュウキンセイカンコウシュウイエン,
10064166,フィブロネクチン増加,フィブロネクチンゾウカ,
10064167,フィブロネクチン減少,フィブロネクチンゲンショウ,
10064168,便中ポルフィリン増加,ベンチュウポルフィリンゾウカ,
10064170,ペントース尿症,ペントースニョウショウ,
10064172,食道内ｐＨ上昇,ショクドウナイpHジョウショウ,
10064173,食道内ｐＨ低下,ショクドウナイpHテイカ,
10064190,胆汁うっ滞性そう痒症,タンジュウウッタイセイソウヨウショウ,
10064191,心房内伝導時間遅延,シンボウナイデンドウジカンチエン,
10064192,パラシュート僧帽弁,パラシュートソウボウベン,
10064193,左上大静脈遺残,サジョウダイジョウミャクイザン,
10064194,肺動脈弁交連切開,ハイドウミャクベンコウレンセッカイ,
10064195,右室流出路閉塞,ウシツリュウシュツロヘイソク,
10064199,変異型クロイツフェルト・ヤコブ病,ヘンイガタクロイツフェルトヤコブビョウ,
10064209,心電図肺性Ｐ波,シンデンズハイセイPハ,
10064210,骨亀裂,コツキレツ,ホネキレツ
10064211,骨の分断化,コツノブンダンカ,ホネノブンダンカ
10064212,好酸球性食道炎,コウサンキュウセイショクドウエン,
10064214,口蓋垂口蓋咽頭形成,コウガイスイコウガイイントウケイセイ,
10064223,水疱性出血性口峡炎,スイホウセイシュッケツセイコウキョウエン,
10064224,甲状腺出血,コウジョウセンシュッケツ,
10064227,腟排気音,チツハイキオン,
10064228,子宮内外同時妊娠,シキュウナイガイドウジニンシン,
10064229,骨盤不快感,コツバンフカイカン,
10064231,腹膜垂炎,フクマクスイエン,
10064232,便中還元物質増加,ベンチュウカンゲンブッシツゾウカ,
10064233,カイロミクロン増加,カイロミクロンゾウカ,
10064234,カイロミクロン減少,カイロミクロンゲンショウ,
10064235,非高比重リポ蛋白コレステロール減少,ヒコウヒジュウリポタンパクコレステロールゲンショウ,
10064236,中間比重リポ蛋白増加,チュウカンヒジュウリポタンパクゾウカ,
10064237,中間比重リポ蛋白減少,チュウカンヒジュウリポタンパクゲンショウ,
10064247,腟スミア異常,チツスミアイジョウ,
10064248,ドライウェイト評価,ドライウェイトヒョウカ,
10064249,脾肉芽腫,ヒニクゲシュ,
10064250,ブドウ球菌性骨髄炎,ブドウキュウキンセイコツズイエン,
10064251,爪痛,ソウツウ,
10064252,移植血管合併症,イショクケッカンガッペイショウ,
10064255,子宮内膜化生,シキュウナイマクカセイ,
10064256,膀胱瘤修復,ボウコウリュウシュウフク,
10064257,卵巣線維腫,ランソウセンイシュ,
10064258,触診所見異常,ショクシンショケンイジョウ,
10064260,ダグラス窩腫瘤,ダグラスカシュリュウ,
10064263,待機的処置,タイキテキショチ,
10064265,皮膚出血,ヒフシュッケツ,
10064267,心臓弁膿瘍,シンゾウベンノウヨウ,
10064268,涙管処置,ルイカンショチ,
10064269,骨髄浮腫症候群,コツズイフシュショウコウグン,
10064270,臍破裂,サイハレツ,
10064272,膀胱新生物手術,ボウコウシンセイブツシュジュツ,
10064280,石灰化線維性偽腫瘍,セッカイカセンイセイギシュヨウ,
10064281,悪性萎縮性丘疹症,アクセイイシュクセイキュウシンショウ,
10064306,誤った投与速度,アヤマッタトウヨソクド,
10064328,ヒト乳頭腫ウイルス検査陽性,ヒトニュウトウシュウイルスケンサヨウセイ,
10064332,複合性局所疼痛症候群,フクゴウセイキョクショトウツウショウコウグン,
10064338,ＣＳＦ免疫グロブリン増加,CSFメンエキグロブリンゾウカ,
10064339,ＣＳＦ免疫グロブリン減少,CSFメンエキグロブリンゲンショウ,
10064342,食道浮腫,ショクドウフシュ,
10064344,リンパ腫の転化,リンパシュノテンカ,
10064355,誤用量投与,ゴヨウリョウトウヨ,
10064366,規定量以上の投与,キテイリョウイジョウノトウヨ,
10064373,ラベル表示された薬物－薬物相互作用による投薬過誤,ラベルヒョウジサレタヤクブツヤクブツソウゴサヨウニヨルトウヤクカゴ,
10064374,ラベル表示された薬物－食物相互作用による投薬過誤,ラベルヒョウジサレタヤクブツショクモツソウゴサヨウニヨルトウヤクカゴ,
10064381,ラベル表示された薬物－疾患相互作用による投薬過誤,ラベルヒョウジサレタヤクブツシッカンソウゴサヨウニヨルトウヤクカゴ,
10064382,回避された投薬過誤,カイヒサレタトウヤクカゴ,
10064385,投薬過誤につながる状況または情報,トウヤクカゴニツナガルジョウキョウマタハジョウホウ,
10064387,ソトス症候群,ソトスショウコウグン,
10064390,腫瘍浸潤,シュヨウシンジュン,
10064393,咽頭鏡検査,イントウキョウケンサ,
10064394,血汗症,ケッカンショウ,
10064396,ステントグラフトエンドリーク,ステントグラフトエンドリーク,
10064405,医療機器による心因性合併症,イリョウキキニヨルシンインセイガッペイショウ,
10064408,心臓静脈解離,シンゾウジョウミャクカイリ,
10064409,心臓静脈穿孔,シンゾウジョウミャクセンコウ,
10064412,ファントムショック,ファントムショック,
10064415,尿中アラニンアミノペプチダーゼ増加,ニョウチュウアラニンアミノペプチダーゼゾウカ,
10064416,尿中アラニンアミノペプチダーゼ減少,ニョウチュウアラニンアミノペプチダーゼゲンショウ,
10064418,尿中金増加,ニョウチュウキンゾウカ,
10064419,血中金増加,ケッチュウキンゾウカ,
10064420,眩輝恐怖症,ゲンキキョウフショウ,
10064421,腟洗浄,チツセンジョウ,
10064422,尿中シュウ酸塩増加,ニョウチュウシュウサンエンゾウカ,
10064423,尿中シュウ酸塩減少,ニョウチュウシュウサンエンゲンショウ,
10064424,炭水化物耐性上昇,タンスイカブツタイセイジョウショウ,
10064425,ヘモペキシン減少,ヘモペキシンゲンショウ,
10064427,ＣＤ１９リンパ球増加,CD19リンパキュウゾウカ,
10064428,ＣＤ１９リンパ球減少,CD19リンパキュウゲンショウ,
10064435,ＣＤ３リンパ球増加,CD3リンパキュウゾウカ,
10064436,ＣＤ３リンパ球減少,CD3リンパキュウゲンショウ,
10064439,尿中塩化第二鉄試験陽性,ニョウチュウエンカダイニテツシケンヨウセイ,
10064445,肺外結核,ハイガイケッカク,
10064446,ＨＩＶ感染ＷＨＯ分類臨床ステージ１,HIVカンセンWHOブンルイリンショウステージ1,
10064447,ＨＩＶ感染ＷＨＯ分類臨床ステージ２,HIVカンセンWHOブンルイリンショウステージ2,
10064448,ＨＩＶ感染ＷＨＯ分類臨床ステージ３,HIVカンセンWHOブンルイリンショウステージ3,
10064456,ＨＩＶ感染ＷＨＯ分類臨床ステージ４,HIVカンセンWHOブンルイリンショウステージ4,
10064457,コルポスコピー異常,コルポスコピーイジョウ,
10064459,気管カンジダ症,キカンカンジダショウ,
10064470,筋腫脹,キンシュチョウ,
10064479,味覚検査,ミカクケンサ,
10064480,味覚検査異常,ミカクケンサイジョウ,
10064481,味覚検査正常,ミカクケンサセイジョウ,
10064482,口唇上皮剥脱,コウシンジョウヒハクダツ,
10064484,子宮頚部上皮剥脱,シキュウケイブジョウヒハクダツ,
10064485,陰茎皮膚剥脱,インケイヒフハクダツ,
10064486,粘膜剥脱,ネンマクハクダツ,
10064487,口腔粘膜剥脱,コウクウネンマクハクダツ,コウコウネンマクハクダツ
10064488,舌粘膜剥脱,ゼツネンマクハクダツ,
10064489,角膜落屑,カクマクラクセツ,
10064492,嵌頓臍ヘルニア,カントンサイヘルニア,カントンヘソヘルニア
10064494,注射部位関節滲出液,チュウシャブイカンセツシンシュツエキ,
10064496,細胞マーカー,サイボウマーカー,
10064497,ＫＬ－６,KL6,
10064498,ＫＬ－６増加,KL6ゾウカ,
10064501,感染性精索炎,カンセンセイセイサクエン,
10064502,臍帯炎,サイタイエン,
10064503,過剰皮膚,カジョウヒフ,
10064505,ストーマ部感染,ストーマブカンセン,
10064507,リゾチーム増加,リゾチームゾウカ,
10064508,リゾチーム減少,リゾチームゲンショウ,
10064509,卵管開口術,ランカンカイコウジュツ,
10064510,卵管手術,ランカンシュジュツ,
10064511,モノフィラメント圧力知覚検査,モノフィラメントアツリョクチカクケンサ,
10064512,モノフィラメント圧力知覚検査異常,モノフィラメントアツリョクチカクケンサイジョウ,
10064513,腟中隔,チツチュウカク,
10064514,大腿骨後捻,ダイタイコツコウネン,
10064515,脛骨捻転,ケイコツネンテン,
10064516,大腿骨前捻,ダイタイコツゼンネン,
10064518,頭蓋手術,トウガイシュジュツ,
10064525,クラミジア性子宮頚管炎,クラミジアセイシキュウケイカンエン,
10064531,舌骨吊り上げ術,ゼッコツツリアゲジュツ,
10064532,おとがい舌筋前方移動術,オトガイゼッキンゼンポウイドウジュツ,オトガイゼツキンゼンポウイドウジュツ
10064534,臍帯出血,サイタイシュッケツ,
10064538,医療機器挿入合併症,イリョウキキソウニュウガッペイショウ,
10064539,自己免疫性心筋炎,ジコメンエキセイシンキンエン,
10064540,住血吸虫検査陰性,ジュウケツキュウチュウケンサインセイ,
10064541,住血吸虫検査,ジュウケツキュウチュウケンサ,
10064542,ヒト乳頭腫ウイルス検査,ヒトニュウトウシュウイルスケンサ,
10064543,ヒト乳頭腫ウイルス検査陰性,ヒトニュウトウシュウイルスケンサインセイ,
10064545,エプスタイン・バーウイルス検査陽性,エプスタインバーウイルスケンサヨウセイ,
10064546,住血吸虫検査陽性,ジュウケツキュウチュウケンサヨウセイ,
10064547,ＨＴＬＶ検査陽性,HTLVケンサヨウセイ,
10064548,ＨＴＬＶ－１検査陽性,HTLV1ケンサヨウセイ,
10064549,ＨＴＬＶ－２検査陽性,HTLV2ケンサヨウセイ,
10064550,感染後心筋炎,カンセンゴシンキンエン,
10064552,シャント瘤,シャントリュウ,
10064553,透析アミロイドーシス,トウセキアミロイドーシス,
10064554,アミロイド関節症,アミロイドカンセツショウ,
10064556,突出痛,トッシュツツウ,
10064559,骨髄形質細胞数増加,コツズイケイシツサイボウスウゾウカ,
10064560,骨髄後骨髄球数増加,コツズイコウコツズイキュウスウゾウカ,
10064561,骨髄杆状核好中球数増加,コツズイカンジョウカクコウチュウキュウスウゾウカ,
10064562,骨髄多形核白血球数増加,コツズイタケイカクハッケッキュウスウゾウカ,
10064563,骨髄好酸球数増加,コツズイコウサンキュウスウゾウカ,
10064564,骨髄好塩基球数増加,コツズイコウエンキキュウスウゾウカ,
10064568,慢性乳児期発症神経皮膚関節症候群,マンセイニュウジキハッショウシンケイヒフカンセツショウコウグン,
10064569,マックル・ウェルズ症候群,マックルウェルズショウコウグン,
10064570,家族性感冒自己炎症性症候群,カゾクセイカンボウジコエンショウセイショウコウグン,
10064571,遺伝子変異,イデンシヘンイ,
10064578,適用部位皮膚剥脱,テキヨウブイヒフハクダツ,
10064579,剥脱性発疹,ハクダツセイホッシン,ハクダツセイハッシン
10064580,眼瞼落屑,ガンケンラクセツ,
10064581,線維形成性小円形細胞腫瘍,センイケイセイセイショウエンケイサイボウシュヨウ,
10064582,頚動脈内膜中膜肥厚度増加,ケイドウミャクナイマクチュウマクヒコウドゾウカ,
10064583,マーカス・ガン症候群,マーカスガンショウコウグン,
10064584,筋硬化症,キンコウカショウ,
10064585,気管支原性嚢胞,キカンシゲンセイノウホウ,
10064588,尿中テトラハイドロコルチゾール増加,ニョウチュウテトラハイドロコルチゾールゾウカ,
10064589,尿中テトラハイドロコルチゾール減少,ニョウチュウテトラハイドロコルチゾールゲンショウ,
10064590,尿中テトラハイドロコルチゾン増加,ニョウチュウテトラハイドロコルチゾンゾウカ,
10064591,尿中テトラハイドロコルチゾン減少,ニョウチュウテトラハイドロコルチゾンゲンショウ,
10064592,石灰沈着除去,セッカイチンチャクジョキョ,
10064594,口腔粘膜びらん,コウクウネンマクビラン,コウコウネンマクビラン
10064595,出血性動静脈奇形,シュッケツセイドウジョウミャクキケイ,
10064596,バードン症候群,バードンショウコウグン,
10064598,陰茎壊死,インケイエシ,
10064600,周期性四肢運動障害,シュウキセイシシウンドウショウガイ,
10064601,腸骨動脈閉塞,チョウコツドウミャクヘイソク,
10064602,新生児静脈血栓症,シンセイジジョウミャクケッセンショウ,
10064603,サイクリックＡＭＰ増加,サイクリックAMPゾウカ,
10064604,サイクリックＡＭＰ減少,サイクリックAMPゲンショウ,
10064605,セザリー細胞増加,セザリーサイボウゾウカ,
10064606,トロンボキサン増加,トロンボキサンゾウカ,
10064607,トロンボキサン減少,トロンボキサンゲンショウ,
10064608,エレクトロポレーション療法,エレクトロポレーションリョウホウ,
10064609,鼻腔内タンポン除去,ビクウナイタンポンジョキョ,
10064620,胎盤梗塞,タイバンコウソク,
10064624,個人衛生不良,コジンエイセイフリョウ,
10064625,恥骨結合切開術,チコツケツゴウセッカイジュツ,
10064638,サイクリックＡＭＰ異常,サイクリックAMPイジョウ,
10064639,サイクリックＡＭＰ正常,サイクリックAMPセイジョウ,
10064649,血清アミロイドＡ蛋白増加,ケッセイアミロイドAタンパクゾウカ,
10064650,免疫複合体濃度増加,メンエキフクゴウタイノウドゾウカ,
10064655,腎無形成,ジンムケイセイ,
10064658,顎骨壊死,ガクコツエシ,
10064659,後天性円錐水晶体,コウテンセイエンスイスイショウタイ,
10064660,先天性円錐水晶体,センテンセイエンスイスイショウタイ,
10064661,迷走神経麻痺,メイソウシンケイマヒ,
10064662,有棘赤血球陽性,ユウキョクセッケッキュウヨウセイ,
10064663,ロイコトリエン増加,ロイコトリエンゾウカ,
10064664,ロイコトリエン減少,ロイコトリエンゲンショウ,
10064665,マクロファージ増加,マクロファージゾウカ,
10064666,腹膜穿孔,フクマクセンコウ,
10064670,吐糞症,トフンショウ,
10064675,皮膚移植片対宿主病,ヒフイショクヘンタイシュクシュビョウ,
10064676,肝移植片対宿主病,カンイショクヘンタイシュクシュビョウ,
10064684,医療機器位置異常,イリョウキキイチイジョウ,
10064685,医療機器閉塞,イリョウキキヘイソク,
10064686,腸管移植合併症,チョウカンイショクガッペイショウ,
10064687,医療機器関連感染,イリョウキキカンレンカンセン,
10064696,腟逆流,チツギャクリュウ,
10064697,網膜上膜,モウマクジョウマク,
10064699,カンジダ性骨髄炎,カンジダセイコツズイエン,
10064700,子宮瘤,シキュウリュウ,
10064701,尿管剥離術,ニョウカンハクリジュツ,
10064711,門脈ガス血症,モンミャクガスケツショウ,モンミャクガスケッショウ
10064712,ｍ－ＡＳＴ増加,mASTゾウカ,
10064714,放射線網膜症,ホウシャセンモウマクショウ,
10064715,再膨張性肺水腫,サイボウチョウセイハイスイシュ,
10064718,膿瘍治療,ノウヨウチリョウ,
10064720,満腹感欠如,マンプクカンケツジョ,
10064721,精神運動性激越の予防,セイシンウンドウセイゲキエツノヨボウ,
10064722,心内膜炎予防,シンナイマクエンヨボウ,
10064723,死恐怖症,シキョウフショウ,
10064724,精巣膿瘍,セイソウノウヨウ,
10064725,糖尿病食,トウニョウビョウショク,
10064726,抗核抗体増加,コウカクコウタイゾウカ,
10064727,腎動脈ステント留置,ジンドウミャクステントリュウチ,
10064728,性転換ホルモン療法,セイテンカンホルモンリョウホウ,
10064729,眼の隈,メノクマ,
10064730,脳過潅流症候群,ノウカカンリュウショウコウグン,
10064733,性転換手術,セイテンカンシュジュツ,
10064736,抗生物質予防投与,コウセイブッシツヨボウトウヨ,
10064739,ＣＳＦ多形核白血球数増加,CSFタケイカクハッケッキュウスウゾウカ,
10064740,ＣＳＦ多形核白血球数減少,CSFタケイカクハッケッキュウスウゲンショウ,
10064741,ＣＳＦ単核球数増加,CSFタンカクキュウスウゾウカ,
10064742,ＣＳＦ単核球数減少,CSFタンカクキュウスウゲンショウ,
10064743,結核性前立腺炎,ケッカクセイゼンリツセンエン,
10064749,腸管ダイアフラム病,チョウカンダイアフラムビョウ,
10064750,血中トリプシン減少,ケッチュウトリプシンゲンショウ,
10064751,血中トリプシン増加,ケッチュウトリプシンゾウカ,
10064753,乳房血腫,ニュウボウケッシュ,
10064754,石灰沈着性関節周囲炎,セッカイチンチャクセイカンセツシュウイエン,
10064755,異型線維黄色腫,イケイセンイオウショクシュ,
10064759,唾液腺手術,ダエキセンシュジュツ,
10064763,関節面再建,カンセツメンサイケン,
10064764,爪成長異常,ソウセイチョウイジョウ,ツメセイチョウイジョウ
10064769,指炎,シエン,
10064771,上大静脈狭窄,ジョウダイジョウミャクキョウサク,
10064772,腹膜平衡試験,フクマクヘイコウシケン,
10064773,薬物リハビリテーション,ヤクブツリハビリテーション,
10064774,注入部位溢出,チュウニュウブイイッシュツ,
10064775,動静脈グラフト瘤,ドウジョウミャクグラフトリュウ,
10064776,人工心臓弁使用者,ジンコウシンゾウベンシヨウシャ,
10064778,静脈結紮,ジョウミャクケッサツ,
10064779,呼吸音,コキュウオン,
10064780,呼吸音異常,コキュウオンイジョウ,
10064782,血小板クリット,ケッショウバンクリット,
10064783,血小板クリット増加,ケッショウバンクリットゾウカ,
10064784,血小板クリット減少,ケッショウバンクリットゲンショウ,
10064785,血小板クリット異常,ケッショウバンクリットイジョウ,
10064786,血小板クリット正常,ケッショウバンクリットセイジョウ,
10064788,保存剤に対する反応,ホゾンザイニタイスルハンノウ,
10064789,マイコバクテリウム・アブセサス感染,マイコバクテリウムアブセサスカンセン,
10064790,ヘモグロビン分布幅増加,ヘモグロビンブンプハバゾウカ,
10064791,ヘモグロビン分布幅減少,ヘモグロビンブンプハバゲンショウ,
10064792,便中クロール増加,ベンチュウクロールゾウカ,
10064793,コレステロール吸収効率低下,コレステロールキュウシュウコウリツテイカ,
10064794,便中キモトリプシン減少,ベンチュウキモトリプシンゲンショウ,
10064795,便中マグネシウム増加,ベンチュウマグネシウムゾウカ,
10064796,フィタン酸増加,フィタンサンゾウカ,
10064797,ヒト胎盤性ラクトーゲン増加,ヒトタイバンセイラクトーゲンゾウカ,
10064798,ヒト胎盤性ラクトーゲン減少,ヒトタイバンセイラクトーゲンゲンショウ,
10064799,血中プレグネノロン増加,ケッチュウプレグネノロンゾウカ,
10064800,血清プリスタン酸増加,ケッセイプリスタンサンゾウカ,
10064802,血清１型プロコラーゲン－Ｎ－プロペプチド増加,ケッセイ1ガタプロコラーゲンNプロペプチドゾウカ,
10064803,血清３型プロコラーゲン－Ｎ－プロペプチド増加,ケッセイ3ガタプロコラーゲンNプロペプチドゾウカ,
10064804,靱帯炎,ジンタイエン,
10064805,精神活動過多,セイシンカツドウカタ,
10064806,血小板分布幅増加,ケッショウバンブンプハバゾウカ,
10064807,血小板分布幅減少,ケッショウバンブンプハバゲンショウ,
10064808,生物医学的写真撮影,セイブツイガクテキシャシンサツエイ,
10064823,喘息クリーゼ,ゼンソククリーゼ,
10064825,ウイルス性尿路感染,ウイルスセイニョウロカンセン,
10064826,十二指腸小腸吻合,ジュウニシチョウショウチョウフンゴウ,
10064827,便中重金属陽性,ベンチュウジュウキンゾクヨウセイ,
10064828,便ｐＨ上昇,ベンpHジョウショウ,
10064829,便ｐＨ低下,ベンpHテイカ,
10064830,膿便,ノウベン,
10064831,便中ナトリウム増加,ベンチュウナトリウムゾウカ,
10064832,脊髄ヘルニア,セキズイヘルニア,
10064833,網膜滲出斑,モウマクシンシュツハン,
10064834,呼吸心拍動図,コキュウシンハクドウズ,
10064835,筋線維便,キンセンイベン,
10064836,顕微鏡皮膚手術,ケンビキョウヒフシュジュツ,
10064840,皮膚のケミカルピーリング,ヒフノケミカルピーリング,
10064845,羊水中エリスロポエチン濃度増加,ヨウスイチュウエリスロポエチンノウドゾウカ,
10064848,慢性腎臓病,マンセイジンゾウビョウ,
10064849,外因性腸骨静脈圧迫,ガイインセイチョウコツジョウミャクアッパク,
10064850,びらん性膀胱炎,ビランセイボウコウエン,
10064851,骨髄虚血,コツズイキョケツ,
10064852,カリシウイルス性胃腸炎,カリシウイルスセイイチョウエン,
10064858,膵管拡張,スイカンカクチョウ,
10064859,原発性免疫不全症候群,ゲンパツセイメンエキフゼンショウコウグン,
10064863,ウエスト周囲径増加,ウエストシュウイケイゾウカ,
10064865,抗精子抗体陽性,コウセイシコウタイヨウセイ,
10064866,アレルギー性喉頭炎,アレルギーセイコウトウエン,
10064867,骨端損傷,コッタンソンショウ,コツタンソンショウ
10064876,子宮超音波検査異常,シキュウチョウオンパケンサイジョウ,
10064877,予防手術,ヨボウシュジュツ,
10064878,膿瘍破裂,ノウヨウハレツ,
10064882,処置による疼痛,ショチニヨルトウツウ,
10064887,高アルミニウム血症,コウアルミニウムケツショウ,コウアルミニウムケッショウ
10064888,頚原性頭痛,ケイゲンセイズツウ,
10064894,偽性根症候群,ギセイコンショウコウグン,
10064895,尿道閉鎖,ニョウドウヘイサ,
10064898,脊髄脂肪腫,セキズイシボウシュ,
10064899,外陰腟真菌感染,ガイインチツシンキンカンセン,
10064902,膵胆管合流異常,スイタンカンゴウリュウイジョウ,
10064903,切開部位炎症,セッカイブイエンショウ,
10064911,肺動脈性肺高血圧症,ハイドウミャクセイハイコウケツアツショウ,
10064912,悪性転換,アクセイテンカン,
10064913,気管支障害,キカンシショウガイ,
10064915,眼窩感染,ガンカカンセン,
10064917,肛門位置異常,コウモンイチイジョウ,
10064919,精液過少症,セイエキカショウショウ,
10064921,尿路の炎症,ニョウロノエンショウ,
10064925,動静脈グラフト部位膿瘍,ドウジョウミャクグラフトブイノウヨウ,
10064929,男性外性器蜂巣炎,ダンセイガイセイキホウソウエン,
10064930,加齢黄斑変性,カレイオウハンヘンセイ,
10064931,関節不安定,カンセツフアンテイ,
10064932,仙椎化,センツイカ,
10064934,マトリックスメタロプロテイナーゼ－３,マトリックスメタロプロテイナーゼ3,
10064935,マトリックスメタロプロテイナーゼ－３増加,マトリックスメタロプロテイナーゼ3ゾウカ,
10064936,門脈圧上昇,モンミャクアツジョウショウ,
10064937,抗痙攣剤濃度異常,コウケイレンザイノウドイジョウ,
10064938,腫瘍穿孔,シュヨウセンコウ,
10064939,心血管障害予防,シンケッカンショウガイヨボウ,
10064943,寄生虫ＤＮＡ検査陽性,キセイチュウDNAケンサヨウセイ,
10064944,口蓋インプラント,コウガイインプラント,
10064945,網状紅斑性ムチン沈着症,モウジョウコウハンセイムチンチンチャクショウ,
10064946,歯槽出血,シソウシュッケツ,
10064947,歯科美容手技,シカビヨウシュギ,
10064948,ウイルス性鼻炎,ウイルスセイビエン,
10064949,頚動脈不全,ケイドウミャクフゼン,
10064950,頭部動揺,トウブドウヨウ,
10064951,陰茎陰嚢融合,インケイインノウユウゴウ,
10064952,ノカルジア性敗血症,ノカルジアセイハイケツショウ,
10064958,血栓塞栓除去,ケッセンソクセンジョキョ,
10064961,視床梗塞,シショウコウソク,
10064962,右心低形成症候群,ウシンテイケイセイショウコウグン,
10064963,ヴァイル・マルケサーニ症候群,ヴァイルマルケサーニショウコウグン,
10064964,横隔神経麻痺,オウカクシンケイマヒ,
10064965,アシネトバクター性菌血症,アシネトバクターセイキンケツショウ,
10064966,心筋浮腫,シンキンフシュ,
10064976,眼瞼血腫,ガンケンケッシュ,
10064979,高周波アブレーション,コウシュウハアブレーション,
10064980,中和抗体陽性,チュウワコウタイヨウセイ,
10064981,中和抗体陰性,チュウワコウタイインセイ,
10064982,非中和抗体陽性,ヒチュウワコウタイヨウセイ,
10064988,シスタチンＣ,シスタチンC,
10064989,シスタチンＣ異常,シスタチンCイジョウ,
10064990,皮膚擦過傷,ヒフサッカショウ,
10064991,偽性敗血症,ギセイハイケツショウ,
10064993,直腸裂,チョクチョウレツ,
10064994,鎖骨下冠動脈スチール症候群,サコツカカンドウミャクスチールショウコウグン,
10064996,潰瘍性角膜炎,カイヨウセイカクマクエン,
10064997,壊死性網膜炎,エシセイモウマクエン,
10064998,妊娠前の薬物曝露,ニンシンゼンノヤクブツバクロ,ニンシンマエノヤクブツバクロ
10064999,子宮頚管拡張術,シキュウケイカンカクチョウジュツ,
10065000,流産予防,リュウザンヨボウ,
10065001,Ｃ型肝炎検査陰性,Cガタカンエンケンサインセイ,
10065002,Ｂ型肝炎検査陰性,Bガタカンエンケンサインセイ,
10065003,第ＩＩ因子変異,ダイ2インシヘンイ,
10065004,細菌検査陰性,サイキンケンサインセイ,
10065019,性交出血,セイコウシュッケツ,
10065021,軟骨形成術,ナンコツケイセイジュツ,
10065022,パートナーとのストレス,パートナートノストレス,
10065025,栄養状態正常,エイヨウジョウタイセイジョウ,
10065026,栄養状態異常,エイヨウジョウタイイジョウ,
10065036,サイトメガロウイルス性皮膚粘膜潰瘍,サイトメガロウイルスセイヒフネンマクカイヨウ,
10065037,気管支結石症,キカンシケッセキショウ,
10065038,播種性帯状疱疹,ハシュセイタイジョウホウシン,
10065039,形質芽球性リンパ腫,ケイシツガキュウセイリンパシュ,
10065041,ロドコッカス感染,ロドコッカスカンセン,
10065042,免疫再構築炎症反応症候群,メンエキサイコウチクエンショウハンノウショウコウグン,
10065046,単純ヘルペス性肺炎,タンジュンヘルペスセイハイエン,
10065048,潜伏結核,センプクケッカク,
10065051,急性Ｃ型肝炎,キュウセイCガタカンエン,
10065057,血友病性関節症,ケツユウビョウセイカンセツショウ,
10065058,後天性角膜ジストロフィー,コウテンセイカクマクジストロフィー,
10065059,適用部位熱傷,テキヨウブイネッショウ,
10065062,マイボーム腺機能不全,マイボームセンキノウフゼン,
10065064,医療機器リード不具合,イリョウキキリードフグアイ,
10065066,医療機器接続不具合,イリョウキキセツゾクフグアイ,
10065076,歯肉生検,シニクセイケン,
10065078,ラセーグテスト,ラセーグテスト,
10065079,ラセーグテスト陰性,ラセーグテストインセイ,
10065080,ラセーグテスト陽性,ラセーグテストヨウセイ,
10065085,夢欠如,ユメケツジョ,
10065088,眼筋絞扼,ガンキンコウヤク,
10065094,椎間板造影異常,ツイカンバンゾウエイイジョウ,
10065095,椎間板造影正常,ツイカンバンゾウエイセイジョウ,
10065096,尿路造影,ニョウロゾウエイ,
10065097,尿路造影異常,ニョウロゾウエイイジョウ,
10065098,尿路造影正常,ニョウロゾウエイセイジョウ,
10065099,線毛機能検査異常,センモウキノウケンサイジョウ,
10065100,胃腸内視鏡による治療,イチョウナイシキョウニヨルチリョウ,
10065103,後天性ミトコンドリアミオパチー,コウテンセイミトコンドリアミオパチー,
10065106,ワクチンを接種した肢の広汎性腫脹,ワクチンヲセッシュシタシノコウハンセイシュチョウ,
10065110,エプスタイン・バーウイルス血症,エプスタインバーウイルスケツショウ,エプスタインバーウイルスケッショウ
10065117,ワクチン接種部位硬結,ワクチンセッシュブイコウケツ,
10065118,涙道の炎症,ルイドウノエンショウ,
10065119,壊死性ヘルペス性網膜症,エシセイヘルペスセイモウマクショウ,
10065120,口腔上顎洞瘻,コウクウジョウガクドウロウ,コウコウジョウガクドウロウ
10065121,眼窩脂肪ヘルニア,ガンカシボウヘルニア,
10065122,靱帯手術,ジンタイシュジュツ,
10065125,グロブリン異常,グロブリンイジョウ,
10065126,プレアルブミン異常,プレアルブミンイジョウ,
10065127,膜性リポジストロフィー,マクセイリポジストロフィー,
10065128,声帯結節切除,セイタイケッセツセツジョ,
10065129,肩甲帯離断,ケンコウタイリダン,
10065130,爪毛細血管再充満検査,ソウモウサイケッカンサイジュウマンケンサ,ツメモウサイケッカンサイジュウマンケンサ
10065148,メイヤー・ロキタンスキー・キュスター・ハウザー症候群,メイヤーロキタンスキーキュスターハウザーショウコウグン,
10065149,瘻造影,ロウゾウエイ,
10065154,治療中止,チリョウチュウシ,
10065158,母体のアルコール摂取,ボタイノアルコールセッシュ,
10065159,多発性軟骨炎,タハツセイナンコツエン,
10065161,多嚢胞性卵巣症候群,タノウホウセイランソウショウコウグン,
10065163,クローン進化,クローンシンカ,
10065165,中枢性聴覚情報処理障害,チュウスウセイチョウカクジョウホウショリショウガイ,
10065166,瞬目過多,シュンモクカタ,
10065169,扁桃の炎症,ヘントウノエンショウ,
10065170,真菌性脳炎,シンキンセイノウエン,
10065171,蠕虫性髄膜脳炎,ゼンチュウセイズイマクノウエン,
10065172,皮膚蠕虫感染,ヒフゼンチュウカンセン,
10065173,皮膚ウイルス感染,ヒフウイルスカンセン,
10065174,真菌性迷路炎,シンキンセイメイロエン,
10065175,真菌性中耳炎,シンキンセイチュウジエン,
10065176,細菌性中耳炎,サイキンセイチュウジエン,
10065177,ウイルス性中耳炎,ウイルスセイチュウジエン,
10065178,ウイルス性外耳炎,ウイルスセイガイジエン,
10065179,細菌性外耳炎,サイキンセイガイジエン,
10065180,蠕虫性眼感染,ゼンチュウセイガンカンセン,
10065181,細菌性鼻炎,サイキンセイビエン,
10065182,真菌性鼻炎,シンキンセイビエン,
10065185,細菌性脳炎,サイキンセイノウエン,
10065186,蠕虫性上気道感染,ゼンチュウセイジョウキドウカンセン,
10065187,真菌性下気道感染,シンキンセイカキドウカンセン,
10065188,ウイルス性下気道感染,ウイルスセイカキドウカンセン,
10065189,蠕虫性膵炎,ゼンチュウセイスイエン,
10065190,真菌性膵炎,シンキンセイスイエン,
10065191,細菌性膵炎,サイキンセイスイエン,
10065192,ウイルス性膵炎,ウイルスセイスイエン,
10065193,蠕虫性脾感染,ゼンチュウセイヒカンセン,
10065194,真菌性脾感染,シンキンセイヒカンセン,
10065195,細菌性脾感染,サイキンセイヒカンセン,
10065196,ウイルス性脾感染,ウイルスセイヒカンセン,
10065197,ウイルス性膀胱炎,ウイルスセイボウコウエン,
10065198,細菌性膀胱炎,サイキンセイボウコウエン,
10065199,蠕虫性膀胱炎,ゼンチュウセイボウコウエン,
10065200,蠕虫性胆道感染,ゼンチュウセイタンドウカンセン,
10065201,ウイルス性胆道感染,ウイルスセイタンドウカンセン,
10065202,細菌性胆道感染,サイキンセイタンドウカンセン,
10065203,真菌性胆道感染,シンキンセイタンドウカンセン,
10065204,蠕虫性腸炎,ゼンチュウセイチョウエン,
10065205,真菌性腸炎,シンキンセイチョウエン,
10065206,細菌性腸炎,サイキンセイチョウエン,
10065207,蠕虫性胃炎,ゼンチュウセイイエン,
10065208,真菌性リンパ節炎,シンキンセイリンパセツエン,
10065209,ウイルス性リンパ節炎,ウイルスセイリンパセツエン,
10065210,蠕虫性リンパ節炎,ゼンチュウセイリンパセツエン,
10065211,真菌性乳腺炎,シンキンセイニュウセンエン,
10065212,細菌性乳腺炎,サイキンセイニュウセンエン,
10065213,ウイルス性腎盂腎炎,ウイルスセイジンウジンエン,
10065214,真菌性腎盂腎炎,シンキンセイジンウジンエン,
10065215,細菌性肝感染,サイキンセイカンカンセン,
10065216,蠕虫性肝感染,ゼンチュウセイカンカンセン,
10065217,真菌性肝感染,シンキンセイカンカンセン,
10065218,細菌性心筋炎,サイキンセイシンキンエン,
10065219,蠕虫性心筋炎,ゼンチュウセイシンキンエン,
10065220,真菌性心膜炎,シンキンセイシンマクエン,
10065221,蠕虫性心膜炎,ゼンチュウセイシンマクエン,
10065222,ウイルス性性器感染,ウイルスセイセイキカンセン,
10065223,蠕虫性性器感染,ゼンチュウセイセイキカンセン,
10065224,細菌性リンパ節炎,サイキンセイリンパセツエン,
10065233,口腔細菌感染,コウクウサイキンカンセン,コウコウサイキンカンセン
10065234,口腔ウイルス感染,コウクウウイルスカンセン,コウコウウイルスカンセン
10065235,細菌性扁桃炎,サイキンセイヘントウエン,
10065236,真菌性扁桃炎,シンキンセイヘントウエン,
10065237,細菌性骨髄炎,サイキンセイコツズイエン,
10065238,ウイルス性骨髄炎,ウイルスセイコツズイエン,
10065239,真菌性骨髄炎,シンキンセイコツズイエン,
10065240,細菌性創感染,サイキンセイソウカンセン,
10065241,ウイルス性創感染,ウイルスセイソウカンセン,
10065242,真菌性創感染,シンキンセイソウカンセン,
10065243,蠕虫性創感染,ゼンチュウセイソウカンセン,
10065245,ウイルス性爪床感染,ウイルスセイソウショウカンセン,
10065246,蠕虫性肺炎,ゼンチュウセイハイエン,
10065247,腫瘍随伴性肢端角化症,シュヨウズイハンセイシタンカクカショウ,シュヨウズイハンセイシタンカッカショウ
10065248,ヒト抗マウス抗体陽性,ヒトコウマウスコウタイヨウセイ,
10065249,パンコースト症候群,パンコーストショウコウグン,
10065250,ペプシノーゲン１減少,ペプシノーゲン1ゲンショウ,
10065255,偽性血管炎,ギセイケッカンエン,
10065257,臍切除,サイセツジョ,
10065258,熱帯性好酸球増加症,ネッタイセイコウサンキュウゾウカショウ,
10065259,皮膚皮下組織炎,ヒフヒカソシキエン,
10065263,尿中デオキシピリジノリン増加,ニョウチュウデオキシピリジノリンゾウカ,
10065264,１型プロコラーゲン－Ｃ－プロペプチド増加,1ガタプロコラーゲンCプロペプチドゾウカ,
10065265,胆膵路バイパス,タンスイロバイパス,
10065267,電気乾固,デンキカンコ,
10065268,歯瘻,シロウ,
10065269,憩室切除,ケイシツセツジョ,
10065270,ダグラス窩形成,ダグラスカケイセイ,
10065271,ミトコンドリア神経胃腸脳症,ミトコンドリアシンケイイチョウノウショウ,
10065273,内眼角贅皮,ナイガンカクゼイヒ,
10065274,肝石灰化,カンセッカイカ,
10065276,眼白皮症,ガンハクヒショウ,
10065286,高クロール尿症,コウクロールニョウショウ,
10065287,口蓋手術,コウガイシュジュツ,
10065288,胸郭前後径増加,キョウカクゼンゴケイゾウカ,
10065289,単眼視による老視矯正法,タンガンシニヨルロウシキョウセイホウ,
10065290,便中ヘモグロビン・ハプトグロビン複合体増加,ベンチュウヘモグロビンハプトグロビンフクゴウタイゾウカ,
10065291,肺門腫大,ハイモンシュダイ,
10065292,閉鎖神経ニューロパチー,ヘイサシンケイニューロパチー,
10065294,椎間板線維輪断裂,ツイカンバンセンイリンダンレツ,
10065297,尿中脂質陽性,ニョウチュウシシツヨウセイ,
10065300,眼瞼切除,ガンケンセツジョ,
10065301,適用部位蜂巣炎,テキヨウブイホウソウエン,
10065303,脛骨内側過労性症候群,ケイコツナイソクカロウセイショウコウグン,
10065304,特発性血腫,トクハツセイケッシュ,
10065305,癌、寛解期,ガンカンカイキ,
10065306,処置後甲状腺機能低下症,ショチゴコウジョウセンキノウテイカショウ,
10065311,腫瘍随伴性網膜症,シュヨウズイハンセイモウマクショウ,
10065313,前立腺腺腫切除,ゼンリツセンセンシュセツジョ,
10065317,楔状椎,ケツジョウツイ,クサビジョウツイ
10065318,気管気管支ジスキネジア,キカンキカンシジスキネジア,
10065319,黄斑破裂,オウハンハレツ,
10065326,蠕虫性腹膜炎,ゼンチュウセイフクマクエン,
10065327,蠕虫性心内膜炎,ゼンチュウセイシンナイマクエン,
10065328,蠕虫性外陰腟炎,ゼンチュウセイガイインチツエン,
10065329,口腔蠕虫感染,コウクウゼンチュウカンセン,コウコウゼンチュウカンセン
10065330,真菌性膿瘍,シンキンセイノウヨウ,
10065331,適用部位亀裂,テキヨウブイキレツ,
10065334,粘膜充血,ネンマクジュウケツ,
10065339,セルライト,セルライト,
10065341,心室性頻脈性不整脈,シンシツセイヒンミャクセイフセイミャク,
10065342,上室性頻脈性不整脈,ジョウシツセイヒンミャクセイフセイミャク,
10065343,磁気療法,ジキリョウホウ,
10065344,コンタクトレンズ療法,コンタクトレンズリョウホウ,
10065347,月経前痛,ゲッケイゼンツウ,ゲッケイマエツウ
10065349,腟腺癌,チツセンガン,
10065357,プロコアグラント療法,プロコアグラントリョウホウ,
10065358,甲状腺療法,コウジョウセンリョウホウ,
10065359,甲状腺抑制療法,コウジョウセンヨクセイリョウホウ,
10065360,肛門脱,コウモンダツ,
10065365,遊離脂肪酸減少,ユウリシボウサンゲンショウ,
10065367,血中１，５－アンヒドログルシトール減少,ケッチュウ15アンヒドログルシトールゲンショウ,
10065368,尿瘻,ニョウロウ,
10065369,燃え尽き症候群,モエツキショウコウグン,
10065370,筋膜ヘルニア,キンマクヘルニア,
10065371,莢膜細胞過形成,キョウマクサイボウカケイセイ,
10065372,眼窩壁切開,ガンカヘキセッカイ,
10065373,視神経乳頭血管炎,シシンケイニュウトウケッカンエン,
10065374,フォンウィルブランド因子抗原増加,フォンウィルブランドインシコウゲンゾウカ,
10065381,ポリオーマウイルス関連腎症,ポリオーマウイルスカンレンジンショウ,
10065384,脳低潅流,ノウテイカンリュウ,
10065385,内臓痛,ナイゾウツウ,
10065386,元タバコ使用者,モトタバコシヨウシャ,
10065387,眼結晶沈着除去,ガンケッショウチンチャクジョキョ,
10065388,骨盤液貯留,コツバンエキチョリュウ,
10065389,関節包縫縮,カンセツホウホウシュク,
10065390,炎症性疼痛,エンショウセイトウツウ,
10065413,ＰａＯ２／ＦｉＯ２比低下,PaO2FiO2ヒテイカ,
10065415,レーザー・トレラ徴候,レーザートレラチョウコウ,
10065417,腕神経叢障害,ワンシンケイソウショウガイ,ウデシンケイソウショウガイ
10065419,頭蓋癆,トウガイロウ,
10065420,冠動脈拡張,カンドウミャクカクチョウ,
10065423,ミニメンタルステート検査,ミニメンタルステートケンサ,
10065424,ミニメンタルステート検査異常,ミニメンタルステートケンサイジョウ,
10065425,ミニメンタルステート検査正常,ミニメンタルステートケンサセイジョウ,
10065426,神経心理学的検査異常,シンケイシンリガクテキケンサイジョウ,
10065427,逆流性腎症,ギャクリュウセイジンショウ,
10065428,先端栄養性疼痛症,センタンエイヨウセイトウツウショウ,
10065430,ＨＥＲ２陽性乳癌,HER2ヨウセイニュウガン,
10065432,神経心理学的検査,シンケイシンリガクテキケンサ,
10065433,靱帯断裂,ジンタイダンレツ,
10065436,アルコールブロック,アルコールブロック,
10065437,腎臓病学的検査,ジンゾウビョウガクテキケンサ,
10065438,腎放射線療法,ジンホウシャセンリョウホウ,
10065439,呼気水素ガス試験,コキスイソガスシケン,
10065440,フローサイトメトリー,フローサイトメトリー,
10065441,静脈出血,ジョウミャクシュッケツ,
10065442,凝固因子変異,ギョウコインシヘンイ,
10065443,悪性神経膠腫,アクセイシンケイコウシュ,
10065444,放射線増感療法,ホウシャセンゾウカンリョウホウ,
10065452,血管皮膚炎,ケッカンヒフエン,
10065454,注入部位萎縮,チュウニュウブイイシュク,
10065455,注入部位蜂巣炎,チュウニュウブイホウソウエン,
10065456,注入部位冷感,チュウニュウブイレイカン,
10065457,注入部位嚢胞,チュウニュウブイノウホウ,
10065458,注入部位皮膚炎,チュウニュウブイヒフエン,
10065460,注入部位変色,チュウニュウブイヘンショク,
10065461,注入部位びらん,チュウニュウブイビラン,
10065462,注入部位線維症,チュウニュウブイセンイショウ,
10065463,注入部位血腫,チュウニュウブイケッシュ,
10065464,注入部位出血,チュウニュウブイシュッケツ,
10065471,注入部位過敏反応,チュウニュウブイカビンハンノウ,
10065472,注入部位肥厚,チュウニュウブイヒコウ,
10065473,注入部位刺激感,チュウニュウブイシゲキカン,
10065474,注入部位虚血,チュウニュウブイキョケツ,
10065475,注入部位リンパ節腫脹,チュウニュウブイリンパセツシュチョウ,
10065476,注入部位腫瘤,チュウチャブイシュリュウ,
10065477,注入部位運動低下,チュウニュウブイウンドウテイカ,
10065478,注入部位壊死,チュウニュウブイエシ,
10065479,注入部位神経損傷,チュウニュウブイシンケイソンショウ,
10065484,注入部位結節,チュウニュウブイケッセツ,
10065485,注入部位異常感覚,チュウニュウブイイジョウカンカク,
10065486,注入部位光線過敏反応,チュウニュウブイコウセンカビンハンノウ,
10065487,注入部位膿疱,チュウニュウブイノウホウ,
10065488,注入部位瘢痕,チュウニュウブイハンコン,
10065489,注入部位血栓,チュウニュウブイケッセン,
10065490,注入部位蕁麻疹,チュウニュウブイジンマシン,
10065491,注入部位小水疱,チュウニュウブイショウスイホウ,
10065497,注入部位知覚消失,チュウニュウブイチカクショウシツ,
10065505,注入部位肉芽腫,チュウニュウブイニクゲシュ,
10065508,起立性高血圧,キリツセイコウケツアツ,
10065509,インターαトリプシンインヒビター減少,インターアルファトリプシンインヒビターゲンショウ,
10065510,大動脈延長,ダイドウミャクエンチョウ,
10065511,レシチンコレステロールアシルトランスフェラーゼ活性上昇,レシチンコレステロールアシルトランスフェラーゼカッセイジョウショウ,
10065512,レシチンコレステロールアシルトランスフェラーゼ活性低下,レシチンコレステロールアシルトランスフェラーゼカッセイテイカ,
10065513,抗糸球体基底膜抗体陽性,コウシキュウタイキテイマクコウタイヨウセイ,
10065514,抗筋内膜抗体陽性,コウキンナイマクコウタイヨウセイ,
10065515,抗心筋抗体陽性,コウシンキンコウタイヨウセイ,
10065516,アポリポ蛋白Ｂ／アポリポ蛋白Ａ－Ｉ比増加,アポリポタンパクBアポリポタンパクA1ヒゾウカ,
10065517,フォトフェレーシス,フォトフェレーシス,
10065527,ＮＩＨ脳卒中スケール,NIHノウソッチュウスケール,
10065528,ＮＩＨ脳卒中スケールスコア増加,NIHノウソッチュウスケールスコアゾウカ,
10065529,ＮＩＨ脳卒中スケールスコア減少,NIHノウソッチュウスケールスコアゲンショウ,
10065531,ＮＩＨ脳卒中スケール異常,NIHノウソッチュウスケールイジョウ,
10065532,髄液貯留,ズイエキチョリュウ,
10065534,黄斑虚血,オウハンキョケツ,
10065535,血液製剤輸血必需者,ケツエキセイザイユケツヒツジュシャ,
10065536,前骨間神経症候群,ゼンコツカンシンケイショウコウグン,
10065537,後骨間神経症候群,コウコツカンシンケイショウコウグン,
10065546,鼻粘膜潰瘍,ビネンマクカイヨウ,
10065552,レミエール症候群,レミエールショウコウグン,
10065553,骨髄機能不全,コツズイキノウフゼン,
10065555,ＣＡＤＡＳＩＬ,CADASIL,
10065558,大動脈硬化症,ダイドウミャクコウカショウ,
10065559,脳動脈硬化症,ノウドウミャクコウカショウ,
10065560,腸間膜動脈硬化症,チョウカンマクドウミャクコウカショウ,
10065561,腎動脈の動脈硬化症,ジンドウミャクノドウミャクコウカショウ,
10065562,ワニの涙症候群,ワニノナミダショウコウグン,
10065563,好酸球性気管支炎,コウサンキュウセイキカンシエン,
10065564,膝蓋跳動,シツガイチョウドウ,
10065565,静脈雑音,ジョウミャクザツオン,
10065567,食道食物嵌入,ショクドウショクモツカンニュウ,
10065568,外側膝蓋骨圧迫症候群,ガイソクシツガイコツアッパクショウコウグン,
10065569,裂孔原性網膜剥離,レッコウゲンセイモウマクハクリ,
10065570,腱剥離術,ケンハクリジュツ,
10065577,適用部位びらん,テキヨウブイビラン,
10065579,多巣性運動ニューロパチー,タソウセイウンドウニューロパチー,
10065580,ルイス・サムナー症候群,ルイスサムナーショウコウグン,
10065582,泌尿生殖器真菌感染,ヒニョウセイショクキシンキンカンセン,
10065583,泌尿生殖器細菌感染,ヒニョウセイショクキサイキンカンセン,
10065584,尿道狭窄,ニョウドウキョウサク,
10065588,胸腺腫大,キョウセンシュダイ,
10065589,男性避妊法,ダンセイヒニンホウ,
10065590,精管結紮,セイカンケッサツ,
10065591,男性不妊手術,ダンセイフニンシュジュツ,
10065596,女性ホルモン値異常,ジョセイホルモンチイジョウ,
10065597,アンドロゲン過剰症,アンドロゲンカジョウショウ,
10065598,脳紫斑,ノウシハン,
10065599,穿刺部位疼痛,センシブイトウツウ,
10065600,注射部位分泌,チュウシャブイブンピ,チュウシャブイブンピツ
10065604,自殺行為,ジサツコウイ,
10065605,ヒト抗マウス抗体増加,ヒトコウマウスコウタイゾウカ,
10065608,経皮的冠インターベンション,ケイヒテキカンインターベンション,
10065611,腸管うっ血,チョウカンウッケツ,
10065612,弛緩歯,シカンシ,
10065614,切開部位浮腫,セッカイブイフシュ,
10065615,切開部位紅斑,セッカイブイコウハン,
10065617,術後精神病,ジュツゴセイシンビョウ,
10065619,切開部位不快感,セッカイブイフカイカン,
10065621,サイトメガロウイルス性脊髄髄膜神経根炎,サイトメガロウイルスセイセキズイズイマクシンケイコンエン,
10065622,静脈うっ滞網膜症,ジョウミャクウッタイモウマクショウ,
10065630,虹彩血管新生,コウサイケッカンシンセイ,
10065634,他の患者への誤調剤,タノカンジャヘノゴチョウザイ,
10065645,回避された誤った患者の選択,カイヒサレタアヤマッタカンジャノセンタク,
10065646,ホルモン療法,ホルモンリョウホウ,
10065647,全身系への漏出,ゼンシンケイヘノロウシュツ,
10065648,ウイルス学的失敗,ウイルスガクテキシッパイ,
10065652,滴下投与部位不快感,テキカトウヨブイフカイカン,
10065653,滴下投与部位流涙,テキカトウヨブイリュウルイ,
10065657,発作性舞踏病アテトーゼ,ホッサセイブトウビョウアテトーゼ,
10065658,マウント・リーバック症候群,マウントリーバックショウコウグン,
10065664,腸管ステント挿入,チョウカンステントソウニュウ,
10065665,ＡＣＴＨ刺激試験,ACTHシゲキシケン,
10065666,小腸捻転,ショウチョウネンテン,
10065667,出血予防,シュッケツヨボウ,
10065669,ストーマ部炎症,ストーマブエンショウ,
10065670,陰嚢嚢胞,インノウノウホウ,
10065673,腎炎症候群,ジンエンショウコウグン,
10065674,ＡＣＴＨ刺激試験正常,ACTHシゲキシケンセイジョウ,
10065675,ＡＣＴＨ刺激試験異常,ACTHシゲキシケンイジョウ,
10065678,尿中６βヒドロキシコルチゾール／コルチゾール比,ニョウチュウ6ベータヒドロキシコルチゾールコルチゾールヒ,
10065680,塞栓性肺炎,ソクセンセイハイエン,
10065681,ＨＩＶ末梢性ニューロパチー,HIVマッショウセイニューロパチー,
10065684,眼球萎縮,ガンキュウイシュク,
10065687,骨喪失,コツソウシツ,ホネソウシツ
10065688,治療的局所スキンケア,チリョウテキキョクショスキンケア,
10065690,ヘアダイ使用者,ヘアダイシヨウシャ,
10065699,神経性錯誤対応,シンケイセイサクゴタイオウ,
10065700,眼サルコイドーシス,ガンサルコイドーシス,
10065701,自傷性皮膚症,ジショウセイヒフショウ,
10065703,膵管狭窄,スイカンキョウサク,
10065704,腹膜壊死,フクマクエシ,
10065705,咽頭吻合部漏出,イントウフンゴウブロウシュツ,
10065706,咽頭壊死,イントウエシ,
10065707,直腸閉塞,チョクチョウヘイソク,
10065708,気管鏡検査異常,キカンキョウケンサイジョウ,
10065712,消化管ストーマ壊死,ショウカカンストーマエシ,
10065713,胃瘻,イロウ,
10065716,咽頭の炎症,イントウノエンショウ,
10065718,消化管ストーマ合併症,ショウカカンストーマガッペイショウ,
10065720,口腔瘻,コウクウロウ,コウコウロウ
10065735,喉頭の炎症,コウトウノエンショウ,
10065739,気管支出血,キカンシシュッケツ,
10065740,喉頭出血,コウトウシュッケツ,
10065741,卵巣出血,ランソウシュッケツ,
10065742,精索出血,セイサクシュッケツ,
10065743,尿管出血,ニョウカンシュッケツ,
10065744,感染性動脈炎,カンセンセイドウミャクエン,
10065755,口唇感染,コウシンカンセン,
10065764,粘膜感染,ネンマクカンセン,
10065765,脳神経感染,ノウシンケイカンセン,
10065766,末梢神経感染,マッショウシンケイカンセン,
10065767,上気道および上部消化管感染,ジョウキドウオヨビジョウブショウカカンカンセン,
10065768,内臓浮腫,ナイゾウフシュ,
10065769,軟部組織壊死,ナンブソシキエシ,
10065783,筋骨格変形,キンコッカクヘンケイ,
10065784,中枢神経系壊死,チュウスウシンケイケイエシ,
10065785,外耳痛,ガイジツウ,
10065786,喉頭瘻,コウトウロウ,
10065787,気管瘻,キカンロウ,
10065789,卵管閉塞,ランカンヘイソク,
10065790,卵管穿孔,ランカンセンコウ,
10065791,卵管狭窄,ランカンキョウサク,
10065792,腎穿孔,ジンセンコウ,
10065804,前立腺穿孔,ゼンリツセンセンコウ,
10065805,精索閉塞,セイサクヘイソク,
10065806,精索穿孔,セイサクセンコウ,
10065807,精索狭窄,セイサクキョウサク,
10065808,精巣穿孔,セイソウセンコウ,
10065809,尿管穿孔,ニョウカンセンコウ,
10065810,尿道穿孔,ニョウドウセンコウ,
10065811,子宮瘻,シキュウロウ,
10065812,子宮狭窄,シキュウキョウサク,
10065813,腟瘻,チツロウ,
10065816,ウロストミー合併症,ウロストミーガッペイショウ,
10065817,腟閉塞,チツヘイソク,
10065818,腟穿孔,チツセンコウ,
10065833,生殖器吻合部漏出,セイショクキフンゴウブロウシュツ,
10065835,食道瘻,ショクドウロウ,
10065836,第４脳神経障害,ダイ4ノウシンケイショウガイ,
10065837,外耳の炎症,ガイジノエンショウ,
10065838,中耳の炎症,チュウジノエンショウ,
10065839,胸膜瘻,キョウマクロウ,
10065850,小腸瘻,ショウチョウロウ,
10065852,中枢神経系胚腫,チュウスウシンケイケイハイシュ,
10065854,慢性好酸球性白血病,マンセイコウサンキュウセイハッケツビョウ,
10065856,組織型不明の無症候性非ホジキンリンパ腫,ソシキガタフメイノムショウコウセイヒホジキンリンパシュ,
10065857,原発性体腔性リンパ腫,ゲンパツセイタイクウセイリンパシュ,
10065858,間質性卵巣癌,カンシツセイランソウガン,
10065859,先天性線維肉腫,センテンセイセンイニクシュ,
10065867,胞巣状横紋筋肉腫,ホウソウジョウオウモンキンニクシュ,
10065868,胎児性横紋筋肉腫,タイジセイオウモンキンニクシュ,
10065869,ローグレード星細胞腫,ローグレードセイサイボウシュ,
10065871,中枢神経系非胚腫性胚細胞腫瘍,チュウスウシンケイケイヒハイシュセイハイサイボウシュヨウ,
10065873,肺瘻,ハイロウ,
10065879,胃腸吻合部漏出,イチョウフンゴウブロウシュツ,
10065899,気管の炎症,キカンノエンショウ,
10065902,血管穿刺部位血腫,ケッカンセンシブイケッシュ,
10065907,中枢神経系非定型奇形腫様・ラブドイド腫瘍,チュウスウシンケイケイヒテイケイキケイシュヨウラブドイドシュヨウ,
10065908,膵嚢胞腺癌,スイノウホウセンガン,
10065909,膀胱アブレーション,ボウコウアブレーション,
10065910,アルギナーゼ増加,アルギナーゼゾウカ,
10065911,アルギナーゼ減少,アルギナーゼゲンショウ,
10065912,アルギニノコハク酸分解酵素増加,アルギニノコハクサンブンカイコウソゾウカ,
10065913,アルギニノコハク酸分解酵素減少,アルギニノコハクサンブンカイコウソゲンショウ,
10065914,尿管嚢胞,ニョウカンノウホウ,
10065915,コックスのメイズ手術,コックスノメイズシュジュツ,
10065916,胎盤生検,タイバンセイケン,
10065917,カプラン症候群,カプランショウコウグン,
10065918,高血圧前症,コウケツアツゼンショウ,
10065919,舌アミロイドーシス,ゼツアミロイドーシス,シタアミロイドーシス
10065928,子宮閉塞,シキュウヘイソク,
10065929,心血管不全,シンケッカンフゼン,
10065930,左室流出路閉塞,サシツリュウシュツロヘイソク,
10065941,中心性肥満,チュウシンセイヒマン,
10065942,奇胎流産,キタイリュウザン,
10065950,大静脈肺動脈吻合,ダイジョウミャクハイドウミャクフンゴウ,
10065951,逆行性月経,ギャッコウセイゲッケイ,
10065952,ヒペルパチー,ヒペルパチー,
10065953,歯の完全脱臼,ハノカンゼンダッキュウ,
10065954,頑固,ガンコ,
10065963,医療機器電気的不具合,イリョウキキデンキテキフグアイ,
10065973,鉄過剰,テツカジョウ,
10065981,低血糖性意識消失,テイケットウセイイシキショウシツ,
10065984,注入部位知覚低下,チュウニュウブイチカクテイカ,
10065988,結節性筋膜炎,ケッセツセイキンマクエン,
10065989,レトロウイルスリバウンド症候群,レトロウイルスリバウンドショウコウグン,
10065995,視力矯正手術,シリョクキョウセイシュジュツ,
10065996,自己免疫性内耳疾患,ジコメンエキセイナイジシッカン,
10066000,尿道充填剤注入,ニョウドウジュウテンザイチュウニュウ,
10066001,心臓自律神経ニューロパチー,シンゾウジリツシンケイニューロパチー,
10066002,腟静脈瘤,チツジョウミャクリュウ,
10066003,排尿調節神経刺激器埋込み,ハイニョウチョウセツシンケイシゲキキウメコミ,
10066004,胆道気腫,タンドウキシュ,
10066005,血管近距離照射療法,ケッカンキンキョリショウシャリョウホウ,
10066007,腱移植,ケンイショク,
10066008,尿路結石除去,ニョウロケッセキジョキョ,
10066009,血管穿刺部位シーリング,ケッカンセンシブイシーリング,
10066019,亜硝酸塩様反応,アショウサンエンヨウハンノウ,
10066022,ＶＡＣＴＥＲＬ症候群,VACTERLショウコウグン,
10066039,ファーレンテスト陽性,ファーレンテストヨウセイ,
10066041,注射部位蒼白,チュウシャブイソウハク,
10066042,種痘性湿疹,シュトウセイシッシン,
10066043,ワクチン接種後自家接種,ワクチンセッシュゴジカセッシュ,
10066044,注射部位丘疹,チュウシャブイキュウシン,
10066045,ワクチン接種部位蒼白,ワクチンセッシュブイソウハク,
10066046,ワクチン接種部位丘疹,ワクチンセッシュブイキュウシン,
10066047,ワクチン接種部位膿疱,ワクチンセッシュブイノウホウ,
10066050,血管瘤修復,ケッカンリュウシュウフク,
10066053,薬剤違法流用,ヤクザイイホウリュウヨウ,
10066054,異形症,イケイショウ,
10066057,ミュラー管混合腫瘍,ミュラーカンコンゴウシュヨウ,
10066058,会陰嚢胞,エインノウホウ,
10066059,奇異性塞栓症,キイセイソクセンショウ,
10066065,医療機器リード損傷,イリョウキキリードソンショウ,
10066072,先端過成長,センタンカセイチョウ,
10066075,唾液腺化生,ダエキセンカセイ,
10066076,里親による養育,サトオヤニヨルヨウイク,
10066077,拡張期低血圧,カクチョウキテイケツアツ,
10066083,注射部位損傷,チュウシャブイソンショウ,
10066084,先天性中脳水道狭窄,センテンセイチュウノウスイドウキョウサク,
10066085,磁気共鳴胆道膵管撮影,ジキキョウメイタンドウスイカンサツエイ,
10066087,心臓内腫瘤,シンゾウナイシュリュウ,
10066088,微細運動遅延,ビサイウンドウチエン,
10066091,気管支反応性亢進,キカンシハンノウセイコウシン,
10066094,隆起骨折,リュウキコッセツ,
10066098,性的にアクティブ,セイテキニアクティブ,
10066099,早期初交経験,ソウキショコウケイケン,
10066100,多形妊娠疹,タケイニンシンシン,
10066101,精巣肥大,セイソウヒダイ,
10066102,頚動脈ステント挿入,ケイドウミャクステントソウニュウ,
10066103,悪露感染,オロカンセン,
10066111,シャント血流過剰,シャントケツリュウカジョウ,
10066112,身体固定期間の延長,シンタイコテイキカンノエンチョウ,
10066123,心肺バイパス,シンパイバイパス,
10066124,体外循環,タイガイジュンカン,
10066125,尿膜管異常,ニョウマクカンイジョウ,
10066127,虚血性膵炎,キョケツセイスイエン,
10066128,睫毛重生,ショウモウジュウセイ,
10066129,大血管転換術,ダイケッカンテンカンジュツ,
10066130,高ＩｇＭ症候群,コウIgMショウコウグン,
10066131,先天性中枢性低換気症候群,センテンセイチュウスウセイテイカンキショウコウグン,
10066136,ヒュルトレ細胞癌,ヒュルトレサイボウガン,
10066141,食道粘膜過形成,ショクドウネンマクカケイセイ,
10066142,サンディファー症候群,サンディファーショウコウグン,
10066147,骨幹端異形成症,コッカンタンイケイセイショウ,
10066149,適用部位臭,テキヨウブイシュウ,
10066150,科学的根拠に基づく療法,カガクテキコンキョニモトヅクリョウホウ,
10066151,低ナトリウム血性脳症,テイナトリウムケツセイノウショウ,テイナトリウムケッセイノウショウ
10066152,輸血,ユケツ,
10066169,物質乱用,ブッシツランヨウ,
10066170,形質細胞乳腺炎,ケイシツサイボウニュウセンエン,
10066173,アレルギー性輸血反応,アレルギーセイユケツハンノウ,
10066174,輸血に伴う循環過負荷,ユケツニトモナウジュンカンカフカ,
10066175,輸血に伴う免疫修飾反応,ユケツニトモナウメンエキシュウショクハンノウ,
10066176,輸血によるマイクロキメリズム,ユケツニヨルマイクロキメリズム,
10066181,急性溶血性輸血反応,キュウセイヨウケツセイユケツハンノウ,
10066182,遅発性溶血性輸血反応,チハツセイヨウケツセイユケツハンノウ,
10066183,発熱性非溶血性輸血反応,ハツネツセイヒヨウケツセイユケツハンノウ,
10066184,剥離骨折,ハクリコッセツ,
10066185,体外衝撃波療法,タイガイショウゲキハリョウホウ,
10066192,口蓋垂腫大,コウガイスイシュダイ,
10066194,装具使用者,ソウグシヨウシャ,
10066195,肝胆道スキャン異常,カンタンドウスキャンイジョウ,
10066196,感覚神経節炎,カンカクシンケイセツエン,
10066206,アポクリン腺乳癌,アポクリンセンニュウガン,
10066209,適用部位痂皮,テキヨウブイカヒ,
10066210,注射部位痂皮,チュウシャブイカヒ,
10066211,注入部位痂皮,チュウニュウブイカヒ,
10066213,びまん性軸索損傷,ビマンセイジクサクソンショウ,
10066214,投与部位感染,トウヨブイカンセン,
10066215,補給療法,ホキュウリョウホウ,
10066216,気象病,キショウビョウ,
10066217,喉頭肉芽腫,コウトウニクゲシュ,
10066218,腹圧性尿失禁,フクアツセイニョウシッキン,
10066220,咳嗽後嘔吐,ガイソウゴオウト,
10066221,注射部位湿疹,チュウシャブイシッシン,
10066224,喘息後急性筋萎縮症,ゼンソクゴキュウセイキンイシュクショウ,
10066225,処置後血尿,ショチゴケツニョウ,
10066226,メタニューモウイルス感染,メタニューモウイルスカンセン,
10066231,中枢神経系白血病,チュウスウシンケイケイハッケツビョウ,
10066236,口腔咽頭淋菌感染,コウクウイントウリンキンカンセン,コウコウイントウリンキンカンセン
10066239,縦隔偏位,ジュウカクヘンイ,
10066240,脳石,ノウセキ,
10066241,強迫性咬唇,キョウハクセイコウシン,
10066242,垂直距骨,スイチョクキョコツ,
10066243,大動脈壁肥厚,ダイドウミャクヘキヒコウ,
10066244,肝分離,カンブンリ,
10066251,骨挫傷,コツザショウ,
10066254,大脳神経膠腫症,ダイノウシンケイコウシュショウ,
10066260,急性移植片対宿主病,キュウセイイショクヘンタイシュクシュビョウ,
10066261,慢性移植片対宿主病,マンセイイショクヘンタイシュクシュビョウ,
10066262,急性皮膚移植片対宿主病,キュウセイヒフイショクヘンタイシュクシュビョウ,
10066263,急性肝移植片対宿主病,キュウセイカンイショクヘンタイシュクシュビョウ,
10066264,急性腸管移植片対宿主病,キュウセイチョウカンイショクヘンタイシュクシュビョウ,
10066265,子宮計測,シキュウケイソク,
10066266,異所性妊娠流産,イショセイニンシンリュウザン,
10066267,腫瘍随伴性皮膚筋炎,シュヨウズイハンセイヒフキンエン,
10066273,外陰部湿疹,ガイインブシッシン,
10066274,血球減少症,ケッキュウゲンショウショウ,
10066284,糖尿病予防,トウニョウビョウヨボウ,
10066286,ストレス心筋症,ストレスシンキンショウ,
10066288,子宮過剰刺激,シキュウカジョウシゲキ,
10066289,マイコバクテリウム・ウルセランス感染,マイコバクテリウムウルセランスカンセン,
10066294,血小板大小不同症,ケッショウバンダイショウフドウショウ,
10066295,毛孔性角化症,モウコウセイカクカショウ,モウコウセイカッカショウ
10066297,偽幻覚,ギゲンカク,ニセゲンカク
10066302,口蓋切除,コウガイセツジョ,
10066303,骨髄提供,コツズイテイキョウ,
10066304,口唇血腫,コウシンケッシュ,
10066315,インターロイキン２受容体増加,インターロイキン2ジュヨウタイゾウカ,
10066321,気管支吻合,キカンシフンゴウ,
10066322,胸膜剥皮術,キョウマクハクヒジュツ,
10066323,直腸チューブ挿入,チョクチョウチューブソウニュウ,
10066324,複合弁移植,フクゴウベンイショク,
10066334,脊髄係留症候群,セキズイケイリュウショウコウグン,
10066335,気管切開部位感染,キカンセッカイブイカンセン,
10066337,腹部創離開,フクブソウリカイ,
10066338,持続的血液透析濾過,ジゾクテキケツエキトウセキロカ,
10066358,フォンウィルブランド因子抗体陽性,フォンウィルブランドインシコウタイヨウセイ,
10066359,Ｒｈ同種免疫予防,Rhドウシュメンエキヨボウ,
10066363,血行力学的リバウンド,ケッコウリキガクテキリバウンド,
10066364,性欲過剰,セイヨクカジョウ,
10066366,中毒性前眼部症候群,チュウドクセイゼンガンブショウコウグン,
10066368,薬剤耐性遺伝子型検査陽性,ヤクザイタイセイイデンシガタケンサヨウセイ,
10066369,薬剤耐性遺伝子型検査陰性,ヤクザイタイセイイデンシガタケンサインセイ,
10066370,薬剤耐性遺伝子型検査異常,ヤクザイタイセイイデンシガタケンサイジョウ,
10066371,腱痛,ケンツウ,
10066373,虹彩緊張低下症候群,コウサイキンチョウテイカショウコウグン,
10066377,治療中断,チリョウチュウダン,
10066383,眼窩先端部症候群,ガンカセンタンブショウコウグン,
10066384,結膜黒色腫,ケツマクコクショクシュ,
10066385,赤外線療法,セキガイセンリョウホウ,
10066386,嵌入骨折,カンニュウコッセツ,
10066387,スクラーゼ・イソマルターゼ欠損症,スクラーゼイソマルターゼケッソンショウ,
10066388,グルコース・ガラクトース吸収不良症,グルコースガラクトースキュウシュウフリョウショウ,
10066389,成人潜在性自己免疫性糖尿病,セイジンセンザイセイジコメンエキセイトウニョウビョウ,
10066390,続発性副甲状腺機能低下症,ゾクハツセイフクコウジョウセンキノウテイカショウ,
10066391,ループス心筋炎,ループスシンキンエン,
10066392,死の恐怖,シノキョウフ,
10066397,内臓うっ血,ナイゾウウッケツ,
10066398,自然療法,シゼンリョウホウ,
10066399,ナプラパシー,ナプラパシー,
10066400,救急治療,キュウキュウチリョウ,
10066401,作業療法,サギョウリョウホウ,
10066403,β２糖蛋白抗体,ベータ2トウタンパクコウタイ,
10066404,β２糖蛋白抗体陽性,ベータ2トウタンパクコウタイヨウセイ,
10066405,β２糖蛋白抗体陰性,ベータ2トウタンパクコウタイインセイ,
10066406,パッシーニ・ピエリーニ型皮膚萎縮症,パッシーニピエリーニガタヒフイシュクショウ,
10066407,封入体筋炎,フウニュウタイキンエン,
10066408,真珠腫除去,シンジュシュジョキョ,
10066409,ブドウ球菌皮膚感染,ブドウキュウキンヒフカンセン,
10066410,ブドウ球菌性縦隔炎,ブドウキュウキンセイジュウカクエン,
10066414,金属アレルギー,キンゾクアレルギー,
10066415,処置後腫脹,ショチゴシュチョウ,
10066416,外陰腟ヒト乳頭腫ウイルス感染,ガイインチツヒトニュウトウシュウイルスカンセン,
10066418,テノン嚢胞,テノンノウホウ,
10066419,代償性発汗,ダイショウセイハッカン,
10066421,硝子体細胞,ショウシタイサイボウ,
10066424,オッディ括約筋機能不全,オッディカツヤクキンキノウフゼン,
10066430,口蓋心臓顔面症候群,コウガイシンゾウガンメンショウコウグン,
10066431,クリューバー・ビューシー症候群,クリューバービューシーショウコウグン,
10066435,ヒトヘルペスウイルス８感染,ヒトヘルペスウイルス8カンセン,
10066436,尿管憩室,ニョウカンケイシツ,
10066447,臍帯穿刺,サイタイセンシ,
10066448,陰茎異形成,インケイイケイセイ,
10066453,メサンギウム増殖性糸球体腎炎,メサンギウムゾウショクセイシキュウタイジンエン,
10066454,体重支持困難,タイジュウシジコンナン,
10066468,妊娠貧血,ニンシンヒンケツ,
10066470,羊水漏,ヨウスイロウ,
10066471,咽頭扁平上皮癌,イントウヘンペイジョウヒガン,
10066474,甲状腺癌,コウジョウセンガン,
10066476,血液学的悪性疾患,ケツエキガクテキアクセイシッカン,
10066477,臓器保存,ゾウキホゾン,
10066478,抗不安療法,コウフアンリョウホウ,
10066482,過剰驚愕反応,カジョウキョウガクハンノウ,
10066483,第４度熱傷,ダイ4ドネッショウ,
10066485,胎児抗痙攣剤症候群,タイジコウケイレンザイショウコウグン,
10066536,アレルギー予防,アレルギーヨボウ,
10066537,アテローム性動脈硬化症予防,アテロームセイドウミャクコウカショウヨボウ,
10066590,処置後肺炎,ショチゴハイエン,
10066591,処置後脳卒中,ショチゴノウソッチュウ,
10066592,処置後心筋梗塞,ショチゴシンキンコウソク,
10066593,処置後敗血症,ショチゴハイケツショウ,
10066594,再発髄芽腫,サイハツズイガシュ,
10066595,再発神経芽腫,サイハツシンケイガシュ,
10066596,皮膚乾燥予防,ヒフカンソウヨボウ,
10066597,胃食道静脈瘤出血予防,イショクドウジョウミャクリュウシュッケツヨボウ,
10066598,胃炎予防,イエンヨボウ,
10066599,肝性脳症予防,カンセイノウショウヨボウ,
10066600,再発黒色腫,サイハツコクショクシュ,
10066601,薬物中毒予防,ヤクブツチュウドクヨボウ,
10066653,トキソプラズマ症予防,トキソプラズマショウヨボウ,
10066654,喘息予防,ゼンソクヨボウ,
10066696,日和見感染予防,ヒヨリミカンセンヨボウ,
10066697,再発卵巣癌,サイハツランソウガン,
10066698,寄生虫感染予防,キセイチュウカンセンヨボウ,
10066699,急性多発ニューロパチー,キュウセイタハツニューロパチー,
10066700,尿路感染予防,ニョウロカンセンヨボウ,
10066728,急性間質性肺臓炎,キュウセイカンシツセイハイゾウエン,
10066749,膀胱移行上皮癌第０期,ボウコウイコウジョウヒガンダイ0キ,
10066750,再発膀胱移行上皮癌,サイハツボウコウイコウジョウヒガン,
10066751,膀胱移行上皮癌第１期,ボウコウイコウジョウヒガンダイ1キ,
10066752,膀胱移行上皮癌第４期,ボウコウイコウジョウヒガンダイ4キ,
10066753,膀胱移行上皮癌第２期,ボウコウイコウジョウヒガンダイ2キ,
10066754,膀胱移行上皮癌第３期,ボウコウイコウジョウヒガンダイ3キ,
10066757,尿路膿瘍,ニョウロノウヨウ,
10066758,混合型肝損傷,コンゴウガタカンソンショウ,
10066769,精巣浮腫,セイソウフシュ,
10066774,陰茎浮腫,インケイフシュ,
10066778,注射部位線条,チュウシャブイセンジョウ,
10066779,爪摘み取り,ツメツミトリ,
10066781,視床下部腫大,シショウカブシュダイ,
10066782,早期排卵予防,ソウキハイランヨボウ,
10066783,歯肉移植,シニクイショク,
10066784,胸膜テント,キョウマクテント,
10066785,強膜内陥術,キョウマクナイカンジュツ,
10066786,糖尿病性角膜症,トウニョウビョウセイカクマクショウ,
10066790,鼻咽腔閉鎖機能不全,ビインクウヘイサキノウフゼン,
10066792,胃腫瘤,イシュリュウ,
10066795,リ・フラウメニ症候群,リフラウメニショウコウグン,
10066796,エナメル上皮腫,エナメルジョウヒシュ,
10066797,注射部位リコール反応,チュウシャブイリコールハンノウ,
10066798,細菌性気管炎,サイキンセイキカンエン,
10066799,虹彩異色,コウサイイショク,
10066800,僧帽弁閉鎖,ソウボウベンヘイサ,
10066801,大動脈弁閉鎖,ダイドウミャクベンヘイサ,
10066802,ショーン複合,ショーンフクゴウ,
10066811,Ｎ－テロペプチド,Nテロペプチド,
10066812,Ｃ－テロペプチド,Cテロペプチド,
10066813,１型プロコラーゲン－Ｃ－プロペプチド,1ガタプロコラーゲンCプロペプチド,
10066816,骨髄肉芽腫,コツズイニクゲシュ,
10066817,アクティベーション症候群,アクティベーションショウコウグン,
10066820,気管支分泌物貯留,キカンシブンピブツチョリュウ,キカンシブンピツブツチョリュウ
10066821,機械的換気合併症,キカイテキカンキガッペイショウ,
10066828,上気道壊死,ジョウキドウエシ,
10066829,ベンチレータ離脱不成功,ベンチレータリダツフセイコウ,
10066833,セルトリ細胞単独症候群,セルトリサイボウタンドクショウコウグン,
10066834,大動脈肺動脈窓修復,ダイドウミャクハイドウミャクソウシュウフク,
10066835,イーグル症候群,イーグルショウコウグン,
10066837,グライヒ症候群,グライヒショウコウグン,
10066838,ペプシノーゲン１増加,ペプシノーゲン1ゾウカ,
10066845,ヒトヘルペスウイルス６感染再燃,ヒトヘルペスウイルス6カンセンサイネン,
10066849,球形嚢切開,キュウケイノウセッカイ,
10066850,たな症候群,タナショウコウグン,
10066851,口唇小帯切除,コウシンショウタイセツジョ,
10066855,寡黙,カモク,
10066856,視覚正中線偏位症候群,シカクセイチュウセンヘンイショウコウグン,
10066857,感染性心筋炎,カンセンセイシンキンエン,
10066861,尿管吻合合併症,ニョウカンフンゴウガッペイショウ,
10066862,三尖弁逸脱,サンセンベンイツダツ,
10066869,総分岐鎖アミノ酸／チロシンモル比,ソウブンキサアミノサンチロシンモルヒ,
10066870,大動脈食道瘻,ダイドウミャクショクドウロウ,
10066875,先天性腎障害,センテンセイジンショウガイ,
10066876,会陰感染,エインカンセン,
10066877,偽血栓性静脈炎,ギケッセンセイジョウミャクエン,
10066878,筋弁手術,キンベンシュジュツ,
10066879,遠隔転移を伴う胆嚢癌,エンカクテンイヲトモナウタンノウガン,
10066880,前立腺石灰化,ゼンリツセンセッカイカ,
10066881,術後深部静脈血栓症,ジュツゴシンブジョウミャクケッセンショウ,
10066882,遠隔転移を伴う唾液腺癌,エンカクテンイヲトモナウダエキセンガン,
10066884,偽胆石症,ギタンセキショウ,
10066887,性器不快感,セイキフカイカン,
10066888,ヘルペス性咽頭炎,ヘルペスセイイントウエン,
10066892,直腸尿道瘻,チョクチョウニョウドウロウ,
10066893,膝蓋骨置換,シツガイコツチカン,
10066894,肛門括約筋過緊張,コウモンカツヤクキンカキンチョウ,
10066895,尿管腎盂吻合,ニョウカンジンウフンゴウ,
10066896,ＨＥＲ２陽性胃癌,HER2ヨウセイイガン,
10066900,角膜形成,カクマクケイセイ,
10066901,治療不成功,チリョウフセイコウ,
10066902,外科手術不成功,ゲカシュジュツフセイコウ,
10066903,ワクチン再投与による同一反応,ワクチンサイトウヨニヨルドウイツハンノウ,
10066904,既曝露ワクチンに対する反応,キバクロワクチンニタイスルハンノウ,
10066906,選択的多糖類抗体欠損症,センタクテキタトウルイコウタイケッソンショウ,
10066907,椎骨動脈形成不全,ツイコツドウミャクケイセイフゼン,
10066911,副鼻腔洞開窓,フクビクウドウカイソウ,
10066916,動静脈瘻瘤,ドウジョウミャクロウリュウ,
10066919,流行性多発性関節炎,リュウコウセイタハツセイカンセツエン,
10066923,膀胱水圧拡張術,ボウコウスイアツカクチョウジュツ,
10066924,椎間孔拡大術,ツイカンコウカクダイジュツ,
10066925,原発性後天性結膜メラノーシス,ゲンパツセイコウテンセイケツマクメラノーシス,
10066926,眼血管炎,ガンケッカンエン,
10066927,肺結核腫,ハイケッカクシュ,
10066928,ヒト抗キメラ抗体検査,ヒトコウキメラコウタイケンサ,
10066929,ヒト抗マウス抗体検査,ヒトコウマウスコウタイケンサ,
10066930,おとがいしびれ症候群,オトガイシビレショウコウグン,
10066931,蛍光インサイチューハイブリダイゼーション,ケイコウインサイチューハイブリダイゼーション,
10066932,ヒト抗ヒト抗体検査,ヒトコウヒトコウタイケンサ,
10066943,腸前処置,チョウゼンショチ,
10066944,先天性コンジローマ,センテンセイコンジローマ,
10066945,線状苔癬,センジョウタイセン,
10066946,頭蓋顔面異骨症,トウガイガンメンイコツショウ,
10066948,粘液線維肉腫,ネンエキセンイニクシュ,
10066951,血管穿刺部位疼痛,ケッカンセンシブイトウツウ,
10066955,レンメル症候群,レンメルショウコウグン,
10066956,痛覚閾値低下,ツウカクイキチテイカ,
10066957,肝脾Ｔ細胞リンパ腫,カンヒTサイボウリンパシュ,
10066962,処置による悪心,ショチニヨルオシン,
10066963,処置による嘔吐,ショチニヨルオウト,
10066964,処置によるめまい,ショチニヨルメマイ,
10066965,処置による頭痛,ショチニヨルズツウ,
10066966,内耳の炎症,ナイジノエンショウ,
10066967,企図的医療機器誤用,キトテキイリョウキキゴヨウ,
10066968,角膜白斑,カクマクハクハン,
10066969,卵黄腸管遺残,ランオウチョウカンイザン,
10066970,角膜内皮障害,カクマクナイヒショウガイ,
10066972,細菌重感染,サイキンジュウカンセン,
10066973,造影剤アレルギー,ゾウエイザイアレルギー,
10066983,ウイルス重感染,ウイルスジュウカンセン,
10066984,真菌重感染,シンキンジュウカンセン,
10066985,網膜復位,モウマクフクイ,
10066988,血管穿刺部位知覚消失,ケッカンセンシブイチカクショウシツ,
10066991,舌膿瘍,ゼツノウヨウ,
10066992,粘膜硬結,ネンマクコウケツ,
10066993,臍ヘルニア穿孔,サイヘルニアセンコウ,ヘソヘルニアセンコウ
10066994,関節液ドレナージ,カンセツエキドレナージ,
10066995,歯槽骨炎,シソウコツエン,
10067010,羊水塞栓症,ヨウスイソクセンショウ,
10067011,腹膜透析排液混濁,フクマクトウセキハイエキコンダク,
10067013,正常眼圧緑内障,セイジョウガンアツリョクナイショウ,
10067014,肥満症に対する胃内バルーン挿入,ヒマンショウニタイスルイナイバルーンソウニュウ,
10067015,後腹膜リンパ節腫脹,コウフクマクリンパセツシュチョウ,
10067016,超音波内視鏡検査,チョウオンパナイシキョウケンサ,
10067017,ファロー四徴修復,ファローシチョウシュウフク,
10067018,糖尿病性脳症,トウニョウビュウセイノウショウ,
10067020,超音波内視鏡検査異常,チョウオンパナイシキョウケンサイジョウ,
10067021,超音波内視鏡検査正常,チョウオンパナイシキョウケンサセイジョウ,
10067024,シュードモナス性気管支炎,シュードモナスセイキカンシエン,
10067029,月経周期管理,ゲッケイシュウキカンリ,
10067030,妊娠中の静脈血栓症,ニンシンチュウノジョウミャクケッセンショウ,
10067035,妊娠恐怖,ニンシンキョウフ,
10067039,家族性片麻痺性片頭痛,カゾクセイヘンマヒセイヘンズツウ,カゾクセイカタマヒセイヘンズツウ
10067041,腟内ｐＨ正常,チツナイpHセイジョウ,
10067042,腟内ｐＨ異常,チツナイpHイジョウ,
10067043,腟内ｐＨ上昇,チツナイpHジョウショウ,
10067044,腟内ｐＨ低下,チツナイpHテイカ,
10067045,化学的避妊法,カガクテキヒニンホウ,
10067046,細菌性耳感染,サイキンセイジカンセン,サイキンセイミミカンセン
10067055,逆説疼痛,ギャクセツトウツウ,
10067056,認知リハビリテーション,ニンチリハビリテーション,
10067057,大脳基底核出血,ダイノウキテイカクシュッケツ,
10067062,眼内レンズ縫着,ガンナイレンズホウチャク,
10067063,進行再発型多発性硬化症,シンコウサイハツガタタハツセイコウカショウ,
10067064,子宮内膜肉腫再発,シキュウナイマクニクシュサイハツ,
10067065,遠隔転移を伴う子宮内膜肉腫,エンカクテンイヲトモナウシキュウナイマクニクシュ,
10067067,マールブルグ型多発性硬化症,マールブルグガタタハツセイコウカショウ,
10067068,鼻腔内感覚鈍麻,ビクウナイカンカクドンマ,
10067078,羊水指数,ヨウスイシスウ,
10067079,羊水指数異常,ヨウスイシスウイジョウ,
10067080,血管麻痺症候群,ケッカンマヒショウコウグン,
10067081,プロカルシトニン増加,プロカルシトニンゾウカ,
10067082,避妊パッチ使用中の妊娠,ヒニンパッチシヨウチュウノニンシン,
10067086,脳圧排効果,ノウアッパイコウカ,
10067091,胃胸腔瘻,イキョウクウロウ,
10067092,エイズ胆管症,エイズタンカンショウ,
10067098,中心静脈カテーテル除去,チュウシンジョウミャクカテーテルジョキョ,
10067099,胸骨安定化,キョウコツアンテイカ,
10067100,肘手術,チュウシュジュツ,ヒジシュジュツ
10067103,オキュラーサーフェス疾患,オキュラーサーフェスシッカン,
10067112,クリプトコッカス性真菌血症,クリプトコッカスセイシンキンケツショウ,クリプトコッカスセイシンキンケッショウ
10067113,アナフィラキシー性輸血反応,アナフィラキシーセイユケツハンノウ,
10067115,好中球性脂肪織炎,コウチュウキュウセイシボウシキエン,
10067116,頚動脈硬化症,ケイドウミャクコウカショウ,
10067117,白血病髄外浸潤,ハッケツビョウズイガイシンジュン,
10067122,溶血性輸血反応,ヨウケツセイユケツハンノウ,
10067125,肝損傷,カンソンショウ,
10067126,ザイデル試験陽性,ザイデルシケンヨウセイ,
10067127,結膜乳頭腫,ケツマクニュウトウシュ,
10067129,舌下神経不全麻痺,ゼッカシンケイフゼンマヒ,
10067131,埋没陰茎症候群,マイボツインケイショウコウグン,
10067141,顔面指性器異形成,ガンメンユビセイキイケイセイ,
10067142,注射直後反応,チュウシャチョクゴハンノウ,
10067143,瘻孔分泌物,ロウコウブンピブツ,ロウコウブンピツブツ
10067152,口腔ヘルペス,コウクウヘルペス,コウコウヘルペス
10067155,反応性穿孔性膠原線維症,ハンノウセイセンコウセイコウゲンセンイショウ,
10067156,卵巣癒着,ランソウユチャク,
10067158,ＨＩＶ指向性検査,HIVシコウセイケンサ,
10067159,視神経中隔形成異常,シシンケイチュウカクケイセイイジョウ,
10067162,精子無力症,セイシムリョクショウ,
10067167,小脳塞栓症,ショウノウソクセンショウ,
10067168,卵巣超音波検査異常,ランソウチョウオンパケンサイジョウ,
10067171,吐き戻し,ハキモドシ,
10067174,硬膜外テストドーズ,コウマクガイテストドーズ,
10067180,肛門ＰＡＰスミア異常,コウモンPAPスミアイジョウ,
10067181,肛門ＰＡＰスミア,コウモンPAPスミア,
10067182,気管支壁肥厚,キカンシヘキヒコウ,
10067183,先天性腹部ヘルニア,センテンセイフクブヘルニア,
10067184,バーキット白血病,バーキットハッケツビョウ,
10067185,レンサ球菌性外陰腟炎,レンサキュウキンセイガイインチツエン,
10067186,クラミジア性腟炎,クラミジアセイチツエン,
10067193,火炎状母斑,カエンジョウボハン,
10067197,手白癬,テハクセン,
10067199,線状歯肉紅斑,センジョウシニクコウハン,
10067203,気管乳頭腫,キカンニュウトウシュ,
10067204,気道熱傷,キドウネッショウ,
10067205,ミニ気管切開,ミニキカンセッカイ,
10067206,姿勢反射障害,シセイハンシャショウガイ,
10067207,リバウンド頻脈,リバウンドヒンミャク,
10067221,機械的換気,キカイテキカンキ,
10067234,クラミジア外陰腟炎,クラミジアガイインチツエン,
10067235,淋菌性外陰腟炎,リンキンセイガイインチツエン,
10067236,レンサ球菌性子宮頚管炎,レンサキュウキンセイシキュウケイカンエン,
10067237,遊離脂肪酸異常,ユウリシボウサンイジョウ,
10067238,単球百分率異常,タンキュウヒャクブンリツイジョウ,
10067248,先天性母斑,センテンセイボハン,
10067251,リードの位置ずれ,リードノイチズレ,
10067252,注射部位乾燥,チュウシャブイカンソウ,
10067253,注射部位裂傷,チュウシャブイレッショウ,
10067254,血管穿刺部位そう痒感,ケッカンセンシブイソウヨウカン,
10067255,注射部位斑,チュウシャブイハン,
10067256,チクングニヤウイルス感染,チクングニヤウイルスカンセン,
10067265,内臓逆位症,ナイゾウギャクイショウ,
10067266,肝挫傷,カンザショウ,
10067268,処置後感染,ショチゴカンセン,
10067269,子宮線維症,シキュウセンイショウ,
10067270,陰茎海綿体血栓症,インケイカイメンタイケッセンショウ,
10067271,虹彩麻痺,コウサイマヒ,
10067272,肛門びらん,コウモンビラン,
10067275,血管原性脳浮腫,ケッカンゲンセイノウフシュ,
10067276,細胞毒性浮腫,サイボウドクセイフシュ,
10067277,脳微小出血,ノウビショウシュッケツ,
10067281,門脈肺高血圧症,モンミャクハイコウケツアツショウ,
10067282,右房拡張,ウボウカクチョウ,
10067283,右房圧上昇,ウボウアツジョウショウ,
10067284,肺動脈症,ハイドウミャクショウ,
10067285,肺血管抵抗増加,ハイケッカンテイコウゾウカ,
10067286,左房拡張,サボウカクチョウ,
10067287,陰茎前位陰嚢,インケイゼンイインノウ,
10067300,腹膜透析排液白血球数増加,フクマクトウセキハイエキハッケッキュウスウゾウカ,
10067301,腹膜透析排液赤血球数増加,フクマクトウセキハイエキセッケッキュウスウゾウカ,
10067302,携行式腹膜カテーテル置換,ケイコウシキフクマクカテーテルチカン,
10067303,腹膜透析排液検査,フクマクトウセキハイエキケンサ,
10067315,睡眠関連摂食障害,スイミンカンレンセッショクショウガイ,
10067317,眼呼吸器症候群,ガンコキュウキショウコウグン,
10067319,クリプトスポリジウム性胆道感染,クリプトスポリジウムセイタンドウカンセン,
10067320,大腸菌性前立腺炎,ダイチョウキンセイゼンリツセンエン,
10067321,真菌性喉頭炎,シンキンセイコウトウエン,
10067322,ヘモフィルス性中耳炎,ヘモフィルスセイチュウジエン,
10067323,レンサ球菌性化膿性関節炎,レンサキュウキンセイカノウセイカンセツエン,
10067324,抗酸化物質療法,コウサンカブッシツリョウホウ,
10067325,腹腔動脈狭窄,フククウドウミャクキョウサク,フックウドウミャクキョウサク
10067326,抗レトロウイルス療法,コウレトロウイルスリョウホウ,
10067327,高アンモニア血性脳症,コウアンモニアケツセイノウショウ,コウアンモニアケッセイノウショウ
10067328,細菌性直腸炎,サイキンセイチョクチョウエン,
10067334,細菌性胸膜感染,サイキンセイキョウマクカンセン,
10067335,ブドウ球菌性耳下腺炎,ブドウキュウキンセイジカセンエン,
10067336,シュードモナス性心内膜炎,シュードモナスセイシンナイマクエン,
10067337,門脈血流減少,モンミャクケツリュウゲンショウ,
10067338,門脈逆流,モンミャクギャクリュウ,
10067339,不整脈ストーム,フセイミャクストーム,
10067347,血栓性脳梗塞,ケッセンセイノウコウソク,
10067348,視交差症候群,シコウサショウコウグン,
10067349,すべり肋骨症候群,スベリロッコツショウコウグン,
10067350,高クレアチン血症,コウクレアチンケツショウ,コウクレアチンケッショウ
10067351,喉頭壊死,コウトウエシ,
10067352,放射線骨壊死,ホウシャセンコツエシ,
10067353,咽頭障害,イントウショウガイ,
10067354,放射線性白血球減少症,ホウシャセンセイハッケッキュウゲンショウショウ,
10067357,閉塞性裂孔ヘルニア,ヘイソクセイレッコウヘルニア,
10067360,舌壊死,ゼツエシ,
10067362,放射線壊死,ホウシャセンエシ,
10067365,肝性胸水,カンセイキョウスイ,
10067366,手掌筋膜炎,シュショウキンマクエン,
10067369,腸間膜の悪性新生物,チョウカンマクノアクセイシンセイブツ,
10067371,閉経期うつ病,ヘイケイキウツビョウ,
10067372,収れん薬療法,シュウレンヤクリョウホウ,
10067375,脊髄髄膜嚢胞,セキズイズイマクノウホウ,
10067376,ファーター膨大部狭窄,ファーターボウダイブキョウサク,
10067378,ＨＡＩＲ－ＡＮ症候群,HAIRANショウコウグン,
10067380,コステロ症候群,コステロショウコウグン,
10067383,腹壁血腫,フクヘキケッシュ,
10067387,骨髄異形成症候群の転化,コツズイイケイセイショウコウグンノテンカ,
10067388,肝血管肉腫,カンケッカンニクシュ,
10067389,単純ヘルペス肝炎,タンジュンヘルペスカンエン,
10067395,血液潅流,ケツエキカンリュウ,
10067398,精神的機能代償不全,セイシンテキキノウダイショウフゼン,
10067399,急性混合性白血病,キュウセイコンゴウセイハッケツビョウ,
10067402,サーファクタントプロテイン増加,サーファクタントプロテインゾウカ,
10067407,右大動脈弓,ミギダイドウミャクキュウ,
10067409,トリコフィトン感染症,トリコフィトンカンセンショウ,
10067410,エンドトキシン血症,エンドトキシンケツショウ,エンドトキシンケッショウ
10067411,横隔膜異常弛緩,オウカクマクイジョウシカン,
10067418,口腔粘膜紅斑,コウクウネンマクコウハン,コウコウネンマクコウハン
10067419,歯肉紅斑,シニクコウハン,
10067424,総排泄腔外反,ソウハイセツクウガイハン,
10067426,胆嚢腸吻合,タンノウチョウフンゴウ,
10067427,リウマトイド強膜炎,リウマトイドキョウマクエン,
10067431,白血病歯肉浸潤,ハッケツビョウシニクシンジュン,
10067432,ヒト精漿過敏症,ヒトセイショウカビンショウ,
10067434,眼内レンズ挿入,ガンナイレンズソウニュウ,
10067438,動脈圧迫療法,ドウミャクアッパクリョウホウ,
10067439,止血,シケツ,
10067441,脊髄軟化症,セキズイナンカショウ,
10067442,血性腹膜透析排液,ケツセイフクマクトウセキハイエキ,ケッセイフクマクトウセキハイエキ
10067450,気管内挿管,キカンナイソウカン,
10067462,ミラール・ギュブレ症候群,ミラールギュブレショウコウグン,
10067466,脳微小血管症,ノウビショウケッカンショウ,
10067467,腎原性全身性線維症,ジンゲンセイゼンシンセイセンイショウ,
10067468,ドーパミン調節障害症候群,ドーパミンチョウセツショウガイショウコウグン,
10067470,ロタウイルス感染,ロタウイルスカンセン,
10067472,器質化肺炎,キシツカハイエン,
10067473,免疫調節療法,メンエキチョウセツリョウホウ,
10067476,仮死,カシ,
10067477,細胞遺伝学的異常,サイボウイデンガクテキイジョウ,
10067478,脈絡叢癌,ミャクラクソウガン,
10067482,有害事象なし,ユウガイジショウナシ,
10067484,副作用,フクサヨウ,
10067485,ウートホフ現象,ウートホフゲンショウ,
10067486,喉頭蓋紅斑,コウトウガイコウハン,
10067487,脊椎手術の失敗症候群,セキツイシュジュツノシッパイショウコウグン,
10067490,排卵障害,ハイランショウガイ,
10067492,睡眠時性行為,スイミンジセイコウイ,
10067493,睡眠慣性,スイミンカンセイ,
10067494,錯乱性覚醒,サクランセイカクセイ,
10067496,トレンデレンブルグ体位,トレンデレンブルグタイイ,
10067499,選択的妊娠中絶,センタクテキニンシンチュウゼツ,
10067502,振動覚低下,シンドウカクテイカ,
10067505,外陰腟癒着,ガイインチツユチャク,
10067508,低出生体重児,テイシュッセイタイジュウジ,
10067510,接触性口内炎,セッショクセイコウナイエン,
10067511,気管憩室,キカンケイシツ,
10067512,グリコーゲンアカントーシス,グリコーゲンアカントーシス,
10067513,皮下脂肪厚測定,ヒカシボウアツソクテイ,
10067515,絞扼性鼠径ヘルニア,コウヤクセイソケイヘルニア,
10067517,膵神経内分泌腫瘍,スイシンケイナイブンピシュヨウ,スイシンケイナイブンピツシュヨウ
10067519,血管穿刺部位知覚異常,ケッカンセンシブイチカクイジョウ,
10067527,分節ヒアリン血管炎,ブンセツヒアリンケッカンエン,
10067528,５－α還元酵素阻害療法,5アルファカンゲンコウソソガイリョウホウ,
10067530,短時間睡眠,タンジカンスイミン,
10067533,尿円柱陰性,ニョウエンチュウインセイ,
10067534,尿円柱陽性,ニョウエンチュウヨウセイ,
10067535,血中免疫グロブリンＤ,ケッチュウメンエキグロブリンD,
10067548,中枢性塩類喪失症候群,チュウスウセイエンルイソウシツショウコウグン,
10067549,シタラビン症候群,シタラビンショウコウグン,
10067551,胃黄色腫,イオウショクシュ,
10067553,卵管破裂,ランカンハレツ,
10067554,肝周囲膿瘍,カンシュウイノウヨウ,
10067555,元アルコール中毒者,モトアルコールチュウドクシャ,
10067557,視測障害,シソクショウガイ,
10067560,化学的静脈炎,カガクテキジョウミャクエン,
10067564,麻酔,マスイ,
10067565,クリプトコッカス性肺炎,クリプトコッカスセイハイエン,
10067566,トキソプラズマ性肺炎,トキソプラズマセイハイエン,
10067567,糖尿病性眼筋麻痺,トウニョウビョウセイガンキンマヒ,
10067572,エストロゲン様作用,エストロゲンヨウサヨウ,
10067575,中脳水道狭窄,チュウノウスイドウキョウサク,
10067576,悪性嚥下障害,アクセイエンゲショウガイ,
10067579,小児期,ショウニキ,
10067580,接触恐怖症,セッショクキョウフショウ,
10067584,１型糖尿病,1ガタトウニョウビョウ,
10067585,２型糖尿病,2ガタトウニョウビョウ,
10067587,感音性聴力低下,カンオンセイチョウリョクテイカ,
10067594,腹膜透析合併症,フクマクトウセキガッペイショウ,
10067595,生命維持中止,セイメイイジチュウシ,
10067596,組織接着閉鎖,ソシキセッチャクヘイサ,
10067598,神経性高血圧,シンケイセイコウケツアツ,
10067599,硬膜外脂肪腫症,コウマクガイシボウシュショウ,
10067601,髄鞘形成異常,ズイショウケイセイイジョウ,
10067608,カナバン病,カナバンビョウ,
10067609,異染性白質ジストロフィー,イセンセイハクシツジストロフィー,
10067610,ペリツェウス・メルツバッハー病,ペリツェウスメルツバッハービョウ,
10067612,真菌性足感染,シンキンセイソクカンセン,シンキンセイアシカンセン
10067618,心臓副伝導路,シンゾウフクデンドウロ,
10067620,ＱＯＬ低下,QOLテイカ,
10067621,口腔障害,コウクウショウガイ,コウコウショウガイ
10067622,タバコ相互作用,タバコソウゴサヨウ,
10067623,放射線相互作用,ホウシャセンソウゴサヨウ,
10067628,翼状肩甲骨,ヨクジョウケンコウコツ,
10067632,軟骨萎縮,ナンコツイシュク,
10067633,末梢神経病変,マッショウシンケイビョウヘン,
10067639,性器腫脹,セイキシュチョウ,
10067640,前立腺嚢胞,ゼンリツセンノウホウ,
10067641,外陰腟灼熱感,ガイインチツシャクネツカン,
10067642,活性化プロテインＣ抵抗性検査,カッセイカプロテインCテイコウセイケンサ,
10067647,分娩,ブンベン,
10067648,活性化プロテインＣ抵抗性検査陽性,カッセイカプロテインCテイコウセイケンサヨウセイ,
10067652,心電図ＲＲ間隔延長,シンデンズRRカンカクエンチョウ,
10067653,熱帯性潰瘍,ネッタイセイカイヨウ,
10067657,全身性エリテマトーデス疾患活動指数上昇,ゼンシンセイエリテマトーデスシッカンカツドウシスウジョウショウ,
10067658,全身性エリテマトーデス疾患活動指数低下,ゼンシンセイエリテマトーデスシッカンカツドウシスウテイカ,
10067659,全身性エリテマトーデス疾患活動指数異常,ゼンシンセイエリテマトーデスシッカンカツドウシスウイジョウ,
10067660,心臓弁閉鎖不全,シンゾウベンヘイサフゼン,
10067661,カプノグラム異常,カプノグラムイジョウ,
10067662,カプノグラム正常,カプノグラムセイジョウ,
10067663,呼気終末炭酸ガス異常,コキシュウマツタンサンガスイジョウ,
10067664,呼気終末炭酸ガス増加,コキシュウマツタンサンガスゾウカ,
10067665,呼気終末炭酸ガス減少,コキシュウマツタンサンガスゲンショウ,
10067666,呼気終末炭酸ガス正常,コキシュウマツタンサンガスセイジョウ,
10067667,避妊中の妊娠,ヒニンチュウノニンシン,
10067668,アルボウイルス感染,アルボウイルスカンセン,
10067669,処方せんの改ざん,ショホウセンノカイザン,
10067670,筋肉増強療法,キンニクゾウキョウリョウホウ,
10067671,疾患合併症,シッカンガッペイショウ,
10067672,痙攣性発声障害,ケイレンセイハッセイショウガイ,
10067681,穿刺部位硬結,センシブイコウケツ,
10067683,眼レーザー瘢痕,ガンレーザーハンコン,
10067684,膨隆虹彩,ボウリュウコウサイ,
10067688,物質乱用者,ブッシツランヨウシャ,
10067689,元薬物乱用者,モトヤクブツランヨウシャ,
10067697,右室流出路パッチ,ウシツリュウシュツロパッチ,
10067699,腎瘻管除去,ジンロウカンジョキョ,
10067701,眼部液空気置換,ガンブエキクウキチカン,
10067702,無酸素後ミオクローヌス,ムサンソゴミオクローヌス,
10067703,分娩時出血,ブンベンジシュッケツ,
10067704,子宮無形成,シキュウムケイセイ,
10067705,巨手症,キョシュショウ,
10067715,胃腸音異常,イチョウオンイジョウ,
10067718,抱合ビリルビン異常,ホウゴウビリルビンイジョウ,
10067719,顔面白癬,ガンメンハクセン,
10067720,寄生虫性胃腸炎,キセイチュウセイイチョウエン,
10067721,口腔咽頭プラーク,コウクウイントウプラーク,コウコウイントウプラーク
10067722,中毒性ニューロパチー,チュウドクセイニューロパチー,
10067723,皮膚局面,ヒフキョクメン,
10067724,粘膜色素沈着,ネンマクシキソチンチャク,
10067725,高リパーゼ血症,コウリパーゼケツショウ,コウリパーゼケッショウ
10067726,子宮頚管短縮,シキュウケイカンタンシュク,
10067728,βケトチオラーゼ欠損症,ベータケトチオラーゼケッソンショウ,
10067729,ミトコンドリア酵素欠損症,ミトコンドリアコウソケッソンショウ,
10067730,平均赤血球ヘモグロビン濃度異常,ヘイキンセッケッキュウヘモグロビンノウドイジョウ,
10067731,臍肉芽腫,サイニクゲシュ,
10067732,子宮頚管狭窄,シキュウケイカンキョウサク,
10067736,バート・ホッグ・デュベ症候群,バートホッグデュベショウコウグン,
10067737,ループス肝炎,ループスカンエン,
10067738,ループス腸炎,ループスチョウエン,
10067739,縮小肺症候群,シュクショウハイショウコウグン,
10067740,血管グラフト,ケッカングラフト,
10067741,感染性亀頭包皮炎,カンセンセイキトウホウヒエン,
10067742,肺移植片対宿主病,ハイイショクヘンタイシュクシュビョウ,
10067743,デュラフォア血管奇形,デュラフォアケッカンキケイ,
10067744,内包性前兆症候群,ナイホウセイゼンチョウショウコウグン,
10067745,腸管粘膜萎縮,チョウカンネンマクイシュク,
10067750,ループス膵炎,ループススイエン,
10067752,食道運動低下,ショクドウウンドウテイカ,
10067757,巣状分節性糸球体硬化症,ソウジョウブンセツセイシキュウタイコウカショウ,
10067758,残尿量増加,ザンニョウリョウゾウカ,
10067759,残尿量減少,ザンニョウリョウゲンショウ,
10067764,耳管狭窄,ジカンキョウサク,
10067765,クルドスコピー,クルドスコピー,
10067766,ファーター乳頭狭窄,ファーターニュウトウキョウサク,
10067767,消化管マラコプラキア,ショウカカンマラコプラキア,
10067768,抗生物質療法,コウセイブッシツリョウホウ,
10067769,先天性皮膚障害,センテンセイヒフショウガイ,
10067770,鼻石症,ビセキショウ,
10067771,シェロング試験,シェロングシケン,
10067772,副甲状腺嚢胞,フクコウジョウセンノウホウ,
10067773,陰部神経管症候群,インブシンケイカンショウコウグン,
10067774,腫瘍壊死因子受容体関連周期性症候群,シュヨウエシインシジュヨウタイカンレンシュウキセイショウコウグン,
10067775,上気道閉塞,ジョウキドウヘイソク,
10067776,眼類天疱瘡,ガンルイテンポウソウ,
10067777,腫瘍合併症,シュヨウガッペイショウ,
10067781,咽頭膿瘍,イントウノウヨウ,
10067784,尿道脱,ニョウドウダツ,
10067785,頚神経叢病変,ケイシンケイソウビョウヘン,
10067786,出血性びらん性胃炎,シュッケツセイビランセイイエン,
10067787,凝固因子欠乏症,ギョウコインシケツボウショウ,
10067788,腹壁出血,フクヘキシュッケツ,
10067796,出血性肝嚢胞,シュッケツセイカンノウホウ,
10067801,子宮頚管拡張および子宮内容物除去,シキュウケイカンカクチョウオヨビシキュウナイヨウブツジョキョ,
10067802,精子肉芽腫,セイシニクゲシュ,
10067803,脳性ナトリウム利尿ペプチド前駆体Ｎ端フラグメント,ノウセイナトリウムリニョウペプチドゼンクタイNタンフラグメント,
10067804,バビンスキー反射試験,バビンスキーハンシャシケン,
10067805,胃腸粘膜剥脱,イチョウネンマクハクダツ,
10067806,デブリードマン,デブリードマン,
10067807,歯肉癌,シニクガン,
10067817,急性出血性結膜炎,キュウセイシュッケツセイケツマクエン,
10067821,頭頚部癌,トウケイブガン,
10067822,市中感染,シチュウカンセン,
10067823,脾静脈瘤,ヒジョウミャクリュウ,
10067826,肺のエアリーク,ハイノエアリーク,
10067829,精巣微石症,セイソウビセキショウ,
10067830,胸管結紮,キョウカンケッサツ,
10067831,開胸術後疼痛症候群,カイキョウジュツゴトウツウショウコウグン,
10067832,メソセラピー,メソセラピー,
10067848,人工網膜植込み,ジンコウモウマクウエコミ,
10067849,肺容量減少術,ハイヨウリョウゲンショウジュツ,
10067850,弓状孔,キュウジョウコウ,
10067851,気管支内バルブ植込み,キカンシナイバルブウエコミ,
10067852,脂肪線維腫,シボウセンイシュ,
10067855,胃潜血陽性,イセンケツヨウセイ,
10067857,ナイミーヘン染色体不安定症候群,ナイミーヘンセンショクタイフアンテイショウコウグン,
10067859,同種幹細胞移植,ドウシュカンサイボウイショク,
10067863,尿汗症,ニョウカンショウ,
10067866,良性家族性新生児痙攣,リョウセイカゾクセイシンセイジケイレン,
10067868,皮膚腫瘤,ヒフシュリュウ,
10067869,逆流性喉頭炎,ギャクリュウセイコウトウエン,
10067870,網膜移植,モウマクイショク,
10067871,イムノタクトイド糸球体腎炎,イムノタクトイドシキュウタイジンエン,
10067873,ハシトキシコーシス,ハシトキシコーシス,
10067876,体外カウンターパルセーション,タイガイカウンターパルセーション,
10067877,腎回転異常,ジンカイテンイジョウ,
10067887,先天性三尖弁閉鎖不全症,センテンセイサンセンベンヘイサフゼンショウ,
10067889,レビー小体型認知症,レビーショウタイガタニンチショウ,
10067891,痛風結節除去手術,ツウフウケッセツジョキョシュジュツ,
10067895,チラミン反応,チラミンハンノウ,
10067896,骨溝形成,コツコウケイセイ,
10067902,レーザー屈折矯正角膜切除術,レーザークッセツキョウセイカクマクセツジョジュツ,
10067903,角膜切削形成術,カクマクセッサクケイセイジュツ,
10067906,自発的異常嗅感,ジハツテキイジョウキュウカン,
10067908,神経系外科手術,シンケイケイゲカシュジュツ,
10067917,炎症性筋線維芽細胞性腫瘍,エンショウセイキンセンイガサイボウセイシュヨウ,
10067920,高プロトロンビン血症,コウプロトロンビンケツショウ,コウプロトロンビンケッショウ
10067923,ワクチンブレイクスルー感染,ワクチンブレイクスルーカンセン,
10067925,長胸神経麻痺,チョウキョウシンケイマヒ,
10067926,エプスタイン・バーウイルス検査陰性,エプスタインバーウイルスケンサインセイ,
10067935,微生物学的検査正常,ビセイブツガクテキケンサセイジョウ,
10067936,微生物学的検査異常,ビセイブツガクテキケンサイジョウ,
10067937,ＨＬＡマーカー検査陽性,HLAマーカーケンサヨウセイ,
10067940,シュワッハマン・ダイアモンド症候群,シュワッハマンダイアモンドショウコウグン,
10067942,バイスペクトラルインデックス低下,バイスペクトラルインデックステイカ,
10067943,遺伝性乳頭状腎癌,イデンセイニュウトウジョウジンガン,
10067944,遺伝性平滑筋腫様腎細胞癌,イデンセイヘイカツキンシュヨウジンサイボウガン,
10067946,腎細胞癌,ジンサイボウガン,
10067947,強迫性性行動,キョウハクセイセイコウドウ,
10067948,強迫性購買,キョウハクセイコウバイ,
10067950,口腔咽頭水疱形成,コウクウイントウスイホウケイセイ,コウコウイントウスイホウケイセイ
10067951,食塩渇望,ショクエンカツボウ,
10067953,放射線線維症,ホウシャセンセンイショウ,
10067954,口下顎ジストニア,コウカガクジストニア,
10067961,ＥＣＯＧパフォーマンスステータス,ECOGパフォーマンスステータス,
10067962,ＥＣＯＧパフォーマンスステータス悪化,ECOGパフォーマンスステータスアッカ,
10067967,脳損傷,ノウソンショウ,
10067969,胆汁うっ滞性肝損傷,タンジュウウッタイセイカンソンショウ,
10067972,間質性肉芽腫性皮膚炎,カンシツセイニクゲシュセイヒフエン,
10067973,ホスピスケア,ホスピスケア,
10067975,大動脈壁内血腫,ダイドウミャクヘキナイケッシュ,
10067979,外傷性肝損傷,ガイショウセイカンソンショウ,
10067982,蝶形皮疹,チョウケイヒシン,
10067984,含嗽療法,ガンソウリョウホウ,
10067985,口腔内黒斑症,コウクウナイコクハンショウ,コウコウナイコクハンショウ
10067986,アポリポ蛋白Ｅ,アポリポタンパクE,
10067989,知的能力障害,チテキノウリョクショウガイ,
10067991,断頭,ダントウ,
10067993,粘膜壊死,ネンマクエシ,
10067994,粘膜萎縮,ネンマクイシュク,
10067995,注射部位血管炎,チュウシャブイケッカンエン,
10067996,カテーテル留置部位腫脹,カテーテルリュウチブイシュチョウ,
10067997,ヨウ素欠乏,ヨウソケツボウ,
10067998,副鼻腔粘膜肥厚,フクビクウネンマクヒコウ,
10068003,カテーテル留置部位刺激感,カテーテルリュウチブイシゲキカン,
10068007,強迫的ためこみ,キョウハクテキタメコミ,
10068008,三叉神経不全麻痺,サンサシンケイフゼンマヒ,
10068009,温度覚鈍麻,オンドカクドンマ,
10068010,温度覚消失,オンドカクショウシツ,
10068011,温度覚過敏,オンドカクカビン,
10068012,温度覚検査正常,オンドカクケンサセイジョウ,
10068013,温度覚検査異常,オンドカクケンサイジョウ,
10068014,温度覚検査値上昇,オンドカクケンサチジョウショウ,
10068015,温度覚検査値低下,オンドカクケンサチテイカ,
10068016,四肢の温度差,シシノオンドサ,
10068025,汗試験,カンシケン,アセシケン
10068026,汗試験正常,カンシケンセイジョウ,アセシケンセイジョウ
10068027,汗試験異常,カンシケンイジョウ,アセシケンイジョウ
10068032,ＰＨＡＣＥＳ症候群,PHACESショウコウグン,
10068033,融合腎,ユウゴウジン,
10068034,脂肪性器性ジストロフィー,シボウセイキセイジストロフィー,
10068035,陰茎動脈閉塞,インケイドウミャクヘイソク,
10068036,陰茎損傷,インケイソンショウ,
10068042,早期排卵,ソウキハイラン,
10068043,真性白血球系無形成,シンセイハッケッキュウケイムケイセイ,
10068044,脳アミロイド血管障害,ノウアミロイドケッカンショウガイ,
10068048,プロバイオティクス療法,プロバイオティクスリョウホウ,
10068051,キメリズム,キメリズム,
10068052,モザイク現象,モザイクゲンショウ,
10068055,胸水検査,キョウスイケンサ,
10068056,病理学的検査,ビョウリガクテキケンサ,
10068057,循環不全性充血,ジュンカンフゼンセイジュウケツ,
10068058,爪萎縮,ソウイシュク,ツメイシュク
10068059,副脾,フクヒ,
10068065,口腔灼熱感症候群,コウクウシャクネツカンショウコウグン,コウコウシャクネツカンショウコウグン
10068066,回腸結腸バイパス,カイチョウケッチョウバイパス,
10068067,腫瘍性血栓症,シュヨウセイケッセンショウ,
10068068,唾液腺腺癌,ダエキセンセンガン,
10068071,抑制的薬物相互作用,ヨクセイテキヤクブツソウゴサヨウ,
10068072,増強的薬物相互作用,ゾウキョウテキヤクブツソウゴサヨウ,
10068074,細菌検査,サイキンケンサ,
10068075,組織癒着予防,ソシキユチャクヨボウ,
10068076,甲状腺ホルモン補充療法,コウジョウセンホルモンホジュウリョウホウ,
10068081,血液幹細胞移植生着不全,ケツエキカンサイボウイショクセイチャクフゼン,
10068091,ヒドロキシプロリン減少,ヒドロキシプロリンゲンショウ,
10068092,ヒドロキシプロリン異常,ヒドロキシプロリンイジョウ,
10068093,胃腸手術,イチョウシュジュツ,
10068094,静脈腔内アブレーション,ジョウミャククウナイアブレーション,
10068095,発疹性偽血管腫症,ホッシンセイギケッカンシュショウ,ハッシンセイギケッカンシュショウ
10068096,寄生虫検査,キセイチュウケンサ,
10068097,レイモン・セスタン症候群,レイモンセスタンショウコウグン,
10068098,ノーウッド法,ノーウッドホウ,
10068100,血管性パーキンソニズム,ケッカンセイパーキンソニズム,
10068101,前庭眼振,ゼンテイガンシン,
10068106,後頭神経痛,コウトウシンケイツウ,
10068107,甲状腺線維症,コウジョウセンセンイショウ,
10068111,臨死体験,リンシタイケン,
10068115,遠隔転移を伴うカルチノイド腫瘍,エンカクテンイヲトモナウカルチノイドシュヨウ,
10068116,遠隔転移を伴う子宮癌,エンカクテンイヲトモナウシキュウガン,
10068117,遠隔転移を伴う眼球黒色腫,エンカクテンイヲトモナウガンキュウコクショクシュ,
10068119,大動脈解離破裂,ダイドウミャクカイリハレツ,
10068121,咽頭血腫,イントウケッシュ,
10068122,脾静脈閉塞,ヒジョウミャクヘイソク,
10068123,脾血管腫,ヒケッカンシュ,
10068124,精嚢の悪性新生物,セイノウノアクセイシンセイブツ,
10068125,精嚢の良性新生物,セイノウノリョウセイシンセイブツ,
10068128,虚言症,キョゲンショウ,
10068132,肛門形成,コウモンケイセイ,
10068133,先天性尿管膀胱移行部異常,センテンセイニョウカンボウコウイコウブイジョウ,
10068138,僧帽弁穿孔,ソウボウベンセンコウ,
10068139,医療機器毒性,イリョウキキドクセイ,
10068142,放射線宿酔症候群,ホウシャセンシュクスイショウコウグン,
10068144,角膜上皮小嚢胞,カクマクジョウヒショウノウホウ,
10068148,ぶどう膜炎－緑内障－前房出血症候群,ブドウマクエンリョクナイショウゼンボウシュッケツショウコウグン,
10068149,血管穿孔,ケッカンセンコウ,
10068150,聴覚性ショック,チョウカクセイショック,
10068157,骨性統合不十分,コツセイトウゴウフジュウブン,
10068159,異物反応,イブツハンノウ,
10068165,心臓弁破裂,シンゾウベンハレツ,
10068168,アンドロゲン性脱毛症,アンドロゲンセイダツモウショウ,
10068172,肛門そう痒症,コウモンソウヨウショウ,
10068174,ユビキノン,ユビキノン,
10068180,房室伝導時間短縮,ボウシツデンドウジカンタンシュク,
10068183,カルシニューリン・インヒビター誘発性疼痛症候群,カルシニューリンインヒビターユウハツセイトウツウショウコウグン,
10068184,肺トリコスポロン症,ハイトリコスポロンショウ,
10068185,播種性トリコスポロン症,ハシュセイトリコスポロンショウ,
10068188,熱中症,ネッチュウショウ,
10068189,ノロウイルス性胃腸炎,ノロウイルスセイイチョウエン,
10068190,サポウイルス性胃腸炎,サポウイルスセイイチョウエン,
10068191,蘇生後脳症,ソセイゴノウショウ,
10068196,自律神経異常反射,ジリツシンケイイジョウハンシャ,
10068197,胃管再建,イカンサイケン,
10068213,インターフェロンα濃度増加,インターフェロンアルファノウドゾウカ,
10068214,インターフェロンα濃度減少,インターフェロンアルファノウドゲンショウ,
10068219,平背症候群,ヘイハイショウコウグン,
10068220,アスパルチルグルコサミン尿症,アスパルチルグルコサミンニョウショウ,
10068223,乳房外パジェット病,ニュウボウガイパジェットビョウ,
10068224,抗インスリン受容体抗体,コウインスリンジュヨウタイコウタイ,
10068225,抗インスリン受容体抗体陽性,コウインスリンジュヨウタイコウタイヨウセイ,
10068226,抗インスリン受容体抗体増加,コウインスリンジュヨウタイコウタイゾウカ,
10068227,抗インスリン受容体抗体減少,コウインスリンジュヨウタイコウタイゲンショウ,
10068229,抗第ＶＩＩＩ因子抗体検査,コウダイ8インシコウタイケンサ,
10068230,心腎症候群,シンジンショウコウグン,
10068231,脊椎関節切除,セキツイカンセツセツジョ,
10068232,慢性骨髄性白血病急性転化,マンセイコツズイセイハッケツビョウキュウセイテンカ,
10068233,トリメチルアミン尿症,トリメチルアミンニョウショウ,
10068236,膀胱羊膜腔シャント,ボウコウヨウマククウシャント,
10068237,高トランスアミナーゼ血症,コウトランスアミナーゼケツショウ,コウトランスアミナーゼケッショウ
10068239,膵梗塞,スイコウソク,
10068255,腹膜透析排液白血球数,フクマクトウセキハイエキハッケッキュウスウ,
10068261,腹膜透析排液赤血球数,フクマクトウセキハイエキセッケッキュウスウ,
10068262,腹膜透析排液比重,フクマクトウセキハイエキヒジュウ,
10068263,腹膜透析排液血小板数,フクマクトウセキハイエキケッショウバンスウ,
10068266,早期卵胞成熟,ソウキランポウセイジュク,ソウキランホウセイジュク
10068267,卵胞成熟遅延,ランポウセイジュクチエン,ランホウセイジュクチエン
10068268,腫瘍性圧迫,シュヨウセイアッパク,
10068271,嚢胞性線維症関連糖尿病,ノウホウセイセンイショウカンレントウニョウビョウ,
10068272,反射試験正常,ハンシャシケンセイジョウ,
10068273,反射試験異常,ハンシャシケンイジョウ,
10068278,骨吸収試験,コツキュウシュウシケン,
10068279,細線維性糸球体腎炎,サイセンイセイシキュウタイジンエン,
10068286,肛門直腸不快感,コウモンチョクチョウフカイカン,
10068287,チャイルド・ピュー・ターコットスコア増加,チャイルドピューターコットスコアゾウカ,
10068289,嚢胞性線維症肝疾患,ノウホウセイセンイショウカンシッカン,
10068290,肛門直腸扁平上皮化生,コウモンチョクチョウヘンペイジョウヒカセイ,
10068301,抗血管新生療法,コウケッカンシンセイリョウホウ,
10068304,先天性腎性尿崩症,センテンセイジンセイニョウホウショウ,
10068306,細菌性消化管感染,サイキンセイショウカカンカンセン,
10068313,尿道萎縮,ニョウドウイシュク,
10068315,断食,ダンジキ,
10068317,適用部位血腫,テキヨウブイケッシュ,
10068318,口腔咽頭不快感,コウクウイントウフカイカン,コウコウイントウフカイカン
10068319,口腔咽頭痛,コウクウイントウツウ,コウコウイントウツウ
10068320,小脳症,ショウノウショウ,
10068321,先天性鼠径ヘルニア,センテンセイソケイヘルニア,
10068322,口腔乳頭腫,コウクウニュウトウシュ,コウコウニュウトウシュ
10068323,関節毒性,カンセツドクセイ,
10068326,胎盤肥大,タイバンヒダイ,
10068327,振動覚亢進,シンドウカクコウシン,
10068331,炎症性偽腫瘍,エンショウセイギシュヨウ,
10068336,心胸郭比,シンキョウカクヒ,
10068346,病態失認,ビョウタイシツニン,
10068348,Ｘ連鎖リンパ増殖症候群,Xレンサリンパゾウショクショウコウグン,
10068349,エプスタイン・バーウイルス関連リンパ増殖性障害,エプスタインバーウイルスカンレンリンパゾウショクセイショウガイ,
10068351,毛様小帯断裂,モウヨウショウタイダンレツ,
10068354,肝炎免疫,カンエンメンエキ,
10068355,口腔アレルギー症候群,コウクウアレルギーショウコウグン,コウコウアレルギーショウコウグン
10068356,胆道ポリープ,タンドウポリープ,
10068357,神経学的代償不全,シンケイガクテキダイショウフゼン,
10068358,肝血管抵抗増加,カンケッカンテイコウゾウカ,
10068359,左室過剰収縮,サシツカジョウシュウシュク,
10068365,大腿動脈塞栓症,ダイタイドウミャクソクセンショウ,
10068366,特殊言語症,トクシュゲンゴショウ,
10068367,前癌性粘膜病変,ゼンガンセイネンマクビョウヘン,
10068368,神経クリプトコッカス症,シンケイクリプトコッカスショウ,
10068369,支援的ケア,シエンテキケア,
10068370,後天性プロテインＳ欠乏症,コウテンセイプロテインSケツボウショウ,
10068377,Ｃ型肝炎ＲＮＡ増加,CガタカンエンRNAゾウカ,
10068378,Ｃ型肝炎ＲＮＡ減少,CガタカンエンRNAゲンショウ,
10068379,Ｂ型肝炎ＤＮＡ増加,BガタカンエンDNAゾウカ,
10068380,Ｂ型肝炎ＤＮＡ減少,BガタカンエンDNAゲンショウ,
10068383,薬物送達システム機能不良,ヤクブツソウタツシステムキノウフリョウ,
10068385,ストマトコッカス感染,ストマトコッカスカンセン,
10068386,脂肪性乳房,シボウセイニュウボウ,
10068388,光線性弾性線維症,コウセンセイダンセイセンイショウ,
10068394,脳奇形腫,ノウキケイシュ,
10068395,兎の口症候群,ウサギノクチショウコウグン,
10068402,子宮頚部の炎症,シキュウケイブノエンショウ,
10068403,ＣＯＭＦＯＲＴスケールスコア増加,COMFORTスケールスコアゾウカ,
10068404,ＣＯＭＦＯＲＴスケールスコア減少,COMFORTスケールスコアゲンショウ,
10068406,毛細血管炎,モウサイケッカンエン,
10068407,代理母,ダイリハハ,ダイリボ
10068408,再発神経筋ブロック,サイハツシンケイキンブロック,
10068411,腸上皮化生,チョウジョウヒカセイ,
10068415,Ｂ型肝炎ウイルス検査,Bガタカンエンウイルスケンサ,
10068416,Ｃ型肝炎ウイルス検査,Cガタカンエンウイルスケンサ,
10068417,肺胞気酸素分圧,ハイホウキサンソブンアツ,
10068418,肺胞気酸素分圧上昇,ハイホウキサンソブンアツジョウショウ,
10068419,肺胞気酸素分圧低下,ハイホウキサンソブンアツテイカ,
10068420,肺胞気酸素分圧異常,ハイホウキサンソブンアツイジョウ,
10068421,静脈血酸素分圧,ジョウミャクケツサンソブンアツ,
10068422,静脈血酸素分圧上昇,ジョウミャクケツサンソブンアツジョウショウ,
10068423,静脈血酸素分圧低下,ジョウミャクケツサンソブンアツテイカ,
10068424,静脈血酸素分圧異常,ジョウミャクケツサンソブンアツイジョウ,
10068425,静脈血酸素飽和度,ジョウミャクケツサンソホウワド,
10068426,静脈血酸素飽和度上昇,ジョウミャクケツサンソホウワドジョウショウ,
10068427,静脈血酸素飽和度低下,ジョウミャクケツサンソホウワドテイカ,
10068428,静脈血酸素飽和度異常,ジョウミャクケツサンソホウワドイジョウ,
10068444,医療機器に対する不耐性,イリョウキキニタイスルフタイセイ,
10068447,腎クレアチニン・クリアランス異常,ジンクレアチニンクリアランスイジョウ,
10068448,大腿骨・腓骨・尺骨症候群,ダイタイコツヒコツシャッコツショウコウグン,
10068461,胎動低下,タイドウテイカ,
10068470,サイトケラチン１８,サイトケラチン18,
10068471,サイトケラチン１８増加,サイトケラチン18ゾウカ,
10068474,静脈血酸素飽和度正常,ジョウミャクケツサンソホウワドセイジョウ,
10068475,化学療法の感受性と抵抗性の試験,カガクリョウホウノカンジュセイトテイコウセイノシケン,
10068477,腋窩リンパ節郭清,エキカリンパセツカクセイ,
10068478,センチネルリンパ節郭清,センチネルリンパセツカクセイ,
10068479,ＳＩ　ＱＩＩＩ　ＴＩＩＩパターン,SIQIIITIIIパターン,
10068482,精液検査,セイエキケンサ,
10068483,精液検査異常,セイエキケンサイジョウ,
10068484,中隔処女膜,チュウカクショジョマク,
10068486,大型血小板比率,オオガタケッショウバンヒリツ,
10068487,大型血小板比率増加,オオガタケッショウバンヒリツゾウカ,
10068488,大型血小板比率減少,オオガタケッショウバンヒリツゲンショウ,
10068489,特発性滴状色素減少症,トクハツセイテキジョウシキソゲンショウショウ,
10068492,マイクロ波療法,マイクロハリョウホウ,
10068494,微絨毛封入体病,ビジュウモウフウニュウタイビョウ,
10068495,ナチュラルキラー細胞数,ナチュラルキラーサイボウスウ,
10068496,ナチュラルキラー細胞数増加,ナチュラルキラーサイボウスウゾウカ,
10068497,ナチュラルキラー細胞数減少,ナチュラルキラーサイボウスウゲンショウ,
10068498,ナチュラルキラーＴ細胞数,ナチュラルキラーTサイボウスウ,
10068499,ナチュラルキラーＴ細胞数増加,ナチュラルキラーTサイボウスウゾウカ,
10068500,ナチュラルキラーＴ細胞数減少,ナチュラルキラーTサイボウスウゲンショウ,
10068513,肺腎症候群,ハイジンショウコウグン,
10068514,乳房インプラント関連被膜拘縮,ニュウボウインプラントカンレンヒマクコウシュク,
10068515,汚染医療機器曝露,オセンイリョウキキバクロ,
10068516,被包反応,ヒホウハンノウ,
10068517,眼圧変動,ガンアツヘンドウ,
10068518,放射線過剰照射,ホウシャセンカジョウショウシャ,
10068519,放射線過少照射,ホウシャセンカショウショウシャ,
10068532,５ｑマイナス症候群,5qマイナスショウコウグン,
10068533,１８ｑマイナス症候群,18qマイナスショウコウグン,
10068534,冠動脈ノーリフロー現象,カンドウミャクノーリフローゲンショウ,
10068546,外傷性咬合,ガイショウセイコウゴウ,
10068547,細菌感染腹水,サイキンカンセンフクスイ,
10068548,軟部組織萎縮,ナンブソシキイシュク,
10068556,真菌性肛門感染,シンキンセイコウモンカンセン,
10068559,Ｃ－反応性蛋白異常,Cハンノウセイタンパクイジョウ,
10068562,ＲＳウイルス検査,RSウイルスケンサ,
10068563,ＲＳウイルス検査陽性,RSウイルスケンサヨウセイ,
10068564,ＲＳウイルス検査陰性,RSウイルスケンサインセイ,
10068565,脳室心臓短絡,ノウシツシンゾウタンラク,
10068571,放射線喉頭損傷,ホウシャセンコウトウソンショウ,
10068575,腸管吻合合併症,チョウカンフンゴウガッペイショウ,
10068577,腸アトニー,チョウアトニー,
10068581,後天性異常ヘモグロビン症,コウテンセイイジョウヘモグロビンショウ,
10068582,乳房肉腫,ニュウボウニクシュ,
10068583,遠隔転移を伴う乳房肉腫,エンカクテンイヲトモナウニュウボウニクシュ,
10068584,再発乳房肉腫,サイハツニュウボウニクシュ,
10068593,先天性シュウ酸症,センテンセイシュウサンショウ,
10068595,遠隔転移を伴う肉腫,エンカクテンイヲトモナウニクシュ,
10068596,丘疹－紅皮症（太藤）,キュウシンコウヒショウオオフジ,
10068597,先天性球脊髄性筋萎縮症,センテンセイキュウセキズイセイキンイシュクショウ,
10068601,膠細胞神経細胞腫瘍,コウサイボウシンケイサイボウシュヨウ,
10068605,静脈再疎通,ジョウミャクサイソツウ,
10068607,カテーテル留置部位びらん,カテーテルリュウチブイビラン,
10068608,脾臓石灰化,ヒゾウセッカイカ,
10068610,肝炎ウイルス関連腎症,カンエンウイルスカンレンジンショウ,
10068611,腹腔内圧上昇,フククウナイアツジョウショウ,フックウナイアツジョウショウ
10068612,カンジダ性網膜炎,カンジダセイモウマクエン,
10068613,真菌性網膜炎,シンキンセイモウマクエン,
10068614,労作性頭痛,ロウサセイズツウ,
10068616,ドレーン抜去,ドレーンバッキョ,
10068620,処置後便秘,ショチゴベンピ,
10068621,小脳虚血,ショウノウキョケツ,
10068624,腹腔液検査正常,フククウエキケンサセイジョウ,フックウエキケンサセイジョウ
10068625,後天性包茎,コウテンセイホウケイ,
10068627,変時性応答不全,ヘンジセイオウトウフゼン,
10068628,人工血管移植,ジンコウケッカンイショク,
10068629,先天性扁平椎,センテンセイヘンペイツイ,
10068630,真菌性耳感染,シンキンセイジカンセン,シンキンセイミミカンセン
10068631,小児うつ病,ショウニウツビョウ,
10068632,ポゴスタ病,ポゴスタビョウ,
10068641,横隔膜交通症,オウカクマクコウツウショウ,
10068642,脈絡膜血腫,ミャクラクマクケッシュ,
10068643,踵骨切除,ショウコツセツジョ,
10068644,脳幹卒中,ノウカンソッチュウ,
10068647,乳房形成,ニュウボウケイセイ,
10068650,松果体嚢胞,ショウカタイノウホウ,
10068651,ダウリング・デゴス病,ダウリングデゴスビョウ,
10068652,ヒスタミン不耐性,ヒスタミンフタイセイ,
10068653,骨膿瘍,コツノウヨウ,
10068655,爪損傷,ソウソンショウ,ツメソンショウ
10068662,脾静脈瘤出血,ヒジョウミャクリュウシュッケツ,
10068663,横隔神経切断,オウカクシンケイセツダン,
10068664,肝サルコイドーシス,カンサルコイドーシス,
10068665,静脈管無形成,ジョウミャクカンムケイセイ,
10068676,後腹膜気腫,コウフクマクキシュ,
10068677,脾臓塞栓症,ヒゾウソクセンショウ,
10068682,壊疽性亀頭炎,エソセイキトウエン,
10068687,注入部位皮膚剥脱,チュウニュウブイヒフハクダツ,
10068688,埋込み部位皮膚剥脱,ウメコミブイヒフハクダツ,
10068689,注射部位皮膚剥脱,チュウシャブイヒフハクダツ,
10068690,肺静脈閉塞,ハイジョウミャクヘイソク,
10068693,経尿道的前立腺切開,ケイニョウドウテキゼンリツセンセッカイ,
10068694,遠隔転移を伴う精巣胚細胞性癌,エンカクテンイヲトモナウセイソウハイサイボウセイガン,
10068697,髄腔内ポンプ挿入,ズイクウナイポンプソウニュウ,
10068698,家族性低カルシウム尿性高カルシウム血症,カゾクセイテイカルシウムニョウセイコウカルシウムケッショウ,カゾクセイテイカルシウムニョウセイコウカルシウムケツショウ
10068699,心臓弁弾性線維腫,シンゾウベンダンセイセンイシュ,
10068700,腎臓鏡検査,ジンゾウキョウケンサ,
10068701,肛門挙筋症候群,コウモンキョキンショウコウグン,
10068708,リゾチーム,リゾチーム,
10068709,グルコシルセラミド,グルコシルセラミド,
10068710,酒石酸抵抗性酸ホスファターゼ,シュセキサンテイコウセイサンホスファターゼ,
10068712,臍血腫,サイケッシュ,
10068715,進行性骨化性線維異形成症,シンコウセイコツカセイセンイイケイセイショウ,
10068717,表在静脈隆起,ヒョウザイジョウミャクリュウキ,
10068723,抗真菌治療,コウシンキンチリョウ,
10068724,抗ウイルス治療,コウウイルスチリョウ,
10068725,血中β－Ｄ－グルカン,ケッチュウベータDグルカン,
10068726,肺高血圧クリーゼ,ハイコウケツアツクリーゼ,
10068727,Ｃ型肝炎ＲＮＡ変動,CガタカンエンRNAヘンドウ,
10068728,偽高リン酸塩血症,ギコウリンサンエンケッショウ,ギコウリンサンエンケツショウ
10068731,髄液貯留槽留置,ズイエキチョリュウソウリュウチ,
10068732,乳房不同,ニュウボウフドウ,
10068733,呼吸筋疲労,コキュウキンヒロウ,
10068734,脳血管周囲腔拡大,ノウケッカンシュウイクウカクダイ,
10068735,脱落円柱,ダツラクエンチュウ,
10068737,顔面非対称,ガンメンヒタイショウ,
10068747,皮膚コクシジオイデス症,ヒフコクシジオイデスショウ,
10068749,肺嚢胞,ハイノウホウ,
10068766,血中クロモグラニンＡ,ケッチュウクロモグラニンA,
10068767,ウイルス性心筋症,ウイルスセイシンキンショウ,
10068768,小脳性認知感情症候群,ショウノウセイニンチカンジョウショウコウグン,
10068771,軟部組織新生物,ナンブソシキシンセイブツ,
10068773,機械性蕁麻疹,キカイセイジンマシン,
10068774,皮弁壊死,ヒベンエシ,
10068776,塞栓術後症候群,ソクセンジュツゴショウコウグン,
10068778,褐色細胞腫クリーゼ,カッショクサイボウシュクリーゼ,
10068780,酢酸不耐症,サクサンフタイショウ,
10068783,アルストレム症候群,アルストレムショウコウグン,
10068784,脂腺癌,シセンガン,
10068785,組織球性髄様細網症,ソシキキュウセイズイヨウサイモウショウ,
10068786,オーバーラップ症候群,オーバーラップショウコウグン,
10068787,Ｄ型肝炎ウイルス検査,Dガタカンエンウイルスケンサ,
10068788,粘着性血小板症候群,ネンチャクセイケッショウバンショウコウグン,
10068789,骨密度異常,コツミツドイジョウ,
10068790,靱帯痛,ジンタイツウ,
10068791,投与部位膿瘍,トウヨブイノウヨウ,
10068792,胃脾瘻,イヒロウ,
10068793,抗エリスロポエチン抗体陰性,コウエリスロポエチンコウタイインセイ,
10068796,創傷汚染,ソウショウオセン,
10068797,吻合部瘻孔,フンゴウブロウコウ,
10068798,抗サイクリックシトルリン化ペプチド抗体陽性,コウサイクリックシトルリンカペプチドコウタイヨウセイ,
10068799,抗サイクリックシトルリン化ペプチド抗体陰性,コウサイクリックシトルリンカペプチドコウタイインセイ,
10068800,透析間の過剰な体重増加,トウセキカンノカジョウナタイジュウゾウカ,
10068801,抗合成酵素症候群,コウゴウセイコウソショウコウグン,
10068809,好中球性柵状肉芽腫性皮膚炎,コウチュウキュウセイサクジョウニクゲシュセイヒフエン,
10068810,抗サイクリックシトルリン化ペプチド抗体,コウサイクリックシトルリンカペプチドコウタイ,
10068812,ウエストナイルウイルス検査陽性,ウエストナイルウイルスケンサヨウセイ,
10068813,ウエストナイルウイルス検査陰性,ウエストナイルウイルスケンサインセイ,
10068815,Ａ型肝炎ウイルス検査,Aガタカンエンウイルスケンサ,
10068819,結膜蒼白,ケツマクソウハク,
10068820,縦隔滲出液,ジュウカクシンシュツエキ,
10068821,門脈周囲浮腫,モンミャクシュウイフシュ,
10068822,気腫性腎盂腎炎,キシュセイジンウジンエン,
10068823,膵石灰化,スイセッカイカ,
10068828,マリン・レンハルト症候群,マリンレンハルトショウコウグン,
10068829,自信過剰,ジシンカジョウ,
10068833,サルベージ療法,サルベージリョウホウ,
10068834,腫瘍自潰創,シュヨウジカイソウ,
10068836,代謝性ミオパチー,タイシャセイミオパチー,
10068838,酵素活性低下,コウソカッセイテイカ,
10068839,食道胃吻合,ショクドウイフンゴウ,
10068840,喉頭肥大,コウトウヒダイ,
10068841,コブ症候群,コブショウコウグン,
10068842,オルムステッド症候群,オルムステッドショウコウグン,
10068845,顎裂,ガクレツ,
10068850,クリオピリン関連周期性症候群,クリオピリンカンレンシュウキセイショウコウグン,
10068851,脾紫斑病,ヒシハンビョウ,
10068853,最高気道内圧上昇,サイコウキドウナイアツジョウショウ,
10068855,象徴機能障害,ショウチョウキノウショウガイ,
10068856,疣贅状異常角化腫,ユウゼイジョウイジョウカクカシュ,ユウゼイジョウイジョウカッカシュ
10068857,間接熱量測定,カンセツネツリョウソクテイ,
10068858,直接熱量測定,チョクセツネツリョウソクテイ,
10068859,大動脈吻合,ダイドウミャクフンゴウ,
10068860,尿路結石分析,ニョウロケッセキブンセキ,
10068861,脊椎靱帯手術,セキツイジンタイシュジュツ,
10068866,アンギオスコープ検査,アンギオスコープケンサ,
10068871,筋強直性ジストロフィー,キンキョウチョクセイジストロフィー,
10068872,爪先歩行,ツマサキホコウ,
10068873,腺扁平上皮癌,センヘンペイジョウヒガン,
10068875,ミラー症候群,ミラーショウコウグン,
10068876,珪肺結核,ケイハイケッカク,
10068877,ワクチン接種部位感染,ワクチンセッシュブイカンセン,
10068878,ワクチン接種部位炎症,ワクチンセッシュブイエンショウ,
10068879,ワクチン接種部位疼痛,ワクチンセッシュブイトウツウ,
10068880,ワクチン接種部位過敏反応,ワクチンセッシュブイカビンハンノウ,
10068881,ワクチン接種部位そう痒感,ワクチンセッシュブイソウヨウカン,
10068882,骨盤嚢造設,コツバンノウゾウセツ,
10068883,有効腹膜表面積増加,ユウコウフクマクヒョウメンセキゾウカ,
10068884,脱落胆石,ダツラクタンセキ,
10068885,くも膜下膿瘍,クモマクカノウヨウ,
10068886,放射線ニューロパチー,ホウシャセンニューロパチー,
10068887,タバコ中毒,タバコチュウドク,
10068888,放射線唾液腺損傷,ホウシャセンダエキセンソンショウ,
10068889,双極型統合失調感情障害,ソウキョクガタトウゴウシッチョウカンジョウショウガイ,
10068890,うつ病型統合失調感情障害,ウツビョウガタトウゴウシッチョウカンジョウショウガイ,
10068891,口唇口腔形成手術,コウシンコウクウケイセイシュジュツ,コウシンコウコウケイセイシュジュツ
10068892,脳脊髄液ドレナージ,ノウセキズイエキドレナージ,
10068893,中耳手術,チュウジシュジュツ,
10068895,穿刺部位分泌,センシブイブンピ,センシブイブンピツ
10068906,コンピュータ視覚症候群,コンピュータシカクショウコウグン,
10068909,遠隔転移を伴う膵神経内分泌腫瘍,エンカクテンイヲトモナウスイシンケイナイブンピシュヨウ,エンカクテンイヲトモナウスイシンケイナイブンピツシュヨウ
10068910,遠隔転移を伴う未分化神経外胚葉性腫瘍,エンカクテンイヲトモナウミブンカシンケイガイハイヨウセイシュヨウ,
10068911,アルカリゲネス感染,アルカリゲネスカンセン,
10068912,性器感覚鈍麻,セイキカンカクドンマ,
10068913,顆粒球百分率,カリュウキュウヒャクブンリツ,
10068921,レンサ球菌性肛門周囲感染,レンサキュウキンセイコウモンシュウイカンセン,
10068922,埋込み部位結節,ウメコミブイケッセツ,
10068923,門脈圧亢進性腸症,モンミャクアツコウシンセイチョウショウ,
10068924,肛門直腸静脈瘤,コウモンチョクチョウジョウミャクリュウ,
10068925,肛門直腸静脈瘤出血,コウモンチョクチョウジョウミャクリュウシュッケツ,
10068926,骨盤底筋刺激,コツバンテイキンシゲキ,
10068932,早朝覚醒型不眠症,ソウチョウカクセイガタフミンショウ,
10068937,連続的横切開腸形成術,レンゾクテキオウセッカイチョウケイセイジュツ,
10068943,四肢再建手術,シシサイケンシュジュツ,
10068945,医療機器による誤用量投与,イリョウキキニヨルゴヨウリョウトウヨ,
10068954,犯罪,ハンザイ,
10068956,気道の炎症,キドウノエンショウ,
10068957,好酸球増多性鼻炎,コウサンキュウゾウタセイビエン,
10068960,前房狭隅角,ゼンボウキョウグウカク,
10068961,低ＨＤＬコレステロール血症,テイHDLコレステロールケッショウ,テイHDLコレステロールケツショウ
10068964,心房内血流転換術,シンボウナイケツリュウテンカンジュツ,
10068966,腸管脂肪症,チョウカンシボウショウ,
10068967,徒手リンパドレナージ,トシュリンパドレナージ,
10068968,前頭側頭型認知症,ゼントウソクトウガタニンチショウ,
10068969,アジュバント療法,アジュバントリョウホウ,
10068970,外科的プレコンディショニング,ゲカテキプレコンディショニング,
10068971,遠隔転移を伴う胚細胞癌,エンカクテンイヲトモナウハイサイボウガン,
10068972,関節放射線療法,カンセツホウシャセンリョウホウ,
10068973,副腎手術,フクジンシュジュツ,
10068974,遠隔転移を伴う腹膜癌,エンカクテンイヲトモナウフクマクガン,
10068975,骨萎縮,コツイシュク,
10068976,胃腸検査正常,イチョウケンサセイジョウ,
10068977,胃腸検査異常,イチョウケンサイジョウ,
10068978,胃腸検査,イチョウケンサ,
10068979,画像検査,ガゾウケンサ,
10068980,女性性器切除,ジョセイセイキセツジョ,
10068981,フォンウィルブランド因子抗原減少,フォンウィルブランドインシコウゲンゲンショウ,
10068982,フォンウィルブランド因子抗原正常,フォンウィルブランドインシコウゲンセイジョウ,
10068983,フォンウィルブランド因子活性異常,フォンウィルブランドインシカッセイイジョウ,
10068984,フォンウィルブランド因子活性正常,フォンウィルブランドインシカッセイセイジョウ,
10068985,フォンウィルブランド因子活性測定,フォンウィルブランドインシカッセイソクテイ,
10068986,フォンウィルブランド因子活性低下,フォンウィルブランドインシカッセイテイカ,
10068987,フォンウィルブランド因子活性上昇,フォンウィルブランドインシカッセイジョウショウ,
10068988,フォンウィルブランド因子抗原測定,フォンウィルブランドインシコウゲンソクテイ,
10068989,フォンウィルブランド因子抗原異常,フォンウィルブランドインシコウゲンイジョウ,
10068997,肝動脈血流減少,カンドウミャクケツリュウゲンショウ,
10068998,腹腔液蛋白増加,フククウエキタンパクゾウカ,フックウエキタンパクゾウカ
10068999,腹腔液蛋白減少,フククウエキタンパクゲンショウ,フックウエキタンパクゲンショウ
10069000,腹腔液蛋白異常,フククウエキタンパクイジョウ,フックウエキタンパクイジョウ
10069002,自己免疫性膵炎,ジコメンエキセイスイエン,
10069008,乳突洞滲出液,ニュウトツドウシンシュツエキ,
10069010,カルチノイド心疾患,カルチノイドシンシッカン,
10069013,静脈内流入,ジョウミャクナイリュウニュウ,
10069018,腕頭静脈狭窄,ワントウジョウミャクキョウサク,
10069020,大脳基底核梗塞,ダイノウキテイカクコウソク,
10069021,クラステリン,クラステリン,
10069022,腎障害分子－１,ジンショウガイブンシ1,
10069024,排尿恐怖症,ハイニョウキョウフショウ,
10069026,チオプリンメチルトランスフェラーゼ,チオプリンメチルトランスフェラーゼ,
10069029,関節解離術,カンセツカイリジュツ,
10069034,尿細管間質性腎炎ぶどう膜炎症候群,ニョウサイカンカンシツセイジンエンブドウマクエンショウコウグン,
10069044,Ｃ－テロペプチド増加,Cテロペプチドゾウカ,
10069045,骨吸収試験異常,コツキュウシュウシケンイジョウ,
10069046,尿中デオキシピリジノリン,ニョウチュウデオキシピリジノリン,
10069049,ウイルス性消化管感染,ウイルスセイショウカカンカンセン,
10069051,耳の良性新生物,ミミノリョウセイシンセイブツ,
10069052,骨形成試験,コツケイセイシケン,
10069053,骨形成試験異常,コツケイセイシケンイジョウ,
10069054,骨盤腹腔鏡検査,コツバンフククウキョウケンサ,コツバンフックウキョウケンサ
10069055,外陰腟痛,ガイインチツツウ,
10069056,骨盤腹腔鏡検査正常,コツバンフククウキョウケンサセイジョウ,コツバンフックウキョウケンサセイジョウ
10069057,骨盤腹腔鏡検査異常,コツバンフククウキョウケンサイジョウ,コツバンフックウキョウケンサイジョウ
10069058,乳汁分泌抑制療法,ニュウジュウブンピヨクセイリョウホウ,ニュウジュウブンピツヨクセイリョウホウ
10069060,義眼挿入,ギガンソウニュウ,
10069061,義眼除去,ギガンジョキョ,
10069065,口腔前庭形成,コウクウゼンテイケイセイ,コウコウゼンテイケイセイ
10069066,髄内釘挿入,ズイナイテイソウニュウ,
10069067,腹膜切除,フクマクセツジョ,
10069070,組織球性壊死性リンパ節炎,ソシキキュウセイエシセイリンパセツエン,
10069083,バリウム閉塞,バリウムヘイソク,
10069085,萎縮性舌炎,イシュクセイゼツエン,
10069087,初経前期,ショケイゼンキ,
10069088,近視乳頭,キンシニュウトウ,
10069089,角膜切除術,カクマクセツジョジュツ,
10069091,偽眼内炎,ギガンナイエン,
10069093,非感染性眼内炎,ヒカンセンセイガンナイエン,
10069097,オーメン症候群,オーメンショウコウグン,
10069098,血小板減少症を伴う皮膚内臓血管腫症,ケッショウバンゲンショウショウヲトモナウヒフナイゾウケッカンシュショウ,
10069099,ホームズ振戦,ホームズシンセン,
10069101,精巣上体新生物,セイソウジョウタイシンセイブツ,
10069102,腱切除,ケンセツジョ,
10069103,ヘモグロビンＣ,ヘモグロビンC,
10069104,陰茎プロステーシス除去,インケイプロステーシスジョキョ,
10069105,ウロストミー閉鎖,ウロストミーヘイサ,
10069106,陰茎血管再建手術,インケイケッカンサイケンシュジュツ,
10069107,スタウファー症候群,スタウファーショウコウグン,
10069111,下大静脈拡張,カダイジョウミャクカクチョウ,
10069112,肝静脈拡張,カンジョウミャクカクチョウ,
10069115,喉頭裂,コウトウレツ,
10069116,テトラヒドロビオプテリン欠損症,テトラヒドロビオプテリンケッソンショウ,
10069117,乳管切除,ニュウカンセツジョ,
10069118,粗大運動遅延,ソダイウンドウチエン,
10069119,気管拡張,キカンカクチョウ,
10069120,気管気管支ステント挿入,キカンキカンシステントソウニュウ,
10069121,心中隔欠損残存シャント,シンチュウカクケッソンザンゾンシャント,
10069123,あぶみ骨底開窓,アブミコツテイカイソウ,
10069124,注射部位知覚不全,チュウシャブイチカクフゼン,
10069135,人工関節周囲骨折,ジンコウカンセツシュウイコッセツ,
10069136,斜視矯正術,シャシキョウセイジュツ,
10069140,心筋抑制,シンキンヨクセイ,
10069141,敗血症性脳症,ハイケツショウセイノウショウ,
10069142,交感神経遮断,コウカンシンケイシャダン,
10069147,味覚過敏,ミカクカビン,
10069150,双胎児発育不均衡,ソウタイジハツイクフキンコウ,
10069151,出生前スクリーニング検査異常,シュッセイゼンスクリーニングケンサイジョウ,シュッショウゼンスクリーニングケンサイジョウ
10069152,肉芽腫性肺臓炎,ニクゲシュセイハイゾウエン,
10069153,先天性近視,センテンセイキンシ,
10069154,アルドラーゼ異常,アルドラーゼイジョウ,
10069156,卵巣遺残症候群,ランソウイザンショウコウグン,
10069157,残留卵巣症候群,ザンリュウランソウショウコウグン,
10069162,あえぎ症候群,アエギショウコウグン,
10069164,舌色素沈着,ゼツシキソチンチャク,
10069165,結膜濾過胞漏出,ケツマクロカホウロウシュツ,
10069166,濾過胞炎,ロカホウエン,
10069167,コーニス症候群,コーニスショウコウグン,
10069168,心音,シンオン,
10069169,ユーバクテリウム感染,ユーバクテリウムカンセン,
10069173,製品の汚染,セイヒンノオセン,
10069174,製品の化学的汚染,セイヒンノカガクテキオセン,
10069175,製品の微生物汚染,セイヒンノビセイブツオセン,
10069176,製品の物理的汚染,セイヒンノブツリテキオセン,
10069195,異常消退出血,イジョウショウタイシュッケツ,
10069197,黄熱ワクチン関連内臓向性疾患,オウネツワクチンカンレンナイゾウコウセイシッカン,
10069198,黄熱ワクチン関連神経向性疾患,オウネツワクチンカンレンシンケイコウセイシッカン,
10069199,デント病,デントビョウ,
10069200,眼瞼損傷,ガンケンソンショウ,
10069201,煙過敏症,ケムリカビンショウ,
10069202,鼻洗浄,ビセンジョウ,ハナセンジョウ
10069203,ワールデンブルグ症候群,ワールデンブルグショウコウグン,
10069204,電気焼灼法,デンキショウシャクホウ,
10069206,神経刺激器除去,シンケイシゲキキジョキョ,
10069216,医療機器付着性の問題,イリョウキキフチャクセイノモンダイ,
10069217,注射針の問題,チュウシャシンノモンダイ,チュウシャバリノモンダイ
10069218,シリンジの問題,シリンジノモンダイ,
10069221,製品色調の問題,セイヒンシキチョウノモンダイ,
10069222,製品コーティングの問題,セイヒンコーティングノモンダイ,
10069223,製品形状の問題,セイヒンケイジョウノモンダイ,
10069224,液状製品の物理的問題,エキジョウセイヒンノブツリテキモンダイ,
10069226,製品の異臭,セイヒンノイシュウ,
10069227,製品の異味,セイヒンノイミ,
10069228,製品組成の問題,セイヒンソセイノモンダイ,
10069229,製品溶解性の異常,セイヒンヨウカイセイノイジョウ,
10069231,製品のゲル形成,セイヒンノゲルケイセイ,
10069232,製品剤形の問題,セイヒンザイケイノモンダイ,
10069249,製品サイズの問題,セイヒンサイズノモンダイ,
10069250,製品中の沈着物,セイヒンチュウノチンチャクブツ,
10069266,製品ロット番号の問題,セイヒンロットバンゴウノモンダイ,
10069267,製品識別番号の問題,セイヒンシキベツバンゴウノモンダイ,
10069268,誤った製品への表示,アヤマッタセイヒンヘノヒョウジ,
10069269,製品バーコードの問題,セイヒンバーコードノモンダイ,
10069270,製品表示の偽装,セイヒンヒョウジノギソウ,
10069271,製品使用期限の問題,セイヒンシヨウキゲンノモンダイ,
10069272,製品表示の物理的問題,セイヒンヒョウジノブツリテキモンダイ,
10069273,製品表示の混同,セイヒンヒョウジノコンドウ,
10069289,製品表示の問題,セイヒンヒョウジノモンダイ,
10069292,製品外装の問題,セイヒンガイソウノモンダイ,
10069293,製品容器の問題,セイヒンヨウキノモンダイ,
10069295,製品密閉の問題,セイヒンミッペイノモンダイ,
10069296,製品の開封困難,セイヒンノカイフウコンナン,
10069297,異製品の混入,イセイヒンノコンニュウ,
10069298,製品容器封緘の問題,セイヒンヨウキフウカンノモンダイ,
10069299,製品包装量の問題,セイヒンホウソウリョウノモンダイ,
10069300,製品ブリスター包装の問題,セイヒンブリスターホウソウノモンダイ,
10069301,製品の包装偽造,セイヒンノホウソウギゾウ,
10069325,製品効力の問題,セイヒンコウリョクノモンダイ,
10069326,製品代替の問題,セイヒンダイタイノモンダイ,
10069327,製品品質の問題,セイヒンヒンシツノモンダイ,
10069329,製品配合品質の問題,セイヒンハイゴウヒンシツノモンダイ,
10069330,製品の変造,セイヒンノヘンゾウ,
10069331,製品の偽造,セイヒンノギゾウ,
10069332,製品名称の混同,セイヒンメイショウノコンドウ,
10069339,急性腎障害,キュウセイジンショウガイ,
10069345,膵の充実性偽乳頭状腫瘍,スイノジュウジツセイギニュウトウジョウシュヨウ,
10069350,浸透圧性脱髄症候群,シントウアツセイダツズイショウコウグン,
10069351,急性肺損傷,キュウセイハイソンショウ,
10069352,リバウンド乾癬,リバウンドカンセン,
10069353,小腸ポリープ切除,ショウチョウポリープセツジョ,
10069356,網膜下液,モウマクカエキ,
10069359,白血病腎浸潤,ハッケツビョウジンシンジュン,
10069360,白血病浸潤,ハッケツビョウシンジュン,
10069363,外傷性肺損傷,ガイショウセイハイソンショウ,
10069364,半月板変性,ハンゲツバンヘンセイ,
10069365,貧血母斑,ヒンケツボハン,
10069369,ミオコーシス,ミオコーシス,
10069373,ヒト抗キメラ抗体陰性,ヒトコウキメラコウタイインセイ,
10069374,顕微鏡検査,ケンビキョウケンサ,
10069375,ヒト抗キメラ抗体陽性,ヒトコウキメラコウタイヨウセイ,
10069378,孤立性類上皮性組織球腫,コリツセイルイジョウヒセイソシキキュウシュ,
10069379,末梢動脈再閉塞,マッショウドウミャクサイヘイソク,
10069380,肝過小グラフト症候群,カンカショウグラフトショウコウグン,
10069381,爪毛細血管再充満検査異常,ソウモウサイケッカンサイジュウマンケンサイジョウ,ツメモウサイケッカンサイジュウマンケンサイジョウ
10069382,遺伝性圧脆弱性ニューロパチー,イデンセイアツゼイジャクセイニューロパチー,
10069383,関節包断裂,カンセツホウダンレツ,
10069384,虚血性腎症,キョケツセイジンショウ,
10069385,眼虚血症候群,ガンキョケツショウコウグン,
10069386,切開部位知覚低下,セッカイブイチカクテイカ,
10069388,肺油性微小塞栓症,ハイユセイビショウソクセンショウ,
10069393,キアリ網,キアリモウ,
10069394,化学物質性気管支炎,カガクブッシツセイキカンシエン,
10069395,ヘモジデリン尿症,ヘモジデリンニョウショウ,
10069402,ウィルダーバンク症候群,ウィルダーバンクショウコウグン,
10069403,インスリン抵抗性試験,インスリンテイコウセイシケン,
10069405,製品包装の問題,セイヒンホウソウノモンダイ,
10069407,耳鼻咽喉頭放射線療法,ジビインコウトウホウシャセンリョウホウ,
10069408,アカントアメーバ角膜炎,アカントアメーバカクマクエン,
10069414,融合性細網状乳頭腫症,ユウゴウセイサイモウジョウニュウトウシュショウ,
10069417,筋さざ波病,キンサザナミビョウ,
10069419,分割膵,ブンカツスイ,
10069420,バルサルバ法,バルサルバホウ,
10069421,リンパ瘻,リンパロウ,
10069423,薬物恐怖症,ヤクブツキョウフショウ,
10069429,尺骨突き上げ症候群,シャッコツツキアゲショウコウグン,
10069431,起立時心拍数増加,キリツジシンパクスウゾウカ,
10069432,橋本脳症,ハシモトノウショウ,
10069433,残胃炎,ザンイエン,
10069436,移植骨除去,イショクコツジョキョ,
10069440,ヘノッホ・シェーンライン紫斑病性腎炎,ヘノッホシェーンラインシハンビョウセイジンエン,
10069442,総排泄腔遺残,ソウハイセツクウイザン,
10069443,脂腺感染,シセンカンセン,
10069444,気管支化生,キカンシカセイ,
10069445,疣贅状肢端角化症,ユウゼイジョウシタンカクカショウ,ユウゼイジョウシタンカッカショウ
10069447,点状角質融解症,テンジョウカクシツユウカイショウ,
10069448,膀胱異形成,ボウコウイケイセイ,
10069449,リンパ管損傷,リンパカンソンショウ,
10069450,舌下神経麻痺,ゼッカシンケイマヒ,
10069456,サクシニルアセトン,サクシニルアセトン,
10069457,サクシニルアセトン増加,サクシニルアセトンゾウカ,
10069458,サクシニルアセトン減少,サクシニルアセトンゲンショウ,
10069467,尿中グリコサミノグリカン増加,ニョウチュウグリコサミノグリカンゾウカ,
10069468,尿中グリコサミノグリカン,ニョウチュウグリコサミノグリカン,
10069469,植込み後症候群,ウエコミゴショウコウグン,
10069472,ワクチン接種部位血腫,ワクチンセッシュブイケッシュ,
10069474,ワクチン接種部位変色,ワクチンセッシュブイヘンショク,
10069475,ワクチン接種部位出血,ワクチンセッシュブイシュッケツ,
10069476,ワクチン接種部位無菌性膿瘍,ワクチンセッシュブイムキンセイノウヨウ,
10069477,ワクチン接種部位皮膚炎,ワクチンセッシュブイヒフエン,
10069478,ワクチン接種部位不快感,ワクチンセッシュブイフカイカン,
10069479,ワクチン接種部位刺激感,ワクチンセッシュブイシゲキカン,
10069480,ワクチン接種部位リンパ節腫脹,ワクチンセッシュブイリンパセツシュチョウ,
10069481,ワクチン接種部位知覚異常,ワクチンセッシュブイチカクイジョウ,
10069482,ワクチン接種部位発疹,ワクチンセッシュブイホッシン,ワクチンセッシュブイハッシン
10069484,ワクチン接種部位内出血,ワクチンセッシュブイナイシュッケツ,
10069489,ワクチン接種部位皮膚剥脱,ワクチンセッシュブイヒフハクダツ,
10069490,奇静脈葉,キジョウミャクヨウ,
10069491,胸腔洗浄,キョウクウセンジョウ,
10069492,ハーブ毒性,ハーブドクセイ,
10069493,通年性アレルギー,ツウネンセイアレルギー,
10069494,癌性多発性関節炎,ガンセイタハツセイカンセツエン,
10069495,後天性フォンウィルブランド病,コウテンセイフォンウィルブランドビョウ,
10069497,フロッピー眼瞼症候群,フロッピーガンケンショウコウグン,
10069498,膝インピンジメント症候群,シツインピンジメントショウコウグン,ヒザインピンジメントショウコウグン
10069503,異所性甲状腺,イショセイコウジョウセン,
10069505,先天性単精巣,センテンセイタンセイソウ,
10069508,真菌性気管炎,シンキンセイキカンエン,
10069509,自己免疫性汎血球減少症,ジコメンエキセイハンケッキュウゲンショウショウ,
10069510,帽状腱膜下血腫,ボウジョウケンマクカケッシュ,
10069516,アルファウイルス感染,アルファウイルスカンセン,
10069517,住血線虫感染,ジュウケツセンチュウカンセン,
10069518,炭疽免疫,タンソメンエキ,
10069519,血小板分布幅異常,ケッショウバンブンプハバイジョウ,
10069520,免疫後有害事象,メンエキゴユウガイジショウ,
10069521,自己免疫性リンパ増殖症候群,ジコメンエキセイリンパゾウショクショウコウグン,
10069523,バラムチア感染,バラムチアカンセン,
10069524,好塩基球脱顆粒試験,コウエンキキュウダツカリュウシケン,
10069532,在胎期間検査,ザイタイキカンケンサ,
10069533,Ｂ型インフルエンザ菌免疫,Bガタインフルエンザキンメンエキ,
10069534,免疫グロブリン療法,メンエキグロブリンリョウホウ,
10069535,日本脳炎免疫,ニホンノウエンメンエキ,
10069536,肥満細胞脱顆粒試験,ヒマンサイボウダツカリュウシケン,
10069537,麻疹免疫,マシンメンエキ,
10069538,サル痘,サルトウ,
10069539,ムンプス免疫,ムンプスメンエキ,
10069540,全身性ワクシニア,ゼンシンセイワクシニア,
10069550,心嚢内血栓,シンノウナイケッセン,
10069553,風疹免疫,フウシンメンエキ,
10069554,外傷性腰椎穿刺,ガイショウセイヨウツイセンシ,
10069555,呼吸補助筋の動員,コキュウホジョキンノドウイン,
10069556,ワクチン接種部位膿瘍,ワクチンセッシュブイノウヨウ,
10069557,痘瘡免疫,トウソウメンエキ,
10069558,カンジキウサギウイルス感染,カンジキウサギウイルスカンセン,
10069559,ワクチン接種部位蜂巣炎,ワクチンセッシュブイホウソウエン,
10069560,ワクチン接種部位分泌,ワクチンセッシュブイブンピ,ワクチンセッシュブイブンピツ
10069561,ワクチン接種部位焼痂,ワクチンセッシュブイショウカ,
10069562,ワクチン接種部位肉芽腫,ワクチンセッシュブイニクゲシュ,
10069568,限外濾過不全,ゲンガイロカフゼン,
10069569,局所化学療法,キョクショカガクリョウホウ,
10069571,房室解離,ボウシツカイリ,
10069573,狂犬病免疫,キョウケンビョウメンエキ,
10069574,制限エンドヌクレアーゼ測定,セイゲンエンドヌクレアーゼソクテイ,
10069575,制限酵素断片長多型分析,セイゲンコウソダンペンチョウタケイブンセキ,
10069576,ワクシニアウイルス曝露後の強反応,ワクシニアウイルスバクロゴノキョウハンノウ,
10069577,百日咳免疫,ヒャクニチゼキメンエキ,
10069578,肺炎球菌免疫,ハイエンキュウキンメンエキ,
10069579,後頭蓋窩症候群,コウトウガイカショウコウグン,
10069580,原始反射再出現,ゲンシハンシャサイシュツゲン,
10069581,疾患前駆期,シッカンゼンクキ,
10069582,進行性ワクシニア,シンコウセイワクシニア,
10069583,容積脈波低下,ヨウセキミャクハテイカ,
10069584,神経発達検査,シンケイハッタツケンサ,
10069586,オルソポックスウイルス感染,オルソポックスウイルスカンセン,
10069587,傍腫瘍性脳脊髄炎,ボウシュヨウセイノウセキズイエン,
10069588,寄生虫性脳炎,キセイチュウセイノウエン,
10069595,ベッド共有,ベッドキョウユウ,
10069596,軟骨毛髪低形成症,ナンコツモウハツテイケイセイショウ,
10069597,ＣＳＦ免疫グロブリンＧインデックス,CSFメンエキグロブリンGインデックス,
10069598,ＣＳＦ白血球／赤血球比,CSFハッケッキュウセッケッキュウヒ,
10069600,体温正常,タイオンセイジョウ,
10069601,ＣＳＦ白血球／赤血球比増加,CSFハッケッキュウセッケッキュウヒゾウカ,
10069602,ＣＳＦ白血球百分率,CSFハッケッキュウヒャクブンリツ,
10069603,予防接種を受けた人との接触,ヨボウセッシュヲウケタヒトトノセッショク,
10069604,遺伝子塩基配列決定,イデンシエンキハイレツケッテイ,
10069612,ワクシニア検査陽性,ワクシニアケンサヨウセイ,
10069613,水痘免疫,スイトウメンエキ,
10069614,黄熱免疫,オウネツメンエキ,
10069615,若年妊娠,ジャクネンニンシン,
10069616,ワクチン接種部位結節,ワクチンセッシュブイケッセツ,
10069617,ワクチン接種部位浮腫,ワクチンセッシュブイフシュ,
10069618,ワクチン接種部位痂皮,ワクチンセッシュブイカヒ,
10069619,ワクチン接種部位瘢痕,ワクチンセッシュブイハンコン,
10069620,ワクチン接種部位腫脹,ワクチンセッシュブイシュチョウ,
10069621,ワクチン接種部位潰瘍,ワクチンセッシュブイカイヨウ,
10069622,ワクチン接種部位蕁麻疹,ワクチンセッシュブイジンマシン,
10069623,ワクチン接種部位小水疱,ワクチンセッシュブイショウスイホウ,
10069624,ワクチン接種部位熱感,ワクチンセッシュブイネッカン,ワクチンセッシュブイネツカン
10069625,ワクチン接種部位壊死,ワクチンセッシュブイエシ,
10069632,膀胱機能障害,ボウコウキノウショウガイ,
10069633,アイコンタクト減少,アイコンタクトゲンショウ,
10069638,腹膜透析排液異常,フクマクトウセキハイエキイジョウ,
10069639,スフィンゴモナス・パウシモビリス感染,スフィンゴモナスパウシモビリスカンセン,
10069641,眼瞼癒着,ガンケンユチャク,
10069642,エボラレストンウイルス感染,エボラレストンウイルスカンセン,
10069645,膀胱容量減少,ボウコウヨウリョウゲンショウ,
10069646,体幹前屈症,タイカンゼンクツショウ,
10069647,アイパッチ適用,アイパッチテキヨウ,
10069648,腹圧性排尿,フクアツセイハイニョウ,
10069649,アトピー性白内障,アトピーセイハクナイショウ,
10069650,腱壊死,ケンエシ,
10069651,卵巣固定,ランソウコテイ,
10069652,網膜光毒性,モウマクコウドクセイ,モウマクヒカリドクセイ
10069655,尿管内圧測定,ニョウカンナイアツソクテイ,
10069657,バークホルデリア・セパシア菌群感染,バークホルデリアセパシアキングンカンセン,
10069658,ＨＩＶ心筋症,HIVシンキンショウ,
10069662,播種性マイコバクテリウム・アビウムコンプレックス感染,ハシュセイマイコバクテリウムアビウムコンプレックスカンセン,
10069663,バイスペクトラルインデックス,バイスペクトラルインデックス,
10069664,アトピー性角結膜炎,アトピーセイカクケツマクエン,
10069665,腸間膜炎,チョウカンマクエン,
10069666,メチレンテトラヒドロ葉酸還元酵素多型,メチレンテトラヒドロヨウサンカンゲンコウソタケイ,
10069667,注入部位不快感,チュウニュウブイフカイカン,
10069670,便中カルプロテクチン,ベンチュウカルプロテクチン,
10069675,換気血流不均等,カンキケツリュウフキントウ,
10069679,会陰潰瘍,エインカイヨウ,
10069680,エクリン腺癌,エクリンセンガン,
10069681,単肢筋萎縮症,タンシキンイシュクショウ,
10069684,バークホルデリア・セパシア菌群性敗血症,バークホルデリアセパシアキングンセイハイケツショウ,
10069685,トロンボポエチン濃度異常,トロンボポエチンノウドイジョウ,
10069686,指紋消失,シモンショウシツ,
10069687,モリブデン補因子欠損症,モリブデンホインシケッソンショウ,
10069688,急性リン酸腎症,キュウセイリンサンジンショウ,
10069689,脊柱損傷,セキチュウソンショウ,
10069690,椎間孔狭窄,ツイカンコウキョウサク,
10069691,ＨＩＶ腸症,HIVチョウショウ,
10069694,腕頭動脈閉塞,ワントウドウミャクヘイソク,
10069695,鎖骨下動脈閉塞,サコツカドウミャクヘイソク,
10069696,腹腔動脈閉塞,フククウドウミャクヘイソク,フックウドウミャクヘイソク
10069698,ランゲルハンス細胞組織球症,ランゲルハンスサイボウソシキキュウショウ,
10069699,腸間膜牽引症候群,チョウカンマクケンインショウコウグン,
10069700,肝内結石除去,カンナイケッセキジョキョ,
10069701,鼻咽腔閉鎖,ビインクウヘイサ,
10069702,副鼻腔血腫,フクビクウケッシュ,
10069703,胆汁酸吸収不良,タンジュウサンキュウシュウフリョウ,
10069704,皮膚イトグモ刺咬症,ヒフイトグモシコウショウ,
10069707,昏睡尺度正常,コンスイシャクドセイジョウ,
10069708,昏睡尺度,コンスイシャクド,
10069709,昏睡尺度異常,コンスイシャクドイジョウ,
10069712,ＨＴＬＶ－１キャリアー,HTLV1キャリアー,
10069713,原発性線毛機能不全,ゲンパツセイセンモウキノウフゼン,
10069714,ロス症候群,ロスショウコウグン,
10069721,レプチン濃度増加,レプチンノウドゾウカ,
10069722,合併症を伴うマラリア,ガッペイショウヲトモナウマラリア,
10069723,骨折整復後の解剖学的アライメント不良,コッセツセイフクゴノカイボウガクテキアライメントフリョウ,
10069724,断端痛,ダンタンツウ,
10069725,ＥＣＯＧパフォーマンスステータス改善,ECOGパフォーマンスステータスカイゼン,
10069726,小脳橋角部腫瘍,ショウノウキョウカクブシュヨウ,
10069727,マイ・トゥルナー症候群,マイトゥルナーショウコウグン,
10069728,遠隔転移を伴う直腸Ｓ状結腸癌,エンカクテンイヲトモナウチョクチョウSジョウケッチョウガン,
10069729,側副血行,ソクフクケッコウ,
10069730,遠隔転移を伴う肺大細胞癌,エンカクテンイヲトモナウハイダイサイボウガン,
10069731,子宮内膜増殖症予防,シキュウナイマクゾウショクショウヨボウ,
10069732,神経栄養性角膜症,シンケイエイヨウセイカクマクショウ,
10069747,鼻疽菌感染,ビソキンカンセン,
10069748,類鼻疽菌感染,ルイビソキンカンセン,
10069749,脊椎内固定,セキツイナイコテイ,
10069750,ハイドロリポクラシー,ハイドロリポクラシー,
10069751,低炭水化物食,テイタンスイカブツショク,
10069752,軟部組織生検,ナンブソシキセイケン,
10069753,喉頭拡張術,コウトウカクチョウジュツ,
10069754,後天性遺伝子変異,コウテンセイイデンシヘンイ,
10069755,Ｋ－ｒａｓ遺伝子変異,Krasイデンシヘンイ,
10069760,ノリエ病,ノリエビョウ,
10069762,血液学的感染,ケツエキガクテキカンセン,
10069767,Ｈ１Ｎ１インフルエンザ,H1N1インフルエンザ,
10069771,甲状腺性皮膚障害,コウジョウセンセイヒフショウガイ,
10069772,眼鏡による視力矯正,ガンキョウニヨルシリョクキョウセイ,メガネニヨルシリョクキョウセイ
10069773,投与に伴う反応,トウヨニトモナウハンノウ,
10069774,先天性脳神経麻痺,センテンセイノウシンケイマヒ,
10069777,不妊症のパートナー,フニンショウノパートナー,
10069798,羊膜移植,ヨウマクイショク,
10069800,医療機器関連乳房合併症,イリョウキキカンレンニュウボウガッペイショウ,
10069801,医療機器関連心臓合併症,イリョウキキカンレンシンゾウガッペイショウ,
10069802,医療機器関連敗血症,イリョウキキカンレンハイケツショウ,
10069803,医療機器関連損傷,イリョウキキカンレンソンショウ,
10069805,足根三角骨,ソクコンサンカクコツ,ソッコンサンカクコツ
10069806,三角骨症候群,サンカクコツショウコウグン,
10069807,十二指腸潰瘍修復,ジュウニシチョウカイヨウシュウフク,
10069808,電撃熱傷,デンゲキネッショウ,
10069809,膵管ステント留置,スイカンステントリュウチ,
10069810,膵管ステント除去,スイカンステントジョキョ,
10069811,ＲＳウイルス気管支炎,RSウイルスキカンシエン,
10069812,再発精巣絨毛癌,サイハツセイソウジュウモウガン,
10069813,再発精巣癌,サイハツセイソウガン,
10069824,口腔咽頭手術,コウクウイントウシュジュツ,コウコウイントウシュジュツ
10069825,赤色ぼろ線維・ミオクロニーてんかん症候群,セキショクボロセンイミオクロニーテンカンショウコウグン,
10069826,炎症マーカー上昇,エンショウマーカージョウショウ,
10069827,昏睡性水疱,コンスイセイスイホウ,
10069828,三叉神経心臓反射,サンサシンケイシンゾウハンシャ,
10069829,腸血腫,チョウケッシュ,
10069836,医療機器関連神経系合併症,イリョウキキカンレンシンケイケイガッペイショウ,
10069837,医療機器関連眼合併症,イリョウキキカンレンガンガッペイショウ,
10069838,医療機器関連生殖器合併症,イリョウキキカンレンセイショクキガッペイショウ,
10069839,医療機器関連呼吸器合併症,イリョウキキカンレンコキュウキガッペイショウ,
10069840,医療機器関連血管合併症,イリョウキキカンレンケッカンガッペイショウ,
10069841,医療機器の警報問題,イリョウキキノケイホウモンダイ,
10069842,医療機器の情報出力問題,イリョウキキノジョウホウシュツリョクモンダイ,
10069843,医療機器のコンピュータ問題,イリョウキキノコンピュータモンダイ,
10069844,医療機器の電気的インピーダンス問題,イリョウキキノデンキテキインピーダンスモンダイ,
10069845,医療機器間の不適合,イリョウキキカンノフテキゴウ,
10069846,患者と医療機器間の不適合,カンジャトイリョウキキカンノフテキゴウ,
10069853,使用困難な医療機器,シヨウコンナンナイリョウキキ,
10069854,クロノバクター性菌血症,クロノバクターセイキンケツショウ,
10069855,クロノバクター感染,クロノバクターカンセン,
10069856,クロノバクター性髄膜炎,クロノバクターセイズイマクエン,
10069860,医療機器シグナル検出問題,イリョウキキシグナルケンシュツモンダイ,
10069861,医療機器による刺激問題,イリョウキキニヨルシゲキモンダイ,
10069862,ステント機能不良,ステントキノウフリョウ,
10069863,医療機器光学的問題,イリョウキキコウガクテキモンダイ,
10069864,医療機器ペーシング問題,イリョウキキペーシングモンダイ,
10069865,医療機器動力源問題,イリョウキキドウリョクゲンモンダイ,
10069867,医療機器捕捉問題,イリョウキキホソクモンダイ,
10069868,医療機器の問題,イリョウキキノモンダイ,
10069871,医療機器材質の問題,イリョウキキザイシツノモンダイ,
10069872,医療機器化学的性状の問題,イリョウキキカガクテキセイジョウノモンダイ,
10069873,医療機器色調の問題,イリョウキキシキチョウノモンダイ,
10069877,製品の清浄化不十分,セイヒンノセイジョウカフジュウブン,
10069878,製品の体液汚染,セイヒンノタイエキオセン,
10069879,医療機器材質の混濁,イリョウキキザイシツノコンダク,
10069880,医療機器物理的性状の問題,イリョウキキブツリテキセイジョウノモンダイ,
10069886,大網梗塞,ダイモウコウソク,タイモウコウソク
10069889,製品付着性の問題,セイヒンフチャクセイノモンダイ,
10069902,製品の苦情,セイヒンノクジョウ,
10069903,ＣＳＦ量増加,CSFリョウゾウカ,
10069907,二本鎖ＤＮＡ抗体陽性,2ホンサDNAコウタイヨウセイ,
10069908,腎血管腫,ジンケッカンシュ,
10069909,転移性肺塞栓症,テンイセイハイソクセンショウ,
10069910,抗リボソームＰ抗体陽性,コウリボソームPコウタイヨウセイ,
10069917,起立時振戦,キリツジシンセン,
10069918,細菌性前立腺炎,サイキンセイゼンリツセンエン,
10069921,抗アンドロゲン除去症候群,コウアンドロゲンジョキョショウコウグン,
10069922,血管グラフト血栓症,ケッカングラフトケッセンショウ,
10069930,涙器出血,ルイキシュッケツ,
10069939,クロノバクター性壊死性腸炎,クロノバクターセイエシセイチョウエン,
10069944,高ＨＤＬコレステロール血症,コウHDLコレステロールケッショウ,コウHDLコレステロールケツショウ
10069945,巨核球破壊亢進,キョカクキュウハカイコウシン,
10069947,尿道ステント除去,ニョウドウステントジョキョ,
10069948,腎動脈ステント除去,ジンドウミャクステントジョキョ,
10069949,血管ステント除去,ケッカンステントジョキョ,
10069950,動脈ステント除去,ドウミャクステントジョキョ,
10069951,胆管ステント除去,タンカンステントジョキョ,
10069952,頚動脈ステント除去,ケイドウミャクステントジョキョ,
10069953,冠動脈ステント除去,カンドウミャクステントジョキョ,
10069954,腸管ステント除去,チョウカンステントジョキョ,
10069955,食道ステント除去,ショクドウステントジョキョ,
10069956,放線菌検査陽性,ホウセンキンケンサヨウセイ,
10069957,アエロモナス検査陽性,アエロモナスケンサヨウセイ,
10069958,バクテロイデス検査陽性,バクテロイデスケンサヨウセイ,
10069959,ビフィドバクテリウム検査陽性,ビフィドバクテリウムケンサヨウセイ,
10069960,バークホルデリア検査陽性,バークホルデリアケンサヨウセイ,
10069961,バチルス検査陽性,バチルスケンサヨウセイ,
10069962,アシネトバクター検査陽性,アシネトバクターケンサヨウセイ,
10069963,シトロバクター検査陽性,シトロバクターケンサヨウセイ,
10069964,エンペドバクター検査陽性,エンペドバクターケンサヨウセイ,
10069979,グルタチオンＳ－トランスフェラーゼ増加,グルタチオンSトランスフェラーゼゾウカ,
10069980,グルタチオンＳ－トランスフェラーゼ減少,グルタチオンSトランスフェラーゼゲンショウ,
10069981,グルタチオンＳ－トランスフェラーゼ異常,グルタチオンSトランスフェラーゼイジョウ,
10070000,乳酸桿菌検査陽性,ニュウサンカンキンケンサヨウセイ,
10070001,小球菌検査陽性,ショウキュウキンケンサヨウセイ,
10070002,モルガネラ検査陽性,モルガネラケンサヨウセイ,
10070003,ペプトストレプトコッカス検査陽性,ペプトストレプトコッカスケンサヨウセイ,
10070005,ロドコッカス検査陽性,ロドコッカスケンサヨウセイ,
10070006,ステノトロフォモナス検査陽性,ステノトロフォモナスケンサヨウセイ,
10070007,フラボバクテリウム検査陽性,フラボバクテリウムケンサヨウセイ,
10070008,ストマトコッカス検査陽性,ストマトコッカスケンサヨウセイ,
10070009,ベイヨネラ検査陽性,ベイヨネラケンサヨウセイ,
10070010,ボルデテラ検査陽性,ボルデテラケンサヨウセイ,
10070011,ボレリア検査陽性,ボレリアケンサヨウセイ,
10070019,パントエア・アグロメランス検査陽性,パントエアアグロメランスケンサヨウセイ,
10070020,パントエア・アグロメランス感染,パントエアアグロメランスカンセン,
10070021,ブルセラ検査陽性,ブルセラケンサヨウセイ,
10070022,クロノバクター検査陽性,クロノバクターケンサヨウセイ,
10070023,エンテロバクター検査陽性,エンテロバクターケンサヨウセイ,
10070024,エンテロコッカス検査陽性,エンテロコッカスケンサヨウセイ,
10070025,カンピロバクター検査陽性,カンピロバクターケンサヨウセイ,
10070026,カプノサイトファーガ検査陽性,カプノサイトファーガケンサヨウセイ,
10070027,クロストリジウム検査陽性,クロストリジウムケンサヨウセイ,
10070028,コリネバクテリウム検査陽性,コリネバクテリウムケンサヨウセイ,
10070052,ブドウ球菌検査陽性,ブドウキュウキンケンサヨウセイ,
10070054,レンサ桿菌検査陽性,レンサカンキンケンサヨウセイ,
10070055,レンサ球菌検査陽性,レンサキュウキンケンサヨウセイ,
10070070,低インスリン血症,テイインスリンケッショウ,テイインスリンケツショウ
10070071,アディポネクチン増加,アディポネクチンゾウカ,
10070072,舌そう痒症,ゼツソウヨウショウ,シタソウヨウショウ
10070073,肩甲骨胸郭解離,ケンコウコツキョウカクカイリ,
10070086,ラオウルテラ検査陽性,ラオウルテラケンサヨウセイ,
10070087,ラオウルテラ・オルニチノリティカ感染,ラオウルテラオルニチノリティカカンセン,
10070089,エリジペロスリックス検査陽性,エリジペロスリックスケンサヨウセイ,
10070090,大腸菌検査陽性,ダイチョウキンケンサヨウセイ,
10070091,クレブシエラ検査陽性,クレブシエラケンサヨウセイ,
10070092,レジオネラ検査陽性,レジオネラケンサヨウセイ,
10070093,レプトスピラ検査陽性,レプトスピラケンサヨウセイ,
10070094,リステリア検査陽性,リステリアケンサヨウセイ,
10070095,モラクセラ検査陽性,モラクセラケンサヨウセイ,
10070096,ナイセリア検査陽性,ナイセリアケンサヨウセイ,
10070097,フランシセラ検査陽性,フランシセラケンサヨウセイ,
10070098,フソバクテリウム検査陽性,フソバクテリウムケンサヨウセイ,
10070099,ガードネレラ検査陽性,ガードネレラケンサヨウセイ,
10070100,ヘモフィルス検査陽性,ヘモフィルスケンサヨウセイ,
10070101,ヘリコバクター検査陽性,ヘリコバクターケンサヨウセイ,
10070127,サルモネラ検査陽性,サルモネラケンサヨウセイ,
10070128,セラチア検査陽性,セラチアケンサヨウセイ,
10070129,赤痢菌検査陽性,セキリキンケンサヨウセイ,
10070130,スピリルム検査陽性,スピリルムケンサヨウセイ,
10070131,ノカルジア検査陽性,ノカルジアケンサヨウセイ,
10070132,パスツレラ検査陽性,パスツレラケンサヨウセイ,
10070133,ポルフィロモナス検査陽性,ポルフィロモナスケンサヨウセイ,
10070134,プロテウス検査陽性,プロテウスケンサヨウセイ,
10070135,シュードモナス検査陽性,シュードモナスケンサヨウセイ,
10070156,ウレアプラズマ検査陽性,ウレアプラズマケンサヨウセイ,
10070157,バルトネラ検査陽性,バルトネラケンサヨウセイ,
10070159,クラミジア検査陽性,クラミジアケンサヨウセイ,
10070160,マイコプラズマ検査陽性,マイコプラズマケンサヨウセイ,
10070161,ビブリオ検査陽性,ビブリオケンサヨウセイ,
10070162,エルシニア検査陽性,エルシニアケンサヨウセイ,
10070179,デニス・ドラッシュ症候群,デニスドラッシュショウコウグン,
10070181,胃腸血管奇形,イチョウケッカンキケイ,
10070190,虚血性胃炎,キョケツセイイエン,
10070193,チフスリケッチア検査陽性,チフスリケッチアケンサヨウセイ,
10070194,コクシエラ検査陽性,コクシエラケンサヨウセイ,
10070195,エーリキア検査陽性,エーリキアケンサヨウセイ,
10070196,紅斑熱リケッチア検査陽性,コウハンネツリケッチアケンサヨウセイ,
10070208,Ｂ型インフルエンザウイルス検査陽性,Bガタインフルエンザウイルスケンサヨウセイ,
10070209,Ｃ型インフルエンザウイルス検査陽性,Cガタインフルエンザウイルスケンサヨウセイ,
10070210,モルシポックスウイルス検査陽性,モルシポックスウイルスケンサヨウセイ,
10070211,フラビウイルス検査陽性,フラビウイルスケンサヨウセイ,
10070212,ハンタウイルス検査陽性,ハンタウイルスケンサヨウセイ,
10070213,ロゼオロウイルス検査陽性,ロゼオロウイルスケンサヨウセイ,
10070214,水痘ウイルス検査陽性,スイトウウイルスケンサヨウセイ,
10070215,Ａ型インフルエンザウイルス検査陽性,Aガタインフルエンザウイルスケンサヨウセイ,
10070216,Ａ型肝炎ウイルス検査陽性,Aガタカンエンウイルスケンサヨウセイ,
10070217,Ｂ型肝炎ウイルス検査陽性,Bガタカンエンウイルスケンサヨウセイ,
10070218,Ｃ型肝炎ウイルス検査陽性,Cガタカンエンウイルスケンサヨウセイ,
10070220,Ｅ型肝炎ウイルス検査陽性,Eガタカンエンウイルスケンサヨウセイ,
10070225,デングウイルス検査陽性,デングウイルスケンサヨウセイ,
10070235,陰茎捻転,インケイネンテン,
10070237,灼熱足症候群,シャクネツソクショウコウグン,
10070240,不適切な性的行動,フテキセツナセイテキコウドウ,
10070243,心内膜静脈瘤,シンナイマクジョウミャクリュウ,
10070245,体内異物,タイナイイブツ,
10070246,遂行機能障害,スイコウキノウショウガイ,
10070248,レンチウイルス検査陽性,レンチウイルスケンサヨウセイ,
10070249,ヒトライノウイルス検査陽性,ヒトライノウイルスケンサヨウセイ,
10070250,ルビウイルス検査陽性,ルビウイルスケンサヨウセイ,
10070251,ウイルス力価減少,ウイルスリキカゲンショウ,
10070252,ウイルス力価,ウイルスリキカ,
10070253,モルビリウイルス検査陽性,モルビリウイルスケンサヨウセイ,
10070254,ヘニパウイルス検査陽性,ヘニパウイルスケンサヨウセイ,
10070255,コロナウイルス検査陽性,コロナウイルスケンサヨウセイ,
10070256,ウイルス力価増加,ウイルスリキカゾウカ,
10070269,ブルセラ検査陰性,ブルセラケンサインセイ,
10070270,クロストリジウム検査,クロストリジウムケンサ,
10070271,クロストリジウム検査陰性,クロストリジウムケンサインセイ,
10070272,クラミジア検査,クラミジアケンサ,
10070273,クラミジア検査陰性,クラミジアケンサインセイ,
10070274,コリネバクテリウム検査,コリネバクテリウムケンサ,
10070277,ボルデテラ検査,ボルデテラケンサ,
10070278,ボルデテラ検査陰性,ボルデテラケンサインセイ,
10070279,ボレリア検査,ボレリアケンサ,
10070280,ボレリア検査陰性,ボレリアケンサインセイ,
10070281,ブルセラ検査,ブルセラケンサ,
10070282,会陰硬結,エインコウケツ,
10070283,移植腎捻転,イショクジンネンテン,
10070287,皮膚粘膜弁手術,ヒフネンマクベンシュジュツ,
10070288,皮膚粘膜弁壊死,ヒフネンマクベンエシ,
10070289,甲状腺の理学的検査,コウジョウセンノリガクテキケンサ,
10070290,甲状腺の理学的検査正常,コウジョウセンノリガクテキケンサセイジョウ,
10070291,甲状腺の理学的検査異常,コウジョウセンノリガクテキケンサイジョウ,
10070292,顕性屈折正常,ケンセイクッセツセイジョウ,
10070293,顕性屈折異常,ケンセイクッセツイジョウ,
10070294,遺伝性心伝導障害,イデンセイシンデンドウショウガイ,
10070295,感染による気管支拡張症の増悪,カンセンニヨルキカンシカクチョウショウノゾウアク,
10070296,動脈腸管瘻,ドウミャクチョウカンロウ,
10070297,膵胃吻合,スイイフンゴウ,
10070299,淋菌性骨盤内炎症性疾患,リンキンセイコツバンナイエンショウセイシッカン,
10070300,レンサ球菌性尿路感染,レンサキュウキンセイニョウロカンセン,
10070301,子宮離開,シキュウリカイ,
10070302,運動発達遅滞,ウンドウハッタツチタイ,
10070305,医療機器屈曲,イリョウキキクッキョク,
10070307,胃ヘルニア,イヘルニア,
10070308,難治性癌,ナンチセイガン,
10070309,メチレンテトラヒドロ葉酸還元酵素欠損症,メチレンテトラヒドロヨウサンカンゲンコウソケッソンショウ,
10070310,肺骨化,ハイコツカ,ハイコッカ
10070311,アミノピリン呼気テスト,アミノピリンコキテスト,
10070312,ヘルニア造影,ヘルニアゾウエイ,
10070313,セメント歯骨形成不全,セメントシコツケイセイフゼン,
10070314,乳管瘻,ニュウカンロウ,
10070315,乳管瘻修復,ニュウカンロウシュウフク,
10070323,マイコバクテリウム検査陽性,マイコバクテリウムケンサヨウセイ,
10070324,らい菌検査陽性,ライキンケンサヨウセイ,
10070325,結核菌群検査陽性,ケッカクキングンケンサヨウセイ,
10070326,非定型マイコバクテリウム検査陽性,ヒテイケイマイコバクテリウムケンサヨウセイ,
10070335,レスピロウイルス検査陽性,レスピロウイルスケンサヨウセイ,
10070336,パラポックスウイルス検査陽性,パラポックスウイルスケンサヨウセイ,
10070337,パラワクシニアウイルス検査陽性,パラワクシニアウイルスケンサヨウセイ,
10070338,パルボウイルスＢ１９検査陽性,パルボウイルスB19ケンサヨウセイ,
10070339,フレボウイルス検査陽性,フレボウイルスケンサヨウセイ,
10070340,アフトウイルス検査陽性,アフトウイルスケンサヨウセイ,
10070341,ポリオウイルス検査陽性,ポリオウイルスケンサヨウセイ,
10070342,ポリオーマウイルス検査陽性,ポリオーマウイルスケンサヨウセイ,
10070343,プリオン因子検査陽性,プリオンインシケンサヨウセイ,
10070344,リッサウイルス検査陽性,リッサウイルスケンサヨウセイ,
10070345,ニューモウイルス検査陽性,ニューモウイルスケンサヨウセイ,
10070346,デルタレトロウイルス検査陽性,デルタレトロウイルスケンサヨウセイ,
10070347,ルブラウイルス検査陽性,ルブラウイルスケンサヨウセイ,
10070348,ニューカッスル病ウイルス検査陽性,ニューカッスルビョウウイルスケンサヨウセイ,
10070349,オルソポックスウイルス検査陽性,オルソポックスウイルスケンサヨウセイ,
10070355,ＢＫポリオーマウイルス検査陽性,BKポリオーマウイルスケンサヨウセイ,
10070356,ＪＣポリオーマウイルス検査陽性,JCポリオーマウイルスケンサヨウセイ,
10070365,パルボウイルスＢ１９検査陰性,パルボウイルスB19ケンサインセイ,
10070366,パルボウイルスＢ１９検査,パルボウイルスB19ケンサ,
10070367,ポリオウイルス検査陰性,ポリオウイルスケンサインセイ,
10070368,ポリオウイルス検査,ポリオウイルスケンサ,
10070369,アデノウイルス検査陽性,アデノウイルスケンサヨウセイ,
10070370,アルファウイルス検査陽性,アルファウイルスケンサヨウセイ,
10070371,アルボウイルス検査陽性,アルボウイルスケンサヨウセイ,
10070372,コロラドダニ熱ウイルス検査陽性,コロラドダニネツウイルスケンサヨウセイ,
10070373,ナイロウイルス検査陽性,ナイロウイルスケンサヨウセイ,
10070374,オルソブニヤウイルス検査陽性,オルソブニヤウイルスケンサヨウセイ,
10070375,オルビウイルス検査陽性,オルビウイルスケンサヨウセイ,
10070376,アレナウイルス検査陽性,アレナウイルスケンサヨウセイ,
10070377,アストロウイルス検査陽性,アストロウイルスケンサヨウセイ,
10070378,カリシウイルス検査陽性,カリシウイルスケンサヨウセイ,
10070379,ノロウイルス検査陽性,ノロウイルスケンサヨウセイ,
10070380,フィロウイルス検査陽性,フィロウイルスケンサヨウセイ,
10070381,エボラウイルス検査陽性,エボラウイルスケンサヨウセイ,
10070382,マールブルグウイルス検査陽性,マールブルグウイルスケンサヨウセイ,
10070383,サポウイルス検査陽性,サポウイルスケンサヨウセイ,
10070384,コクサッキーウイルス検査陽性,コクサッキーウイルスケンサヨウセイ,
10070385,エコーウイルス検査陽性,エコーウイルスケンサヨウセイ,
10070386,エンテロウイルス検査陽性,エンテロウイルスケンサヨウセイ,
10070393,コクサッキーウイルス検査陰性,コクサッキーウイルスケンサインセイ,
10070394,コクサッキーウイルス検査,コクサッキーウイルスケンサ,
10070395,エコーウイルス検査陰性,エコーウイルスケンサインセイ,
10070396,エンテロウイルス検査,エンテロウイルスケンサ,
10070397,エンテロウイルス検査陰性,エンテロウイルスケンサインセイ,
10070398,コリネバクテリウム検査陰性,コリネバクテリウムケンサインセイ,
10070399,エーリキア検査,エーリキアケンサ,
10070400,ヘリコバクター検査,ヘリコバクターケンサ,
10070404,チフスリケッチア検査,チフスリケッチアケンサ,
10070405,エルシニア検査,エルシニアケンサ,
10070406,エルシニア検査陰性,エルシニアケンサインセイ,
10070407,マイコバクテリウム検査,マイコバクテリウムケンサ,
10070408,マイコバクテリウム検査陰性,マイコバクテリウムケンサインセイ,
10070409,ヘリコバクター検査陰性,ヘリコバクターケンサインセイ,
10070410,レジオネラ検査,レジオネラケンサ,
10070411,マイコプラズマ検査,マイコプラズマケンサ,
10070412,ブドウ球菌検査,ブドウキュウキンケンサ,
10070413,ブドウ球菌検査陰性,ブドウキュウキンケンサインセイ,
10070414,レンサ球菌検査,レンサキュウキンケンサ,
10070415,レンサ球菌検査陰性,レンサキュウキンケンサインセイ,
10070416,Ａ型インフルエンザウイルス検査,Aガタインフルエンザウイルスケンサ,
10070417,Ａ型インフルエンザウイルス検査陰性,Aガタインフルエンザウイルスケンサインセイ,
10070418,透析効果検査,トウセキコウカケンサ,
10070419,化学性腹膜炎,カガクセイフクマクエン,
10070420,ＣＳＦ免疫グロブリン,CSFメンエキグロブリン,
10070435,評価不能の検査,ヒョウカフノウノケンサ,
10070437,外陰腟紅斑,ガイインチツコウハン,
10070438,内因子欠乏症,ナイインシケツボウショウ,
10070439,自己免疫性ニューロパチー,ジコメンエキセイニューロパチー,
10070440,先天性内因子欠乏症,センテンセイナイインシケツボウショウ,
10070441,腹膜透過性低下,フクマクトウカセイテイカ,
10070442,腹膜透過性上昇,フクマクトウカセイジョウショウ,
10070444,水痘ウイルス検査,スイトウウイルスケンサ,
10070445,水痘ウイルス検査陰性,スイトウウイルスケンサインセイ,
10070446,アルファウイルス検査,アルファウイルスケンサ,
10070448,アスペルギルス検査陽性,アスペルギルスケンサヨウセイ,
10070449,アスペルギルス検査陰性,アスペルギルスケンサインセイ,
10070450,アスペルギルス検査,アスペルギルスケンサ,
10070451,カンジダ検査陽性,カンジダケンサヨウセイ,
10070452,カンジダ検査陰性,カンジダケンサインセイ,
10070453,カンジダ検査,カンジダケンサ,
10070454,ニューモシスチス検査陽性,ニューモシスチスケンサヨウセイ,
10070455,クリプトコッカス検査陽性,クリプトコッカスケンサヨウセイ,
10070456,クリプトコッカス検査,クリプトコッカスケンサ,
10070457,真菌検査,シンキンケンサ,
10070458,真菌検査陰性,シンキンケンサインセイ,
10070460,腺リンパ腫,センリンパシュ,
10070463,関節切開,カンセツセッカイ,
10070465,根治的膀胱摘除,コンチテキボウコウテキジョ,
10070466,膀胱部分切除,ボウコウブブンセツジョ,
10070468,使用医療機器の誤り,シヨウイリョウキキノアヤマリ,
10070470,誤った医療機器での薬剤投与,アヤマッタイリョウキキデノヤクザイトウヨ,
10070471,結核菌群検査陰性,ケッカクキングンケンサインセイ,
10070472,結核菌群検査,ケッカクキングンケンサ,
10070473,皮膚凍結療法,ヒフトウケツリョウホウ,
10070476,血液透析合併症,ケツエキトウセキガッペイショウ,
10070479,尿中ウロビリノーゲン増加,ニョウチュウウロビリノーゲンゾウカ,
10070480,尿中ウロビリノーゲン減少,ニョウチュウウロビリノーゲンゲンショウ,
10070481,唾液中テストステロン,ダエキチュウテストステロン,
10070482,唾液中テストステロン異常,ダエキチュウテストステロンイジョウ,
10070483,唾液中テストステロン増加,ダエキチュウテストステロンゾウカ,
10070484,唾液中テストステロン減少,ダエキチュウテストステロンゲンショウ,
10070487,褐色腫,カッショクシュ,
10070488,上気道咳症候群,ジョウキドウセキショウコウグン,
10070492,輪部腫脹,リンブシュチョウ,
10070493,ハーブ相互作用,ハーブソウゴサヨウ,
10070494,日本紅斑熱,ニホンコウハンネツ,
10070495,多発性硬化症再発予防,タハツセイコウカショウサイハツヨボウ,
10070497,房水漏出,ボウスイロウシュツ,
10070504,硬化性胼胝腫,コウカセイベンチシュ,
10070505,尿道会陰瘻,ニョウドウエインロウ,
10070507,光線力学的診断法,コウセンリキガクテキシンダンホウ,
10070510,外傷性腎損傷,ガイショウセイジンソンショウ,
10070511,低酸素性虚血性脳症,テイサンソセイキョケツセイノウショウ,
10070515,ペプシノーゲン検査陽性,ペプシノーゲンケンサヨウセイ,
10070516,１型らい反応,1ガタライハンノウ,
10070517,２型らい反応,2ガタライハンノウ,
10070519,腟脱修復,チツダツシュウフク,
10070521,筋ヘルニア,キンヘルニア,
10070530,良性ローランドてんかん,リョウセイローランドテンカン,
10070531,胎児発育不全,タイジハツイクフゼン,
10070533,爪床障害,ソウショウショウガイ,
10070535,顎骨線維性骨異形成,ガクコツセンイセイコツイケイセイ,
10070538,妊娠高血圧,ニンシンコウケツアツ,
10070542,熱帯感染症,ネッタイカンセンショウ,
10070545,バクテリアルトランスロケーション,バクテリアルトランスロケーション,
10070549,水晶体変色,スイショウタイヘンショク,
10070559,血液分布異常性ショック,ケツエキブンプイジョウセイショック,
10070560,胃バンディング解除,イバンディングカイジョ,
10070561,腹膜神経膠腫症,フクマクシンケイコウシュショウ,
10070562,ケル血液型陽性,ケルケツエキガタヨウセイ,
10070563,小脳性無言症,ショウノウセイムゴンショウ,
10070564,脳表ヘモジデリン沈着症,ノウヒョウヘモジデリンチンチャクショウ,
10070567,甲状腺癌第０期,コウジョウセンガンダイ0キ,
10070568,甲状腺Ｃ細胞過形成,コウジョウセンCサイボウカケイセイ,
10070573,残存乳歯,ザンゾンニュウシ,
10070574,ワクチンの互換,ワクチンノゴカン,
10070579,里吉症候群,サトヨシショウコウグン,
10070581,免疫寛容誘導,メンエキカンヨウユウドウ,
10070583,ワクチンウイルス排出,ワクチンウイルスハイシュツ,
10070584,尿中ヘキソース四糖類,ニョウチュウヘキソースヨントウルイ,
10070585,尿中ヘキソース四糖類増加,ニョウチュウヘキソースヨントウルイゾウカ,
10070586,左利き,ヒダリキキ,
10070589,左室虚血性拘縮,サシツキョケツセイコウシュク,
10070592,適応症不明の製品使用,テキオウショウフメイノセイヒンシヨウ,
10070594,ＰＦＡＰＡ症候群,PFAPAショウコウグン,
10070595,多中心性細網組織球症,タチュウシンセイサイモウソシキキュウショウ,
10070597,性発達障害,セイハッタツショウガイ,
10070598,骨色素過剰,コツシキソカジョウ,
10070599,乳児急性出血性浮腫,ニュウジキュウセイシュッケツセイフシュ,
10070604,低ナトリウム血症の急速補正,テイナトリウムケッショウノキュウソクホセイ,テイナトリウムケツショウノキュウソクホセイ
10070606,脳卒中後うつ病,ノウソッチュウゴウツビョウ,
10070607,卵巣多孔術,ランソウタコウジュツ,
10070608,嚢胞性線維症における肺感染増悪,ノウホウセイセンイショウニオケルハイカンセンゾウアク,
10070612,マイアー・ゴーリン症候群,マイアーゴーリンショウコウグン,
10070614,医療機器エクステンション損傷,イリョウキキエクステンションソンショウ,
10070617,医療機器による注入の問題,イリョウキキニヨルチュウニュウノモンダイ,
10070618,医療機器反転,イリョウキキハンテン,
10070626,Ｄ型肝炎ウイルス検査陽性,Dガタカンエンウイルスケンサヨウセイ,
10070627,腫瘍破裂,シュヨウハレツ,
10070631,傍脊椎膿瘍,ボウセキツイノウヨウ,
10070632,膀胱感覚消失,ボウコウカンカクショウシツ,
10070635,歩行失行,ホコウシッコウ,
10070636,外回転術,ガイカイテンジュツ,
10070637,嘔吐恐怖症,オウトキョウフショウ,
10070640,チオプリンメチルトランスフェラーゼ減少,チオプリンメチルトランスフェラーゼゲンショウ,
10070642,α１ミクログロブリン,アルファ1ミクログロブリン,
10070643,α１ミクログロブリン増加,アルファ1ミクログロブリンゾウカ,
10070644,α１ミクログロブリン減少,アルファ1ミクログロブリンゲンショウ,
10070647,血管穿刺部位炎症,ケッカンセンシブイエンショウ,
10070648,血管穿刺部位腫脹,ケッカンセンシブイシュチョウ,
10070649,血管穿刺部位血栓,ケッカンセンシブイケッセン,
10070650,ナックルパッド,ナックルパッド,
10070651,陰茎超音波検査,インケイチョウオンパケンサ,
10070652,陰茎プラーク,インケイプラーク,
10070653,陰茎弯曲症,インケイワンキョクショウ,
10070654,陰茎超音波検査異常,インケイチョウオンパケンサイジョウ,
10070655,陰茎紅斑,インケイコウハン,
10070656,陰茎血腫,インケイケッシュ,
10070664,ヘパリン起因性血小板減少試験陽性,ヘパリンキインセイケッショウバンゲンショウシケンヨウセイ,
10070665,中胚葉性腎腫,チュウハイヨウセイジンシュ,
10070666,皮質異形成,ヒシツイケイセイ,
10070667,レーバー先天性黒内障,レーバーセンテンセイコクナイショウ,
10070668,ハンチントン病,ハンチントンビョウ,
10070669,発作後精神病,ホッサゴセイシンビョウ,
10070670,四肢非対称,シシヒタイショウ,
10070671,敗血症性脳梗塞,ハイケツショウセイノウコウソク,
10070677,薬物による昏睡導入,ヤクブツニヨルコンスイドウニュウ,
10070680,尿道切除,ニョウドウセツジョ,
10070681,カンピロバクター性敗血症,カンピロバクターセイハイケツショウ,
10070682,骨セメント注入療法,コツセメントチュウニュウリョウホウ,
10070687,過度の紫外線曝露,カドノシガイセンバクロ,
10070689,洞管接合部拡張,ドウカンセツゴウブカクチョウ,
10070690,フォンウィルブランド因子抑制,フォンウィルブランドインシヨクセイ,
10070691,医療機器装着の問題,イリョウキキソウチャクノモンダイ,
10070692,医療機器沈着物の問題,イリョウキキチンチャクブツノモンダイ,
10070693,血管解離,ケッカンカイリ,
10070707,会陰紅斑,エインコウハン,
10070714,帯状感,タイジョウカン,
10070715,インフルエンザウイルス検査,インフルエンザウイルスケンサ,
10070716,多発性硬化症偽再発,タハツセイコウカショウギサイハツ,
10070717,インフルエンザウイルス検査陽性,インフルエンザウイルスケンサヨウセイ,
10070718,インフルエンザウイルス検査陰性,インフルエンザウイルスケンサインセイ,
10070721,口唇そう痒症,コウシンソウヨウショウ,
10070723,骨導補聴器埋込み,コツドウホチョウキウメコミ,
10070728,脳ヘモジデリン沈着,ノウヘモジデリンチンチャク,
10070730,皮質脳波,ヒシツノウハ,
10070732,皮質脳波電極装着,ヒシツノウハデンキョクソウチャク,
10070733,皮質脳波電極除去,ヒシツノウハデンキョクジョキョ,
10070737,ＨＩＶ関連腎症,HIVカンレンジンショウ,
10070738,潜伏梅毒,センプクバイドク,
10070745,負荷心エコー図正常,フカシンエコーズセイジョウ,
10070746,負荷心エコー図異常,フカシンエコーズイジョウ,
10070747,検査結果偽陰性,ケンサケッカギインセイ,
10070748,検査結果偽陽性,ケンサケッカギヨウセイ,
10070750,人工角膜植込み,ジンコウカクマクウエコミ,
10070751,眼潤滑剤療法,ガンジュンカツザイリョウホウ,
10070753,眼科治療,ガンカチリョウ,
10070754,内耳梗塞,ナイジコウソク,
10070755,神経アブレーション,シンケイアブレーション,
10070756,腹腔鏡下仙骨子宮靱帯切断術,フククウキョウカセンコツシキュウジンタイセツダンジュツ,フックウキョウカセンコツシキュウジンタイセツダンジュツ
10070757,筋挫傷,キンザショウ,
10070765,医療機器エントラップメント,イリョウキキエントラップメント,
10070771,炭酸ガス気胸,タンサンガスキキョウ,
10070773,患者による企図的医療機器除去,カンジャニヨルキトテキイリョウキキジョキョ,
10070774,気道浮腫,キドウフシュ,
10070775,気道化学熱傷,キドウカガクネッショウ,
10070776,消化管化学熱傷,ショウカカンカガクネッショウ,
10070782,口腔化学熱傷,コウクウカガクネッショウ,コウコウカガクネッショウ
10070813,脳ガス塞栓症,ノウガスソクセンショウ,
10070814,腐食性胃炎,フショクセイイエン,
10070815,急性黄色肝萎縮,キュウセイオウショクカンイシュク,
10070818,食道刺激症状,ショクドウシゲキショウジョウ,
10070831,壊死性細気管支炎,エシセイサイキカンシエン,
10070832,反応性気道機能不全症候群,ハンノウセイキドウキノウフゼンショウコウグン,
10070833,呼吸筋力低下,コキュウキンリョクテイカ,
10070834,感作,カンサ,
10070835,皮膚感作,ヒフカンサ,
10070836,職業性喘息,ショクギョウセイゼンソク,
10070837,口腔咽頭瘢痕,コウクウイントウハンコン,コウコウイントウハンコン
10070838,肺感作,ハイカンサ,
10070839,気道潰瘍,キドウカイヨウ,
10070840,消化管刺激症状,ショウカカンシゲキショウジョウ,
10070841,上気道刺激症状,ジョウキドウシゲキショウジョウ,
10070863,各種物質毒性,カクシュブッシツドクセイ,
10070866,子宮平滑筋腫の変性,シキュウヘイカツキンシュノヘンセイ,
10070869,後天性嚢胞性腎疾患,コウテンセイノウホウセイジンシッカン,
10070871,低クエン酸尿症,テイクエンサンニョウショウ,
10070872,瞳孔膜遺残,ドウコウマクイザン,
10070874,関節弛緩,カンセツシカン,
10070878,虚血性脳小血管疾患,キョケツセイノウショウケッカンシッカン,
10070880,マラリア抗体検査陰性,マラリアコウタイケンサインセイ,
10070881,マラリア抗体検査陽性,マラリアコウタイケンサヨウセイ,
10070883,他人の肢症候群,タニンノシショウコウグン,
10070884,非定型大腿骨骨折,ヒテイケイダイタイコツコッセツ,
10070885,喉頭血腫,コウトウケッシュ,
10070891,感染再燃,カンセンサイネン,
10070892,グロボトリアオシルセラミド,グロボトリアオシルセラミド,
10070893,グロボトリアオシルセラミド増加,グロボトリアオシルセラミドゾウカ,
10070894,腫瘍細胞動員,シュヨウサイボウドウイン,
10070895,輸血後移植片対宿主病,ユケツゴイショクヘンタイシュクシュビョウ,
10070897,ニコチン性口内炎,ニコチンセイコウナイエン,
10070899,大腿骨寛骨臼インピンジメント,ダイタイコツカンコツキュウインピンジメント,
10070900,体液検査,タイエキケンサ,
10070901,糖尿病性脂質異常症,トウニョウビョウセイシシツイジョウショウ,
10070902,遠隔転移を伴う喉頭癌,エンカクテンイヲトモナウコウトウガン,
10070903,腟過形成,チツカケイセイ,
10070904,家族性血球貪食性リンパ組織球症,カゾクセイケッキュウドンショクセイリンパソシキキュウショウ,
10070905,卵巣癌第１期,ランソウガンダイ1キ,
10070906,卵巣癌第２期,ランソウガンダイ2キ,
10070907,卵巣癌第３期,ランソウガンダイ3キ,
10070908,卵巣癌第４期,ランソウガンダイ4キ,
10070909,代謝性心筋症,タイシャセイシンキンショウ,
10070910,卵管通色素法,ランカンツウシキソホウ,
10070911,下大静脈症候群,カダイジョウミャクショウコウグン,
10070912,咽頭ジスキネジア,イントウジスキネジア,
10070913,骨盤転移,コツバンテンイ,
10070914,視神経乳頭陥凹／乳頭比正常,シシンケイニュウトウカンオウニュウトウヒセイジョウ,
10070917,偏心固視,ヘンシンコシ,
10070918,骨変形,コツヘンケイ,
10070920,視覚皮質萎縮,シカクヒシツイシュク,
10070925,精子濃度減少,セイシノウドゲンショウ,
10070926,精子濃度増加,セイシノウドゾウカ,
10070927,精子濃度異常,セイシノウドイジョウ,
10070928,精子濃度正常,セイシノウドセイジョウ,
10070929,精子濃度,セイシノウド,
10070930,精子濃度ゼロ,セイシノウドゼロ,
10070931,総精子数,ソウセイシスウ,
10070932,総精子数減少,ソウセイシスウゲンショウ,
10070933,月経正常,ゲッケイセイジョウ,
10070934,男性生殖器検査異常,ダンセイセイショクキケンサイジョウ,
10070935,男性生殖器検査正常,ダンセイセイショクキケンサセイジョウ,
10070936,肺の理学的検査異常,ハイノリガクテキケンサイジョウ,
10070937,肺の理学的検査正常,ハイノリガクテキケンサセイジョウ,
10070938,肛門検査正常,コウモンケンサセイジョウ,
10070939,創傷治癒正常,ソウショウチユセイジョウ,
10070942,肛門検査異常,コウモンケンサイジョウ,
10070949,転移性皮膚クローン病,テンイセイヒフクローンビョウ,
10070953,レイノルズ症候群,レイノルズショウコウグン,
10070954,先天性凝固亢進,センテンセイギョウココウシン,
10070955,右室隆起,ウシツリュウキ,
10070956,筋新生物,キンシンセイブツ,
10070957,脈絡膜血管腫,ミャクラクマクケッカンシュ,
10070963,感染性舌炎,カンセンセイゼツエン,
10070964,物質使用,ブッシツシヨウ,
10070972,胃形成,イケイセイ,
10070976,頭蓋脳損傷,トヴガイノウソンショウ,
10070978,袖状胃切除,ソデジョウイセツジョ,シュウジョウイセツジョ
10070980,コルポスコピー正常,コルポスコピーセイジョウ,
10070981,レプトトリキア感染,レプトトリキアカンセン,
10070982,ロイコノストック感染,ロイコノストックカンセン,
10070983,メチロバクテリウム感染,メチロバクテリウムカンセン,
10070994,胃粘膜紅斑,イネンマクコウハン,
10070995,血管圧迫,ケッカンアッパク,
10070997,コルサコフ症候群,コルサコフショウコウグン,
10070999,管内乳頭粘液性腫瘍,カンナイニュウトウネンエキセイシュヨウ,
10071000,多胎児の兄弟姉妹,タタイジノキョウダイシマイ,
10071001,血清フェチュインＡ,ケッセイフェチュインA,
10071003,血清フェチュインＡ減少,ケッセイフェチュインAゲンショウ,
10071004,黄斑網膜色素上皮剥離,オウハンモウマクシキソジョウヒハクリ,
10071005,ウイルス性ぶどう膜炎,ウイルスセイブドウマクエン,
10071009,膀胱尿道吻合,ボウコウニョウドウフンゴウ,
10071010,絨毛膜下出血,ジュウモウマクカシュッケツ,
10071011,嚢胞性二分脊椎,ノウホウセイニブンセキツイ,
10071014,顎骨露出,ガクコツロシュツ,
10071015,左胸心,サキョウシン,
10071017,血液希釈導入法,ケツエキキシャクドウニュウホウ,
10071018,泌尿生殖器萎縮,ヒニョウセイショクキイシュク,
10071019,前立腺異形成,ゼンリツセンイケイセイ,
10071020,尿中クレアチニン正常,ニョウチュウクレアチニンセイジョウ,
10071021,尿中クレアチニン異常,ニョウチュウクレアチニンイジョウ,
10071022,腹壁の良性新生物,フクヘキノリョウセイシンセイブツ,
10071023,腹壁の悪性新生物,フクヘキノアクセイシンセイブツ,
10071024,血小板糖蛋白遺伝子変異,ケッショウバントウタンパクイデンシヘンイ,
10071025,疣贅状象皮病,ユウゼイジョウゾウヒビョウ,
10071026,動脈切除,ドウミャクセツジョ,
10071027,甲状腺癌第１期,コウジョウセンガンダイ1キ,
10071028,甲状腺癌第２期,コウジョウセンガンダイ2キ,
10071029,甲状腺癌第３期,コウジョウセンガンダイ3キ,
10071030,甲状腺癌第４期,コウジョウセンガンダイ4キ,
10071031,歩行距離テスト正常,ホコウキョリテストセイジョウ,
10071032,歩行距離テスト異常,ホコウキョリテストイジョウ,
10071033,歩行距離テスト,ホコウキョリテスト,
10071034,小体症,ショウタイショウ,
10071035,硝子体黄斑界面異常,ショウシタイオウハンカイメンイジョウ,
10071038,ヒトアナプラズマ症,ヒトアナプラズマショウ,
10071039,食物線維大量摂取,ショクモツセンイタイリョウセッシュ,
10071043,大脳基底核卒中,ダイノウキテイカクソッチュウ,
10071044,第６脳神経不全麻痺,ダイ6ノウシンケイフゼンマヒ,
10071045,プラスミノーゲン活性化因子インヒビター多型,プラスミノーゲンカッセイカインシインヒビタータケイ,
10071048,発作様現象,ホッサヨウゲンショウ,
10071049,周産期ＨＩＶ感染,シュウサンキHIVカンセン,
10071050,足関節変形,ソクカンセツヘンケイ,アシカンセツヘンケイ
10071051,軟部組織腫瘤,ナンブソシキシュリュウ,
10071052,四肢の血圧差,シシノケツアツサ,
10071053,眼血管腫,ガンケッカンシュ,
10071054,眼瞼血管腫,ガンケンケッカンシュ,
10071059,聴覚保続,チョウカクホゾク,
10071063,気管支内超音波検査,キカンシナイチョウオンパケンサ,
10071064,卵巣石灰化,ランソウセッカイカ,
10071066,可逆性後白質脳症症候群,カギャクセイコウハクシツノウショウショウコウグン,
10071067,規格外試験結果,キカクガイシケンケッカ,
10071068,最初のエピソードからなる症候群,サイショノエピソードカラナルショウコウグン,
10071069,胆道鋳造物症候群,タンドウチュウゾウブツショウコウグン,
10071070,自己恐怖症,ジコキョウフショウ,
10071075,非定型マイコバクテリア肺炎,ヒテイケイマイコバクテリアハイエン,
10071079,原発性インスリン様成長因子－１欠損症,ゲンパツセイインスリンヨウセイチョウインシ1ケッソンショウ,
10071080,遠隔転移を伴う移行上皮癌,エンカクテンイヲトモナウイコウジョウヒガン,
10071081,特発性全般てんかん,トクハツセイゼンパンテンカン,
10071082,若年性ミオクロニーてんかん,ジャクネンセイミオクロニーテンカン,
10071083,黄体形成ホルモン欠損症,オウタイケイセイホルモンケッソンショウ,
10071084,卵胞刺激ホルモン欠損症,ランポウシゲキホルモンケッソンショウ,ランホウシゲキホルモンケッソンショウ
10071085,双極性障害再発予防,ソウキョクセイショウガイサイハツヨボウ,
10071087,精子形成促進,セイシケイセイソクシン,
10071088,Ｄ型肝炎免疫,Dガタカンエンメンエキ,
10071090,輸血関連合併症,ユケツカンレンガッペイショウ,
10071091,糖尿病性末端器官損傷,トウニョウビョウセイマッタンキカンソンショウ,
10071092,Ｎ－アセチルグルタミン酸合成酵素欠損症,Nアセチルグルタミンサンゴウセイコウソケッソンショウ,
10071093,シスタチオニンβ合成酵素欠損症,シスタチオニンベータゴウセイコウソケッソンショウ,
10071095,成長不全,セイチョウフゼン,
10071119,ホルモン依存性前立腺癌,ホルモンイゾンセイゼンリツセンガン,
10071129,新生血管加齢黄斑変性,シンセイケッカンカレイオウハンヘンセイ,
10071130,調節卵巣刺激,チョウセツランソウシゲキ,
10071134,製品物性の問題,セイヒンブッセイノモンダイ,
10071135,鰓弓耳腎症候群,サイキュウジジンショウコウグン,
10071136,皮下生検,ヒカセイケン,
10071137,腰痛血尿症候群,ヨウツウケツニョウショウコウグン,
10071138,栄養障害・炎症・動脈硬化症候群,エイヨウショウガイエンショウドウミャクコウカショウコウグン,
10071140,皮下生検異常,ヒカセイケンイジョウ,
10071141,ラスムッセン脳炎,ラスムッセンノウエン,
10071146,ヒト乳頭腫ウイルス免疫,ヒトニュウトウシュウイルスメンエキ,
10071148,製品流通時の問題,セイヒンリュウツウジノモンダイ,
10071149,内骨腫,ナイコツシュ,
10071151,寒冷刺激頭痛,カンレイシゲキズツウ,
10071152,注射に伴う反応,チュウシャニトモナウハンノウ,
10071153,和田テスト,ワダテスト,
10071154,医療機器バッテリー交換,イリョウキキバッテリーコウカン,
10071155,自己免疫性関節炎,ジコメンエキセイカンセツエン,
10071156,投与部位発疹,トウヨブイホッシン,トウヨブイハッシン
10071161,結腸異形成,ケッチョウイケイセイ,
10071163,滴下投与部位合併症,テキカトウヨブイガッペイショウ,
10071164,角膜肥厚,カクマクヒコウ,
10071165,副鼻腔嚢胞切除,フクビクウノウホウセツジョ,
10071167,血管新生バイオマーカー,ケッカンシンセイバイオマーカー,
10071168,血管新生バイオマーカー上昇,ケッカンシンセイバイオマーカージョウショウ,
10071169,血管新生バイオマーカー低下,ケッカンシンセイバイオマーカーテイカ,
10071176,推理力低下,スイリリョクテイカ,
10071180,外傷性歯転位,ガイショウセイシテンイ,
10071181,硝子体網膜牽引症候群,ショウシタイモウマクケンインショウコウグン,
10071183,胎児メトトレキサート症候群,タイジメトトレキサートショウコウグン,
10071186,心室同期不全,シンシツドウキフゼン,
10071187,逆行性Ｐ波,ギャッコウセイPハ,
10071192,食道乳頭腫,ショクドウニュウトウシュ,
10071193,ホーマンズ徴候陰性,ホーマンズチョウコウインセイ,
10071196,視神経乳頭充血,シシンケイニュウトウジュウケツ,
10071198,アレルギー性肝炎,アレルギーセイカンエン,
10071199,眼周囲注射,ガンシュウイチュウシャ,
10071200,炭水化物不耐症,タンスイカブツフタイショウ,
10071205,脳幹微小出血,ノウカンビショウシュッケツ,
10071206,小脳微小出血,ショウノウビショウシュッケツ,
10071209,カンジダ性子宮頚管炎,カンジダセイシキュウケイカンエン,
10071210,ヒトヘルペスウイルス８検査陽性,ヒトヘルペスウイルス8ケンサヨウセイ,
10071211,外陰腟腫脹,ガイインチツシュチョウ,
10071212,外陰腟損傷,ガイインチツソンショウ,
10071220,投薬中断後肝炎,トウヤクチュウダンゴカンエン,
10071224,乳房スキャン,ニュウボウスキャン,
10071229,処置による出血,ショチニヨルシュッケツ,
10071232,立ち耳,タチミミ,
10071233,絞扼耳変形,コウヤクジヘンケイ,
10071236,後天性混合型高脂血症,コウテンセイコンゴウガタコウシケッショウ,コウテンセイコンゴウガタコウシケツショウ
10071238,むちゃ飲み,ムチャノミ,
10071242,原産不明の製品,ゲンサンフメイノセイヒン,
10071243,パーキンソニズム・異常高熱症候群,パーキンソニズムイジョウコウネツショウコウグン,
10071246,網膜血管周囲鞘形成,モウマクケッカンシュウイショウケイセイ,
10071248,上大静脈拡張,ジョウダイジョウミャクカクチョウ,
10071249,サリドマイド胎芽病,サリドマイドタイガビョウ,
10071250,感染性甲状腺炎,カンセンセイコウジョウセンエン,
10071251,再発舌癌,サイハツゼツガン,
10071252,出血性血管炎,シュッケツセイケッカンエン,
10071253,肺胞気・動脈血酸素勾配,ハイホウキドウミャクケツサンソコウバイ,
10071254,肺胞気・動脈血酸素勾配正常,ハイホウキドウミャクケツサンソコウバイセイジョウ,
10071255,肺胞気・動脈血酸素勾配上昇,ハイホウキドウミャクケツサンソコウバイジョウショウ,
10071256,大動脈ステント挿入,ダイドウミャクステントソウニュウ,
10071257,胸膜嚢胞,キョウマクノウホウ,
10071258,胃腸管瘻修復,イチョウカンロウシュウフク,
10071259,胃瘻修復,イロウシュウフク,
10071260,頚動脈形成,ケイドウミャクケイセイ,
10071261,腸間膜動脈ステント挿入,チョウカンマクドウミャクステントソウニュウ,
10071263,強迫洗手,キョウハクセンシュ,
10071264,電撃損傷,デンゲキソンショウ,
10071265,糖尿病性肝障害,トウニョウビョウセイカンショウガイ,
10071266,扁桃体破壊,ヘントウタイハカイ,
10071275,機能性胃腸障害,キノウセイイチョウショウガイ,
10071282,肥満細胞性腸炎,ヒマンサイボウセイチョウエン,
10071283,ゴーラム病,ゴーラムビョウ,
10071284,トルソー徴候,トルソーチョウコウ,
10071286,高血糖性意識消失,コウケットウセイイシキショウシツ,
10071287,偽造製品の疑い,ギゾウセイヒンノウタガイ,
10071289,下部尿路症状,カブニョウロショウジョウ,
10071295,尿路系超音波検査,ニョウロケイチョウオンパケンサ,
10071299,言語緩慢,ゲンゴカンマン,
10071301,肝周囲炎,カンシュウイエン,
10071302,ジスキネジア・異常高熱症候群,ジスキネジアイジョウコウネツショウコウグン,
10071304,血中コレステロールエステラーゼ増加,ケッチュウコレステロールエステラーゼゾウカ,
10071306,体表面積増加,タイヒョウメンセキゾウカ,
10071307,体表面積減少,タイヒョウメンセキゲンショウ,
10071308,メラニン細胞過形成,メラニンサイボウカケイセイ,
10071309,硬膜外線維症,コウマクガイセンイショウ,
10071311,固定性扁豆状角化症,コテイセイヘンズジョウカクカショウ,
10071316,脊髄動脈血栓症,セキズイドウミャクケッセンショウ,
10071317,中枢神経系機能検査,チュウスウシンケイケイキノウケンサ,
10071318,糖鎖抗原１２５正常,トウサコウゲン125セイジョウ,
10071320,腟スミア正常,チツスミアセイジョウ,
10071321,網膜振盪,モウマクシントウ,
10071322,トロポニン正常,トロポニンセイジョウ,
10071323,神経精神症候群,シンケイセイシンショウコウグン,
10071324,発作後うつ病,ホッサゴウツビョウ,
10071325,ヒト絨毛性ゴナドトロピン,ヒトジュウモウセイゴナドトロピン,
10071326,ＣＳＦビリルビン陽性,CSFビリルビンヨウセイ,
10071328,遺伝性運動ニューロン疾患,イデンセイウンドウニューロンシッカン,
10071329,遊離アンドロゲン指数低下,ユウリアンドロゲンシスウテイカ,
10071330,ヒト絨毛性ゴナドトロピン異常,ヒトジュウモウセイゴナドトロピンイジョウ,
10071331,ヒト絨毛性ゴナドトロピン減少,ヒトジュウモウセイゴナドトロピンゲンショウ,
10071332,ヒト絨毛性ゴナドトロピン増加,ヒトジュウモウセイゴナドトロピンゾウカ,
10071333,ヒト絨毛性ゴナドトロピン陰性,ヒトジュウモウセイゴナドトロピンインセイ,
10071334,ヒト絨毛性ゴナドトロピン正常,ヒトジュウモウセイゴナドトロピンセイジョウ,
10071335,ヒト絨毛性ゴナドトロピン陽性,ヒトジュウモウセイゴナドトロピンヨウセイ,
10071342,Ｂ型肝炎コア抗体,Bガタカンエンコアコウタイ,
10071343,Ｂ型肝炎ｅ抗体,Bガタカンエンeコウタイ,
10071344,Ｂ型肝炎コア抗体陽性,Bガタカンエンコアコウタイヨウセイ,
10071345,Ｂ型肝炎コア抗体陰性,Bガタカンエンコアコウタイインセイ,
10071346,Ｂ型肝炎表面抗体陽性,Bガタカンエンヒョウメンコウタイヨウセイ,
10071347,Ｂ型肝炎表面抗体陰性,Bガタカンエンヒョウメンコウタイインセイ,
10071348,Ｂ型肝炎ｅ抗体陽性,Bガタカンエンeコウタイヨウセイ,
10071349,Ｂ型肝炎ｅ抗体陰性,Bガタカンエンeコウタイインセイ,
10071350,群発発作,グンパツホッサ,
10071353,高マグネシウム尿症,コウマグネシウムニョウショウ,
10071354,尿中マグネシウム増加,ニョウチュウマグネシウムゾウカ,
10071356,尿中マグネシウム減少,ニョウチュウマグネシウムゲンショウ,
10071357,尿中マグネシウム,ニョウチュウマグネシウム,
10071358,声帯白斑症,セイタイハクハンショウ,
10071359,先天性不全片麻痺,センテンセイフゼンヘンマヒ,
10071360,カプセル内視鏡検査,カプセルナイシキョウケンサ,
10071362,ウイルス性敗血症,ウイルスセイハイケツショウ,
10071363,唾液腺硬結,ダエキセンコウケツ,
10071365,軟骨毒性,ナンコツドクセイ,
10071366,外傷後頚部症候群,ガイショウゴケイブショウコウグン,
10071367,感染性皮膚嚢腫,カンセンセイヒフノウシュ,
10071368,心的外傷,シンテキガイショウ,
10071369,膵嚢胞破裂,スイノウホウハレツ,
10071370,水晶体摘出,スイショウタイテキシュツ,
10071380,慢性肥厚性好酸球性副鼻腔炎,マンセイヒコウセイコウサンキュウセイフクビクウエン,
10071381,胸腔チューブ除去,キョウクウチューブジョキョ,
10071383,総合障害度評価尺度,ソウゴウショウガイドヒョウカシャクド,
10071384,総合障害度評価尺度スコア増加,ソウゴウショウガイドヒョウカシャクドスコアゾウカ,
10071385,総合障害度評価尺度スコア減少,ソウゴウショウガイドヒョウカシャクドスコアゲンショウ,
10071386,尿中ヘキソース四糖類減少,ニョウチュウヘキソースヨントウルイゲンショウ,
10071388,甲状腺刺激免疫グロブリン,コウジョウセンシゲキメンエキグロブリン,
10071389,甲状腺刺激免疫グロブリン増加,コウジョウセンシゲキメンエキグロブリンゾウカ,
10071390,安静時振戦,アンセイジシンセン,
10071391,網膜線維症,モウマクセンイショウ,
10071392,黄斑線維症,オウハンセンイショウ,
10071394,高血糖性痙攣,コウケットウセイケイレン,
10071398,バニシングツイン症候群,バニシングツインショウコウグン,
10071399,慢性好酸球性副鼻腔炎,マンセイコウサンキュウセイフクビクウエン,
10071400,軸性脊椎関節炎,ジクセイセキツイカンセツエン,
10071401,マイコバクテリウム・ケロナエ感染,マイコバクテリウムケロナエカンセン,
10071404,妊娠時の胎児の曝露,ニンシンジノタイジノバクロ,
10071405,時期不明な胎児の曝露,ジキフメイナタイジノバクロ,
10071406,妊娠前の母体の曝露,ニンシンゼンノボタイノバクロ,ニンシンマエノボタイノバクロ
10071407,分娩時の母体の曝露,ブンベンジノボタイノバクロ,
10071408,妊娠時の母体の曝露,ニンシンジノボタイノバクロ,
10071409,分娩時の胎児の曝露,ブンベンジノタイジノバクロ,
10071410,血液を介した曝露,ケツエキヲカイシタバクロ,
10071411,直接接触を介した曝露,チョクセツセッショクヲカイシタバクロ,
10071412,パートナーを介した曝露,パートナーヲカイシタバクロ,
10071415,時期不明な母体の曝露,ジキフメイナボタイノバクロ,
10071416,父親経由の胎児の曝露,チチオヤケイユノタイジノバクロ,
10071430,皮膚接触を介した曝露,ヒフセッショクヲカイシタバクロ,
10071434,ビオチニダーゼ欠損症,ビオチニダーゼケッソンショウ,
10071435,アセチルコリンエステラーゼ欠損症,アセチルコリンエステラーゼケッソンショウ,
10071436,収縮機能障害,シュウシュクキノウショウガイ,
10071437,軟骨骨異形成症,ナンコツコツイケイセイショウ,
10071440,陰嚢尿腫,インノウニョウシュ,
10071441,エプスタイン・バーウイルス関連リンパ腫,エプスタインバーウイルスカンレンリンパシュ,
10071442,腎結石症予防,ジンケッセキショウヨボウ,
10071443,腕橈骨筋そう痒症,ワントウコツキンソウヨウショウ,
10071444,バイオフィードバック療法,バイオフィードバックリョウホウ,
10071445,膀胱出口部閉塞,ボウコウデグチブヘイソク,
10071449,パレコウイルス感染,パレコウイルスカンセン,
10071461,抗ビメンチン抗体,コウビメンチンコウタイ,
10071462,抗上皮抗体,コウジョウヒコウタイ,
10071463,抗神経細胞抗体,コウシンケイサイボウコウタイ,
10071464,抗アクチン抗体,コウアクチンコウタイ,
10071465,抗トロンビン抗体,コウトロンビンコウタイ,
10071466,抗アクアポリン４抗体,コウアクアポリン4コウタイ,
10071467,抗基底核抗体,コウキテイカクコウタイ,
10071468,抗ＮＭＤＡ抗体,コウNMDAコウタイ,
10071469,抗ＩＡ２抗体,コウIA2コウタイ,
10071470,抗グリシルｔＲＮＡ合成酵素抗体,コウグリシルtRNAゴウセイコウソコウタイ,
10071471,抗亜鉛輸送体８抗体,コウアエンユソウタイ8コウタイ,
10071472,抗トランスグルタミナーゼ抗体,コウトランスグルタミナーゼコウタイ,
10071473,抗ガングリオシド抗体,コウガングリオシドコウタイ,
10071474,抗エキソソーム複合体抗体,コウエキソソームフクゴウタイコウタイ,
10071475,抗筋特異的キナーゼ抗体,コウキントクイテキキナーゼコウタイ,
10071476,抗ＶＧＣＣ抗体,コウVGCCコウタイ,
10071477,抗補体抗体,コウホタイコウタイ,
10071478,抗ＶＧＫＣ抗体,コウVGKCコウタイ,
10071502,腸静脈瘤,チョウジョウミャクリュウ,
10071503,クリスタル腎症,クリスタルジンショウ,
10071504,創傷血腫,ソウショウケッシュ,
10071505,椎骨脳底動脈伸展拡張症,ツイコツノウテイドウミャクシンテンカクチョウショウ,
10071506,胎児モニタリング正常,タイジモニタリングセイジョウ,
10071507,胎児モニタリング異常,タイジモニタリングイジョウ,
10071508,脳血行再建,ノウケッコウサイケン,
10071516,胎児ノンストレステスト異常,タイジノンストレステストイジョウ,
10071517,胎児ノンストレステスト正常,タイジノンストレステストセイジョウ,
10071530,慢性再発性多発性骨髄炎,マンセイサイハツセイタハツセイコツズイエン,
10071532,遠隔転移を伴う絨毛癌,エンカクテンイヲトモナウジュウモウガン,
10071533,遠隔転移を伴う肺扁平上皮癌,エンカクテンイヲトモナウハイヘンペイジョウヒガン,
10071534,免疫表現型分類,メンエキヒョウゲンガタブンルイ,
10071535,遠隔転移を伴う非ホジキンリンパ腫,エンカクテンイヲトモナウヒホジキンリンパシュ,
10071536,頭頚部癌第４期,トウケイブガンダイ4キ,
10071537,頭頚部癌第３期,トウケイブガンダイ3キ,
10071538,頭頚部癌第２期,トウケイブガンダイ2キ,
10071539,頭頚部癌第１期,トウケイブガンダイ1キ,
10071540,遠隔転移を伴う頭頚部癌,エンカクテンイヲトモナウトウケイブガン,
10071541,遠隔転移を伴うリンパ腫,エンカクテンイヲトモナウリンパシュ,
10071542,遠隔転移を伴う神経内分泌癌,エンカクテンイヲトモナウシンケイナイブンピガン,エンカクテンイヲトモナウシンケイナイブンピツガン
10071543,ＣＤ８リンパ球異常,CD8リンパキュウイジョウ,
10071544,Ｂ型インフルエンザウイルス検査,Bガタインフルエンザウイルスケンサ,
10071547,９トリソミー,9トリソミー,
10071552,刺激反応低下,シゲキハンノウテイカ,
10071553,鼻汁変色,ビジュウヘンショク,ハナジルヘンショク
10071554,食道アトニー,ショクドウアトニー,
10071557,腸間膜血腫,チョウカンマクケッシュ,
10071559,結核性子宮内膜炎,ケッカクセイシキュウナイマクエン,
10071564,肢切断,シセツダン,
10071565,波動触診,ハドウショクシン,
10071566,膀胱皮膚瘻,ボウコウヒフロウ,
10071570,木質結膜炎,モクシツケツマクエン,
10071573,スザック症候群,スザックショウコウグン,
10071574,精巣自己免疫,セイソウジコメンエキ,
10071575,未分化結合組織病,ミブンカケツゴウソシキビョウ,
10071576,自己免疫性再生不良性貧血,ジコメンエキセイサイセイフリョウセイヒンケツ,
10071577,自己免疫性高脂血症,ジコメンエキセイコウシケッショウ,ジコメンエキセイコウシケツショウ
10071578,自己免疫性網膜症,ジコメンエキセイモウマクショウ,
10071579,神経細胞ニューロパチー,シンケイサイボウニューロパチー,
10071583,血球貪食性リンパ組織球症,ケッキュウドンショクセイリンパソシキキュウショウ,
10071587,製品剤形の混同,セイヒンザイケイノコンドウ,
10071588,外陰腟発疹,ガイインチツホッシン,ガイインチツハッシン
10071590,尿流動態検査異常,ニョウリュウドウタイケンサイジョウ,
10071591,ＨＬＡ－Ｂ＊５７０１検査,HLAB5701ケンサ,
10071592,ＨＬＡ－Ｂ＊１５０２検査,HLAB1502ケンサ,
10071593,未分化リンパ腫受容体チロシンキナーゼ測定,ミブンカリンパシュジュヨウタイチロシンキナーゼソクテイ,
10071594,アンドロゲン受容体測定,アンドロゲンジュヨウタイソクテイ,
10071595,Ｃ－ｋｉｔ受容体測定,Ckitジュヨウタイソクテイ,
10071596,血小板由来増殖因子受容体測定,ケッショウバンユライゾウショクインシジュヨウタイソクテイ,
10071597,血管内皮増殖因子測定,ケッカンナイヒゾウショクインシソクテイ,
10071598,膜貫通受容体チロシンキナーゼ測定,マクカンツウジュヨウタイチロシンキナーゼソクテイ,
10071599,ＩＬ－２受容体測定,IL2ジュヨウタイソクテイ,
10071600,ＮＡＴ２遺伝子多型,NAT2イデンシタケイ,
10071601,ＣＹＰ２Ｄ６遺伝子多型,CYP2D6イデンシタケイ,
10071602,遺伝的多型,イデンテキタケイ,
10071603,ＣＹＰ２Ｃ１９遺伝子多型,CYP2C19イデンシタケイ,
10071604,薬物代謝酵素検査,ヤクブツタイシャコウソケンサ,
10071605,薬物代謝酵素検査正常,ヤクブツタイシャコウソケンサセイジョウ,
10071606,薬物代謝酵素検査異常,ヤクブツタイシャコウソケンサイジョウ,
10071607,薬物代謝酵素増加,ヤクブツタイシャコウソゾウカ,
10071608,薬物代謝酵素減少,ヤクブツタイシャコウソゲンショウ,
10071634,胆汁分泌不全,タンジュウブンピフゼン,タンジュウブンピツフゼン
10071639,外傷後点状表皮内出血,ガイショウゴテンジョウヒョウヒナイシュッケツ,
10071641,ベル現象,ベルゲンショウ,
10071642,膝窩動脈捕捉症候群,シッカドウミャクホソクショウコウグン,シツカドウミャクホソクショウコウグン
10071648,非感染性腹膜炎,ヒカンセンセイフクマクエン,
10071651,前位肛門,ゼンイコウモン,
10071652,臍帯血栓症,サイタイケッセンショウ,
10071654,便中エラスターゼ濃度正常,ベンチュウエラスターゼノウドセイジョウ,
10071655,便中エラスターゼ濃度異常,ベンチュウエラスターゼノウドイジョウ,
10071656,便中エラスターゼ濃度減少,ベンチュウエラスターゼノウドゲンショウ,
10071657,便中キモトリプシン正常,ベンチュウキモトリプシンセイジョウ,
10071658,便中キモトリプシン異常,ベンチュウキモトリプシンイジョウ,
10071659,脳性ナトリウム利尿ペプチド前駆体Ｎ端フラグメント正常,ノウセイナトリウムリニョウペプチドゼンクタイNタンフラグメントセイジョウ,
10071660,脳性ナトリウム利尿ペプチド前駆体Ｎ端フラグメント異常,ノウセイナトリウムリニョウペプチドゼンクタイNタンフラグメントイジョウ,
10071661,脳性ナトリウム利尿ペプチド前駆体Ｎ端フラグメント減少,ノウセイナトリウムリニョウペプチドゼンクタイNタンフラグメントゲンショウ,
10071662,脳性ナトリウム利尿ペプチド前駆体Ｎ端フラグメント増加,ノウセイナトリウムリニョウペプチドゼンクタイNタンフラグメントゾウカ,
10071663,末梢神経不全麻痺,マッショウシンケイフゼンマヒ,
10071664,遠隔転移を伴う膀胱移行上皮癌,エンカクテンイヲトモナウボウコウイコウジョウヒガン,
10071665,鼻副鼻腔乳頭腫,ビフクビクウニュウトウシュ,
10071666,心房副収縮,シンボウフクシュウシュク,
10071669,無痛性片頭痛,ムツウセイヘンズツウ,
10071677,静脈内平滑筋腫症,ジョウミャクナイヘイカツキンシュショウ,
10071681,角膜内皮細胞減少,カクマクナイヒサイボウゲンショウ,
10071682,眼窩脂肪萎縮,ガンカシボウイシュク,
10071683,びまん性層状角膜炎,ビマンセイソウジョウカクマクエン,
10071684,前房虚脱,ゼンボウキョダツ,
10071685,結膜染色,ケツマクセンショク,
10071690,角膜フラップ合併症,カクマクフラップガッペイショウ,
10071694,歯牙漏洩,シガロウエイ,
10071695,気脊柱,キセキチュウ,
10071697,眼窩周囲出血,ガンカシュウイシュッケツ,
10071699,感染性胸水,カンセンセイキョウスイ,
10071706,小陰茎,ショウインケイ,
10071707,扁桃体海馬切除術,ヘントウタイカイバセツジョジュツ,
10071710,ルネーグル病,ルネーグルビョウ,
10071715,肛門性交,コウモンセイコウ,
10071717,眼瞼皮膚乾燥,ガンケンヒフカンソウ,
10071718,ファウラー症候群,ファウラーショウコウグン,
10071719,橈骨欠損血小板減少症候群,トウコツケッソンケッショウバンゲンショウショウコウグン,
10071732,後腹膜腫瘤,コウフクマクシュリュウ,
10071733,放射線気管損傷,ホウシャセンキカンソンショウ,
10071734,放射線咽頭損傷,ホウシャセンイントウソンショウ,
10071735,生着前免疫反応,セイチャクゼンメンエキハンノウ,
10071742,ポンセ病,ポンセビョウ,
10071743,医療機器機能検査,イリョウキキキノウケンサ,
10071747,脳海綿状血管奇形,ノウカイメンジョウケッカンキケイ,
10071754,乳蛋白・大豆蛋白不耐症,ニュウタンパクダイズタンパクフタイショウ,
10071755,ブラウ症候群,ブラウショウコウグン,
10071757,輪状膵,リンジョウスイ,
10071758,男性生殖器瘻,ダンセイセイショクキロウ,
10071759,筋浮腫,キンフシュ,
10071762,１４トリソミー,14トリソミー,
10071763,ウイルス性脊髄炎,ウイルスセイセキズイエン,
10071764,非感染性脊髄炎,ヒカンセンセイセキズイエン,
10071767,ネックリフト,ネックリフト,
10071775,ヘルマンスキー・プドラック症候群,ヘルマンスキープドラックショウコウグン,
10071776,葉状腫瘍,ヨウジョウシュヨウ,
10071927,神経特異性エノラーゼ,シンケイトクイセイエノラーゼ,
10071928,神経特異性エノラーゼ減少,シンケイトクイセイエノラーゼゲンショウ,
10071929,神経特異性エノラーゼ増加,シンケイトクイセイエノラーゼゾウカ,
10071930,橈骨神経圧迫,トウコツシンケイアッパク,
10071934,眼内血腫,ガンナイケッシュ,
10071935,網膜下血腫,モウマクカケッシュ,
10071936,硝子体血腫,ショウシタイケッシュ,
10071946,透析関連合併症,トウセキカンレンガッペイショウ,
10071952,Ｋ－ｒａｓ状態検査,Krasジョウタイケンサ,
10071953,Ｎ－ｒａｓ状態検査,Nrasジョウタイケンサ,
10071954,Ｈ－ｒａｓ状態検査,Hrasジョウタイケンサ,
10071955,ＥＧＦＲ状態検査,EGFRジョウタイケンサ,
10071956,Ｃ－ｋｉｔ遺伝子状態検査,Ckitイデンシジョウタイケンサ,
10071957,ＣＹＰ２Ｄ６遺伝子状態検査,CYP2D6イデンシジョウタイケンサ,
10071958,ＮＡＴ２遺伝子状態検査,NAT2イデンシジョウタイケンサ,
10071959,ＨＥＲＧ遺伝子状態検査,HERGイデンシジョウタイケンサ,
10071960,ＨＬＡ－Ｂ遺伝子状態検査,HLABイデンシジョウタイケンサ,
10071962,ＢＣＬ－２遺伝子状態検査,BCL2イデンシジョウタイケンサ,
10071963,ＢＲＣＡ１遺伝子変異検査,BRCA1イデンシヘンイケンサ,
10071964,炭酸脱水素酵素遺伝子変異検査,タンサンダッスイソコウソイデンシヘンイケンサ,
10071965,ＣＹＰ２Ｃ１９遺伝子状態検査,CYP2C19イデンシジョウタイケンサ,
10071966,ＰＴＥＮ遺伝子変異検査,PTENイデンシヘンイケンサ,
10071967,ＲＥＴ遺伝子変異検査,RETイデンシヘンイケンサ,
10071968,ＵＧＴ１Ａ１遺伝子変異検査,UGT1A1イデンシヘンイケンサ,
10071969,チロシンキナーゼ変異検査,チロシンキナーゼヘンイケンサ,
10071970,ＢＲＣＡ２遺伝子変異検査,BRCA2イデンシヘンイケンサ,
10071971,Ｈ－ｒａｓ遺伝子変異,Hrasイデンシヘンイ,
10071972,Ｎ－ｒａｓ遺伝子変異,Nrasイデンシヘンイ,
10071973,Ｃ－ｋｉｔ遺伝子変異,Ckitイデンシヘンイ,
10071974,Ｃ－ｋｉｔ遺伝子過剰発現,Ckitイデンシカジョウハツゲン,
10071975,ＥＧＦＲ遺伝子変異,EGFRイデンシヘンイ,
10071976,ＨＥＲＧ遺伝子変異,HERGイデンシヘンイ,
10071977,未分化リンパ腫キナーゼ遺伝子変異,ミブンカリンパシュキナーゼイデンシヘンイ,
10071978,未分化リンパ腫キナーゼ－ヌクレオフォスミン融合遺伝子過剰発現,ミブンカリンパシュキナーゼヌクレオフォスミンユウゴウイデンシカジョウハツゲン,
10071979,アンドロゲン受容体遺伝子過剰発現,アンドロゲンジュヨウタイイデンシカジョウハツゲン,
10071980,ＢＲＣＡ１遺伝子変異,BRCA1イデンシヘンイ,
10071981,ＢＲＣＡ２遺伝子変異,BRCA2イデンシヘンイ,
10071982,炭酸脱水素酵素遺伝子変異,タンサンダッスイソコウソイデンシヘンイ,
10071983,エストロゲン受容体遺伝子過剰発現,エストロゲンジュヨウタイイデンシカジョウハツゲン,
10071984,血小板由来増殖因子受容体過剰発現,ケッショウバンユライゾウショクインシジュヨウタイカジョウハツゲン,
10071985,プロゲステロン受容体遺伝子過剰発現,プロゲステロンジュヨウタイイデンシカジョウハツゲン,
10071986,ＰＴＥＮ遺伝子変異,PTENイデンシヘンイ,
10071987,ＲＥＴ遺伝子変異,RETイデンシヘンイ,
10071988,ＵＧＴ１Ａ１遺伝子変異,UGT1A1イデンシヘンイ,
10071989,血管内皮増殖因子過剰発現,ケッカンナイヒゾウショクインシカジョウハツゲン,
10071990,チロシンキナーゼ変異,チロシンキナーゼヘンイ,
10071991,膜貫通受容体チロシンキナーゼ過剰発現,マクカンツウジュヨウタイチロシンキナーゼカジョウハツゲン,
10071992,ＥＧＦＲ遺伝子過剰発現,EGFRイデンシカジョウバツゲン,
10072001,高カルシトニン血症,コウカルシトニンケッショウ,コウカルシトニンケツショウ
10072005,脊椎痛,セキツイツウ,
10072006,男性生殖器萎縮,ダンセイセイショクキイシュク,
10072007,包皮小帯,ホウヒショウタイ,
10072010,高ＩｇＤ症候群,コウIgDショウコウグン,
10072012,口蓋麻痺,コウガイマヒ,
10072013,放射線性乳腺炎,ホウシャセンセイニュウセンエン,
10072018,食道ラジオ波焼灼療法,ショクドウラジオハショウシャクリョウホウ,
10072019,腎位置異常,ジンイチイジョウ,
10072020,膿精液症,ノウセイエキショウ,
10072021,酵素活性上昇,コウソカッセイジョウショウ,
10072022,酵素活性正常,コウソカッセイセイジョウ,
10072023,酵素活性異常,コウソカッセイイジョウ,
10072024,腸間膜の良性新生物,チョウカンマクノリョウセイシンセイブツ,
10072025,腸間膜新生物,チョウカンマクシンセイブツ,
10072036,先天性メラノサイト性母斑,センテンセイメラノサイトセイボハン,
10072038,小胎盤,ショウタイバン,
10072040,乳頭の良性新生物,ニュウトウノリョウセイシンセイブツ,
10072041,硬膜外注射,コウマクガイチュウシャ,
10072042,パリノー症候群,パリノーショウコウグン,
10072043,中枢神経系出血,チュウスウシンケイケイシュッケツ,
10072044,胆汁性嚢胞破裂,タンジュウセイノウホウハレツ,
10072045,放射線脱毛症,ホウシャセンダツモウショウ,
10072046,心臓局所冷却,シンゾウキョクショレイキャク,
10072052,プラーク偏位,プラークヘンイ,
10072055,ボトリオミセス症,ボトリオミセスショウ,
10072058,腎周囲炎,ジンシュウイエン,
10072059,卵巣静脈血栓症,ランソウジョウミャクケッセンショウ,
10072060,出生前スクリーニング検査,シュッセイゼンスクリーニングケンサ,シュッセイマエスクリーニングケンサ
10072063,鉛曝露,ナマリバクロ,
10072064,体液曝露,タイエキバクロ,
10072065,生殖管理,セイショクカンリ,
10072066,人工心臓植込み,ジンコウシンゾウウエコミ,
10072067,人工皮膚移植,ジンコウヒフイショク,
10072068,幹細胞提供者,カンサイボウテイキョウシャ,
10072069,骨髄提供者,コツズイテイキョウシャ,
10072070,卵子提供者,ランシテイキョウシャ,
10072071,医学的カウンセリング,イガクテキカウンセリング,
10072072,小児期の行動性不眠症,ショウニキノコウドウセイフミンショウ,
10072073,ボディ・マス・インデックス正常,ボディマスインデックスセイジョウ,
10072075,ゲルストマン・シュトロイスラー・シャインカー症候群,ゲルストマンシュトロイスラーシャインカーショウコウグン,
10072077,致死性家族性不眠症,チシセイカゾクセイフミンショウ,
10072078,パラポックスウイルス感染,パラポックスウイルスカンセン,
10072079,グルココルチコイド欠乏症,グルココルチコイドケツボウショウ,
10072080,ミネラルコルチコイド欠乏症,ミネラルコルチコイドケツボウショウ,
10072081,杆状核球増加症,カンジョウカクキュウゾウカショウ,
10072082,環境曝露,カンキョウバクロ,
10072083,暴力的事象への曝露,ボウリョクテキジショウヘノバクロ,
10072084,結核免疫,ケッカクメンエキ,
10072103,ワクチン接種未完了,ワクチンセッシュミカンリョウ,
10072104,フルクトース不耐症,フルクトースフタイショウ,
10072106,傍腫瘍性神経症候群,ボウシュヨウセイシンケイショウコウグン,
10072107,先天性血液学的障害,センテンセイケツエキガクテキショウガイ,
10072108,後天性サラセミア,コウテンセイサラセミア,
10072116,頭蓋裂孔,トウガイレッコウ,
10072120,足関節インピンジメント,ソクカンセツインピンジメント,アシカンセツインピンジメント
10072123,偽斜視,ギシャシ,
10072125,膝蓋下脂肪体炎,シツガイカシボウタイエン,
10072126,偽性低ナトリウム血症,ギセイテイナトリウムケッショウ,ギセイテイナトリウムケツショウ
10072132,骨折痛,コッセツツウ,
10072134,抗トランスグルタミナーゼ抗体増加,コウトランスグルタミナーゼコウタイゾウカ,
10072135,フード状包皮,フードジョウホウヒ,
10072136,カテーテル留置部位膿瘍,カテーテルリュウチブイノウヨウ,
10072137,腎保護療法,ジンホゴリョウホウ,
10072138,輪部幹細胞欠乏,リンブカンサイボウケツボウ,
10072139,眼酒さ,ガンシュサ,
10072140,膀胱壁石灰化,ボウコウヘキセッカイカ,
10072141,眼窩減圧,ガンカゲンアツ,
10072142,パーマネントコスメティックダーマピグメンテーション,パーマネントコスメティックダーマピグメンテーション,
10072143,結膜毛細血管拡張症,ケツマクモウサイケッカンカクチョウショウ,
10072144,フォアダイス斑,フォアダイスハン,
10072148,全身硬直症候群,ゼンシンコウチョクショウコウグン,
10072153,脂肪注入,シボウチュウニュウ,
10072157,半月板嚢腫,ハンゲツバンノウシュ,
10072158,慢性腸管移植片対宿主病,マンセイチョウカンイショクヘンタイシュクシュビョウ,
10072159,慢性皮膚移植片対宿主病,マンセイヒフイショクヘンタイシュクシュビョウ,
10072160,慢性肝移植片対宿主病,マンセイカンイショクヘンタイシュクシュビョウ,
10072161,穿刺部位腫脹,センシブイシュチョウ,
10072162,再発甲状腺癌,サイハツコウジョウセンガン,
10072163,食道胃十二指腸内視鏡検査異常,ショクドウイジュウニシチョウナイシキョウケンサイジョウ,
10072164,食道胃十二指腸内視鏡検査正常,ショクドウイジュウニシチョウナイシキョウケンサセイジョウ,
10072165,食道胃内視鏡検査正常,ショクドウイナイシキョウケンサセイジョウ,
10072166,食道胃内視鏡検査異常,ショクドウイナイシキョウケンサイジョウ,
10072167,頭部コンピュータ断層撮影正常,トウブコンピュータダンソウサツエイセイジョウ,
10072168,頭部コンピュータ断層撮影異常,トウブコンピュータダンソウサツエイイジョウ,
10072169,腎コンピュータ断層撮影正常,ジンコンピュータダンソウサツエイセイジョウ,
10072170,皮膚創傷,ヒフソウショウ,
10072171,腎コンピュータ断層撮影異常,ジンコンピュータダンソウサツエイイジョウ,
10072186,気絶心筋,キゼツシンキン,
10072187,代用乳不耐症,ダイヨウニュウフタイショウ,
10072188,新生児母乳不足症候群,シンセイジボニュウフソクショウコウグン,
10072189,非対称殿溝,ヒタイショウデンコウ,
10072198,聴覚ニューロパチースペクトラム障害,チョウカクニューロパチースペクトラムショウガイ,
10072199,膀胱内注入法,ボウコウナイチュウニュウホウ,
10072202,心臓性溶血性貧血,シンゾウセイヨウケツセイヒンケツ,
10072203,赤血球破砕症候群,セッケッキュウハサイショウコウグン,
10072204,糖鎖欠損トランスフェリン増加,トウサケッソントランスフェリンゾウカ,
10072205,内皮細胞プロテインＣ受容体多型,ナイヒサイボウプロテインCジュヨウタイタケイ,
10072206,ヤーヌスキナーゼ２変異,ヤーヌスキナーゼ2ヘンイ,
10072207,脾線維症,ヒセンイショウ,
10072208,食道線維症,ショクドウセンイショウ,
10072209,筋膜断裂,キンマクダンレツ,
10072210,陰部帯状疱疹,インブタイジョウホウシン,
10072219,メバロン酸尿症,メバロンサンニョウショウ,
10072220,自己炎症疾患,ジコエンショウシッカン,
10072221,メバロン酸キナーゼ欠損症,メバロンサンキナーゼケッソンショウ,
10072222,化膿性無菌性関節炎・壊疽性膿皮症・アクネ症候群,カノウセイムキンセイカンセツエンエソセイノウヒショウアクネショウコウグン,
10072223,マジード症候群,マジードショウコウグン,
10072224,インターロイキン１受容体アンタゴニスト欠損症,インターロイキン1ジュヨウタイアンタゴニストケッソンショウ,
10072226,腎血管血栓症,ジンケッカンケッセンショウ,
10072227,頚部手術,ケイブシュジュツ,
10072228,歯髄出血,シズイシュッケツ,
10072229,家族性舟状頭蓋症候群,カゾクセイシュウジョウトウガイショウコウグン,
10072233,酵素濃度測定,コウソノウドソクテイ,
10072234,酵素濃度増加,コウソノウドゾウカ,
10072235,酵素濃度減少,コウソノウドゲンショウ,
10072247,サイトメガロウイルス免疫,サイトメガロウイルスメンエキ,
10072249,書痙,ショケイ,
10072251,カルチノイドクリーゼ,カルチノイドクリーゼ,
10072252,心電図の電気的無活動領域,シンデンズノデンキテキムカツドウリョウイキ,
10072255,ブラウント病,ブラウントビョウ,
10072256,出血性甲状腺嚢胞,シュッケツセイコウジョウセンノウホウ,
10072260,アミロイド関連画像異常－浮腫／滲出液貯留,アミロイドカンレンガゾウイジョウフシュシンシュツエキチョリュウ,
10072263,遅発性血清学的輸血反応,チハツセイケッセイガクテキユケツハンノウ,
10072264,低血圧性輸血副作用,テイケツアツセイユケツフクサヨウ,
10072265,輸血後紫斑病,ユケツゴシハンビョウ,
10072266,輸血関連呼吸困難,ユケツカンレンコキュウコンナン,
10072268,薬物性肝障害,ヤクブツセイカンショウガイ,
10072269,自己中心性,ジコチュウシンセイ,
10072271,原因不明の慢性絨毛炎,ゲンインフメイノマンセイジュウモウエン,
10072272,先天性脂質代謝異常,センテンセイシシツタイシャイジョウ,
10072273,３ヒドロキシアセチル補酵素Ａ脱水素酵素欠損症,3ヒドロキシアセチルホコウソAダッスイソコウソケッソンショウ,
10072280,食道粘膜紅斑,ショクドウネンマクコウハン,
10072281,放射線関連出血,ホウシャセンカンレンシュッケツ,
10072282,感染性瘻孔,カンセンセイロウコウ,
10072283,後頭蓋窩減圧,コウトウガイカゲンアツ,
10072284,腹壁静脈瘤,フクヘキジョウミャクリュウ,
10072286,麻薬性腸症候群,マヤクセイチョウショウコウグン,
10072287,十二指腸毛細血管拡張症,ジュウニシチョウモウサイケッカンカクチョウショウ,
10072288,頭蓋内脂肪腫,トウガイナイシボウシュ,
10072289,眼の変色,メノヘンショク,
10072296,薬物療法強化,ヤクブツリョウホウキョウカ,
10072302,Ｘ線造影,Xセンゾウエイ,
10072311,製品品質管理の問題,セイヒンヒンシツカンリノモンダイ,
10072312,製品製造工程管理の問題,セイヒンセイゾウコウテイカンリノモンダイ,
10072319,胆嚢静脈瘤,タンノウジョウミャクリュウ,
10072323,抗第Ｘ因子抗体陰性,コウダイ10インシコウタイインセイ,
10072324,コプロポルフィリノーゲン減少,コプロポルフィリノーゲンゲンショウ,
10072325,最高気道内圧低下,サイコウキドウナイアツテイカ,
10072326,非免疫性ヘパリン起因性血小板減少症,ヒメンエキセイヘパリンキインセイケッショウバンゲンショウショウ,
10072327,アミラーゼ異常,アミラーゼイジョウ,
10072328,アミラーゼ正常,アミラーゼセイジョウ,
10072333,子宮壊死,シキュウエシ,
10072334,抗第Ｘ因子抗体,コウダイ10インシコウタイ,
10072335,ロイコトリエン検査,ロイコトリエンケンサ,
10072336,ビールナッキー徴候,ビールナッキーチョウコウ,
10072337,ベンゾジアゼピン系薬物濃度,ベンゾジアゼピンケイヤクブツノウド,
10072338,片側気管支痙攣,ヘンソクキカンシケイレン,
10072339,コプロポルフィリノーゲン,コプロポルフィリノーゲン,
10072340,最高気道内圧,サイコウキドウナイアツ,
10072341,ビーチチェアポジション,ビーチチェアポジション,
10072342,単回使用製品の複数回使用,タンカイシヨウセイヒンノフクスウカイシヨウ,
10072349,皮膚充填剤注射,ヒフジュウテンザイチュウシャ,
10072350,食道粘膜解離,ショクドウネンマクカイリ,
10072352,散瞳検査,サンドウケンサ,
10072353,射精痛,シャセイツウ,
10072358,棘状毛髪異形成,キョクジョウモウハツイケイセイ,
10072359,神経性筋強直症,シンケイセイキンキョウチョクショウ,
10072360,腫瘍周囲浮腫,シュヨウシュウイフシュ,
10072361,手足性器症候群,テアシセイキショウコウグン,
10072362,リウマトイド好中球性皮膚症,リウマトイドコウチュウキュウセイヒフショウ,
10072369,咽頭滲出液,イントウシンシュツエキ,
10072370,腎前性腎不全,ジンゼンセイジンフゼン,
10072373,食事療法非遵守,ショクジリョウホウヒジュンシュ,
10072374,呼気終末炭酸ガス,コキシュウマツタンサンガス,
10072376,心因性運動障害,シンインセイウンドウショウガイ,
10072377,心因性振戦,シンインセイシンセン,
10072378,自己免疫性脳炎,ジコメンエキセイノウエン,
10072381,唾液腺造影,ダエキセンゾウエイ,
10072382,唾液腺造影正常,ダエキセンゾウエイセイジョウ,
10072383,唾液腺造影異常,ダエキセンゾウエイイジョウ,
10072385,ドーパミン作動性薬物療法,ドーパミンサドウセイヤクブツリョウホウ,
10072387,物質誘発性気分障害,ブッシツユウハツセイキブンショウガイ,
10072388,物質誘発性精神病性障害,ブッシツユウハツセイセイシンビョウセイショウガイ,
10072395,非定型骨折,ヒテイケイコッセツ,
10072402,補体分解産物増加,ホタイブンカイサンブツゾウカ,
10072403,非対称性ジメチルアルギニン増加,ヒタイショウセイジメチルアルギニンゾウカ,
10072404,非対称性ジメチルアルギニン減少,ヒタイショウセイジメチルアルギニンゲンショウ,
10072405,非対称性ジメチルアルギニン異常,ヒタイショウセイジメチルアルギニンイジョウ,
10072406,非対称性ジメチルアルギニン正常,ヒタイショウセイジメチルアルギニンセイジョウ,
10072407,非対称性ジメチルアルギニン,ヒタイショウセイジメチルアルギニン,
10072408,腸間膜膿瘍,チョウカンマクノウヨウ,
10072409,角膜生体染色,カクマクセイタイセンショク,
10072410,赤血球検査異常,セッケッキュウケンサイジョウ,
10072411,赤血球検査正常,セッケッキュウケンサセイジョウ,
10072412,細胞マーカー減少,サイボウマーカーゲンショウ,
10072413,動作時振戦,ドウサジシンセン,
10072419,食道運動障害,ショクドウウンドウショウガイ,
10072425,インセンティブスパイロメトリー,インセンティブスパイロメトリー,
10072426,抗精神病薬濃度減少,コウセイシンビョウヤクノウドゲンショウ,
10072427,アメーバ検査,アメーバケンサ,
10072428,アメーバ検査陰性,アメーバケンサインセイ,
10072429,ジアルジア検査陰性,ジアルジアケンサインセイ,
10072430,ジアルジア検査陽性,ジアルジアケンサヨウセイ,
10072431,アメーバ検査陽性,アメーバケンサヨウセイ,
10072432,遠隔転移を伴う胸膜悪性新生物,エンカクテンイヲトモナウキョウマクアクセイシンセイブツ,
10072433,ジアルジア検査,ジアルジアケンサ,
10072437,尿中ヨウ素増加,ニョウチュウヨウソゾウカ,
10072438,皮膚吸収不良,ヒフキュウシュウフリョウ,
10072441,クロストリジウム・ディフィシレ免疫,クロストリジウムディフィシレメンエキ,
10072442,頭部下垂症候群,トウブカスイショウコウグン,
10072446,医療施設外での分娩,イリョウシセツガイデノブンベン,
10072448,悪性青色母斑,アクセイセイショクボハン,
10072449,線維形成性黒色腫,センイケイセイセイコクショクシュ,
10072456,低カルシウム血症性痙攣,テイカルシウムケッショウセイケイレン,テイカルシウムケツショウセイケイレン
10072457,人魚体,ニンギョタイ,
10072458,尿管周囲液貯留,ニョウカンシュウイエキチョリュウ,
10072465,生気のない目,セイキノナイメ,
10072466,傾斜試験正常,ケイシャシケンセイジョウ,
10072467,傾斜試験陽性,ケイシャシケンヨウセイ,
10072468,蛍光インサイチューハイブリダイゼーション陽性,ケイコウインサイチューハイブリダイゼーションヨウセイ,
10072469,蛍光インサイチューハイブリダイゼーション陰性,ケイコウインサイチューハイブリダイゼーションインセイ,
10072470,血管作動性腸ポリペプチド検査正常,ケッカンサドウセイチョウポリペプチドケンサセイジョウ,
10072471,グルコシルセラミド正常,グルコシルセラミドセイジョウ,
10072472,グルコシルセラミド増加,グルコシルセラミドゾウカ,
10072473,グルコシルセラミド減少,グルコシルセラミドゲンショウ,
10072474,グルコシルセラミド異常,グルコシルセラミドイジョウ,
10072475,血管作動性腸ポリペプチド検査異常,ケッカンサドウセイチョウポリペプチドケンサイジョウ,
10072476,最大心拍数増加,サイダイシンパクスウゾウカ,
10072477,最大心拍数減少,サイダイシンパクスウゲンショウ,
10072478,在胎期間検査正常,ザイタイキカンケンサセイジョウ,
10072479,在胎期間検査異常,ザイタイキカンケンサイジョウ,
10072480,便中カルプロテクチン正常,ベンチュウカルプロテクチンセイジョウ,
10072481,便中カルプロテクチン異常,ベンチュウカルプロテクチンイジョウ,
10072482,便中カルプロテクチン増加,ベンチュウカルプロテクチンゾウカ,
10072483,便中カルプロテクチン減少,ベンチュウカルプロテクチンゲンショウ,
10072484,呼気水素ガス試験正常,コキスイソガスシケンセイジョウ,
10072485,呼気水素ガス試験異常,コキスイソガスシケンイジョウ,
10072486,経鼻胃管排液量正常,ケイビイカンハイエキリョウセイジョウ,
10072487,経鼻胃管排液量異常,ケイビイカンハイエキリョウイジョウ,
10072488,腹膜透析排液正常,フクマクトウセキハイエキセイジョウ,
10072489,腹膜平衡試験正常,フクマクヘイコウシケンセイジョウ,
10072490,腹膜平衡試験異常,フクマクヘイコウシケンイジョウ,
10072491,プレカリクレイン検査正常,プレカリクレインケンサセイジョウ,
10072492,プレカリクレイン検査異常,プレカリクレインケンサイジョウ,
10072493,プレカリクレイン増加,プレカリクレインゾウカ,
10072494,プレカリクレイン減少,プレカリクレインゲンショウ,
10072495,血管作動性腸ポリペプチド減少,ケッカンサドウセイチョウポリペプチドゲンショウ,
10072496,血管作動性腸ポリペプチド増加,ケッカンサドウセイチョウポリペプチドゾウカ,
10072497,抗ＩＡ２抗体陰性,コウIA2コウタイインセイ,
10072498,抗ＩＡ２抗体陽性,コウIA2コウタイヨウセイ,
10072499,抗ＮＭＤＡ抗体陰性,コウNMDAコウタイインセイ,
10072500,抗ＮＭＤＡ抗体陽性,コウNMDAコウタイヨウセイ,
10072501,抗ＶＧＣＣ抗体陰性,コウVGCCコウタイインセイ,
10072502,抗ＶＧＣＣ抗体陽性,コウVGCCコウタイヨウセイ,
10072503,抗ＶＧＫＣ抗体陰性,コウVGKCコウタイインセイ,
10072504,抗ＶＧＫＣ抗体陽性,コウVGKCコウタイヨウセイ,
10072505,抗アクチン抗体陰性,コウアクチンコウタイインセイ,
10072506,抗アクチン抗体陽性,コウアクチンコウタイヨウセイ,
10072507,抗アクアポリン４抗体陰性,コウアクアポリン4コウタイインセイ,
10072508,抗アクアポリン４抗体陽性,コウアクアポリン4コウタイヨウセイ,
10072509,抗基底核抗体陰性,コウキテイカクコウタイインセイ,
10072510,抗基底核抗体陽性,コウキテイカクコウタイヨウセイ,
10072511,抗上皮抗体陰性,コウジョウヒコウタイインセイ,
10072512,抗上皮抗体陽性,コウジョウヒコウタイヨウセイ,
10072513,抗エキソソーム複合体抗体陰性,コウエキソソームフクゴウタイコウタイインセイ,
10072514,抗エキソソーム複合体抗体陽性,コウエキソソームフクゴウタイコウタイヨウセイ,
10072515,抗ガングリオシド抗体陰性,コウガングリオシドコウタイインセイ,
10072516,抗ガングリオシド抗体陽性,コウガングリオシドコウタイヨウセイ,
10072517,抗糸球体基底膜抗体陰性,コウシキュウタイキテイマクコウタイインセイ,
10072518,抗グリシルｔＲＮＡ合成酵素抗体陰性,コウグリシルtRNAゴウセイコウソコウタイインセイ,
10072519,抗グリシルｔＲＮＡ合成酵素抗体陽性,コウグリシルtRNAゴウセイコウソコウタイヨウセイ,
10072520,抗膵島細胞抗体陰性,コウスイトウサイボウコウタイインセイ,
10072521,抗筋特異的キナーゼ抗体陰性,コウキントクイテキキナーゼコウタイインセイ,
10072522,抗筋特異的キナーゼ抗体陽性,コウキントクイテキキナーゼコウタイヨウセイ,
10072523,抗神経細胞抗体陰性,コウシンケイサイボウコウタイインセイ,
10072524,抗神経細胞抗体陽性,コウシンケイサイボウコウタイヨウセイ,
10072525,抗精子抗体陰性,コウセイシコウタイインセイ,
10072526,抗トランスグルタミナーゼ抗体陰性,コウトランスグルタミナーゼコウタイインセイ,
10072527,抗ビメンチン抗体陰性,コウビメンチンコウタイインセイ,
10072528,抗ビメンチン抗体陽性,コウビメンチンコウタイヨウセイ,
10072529,抗亜鉛輸送体８抗体陰性,コウアエンユソウタイ8コウタイインセイ,
10072530,抗亜鉛輸送体８抗体陽性,コウアエンユソウタイ8コウタイヨウセイ,
10072531,抗心筋抗体,コウシンキンコウタイ,
10072532,抗心筋抗体陰性,コウシンキンコウタイインセイ,
10072533,抗リボソームＰ抗体,コウリボソームPコウタイ,
10072534,トロンボプラスチン抗体陰性,トロンボプラスチンコウタイインセイ,
10072535,トロンボプラスチン抗体陽性,トロンボプラスチンコウタイヨウセイ,
10072537,遺伝性掌蹠角化症,イデンセイショウセキカクカショウ,
10072557,末梢動脈再狭窄,マッショウドウミャクサイキョウサク,
10072558,頚動脈再狭窄,ケイドウミャクサイキョウサク,
10072559,頚動脈血行再建,ケイドウミャクケッコウサイケン,
10072560,末梢動脈内膜剥離術,マッショウドウミャクナイマクハクリジュツ,
10072561,末梢動脈バイパス,マッショウドウミャクバイパス,
10072562,末梢動脈ステント挿入,マッショウドウミャクステントソウニュウ,
10072563,末梢動脈狭窄,マッショウドウミャクキョウサク,
10072564,末梢動脈血栓症,マッショウドウミャクケッセンショウ,
10072571,避妊用インプラント,ヒニンヨウインプラント,
10072572,骨血管腫,コツケッカンシュ,
10072574,歯周の炎症,シシュウノエンショウ,
10072576,クライハウアー・ベトケ試験陰性,クライハウアーベトケシケンインセイ,
10072577,クライハウアー・ベトケ試験陽性,クライハウアーベトケシケンヨウセイ,
10072578,慢性光線性皮膚炎,マンセイコウセンセイヒフエン,
10072579,多発血管炎性肉芽腫症,タハツケッカンエンセイニクゲシュショウ,
10072581,消化管粘膜下腫瘍,ショウカカンネンマクカシュヨウ,
10072585,十二指腸乳頭炎,ジュウニシチョウニュウトウエン,
10072587,直腸損傷,チョクチョウソンショウ,
10072588,新生児偽月経,シンセイジギゲッケイ,
10072589,ウイルス性耳下腺炎,ウイルスセイジカセンエン,
10072590,扁平爪,ヘンペイソウ,
10072591,副鼻腔壊死,フクビクウエシ,
10072595,臍分泌物,サイブンピブツ,ヘソブンピツブツ
10072596,絨毛膜下血腫,ジュウモウマクカケッシュ,
10072597,高炭酸ガス血性昏睡,コウタンサンガスケッセイコンスイ,コウタンサンガスケツセイコンスイ
10072598,石灰乳胆汁症候群,セッカイニュウタンジュウショウコウグン,
10072599,アミロイド関連画像異常,アミロイドカンレンガゾウイジョウ,
10072601,アミロイド関連画像異常－微小出血およびヘモジデリン沈着,アミロイドカンレンガゾウイジョウビショウシュッケツオヨビヘモジデリンチンチャク,
10072605,新生児行動症候群,シンセイジコウドウショウコウグン,
10072608,製品使用時の不適切な無菌操作,セイヒンシヨウジノフテキセツナムキンソウサ,
10072609,アデニンホスホリボシルトランスフェラーゼ欠損症,アデニンホスホリボシルトランスフェラーゼケッソンショウ,
10072610,骨格異形成,コッカクイケイセイ,
10072612,電気凝固,デンキギョウコ,
10072613,甲状腺Ｂ細胞性リンパ腫,コウジョウセンBサイボウセイリンパシュ,
10072617,骨軟骨欠損,コツナンコツケッソン,
10072624,整形外科検査,セイケイゲカケンサ,
10072625,整形外科検査異常,セイケイゲカケンサイジョウ,
10072626,整形外科検査正常,セイケイゲカケンサセイジョウ,
10072627,整形外科的処置,セイケイゲカテキショチ,
10072628,劇症１型糖尿病,ゲキショウ1ガタトウニョウビョウ,
10072630,心因性呼吸窮迫,シンインセイコキュウキュウハク,
10072631,後天性脊髄空洞症,コウテンセイセキズイクウドウショウ,
10072633,栄養補助食品大量摂取,エイヨウホジョショクヒンタイリョウセッシュ,
10072634,松果体生検,ショウカタイセイケン,
10072640,適用部位毛細血管拡張症,テキヨウブイモウサイケッカンカクチョウショウ,
10072643,背部異常感覚,ハイブイジョウカンカク,
10072645,製品包装に関連した外傷,セイヒンホウソウニカンレンシタガイショウ,
10072649,手眼協調運動障害,シュガンキョウチョウウンドウショウガイ,
10072651,術後呼吸不全,ジュツゴコキュウフゼン,
10072652,産褥期感染,サンジョクキカンセン,
10072653,長鎖アシル補酵素Ａ脱水素酵素欠損症,チョウサアシルホコウソAダッスイソコウソケッソンショウ,
10072654,中鎖アシル補酵素Ａ脱水素酵素欠損症,チュウサアシルホコウソAダッスイソコウソケッソンショウ,
10072655,短鎖アシル補酵素Ａ脱水素酵素欠損症,タンサアシルホコウソAダッスイソコウソケッソンショウ,
10072656,超長鎖アシル補酵素Ａ脱水素酵素欠損症,チョウチョウサアシルホコウソAダッスイソコウソケッソンショウ,
10072659,３型糖尿病,3ガタトウニョウビョウ,
10072660,ケミカルサブミッション,ケミカルサブミッション,
10072662,ケミカルサブミッションの被害者,ケミカルサブミッションノヒガイシャ,
10072665,歯の脱灰,ハノダッカイ,
10072666,白色海綿状母斑,ハクショクカイメンジョウボハン,
10072680,線維芽細胞増殖因子２３増加,センイガサイボウゾウショクインシ23ゾウカ,
10072681,線維芽細胞増殖因子２３,センイガサイボウゾウショクインシ23,
10072685,微小血管性冠動脈疾患,ビショウケッカンセイカンドウミャクシッカン,
10072686,ぶどう膜炎性緑内障,ブドウマクエンセイリョクナイショウ,
10072688,一過性新生児膿疱性メラノーシス,イッカセイシンセイジノウホウセイメラノーシス,
10072693,分娩前後出血,ブンベンゼンゴシュッケツ,
10072694,適用部位出血,テキヨウブイシュッケツ,
10072715,骨盤内嚢胞,コツバンナイノウホウ,
10072716,眼瞼溝深化,ガンケンコウシンカ,
10072717,無乳房,ムニュウボウ,
10072718,涙点拡大,ルイテンカクダイ,
10072719,眼瞼肥厚,ガンケンヒコウ,
10072720,薬物乱用頭痛,ヤクブツランヨウズツウ,
10072726,慢性色素性紫斑,マンセイシキソセイシハン,
10072727,腎外腎盂,ジンガイジンウ,
10072729,暗順応遅延,アンジュンノウチエン,
10072730,尿中亜鉛,ニョウチュウアエン,
10072731,白質病変,ハクシツビョウヘン,
10072735,アルミニウム過剰,アルミニウムカジョウ,
10072736,リウマチ性障害,リウマチセイショウガイ,
10072746,涙器構造障害,ルイキコウゾウショウガイ,
10072747,肝炎ウイルス検査陰性,カンエンウイルスケンサインセイ,
10072748,肝炎ウイルス検査陽性,カンエンウイルスケンサヨウセイ,
10072752,切毛癖,セツモウヘキ,
10072753,製品を介する感染因子の伝播,セイヒンヲカイスルカンセンインシノデンパ,
10072754,製品を介する感染因子伝播の疑い,セイヒンヲカイスルカンセンインシデンパノウタガイ,
10072757,慢性特発性蕁麻疹,マンセイトクハツセイジンマシン,
10072785,咽頭食道憩室,イントウショクドウケイシツ,
10072786,気管食道穿刺,キカンショクドウセンシ,
10072787,膵脂肪変性,スイシボウヘンセイ,
10072788,大動脈解離による偽腔拡張,ダイドウミャクカイリニヨルギクウカクチョウ,
10072789,腸骨動脈破裂,チョウコツドウミャクハレツ,
10072791,湿度不耐症,シツドフタイショウ,
10072792,遠隔転移を伴う扁桃癌,エンカクテンイヲトモナウヘントウガン,
10072793,遠隔転移を伴う尿道黒色腫,エンカクテンイヲトモナウニョウドウコクショクシュ,
10072795,ドレーン留置,ドレーンリュウチ,
10072796,免疫再構築炎症反応症候群関連カポジ肉腫,メンエキサイコウチクエンショウハンノウショウコウグンカンレンカポジニクシュ,
10072797,免疫再構築炎症反応症候群関連結核,メンエキサイコウチクエンショウハンノウショウコウグンカンレンケッカク,
10072798,ＣＤ４リンパ球百分率減少,CD4リンパキュウヒャクブンリツゲンショウ,
10072804,脱出臓器還納,ダッシュツゾウキカンノウ,
10072805,中枢神経系真菌感染,チュウスウシンケイケイシンキンカンセン,
10072806,化学療法毒性の減弱,カガクリョウホウドクセイノゲンジャク,
10072807,外傷性耳介切断,ガイショウセイジカイセツダン,
10072808,腫瘍内動脈瘤,シュヨウナイドウミャクリュウ,
10072809,動脈壁肥厚,ドウミャクヘキヒコウ,
10072810,血管壁肥厚,ケッカンヘキヒコウ,
10072811,着床部位不明妊娠,チャクショウブイフメイニンシン,
10072812,乳房嚢胞破裂,ニュウボウノウホウハレツ,
10072813,乳房血管肉腫,ニュウボウケッカンニクシュ,
10072814,遠隔転移を伴う乳房血管肉腫,エンカクテンイヲトモナウニュウボウケッカンニクシュ,
10072829,甲状腺縮小,コウジョウセンシュクショウ,
10072830,腫瘍瘻,シュヨウロウ,
10072831,咽頭瘻修復,イントウロウシュウフク,
10072832,腹腔内圧モニタリング,フククウナイアツモニタリング,フックウナイアツモニタリング
10072833,滑液貯留,カツエキチョリュウ,
10072839,劇症型溶血性レンサ球菌感染症,ゲキショウガタヨウケツセイレンサキュウキンカンセンショウ,
10072840,非タバコ使用者,ヒタバコシヨウシャ,
10072841,女性ホルモン値,ジョセイホルモンチ,
10072850,気象変化過敏,キショウヘンカカビン,
10072851,注射後譫妄鎮静症候群,チュウシャゴセンモウチンセイショウコウグン,
10072853,腹膜中皮過形成,フクマクチュウヒカケイセイ,
10072854,単核球数,タンカクキュウスウ,
10072855,単核球百分率,タンカクキュウヒャクブンリツ,
10072856,単核球数異常,タンカクキュウスウイジョウ,
10072857,マクロファージ数,マクロファージスウ,
10072858,ヒトメタニューモウイルス検査,ヒトメタニューモウイルスケンサ,
10072859,ヒトメタニューモウイルス検査陽性,ヒトメタニューモウイルスケンサヨウセイ,
10072866,インターフェロンγ応答測定陽性,インターフェロンガンマオウトウソクテイヨウセイ,
10072867,医療機器アレルギー,イリョウキキアレルギー,
10072871,リンパ系マッピング,リンパケイマッピング,
10072874,エクリン汗管扁平上皮化生,エクリンカンカンヘンペイジョウヒカセイ,
10072877,腸管線維症,チョウカンセンイショウ,
10072878,医療機器使用法過誤,イリョウキキシヨウホウカゴ,
10072881,修正ランキンスコア増加,シュウセイランキンスコアゾウカ,
10072882,修正ランキンスコア減少,シュウセイランキンスコアゲンショウ,
10072883,短指症,タンシショウ,
10072886,抗インターフェロン抗体,コウインターフェロンコウタイ,
10072887,抗インターフェロン抗体陰性,コウインターフェロンコウタイインセイ,
10072888,抗インターフェロン抗体陽性,コウインターフェロンコウタイヨウセイ,
10072889,筋緊張性障害,キンキンチョウセイショウガイ,
10072890,腸管平滑筋肥大,チョウカンヘイカツキンヒダイ,
10072891,皮膚血管肉腫,ヒフケッカンニクシュ,
10072892,硝子体嚢胞,ショウシタイノウホウ,
10072893,肺動脈内膜剥離術,ハイドウミャクナイマクハクリジュツ,
10072894,造影剤脳症,ゾウエイザイノウショウ,
10072902,エルシニア性敗血症,エルシニアセイハイケツショウ,
10072903,前立腺線維症,ゼンリツセンセンイショウ,
10072908,耳・鼻・咽喉の感染,ジビインコウノカンセン,
10072909,急激な血糖コントロールによる急性有痛性ニューロパチー,キュウゲキナケットウコントロールニヨルキュウセイユウツウセイニューロパチー,
10072915,軟骨の良性新生物,ナンコツノリョウセイシンセイブツ,
10072924,診断的吸引,シンダンテキキュウイン,
10072926,上顎洞仮性嚢胞,ジョウガクドウカセイノウホウ,
10072927,ムコリピドーシス１型,ムコリピドーシス1ガタ,
10072928,ムコリピドーシス２型,ムコリピドーシス2ガタ,
10072929,ムコリピドーシス３型,ムコリピドーシス3ガタ,
10072930,ムコリピドーシス４型,ムコリピドーシス4ガタ,
10072931,偶発的医療機器除去,グウハツテキイリョウキキジョキョ,
10072932,コルチコステロイド結合グロブリン検査,コルチコステロイドケツゴウグロブリンケンサ,
10072933,コルチコステロイド結合グロブリン正常,コルチコステロイドケツゴウグロブリンセイジョウ,
10072934,コルチコステロイド結合グロブリン異常,コルチコステロイドケツゴウグロブリンイジョウ,
10072935,コルチコステロイド結合グロブリン増加,コルチコステロイドケツゴウグロブリンゾウカ,
10072936,コルチコステロイド結合グロブリン減少,コルチコステロイドケツゴウグロブリンゲンショウ,
10072939,ムコリピドーシス,ムコリピドーシス,
10072941,嗅神経無形成,キュウシンケイムケイセイ,
10072942,小脳形成異常,ショウノウケイセイイジョウ,
10072943,子宮付属器捻転,シキュウフゾクキネンテン,
10072944,卵管壊死,ランカンエシ,
10072950,偶発的医療機器誤飲,グウハツテキイリョウキキゴイン,
10072951,子供の偶発的医療機器誤飲,コドモノグウハツテキイリョウキキゴイン,
10072952,バイタルサイン測定,バイタルサインソクテイ,
10072953,正期産,セイキサン,
10072955,栄養補給,エイヨウホキュウ,
10072956,蛋白欠乏症,タンパクケツボウショウ,
10072959,散弾状網脈絡膜症,サンダンジョウモウミャクラクマクショウ,
10072960,胸壁腫瘍,キョウヘキシュヨウ,
10072962,有機酸分析異常,ユウキサンブンセキイジョウ,
10072963,有機酸分析,ユウキサンブンセキ,
10072964,胃瘻管除去,イロウカンジョキョ,
10072968,小児の神経内分泌細胞過形成,ショウニノシンケイナイブンピサイボウカケイセイ,ショウニノシンケイナイブンピツサイボウカケイセイ
10072970,半月板損傷,ハンゲツバンソンショウ,
10072978,先天性皮膚陥凹,センテンセイヒフカンオウ,
10072996,膀胱毒性,ボウコウドクセイ,
10072997,気管支麻痺,キカンシマヒ,
10072998,軟部組織皮弁手術,ナンブソシキヒベンシュジュツ,
10073006,進行性顔面片側萎縮,シンコウセイガンメンヘンソクイシュク,
10073007,敗血症性血管炎,ハイケツショウセイケッカンエン,
10073008,先天性中枢性尿崩症,センテンセイチュウスウセイニョウホウショウ,
10073016,慢性自己免疫性糸球体腎炎,マンセイジコメンエキセイシキュウタイジンエン,
10073024,妊娠３７週未満の前期破水,ニンシン37シュウミマンノゼンキハスイ,
10073027,長期破水,チョウキハスイ,
10073028,サーファクタントプロテイン,サーファクタントプロテイン,
10073029,抗甲状腺薬による関節炎症候群,コウコウジョウセンヤクニヨルカンセツエンショウコウグン,
10073030,バークホルデリア・グラディオリ感染,バークホルデリアグラディオリカンセン,
10073031,バークホルデリア感染,バークホルデリアカンセン,
10073032,ブルーム症候群,ブルームショウコウグン,
10073033,精神症状評価尺度,セイシンショウジョウヒョウカシャクド,
10073041,レムナント様リポ蛋白増加,レムナントヨウリポタンパクゾウカ,
10073042,レムナント様リポ蛋白,レムナントヨウリポタンパク,
10073047,水晶体後嚢切開,スイショウタイコウノウセッカイ,
10073048,水晶体嚢切開,スイショウタイノウセッカイ,
10073053,処置後ドレーン排液持続,ショチゴドレーンハイエキジゾク,
10073055,性腺外原発性胚細胞腫瘍,セイセンガイゲンパツセイハイサイボウシュヨウ,
10073056,性腺外原発性混合胚細胞腫瘍,セイセンガイゲンパツセイコンゴウハイサイボウシュヨウ,
10073057,性腺外原発性（純）セミノーマ,セイセンガイゲンパツセイジュンセミノーマ,
10073059,原発巣不明の悪性新生物,ゲンパツソウフメイノアクセイシンセイブツ,
10073062,二相性中皮腫,ニソウセイチュウヒシュ,
10073063,線維形成性中皮腫,センイケイセイセイチュウヒシュ,
10073064,類上皮性中皮腫,ルイジョウヒセイチュウヒシュ,
10073065,肉腫様中皮腫,ニクシュヨウチュウヒシュ,
10073066,心膜悪性中皮腫,シンマクアクセイチュウヒシュ,
10073067,胆嚢腺扁平上皮癌,タンノウセンヘンペイジョウヒガン,
10073068,胆嚢扁平上皮癌,タンノウヘンペイジョウヒガン,
10073069,肝癌,カンガン,
10073070,再発肝癌,サイハツカンガン,
10073071,肝細胞癌,カンサイボウガン,
10073072,胆嚢新生物,タンノウシンセイブツ,
10073073,肝胆道系癌,カンタンドウケイガン,
10073074,肝胆道系上皮内癌,カンタンドウケイジョウヒナイガン,
10073081,特発性脳脊髄液漏出症候群,トクハツセイノウセキズイエキロウシュツショウコウグン,
10073085,処方に基づく過少量投与,ショホウニモトヅクカショウリョウトウヨ,
10073086,虹彩黒色腫,コウサイコクショクシュ,
10073087,汗腺の悪性新生物,カンセンノアクセイシンセイブツ,
10073088,汗腺腫癌,カンセンシュガン,
10073094,乳管内増殖性病変,ニュウカンナイゾウショクセイビョウヘン,
10073095,浸潤性乳管癌,シンジュンセイニュウカンガン,
10073096,乳腺浸潤性小葉癌,ニュウセンシンジュンセイショウヨウガン,
10073098,浸潤性乳頭状乳癌,シンジュンセイニュウトウジョウニュウガン,
10073099,乳腺上皮内小葉癌,ニュウセンジョウヒナイショウヨウガン,
10073100,化生性乳癌,カセイセイニュウガン,
10073101,乳腺粘液癌,ニュウセンネンエキガン,
10073103,乳腺神経内分泌腫瘍,ニュウセンシンケイナイブンピシュヨウ,ニュウセンシンケイナイブンピツシュヨウ
10073104,乳腺管状癌,ニュウセンカンジョウガン,
10073106,悪性骨巨細胞腫,アクセイコツキョサイボウシュ,
10073107,末梢性未分化神経外胚葉性骨腫瘍,マッショウセイミブンカシンケイガイハイヨウセイコツシュヨウ,
10073115,精巣上体癌,セイソウジョウタイガン,
10073116,男性生殖器癌,ダンセイセイショクキガン,
10073117,精巣セルトリ細胞腫,セイソウセルトリサイボウシュ,
10073118,精母細胞性セミノーマ,セイボサイボウセイセミノーマ,
10073119,精巣胚細胞性混合腫瘍,セイソウハイサイボウセイコンゴウシュヨウ,
10073120,精巣悪性奇形腫,セイソウアクセイキケイシュ,
10073121,精巣卵黄嚢腫瘍,セイソウランオウノウシュヨウ,
10073124,男性生殖器上皮内癌,ダンセイセイショクキジョウヒナイガン,
10073127,退形成性髄膜腫,タイケイセイセイズイマクシュ,
10073129,血管中心性神経膠腫,ケッカンチュウシンセイシンケイコウシュ,
10073130,中枢神経系神経芽腫,チュウスウシンケイケイシンケイガシュ,
10073131,乏突起星細胞腫,ボウトッキセイサイボウシュ,
10073132,形質細胞性骨髄腫、寛解期,ケイシツサイボウセイコツズイシュカンカイキ,
10073133,再発形質細胞性骨髄腫,サイハツケイシツサイボウセイコツズイシュ,
10073134,骨外性粘液型軟骨肉腫,コツガイセイネンエキガタナンコツニクシュ,
10073135,脱分化型脂肪肉腫,ダツブンカガタシボウニクシュ,
10073136,混合型脂肪肉腫,コンゴウガタシボウニクシュ,
10073137,粘液型脂肪肉腫,ネンエキガタシボウニクシュ,
10073138,多形性脂肪肉腫,タケイセイシボウニクシュ,
10073139,円形細胞型脂肪肉腫,エンケイサイボウガタシボウニクシュ,
10073140,軟部組織明細胞肉腫,ナンブソシキメイサイボウニクシュ,
10073141,巨細胞型悪性線維性組織球腫,キョサイボウガタアクセイセンイセイソシキキュウシュ,
10073142,炎症性悪性線維性組織球腫,エンショウセイアクセイセンイセイソシキキュウシュ,
10073144,末梢性未分化神経外胚葉性軟部組織腫瘍,マッショウセイミブンカシンケイガイハイヨウセイナンブソシキシュヨウ,
10073148,多発性内分泌腺腫症２Ａ型,タハツセイナイブンピセンシュショウ2Aガタ,タハツセイナイブンピツセンシュショウ2Aガタ
10073149,多発性内分泌腺腫症２型,タハツセイナイブンピセンシュショウ2ガタ,タハツセイナイブンピツセンシュショウ2ガタ
10073150,多発性内分泌腺腫症１型,タハツセイナイブンピセンシュショウ1ガタ,タハツセイナイブンピツセンシュショウ1ガタ
10073151,多発性内分泌腺腫症２Ｂ型,タハツセイナイブンピセンシュショウ2Bガタ,タハツセイナイブンピツセンシュショウ2Bガタ
10073152,副腎癌,フクジンガン,
10073153,家族性甲状腺髄様癌,カゾクセイコウジョウセンズイヨウガン,
10073156,血管穿刺部位硬結,ケッカンセンシブイコウケツ,
10073157,血管穿刺部位感染,ケッカンセンシブイカンセン,
10073162,チャンス骨折,チャンスコッセツ,
10073164,可溶性フィブリンモノマー複合体増加,カヨウセイフィブリンモノマーフクゴウタイゾウカ,
10073165,可溶性フィブリンモノマー複合体,カヨウセイフィブリンモノマーフクゴウタイ,
10073166,幽門括約筋機能不全,ユウモンカツヤクキンキノウフゼン,
10073167,偽性ヘルニア,ギセイヘルニア,
10073168,切開部位皮膚炎,セッカイブイヒフエン,
10073169,腹直筋離開,フクチョクキンリカイ,
10073170,脂肪組織減少,シボウソシキゲンショウ,
10073172,ゴナドトロピン放出ホルモン欠乏症,ゴナドトロピンホウシュツホルモンケツボウショウ,
10073173,血中ゴナドトロピン放出ホルモン,ケッチュウゴナドトロピンホウシュツホルモン,
10073174,注射部位局面,チュウシャブイキョクメン,
10073175,子宮頚管熟化促進,シキュウケイカンジュクカソクシン,
10073176,膀胱静脈瘤,ボウコウジョウミャクリュウ,
10073177,早期産延期療法,ソウキサンエンキリョウホウ,
10073178,コルチコトロピン放出ホルモン刺激試験,コルチコトロピンホウシュツホルモンシゲキシケン,
10073179,副腎皮質刺激ホルモン欠損症,フクジンヒシツシゲキホルモンケッソンショウ,
10073180,前立腺組織内高温度治療,ゼンリツセンソシキナイコウオンドチリョウ,
10073182,遊離アンドロゲン指数,ユウリアンドロゲンシスウ,
10073183,低ナトリウム血性痙攣,テイナトリウムケッセイケイレン,テイナトリウムケツセイケイレン
10073205,追加免疫不接種,ツイカメンエキフセッシュ,
10073206,乳児皮質骨増殖症,ニュウジヒシツコツゾウショクショウ,
10073207,先天性腸閉塞,センテンセイチョウヘイソク,
10073209,門脈拡張,モンミャクカクチョウ,
10073210,ジストニア振戦,ジストニアシンセン,
10073211,姿勢時振戦,シセイジシンセン,
10073212,副腎石灰化,フクジンセッカイカ,
10073213,総合的オーラルリハビリテーション,ソウゴウテキオーラルリハビリテーション,
10073214,ヘリコバクター性消化性潰瘍,ヘリコバクターセイショウカセイカイヨウ,
10073215,膵周囲静脈瘤,スイシュウイジョウミャクリュウ,
10073216,血管腫塞栓術,ケッカンシュソクセンジュツ,
10073217,ヘモクロマトーシス形質,ヘモクロマトーシスケイシツ,
10073222,ソマトトロピン刺激試験,ソマトトロピンシゲキシケン,
10073223,尿中β２ミクログロブリン,ニョウチュウベータ2ミクログロブリン,
10073224,Ａ型肝炎抗原,Aガタカンエンコウゲン,
10073225,Ａ型肝炎抗原陰性,Aガタカンエンコウゲンインセイ,
10073226,尿中鉄,ニョウチュウテツ,
10073228,ケニー・カフィー症候群,ケニーカフィーショウコウグン,
10073229,強皮症関連指潰瘍,キョウヒショウカンレンシカイヨウ,
10073230,脳幹血腫,ノウカンケッシュ,
10073232,消化管拡張術,ショウカカンカクチョウジュツ,
10073235,人工骨挿入,ジンコウコツソウニュウ,
10073236,爪母切除,ソウボセツジョ,
10073238,ロンベルグ試験,ロンベルグシケン,
10073239,播種性ムコール症,ハシュセイムコールショウ,
10073240,可逆性脳血管収縮症候群,カギャクセイノウケッカンシュウシュクショウコウグン,
10073242,ロンベルグ試験陽性,ロンベルグシケンヨウセイ,
10073243,エクセロヒルム検査陽性,エクセロヒルムケンサヨウセイ,
10073244,エクセロヒルム感染,エクセロヒルムカンセン,
10073245,アスペルギルス性髄膜炎,アスペルギルスセイズイマクエン,
10073246,エクセロヒルム性髄膜炎,エクセロヒルムセイズイマクエン,
10073248,エクセロヒルム検査,エクセロヒルムケンサ,
10073249,エクセロヒルム検査陰性,エクセロヒルムケンサインセイ,
10073251,腎明細胞癌,ジンメイサイボウガン,
10073254,ネオアジュバント療法,ネオアジュバントリョウホウ,
10073257,特発性血管性浮腫,トクハツセイケッカンセイフシュ,
10073258,ブレンナー腫瘍,ブレンナーシュヨウ,
10073259,卵巣胚細胞性混合腫瘍,ランソウハイサイボウセイコンゴウシュヨウ,
10073260,卵巣顆粒膜細胞腫,ランソウカリュウマクサイボウシュ,
10073261,卵巣莢膜細胞腫,ランソウキョウマクサイボウシュ,
10073262,卵巣胚細胞絨毛癌,ランソウハイサイボウジュウモウガン,
10073263,卵巣胚細胞内胚葉洞腫瘍,ランソウハイサイボウナイハイヨウドウシュヨウ,
10073264,卵巣胚細胞多胎芽腫,ランソウハイサイボウタタイガシュ,
10073265,卵巣胚細胞奇形腫,ランソウハイサイボウキケイシュ,
10073266,境界悪性卵巣粘液性腫瘍,キョウカイアクセイランソウネンエキセイシュヨウ,
10073267,境界悪性卵巣漿液性腫瘍,キョウカイアクセイランソウショウエキセイシュヨウ,
10073268,卵巣明細胞癌,ランソウメイサイボウガン,
10073269,卵巣類内膜癌,ランソウルイナイマクガン,
10073270,卵巣セルトリ・ライディッヒ細胞腫,ランソウセルトリライディッヒサイボウシュ,
10073282,パンクレアスタチン増加,パンクレアスタチンゾウカ,
10073283,パンクレアスタチン減少,パンクレアスタチンゲンショウ,
10073284,パンクレアスタチン異常,パンクレアスタチンイジョウ,
10073285,気管気管支ステント除去,キカンキカンシステントジョキョ,
10073286,病的近視,ビョウテキキンシ,
10073290,大腸菌検査,ダイチョウキンケンサ,
10073291,大腸菌検査陰性,ダイチョウキンケンサインセイ,
10073292,男性子宮内膜症,ダンセイシキュウナイマクショウ,
10073293,血管内脂肪腫,ケッカンナイシボウシュ,
10073294,下垂体過形成,カスイタイカケイセイ,
10073300,体液を介した曝露,タイエキヲカイシタバクロ,
10073301,汚染医療機器を介した曝露,オセンイリョウキキヲカイシタバクロ,
10073302,経口曝露,ケイコウバクロ,
10073303,吸入曝露,キュウニュウバクロ,
10073305,曝露因子不明の曝露,バクロインシフメイノバクロ,
10073306,放射線被曝,ホウシャセンヒバク,
10073309,汚染水曝露,オセンスイバクロ,
10073311,職業性製品曝露,ショクギョウセイセイヒンバクロ,
10073317,偶発的製品曝露,グウハツテキセイヒンバクロ,
10073318,子供の偶発的製品曝露,コドモノグウハツテキセイヒンバクロ,
10073322,白血球検査正常,ハッケッキュウケンサセイジョウ,
10073323,白血球検査異常,ハッケッキュウケンサイジョウ,
10073324,角化型上咽頭扁平上皮癌,カクカガタジョウイントウヘンペイジョウヒガン,
10073325,非角化型上咽頭癌,ヒカクカガタジョウイントウガン,
10073328,上咽頭未分化癌,ジョウイントウミブンカガン,
10073329,会陰損傷,エインソンショウ,
10073330,膀胱除神経術,ボウコウジョシンケイジュツ,
10073331,水晶体損傷,スイショウタイソンショウ,
10073333,神経食現象,シンケイショクゲンショウ,
10073334,横紋筋肉腫様腫瘍,オウモンキンニクシュヨウシュヨウ,
10073336,眼接触を介した曝露,ガンセッショクヲカイシタバクロ,
10073337,骨盤骨損傷,コツバンコツソンショウ,
10073338,視神経膠腫,シシンケイコウシュ,
10073344,肺胞疾患,ハイホウシッカン,
10073345,除皮質姿勢,ジョヒシツシセイ,
10073346,除脳姿勢,ジョノウシセイ,
10073347,胆嚢乳頭腫,タンノウニュウトウシュ,
10073352,陰茎挫傷,インケイザショウ,
10073353,処置後挫傷,ショチゴザショウ,
10073354,眼挫傷,ガンザショウ,
10073355,生殖器挫傷,セイショクキザショウ,
10073356,心臓挫傷,シンゾウザショウ,
10073358,肛門扁平上皮癌,コウモンヘンペイジョウヒガン,
10073359,虫垂腺癌,チュウスイセンガン,
10073360,虫垂癌,チュウスイガン,
10073361,虫垂粘液腺癌,チュウスイネンエキセンガン,
10073362,結腸未分化癌,ケッチョウミブンカガン,
10073363,膵腺房細胞癌,スイセンボウサイボウガン,
10073364,膵腺管癌,スイセンカンガン,
10073365,膵管内乳頭粘液性癌,スイカンナイニュウトウネンエキセイガン,
10073367,膵芽腫,スイガシュ,
10073369,唾液腺腺房細胞癌,ダエキセンセンボウサイボウガン,
10073370,唾液腺腺様嚢胞癌,ダエキセンセンヨウノウホウガン,
10073371,唾液腺粘液性類表皮癌,ダエキセンネンエキセイルイヒョウヒガン,
10073372,多形性腺腫,タケイセイセンシュ,
10073373,小腸腺癌,ショウチョウセンガン,
10073380,僧帽弁顔貌,ソウボウベンガンボウ,
10073381,浮腫性腎,フシュセイジン,
10073385,水疱破裂,スイホウハレツ,
10073389,胆管瘻造設,タンカンロウゾウセツ,
10073391,血小板機能異常症,ケッショウバンキノウイジョウショウ,
10073394,大腸の良性新生物,ダイチョウノリョウセイシンセイブツ,
10073395,小腸ポリープ,ショウチョウポリープ,
10073405,抱合ビリルビン減少,ホウゴウビリルビンゲンショウ,
10073406,トロポニンＩ正常,トロポニンIセイジョウ,
10073407,トロポニンＴ正常,トロポニンTセイジョウ,
10073408,ＣＤ４リンパ球正常,CD4リンパキュウセイジョウ,
10073409,尿中カルシウム正常,ニョウチュウカルシウムセイジョウ,
10073410,尿浸透圧正常,ニョウシントウアツセイジョウ,
10073411,切開部位発疹,セッカイブイホッシン,セッカイブイハッシン
10073412,埋込み部位知覚低下,ウメコミブイチカクテイカ,
10073413,埋込み部位知覚過敏,ウメコミブイチカクカビン,
10073414,埋込み部位蒼白,ウメコミブイソウハク,
10073415,埋込み部位光線過敏,ウメコミブイコウセンカビン,
10073416,切開部位潰瘍,セッカイブイカイヨウ,
10073417,切開部位知覚過敏,セッカイブイチカクカビン,
10073418,注射部位知覚過敏,チュウシャブイチカクカビン,
10073419,乳房潰瘍形成,ニュウボウカイヨウケイセイ,
10073420,性器錯感覚,セイキサクカンカク,
10073421,性器知覚過敏,セイキチカクカビン,
10073422,肛門錯感覚,コウモンサクカンカク,
10073423,眼潰瘍,ガンカイヨウ,
10073428,クレアチンキナーゼ減少,クレアチンキナーゼゲンショウ,
10073439,切開部位小水疱,セッカイブイショウスイホウ,
10073447,血中トリプシン,ケッチュウトリプシン,
10073448,便中キモトリプシン,ベンチュウキモトリプシン,
10073449,便中トリプシン,ベンチュウトリプシン,
10073450,トランスフェリン受容体測定,トランスフェリンジュヨウタイソクテイ,
10073451,Ｃ型インフルエンザウイルス検査,Cガタインフルエンザウイルスケンサ,
10073452,インターロイキン２受容体測定,インターロイキン2ジュヨウタイソクテイ,
10073453,白血球アルカリホスファターゼ,ハッケッキュウアルカリホスファターゼ,
10073454,コクシエラ検査,コクシエラケンサ,
10073455,双胎児動脈血逆流症奇形,ソウタイジドウミャクケツギャクリュウショウキケイ,
10073456,小結腸,ショウケッチョウ,
10073457,適用部位ざ瘡,テキヨウブイザソウ,
10073458,血液恐怖症,ケツエキキョウフショウ,
10073459,注射部位関節不快感,チュウシャブイカンセツフカイカン,
10073470,先天性網膜芽細胞腫,センテンセイモウマクガサイボウシュ,
10073471,アルコール検査偽陽性,アルコールケンサギヨウセイ,
10073472,水無脳症,スイムノウショウ,
10073479,急性未分化型白血病,キュウセイミブンカガタハッケツビョウ,
10073480,Ｂ細胞性前リンパ球性白血病,Bサイボウセイゼンリンパキュウセイハッケツビョウ,
10073481,腸症関連Ｔ細胞性リンパ腫,チョウショウカンレンTサイボウセイリンパシュ,
10073484,脂肪類皮腫,シボウルイヒシュ,
10073485,腹部リンパ節腫脹,フクブリンパセツシュチョウ,
10073487,裂脳症,レツノウショウ,
10073488,脳回切除,ノウカイセツジョ,
10073489,多小脳回,タショウノウカイ,
10073490,二重皮質症候群,ニジュウヒシツショウコウグン,
10073491,脳梁離断,ノウリョウリダン,
10073492,先天性悪性新生物,センテンセイアクセイシンセイブツ,
10073493,先天性良性新生物,センテンセイリョウセイシンセイブツ,
10073496,早期放射線障害,ソウキホウシャセンショウガイ,
10073499,内境界膜剥離,ナイキョウカイマクハクリ,
10073500,涙器損傷,ルイキソンショウ,
10073501,縮瞳術,シュクドウジュツ,
10073508,好酸球増加と全身症状を伴う薬物反応,コウサンキュウゾウカトゼンシンショウジョウヲトモナウヤクブツハンノウ,
10073509,高アンモニア血症クリーゼ,コウアンモニアケッショウクリーゼ,コウアンモニアケツショウクリーゼ
10073511,人工心臓弁機能不良,ジンコウシンゾウベンキノウフリョウ,
10073512,人工心臓弁不具合,ジンコウシンゾウベンフグアイ,
10073513,妊娠時曝露,ニンシンジバクロ,
10073514,マイコバクテリア性腹膜炎,マイコバクテリアセイフクマクエン,
10073515,後天性アミノ酸尿,コウテンセイアミノサンニョウ,
10073516,植皮剥離,ショクヒハクリ,
10073517,植皮瘢痕拘縮,ショクヒハンコンコウシュク,
10073518,植皮瘢痕,ショクヒハンコン,
10073519,植皮拘縮,ショクヒコウシュク,
10073520,皮膚瘢痕拘縮,ヒフハンコンコウシュク,
10073530,腸石灰化,チョウセッカイカ,
10073533,脾臓挫傷,ヒゾウザショウ,
10073534,結節性硬化症型ホジキン病第２期,ケッセツセイコウカショウガタホジキンビョウダイ2キ,
10073535,結節性硬化症型ホジキン病第１期,ケッセツセイコウカショウガタホジキンビョウダイ1キ,
10073538,尿失禁手術,ニョウシッキンシュジュツ,
10073539,ボツリヌス毒素注入,ボツリヌスドクソチュウニュウ,
10073540,乳房乳管内乳頭状腫瘍,ニュウボウニュウカンナイニュウトウジョウシュヨウ,
10073541,出生時身長,シュッセイジシンチョウ,シュッショウジシンチョウ
10073542,インターフェロンγ応答測定,インターフェロンガンマオウトウソクテイ,
10073543,腎尿素クリアランス,ジンニョウソクリアランス,
10073544,腎尿素クリアランス増加,ジンニョウソクリアランスゾウカ,
10073558,滴下投与部位異常感覚,テキカトウヨブイイジョウカンカク,
10073560,光干渉断層撮影正常,ヒカリカンショウダンソウサツエイセイジョウ,
10073561,光干渉断層撮影異常,ヒカリカンショウダンソウサツエイイジョウ,
10073562,網膜血管断裂,モウマクケッカンダンレツ,
10073563,脊髄硬膜下出血,セキズイコウマクカシュッケツ,
10073564,脊髄くも膜下出血,セキズイクモマクカシュッケツ,
10073565,頭蓋内動脈解離,トウガイナイドウミャクカイリ,
10073573,結腸膿瘍,ケッチョウノウヨウ,
10073574,遠隔転移を伴う隆起性皮膚線維肉腫,エンカクテンイヲトモナウリュウキセイヒフセンイニクシュ,
10073578,オンコウイルス検査陽性,オンコウイルスケンサヨウセイ,
10073579,オンコウイルス検査陰性,オンコウイルスケンサインセイ,
10073580,オンコウイルス検査,オンコウイルスケンサ,
10073581,骨髄出血,コツズイシュッケツ,
10073582,皮膚髄外造血,ヒフズイガイゾウケツ,
10073592,トリプルＡ症候群,トリプルAショウコウグン,
10073594,期限切れの医療機器使用,キゲンギレノイリョウキキシヨウ,
10073596,パッセンジャーリンパ球症候群,パッセンジャーリンパキュウショウコウグン,
10073598,血管吻合,ケッカンフンゴウ,
10073599,骨髄腫円柱腎症,コツズイシュエンチュウジンショウ,
10073601,滴下投与部位皮膚剥脱,テキカトウヨブイヒフハクダツ,
10073602,滴下投与部位膿瘍,テキカトウヨブイノウヨウ,
10073603,滴下投与部位知覚消失,テキカトウヨブイチカクショウシツ,
10073604,滴下投与部位萎縮,テキカトウヨブイイシュク,
10073605,滴下投与部位熱傷,テキカトウヨブイネッショウ,
10073606,滴下投与部位分泌,テキカトウヨブイブンピ,テキカトウヨブイブンピツ
10073607,滴下投与部位変色,テキカトウヨブイヘンショク,
10073608,滴下投与部位びらん,テキカトウヨブイビラン,
10073609,滴下投与部位血腫,テキカトウヨブイケッシュ,
10073610,滴下投与部位出血,テキカトウヨブイシュッケツ,
10073611,滴下投与部位知覚過敏,テキカトウヨブイチカクカビン,
10073612,滴下投与部位過敏反応,テキカトウヨブイカビンハンノウ,
10073613,滴下投与部位硬結,テキカトウヨブイコウケツ,
10073614,滴下投与部位感染,テキカトウヨブイカンセン,
10073615,滴下投与部位炎症,テキカトウヨブイエンショウ,
10073616,滴下投与部位壊死,テキカトウヨブイエシ,
10073617,滴下投与部位結節,テキカトウヨブイケッセツ,
10073618,滴下投与部位臭,テキカトウヨブイシュウ,
10073619,滴下投与部位浮腫,テキカトウヨブイフシュ,
10073620,滴下投与部位丘疹,テキカトウヨブイキュウシン,
10073621,滴下投与部位膿疱,テキカトウヨブイノウホウ,
10073622,滴下投与部位発疹,テキカトウヨブイホッシン,テキカトウヨブイハッシン
10073623,滴下投与部位痂皮,テキカトウヨブイカヒ,
10073624,滴下投与部位腫脹,テキカトウヨブイシュチョウ,
10073625,滴下投与部位血栓,テキカトウヨブイケッセン,
10073626,滴下投与部位潰瘍,テキカトウヨブイカイヨウ,
10073627,滴下投与部位蕁麻疹,テキカトウヨブイジンマシン,
10073628,滴下投与部位小水疱,テキカトウヨブイショウスイホウ,
10073629,滴下投与部位熱感,テキカトウヨブイネッカン,テキカトウヨブイネツカン
10073630,滴下投与部位内出血,テキカトウヨブイナイシュッケツ,
10073652,滑膜生検,カツマクセイケン,
10073653,視覚保続,シカクホゾク,
10073654,先天性長睫毛症,センテンセイチョウショウモウショウ,
10073655,フリーマン・シェルドン症候群,フリーマンシェルドンショウコウグン,
10073659,腸管神経異形成,チョウカンシンケイイケイセイ,
10073660,胎児巨大膀胱,タイジキョダイボウコウ,
10073661,肺リンパ管拡張症,ハイリンパカンカクチョウショウ,
10073670,頭蓋冠低形成,トウガイカンテイケイセイ,
10073676,外陰部メラノーシス,ガイインブメラノーシス,
10073677,乳児重症ミオクロニーてんかん,ニュウジジュウショウミオクロニーテンカン,
10073678,若年性血管線維腫,ジャクネンセイケッカンセンイシュ,
10073679,外傷性虹彩炎,ガイショウセイコウサイエン,
10073681,硬膜外出血,コウマクガイシュッケツ,
10073689,家族性腎性糖尿,カゾクセイジンセイトウニョウ,
10073690,外傷性関節症,ガイショウセイカンセツショウ,
10073691,涙液層破壊時間測定,ルイエキソウハカイジカンソクテイ,
10073692,涙液層破壊時間短縮,ルイエキソウハカイジカンタンシュク,
10073694,ループス胸膜炎,ループスキョウマクエン,
10073696,ワーラー変性,ワーラーヘンセイ,
10073697,アミラーゼクレアチニンクリアランス比,アミラーゼクレアチニンクリアランスヒ,
10073698,アミラーゼクレアチニンクリアランス比正常,アミラーゼクレアチニンクリアランスヒセイジョウ,
10073699,アミラーゼクレアチニンクリアランス比異常,アミラーゼクレアチニンクリアランスヒイジョウ,
10073702,治療薬モニタリング検査非実施,チリョウヤクモニタリングケンサヒジッシ,
10073703,治療薬モニタリング検査実施上の誤り,チリョウヤクモニタリングケンサジッシジョウノアヤマリ,
10073706,脳室狭小化,ノウシツキョウショウカ,
10073707,後天性腸性肢端皮膚炎,コウテンセイチョウセイシタンヒフエン,
10073708,閉塞性ショック,ヘイソクセイショック,
10073712,腟内細菌叢不均衡の予防,チツナイサイキンソウフキンコウノヨボウ,
10073713,筋骨格系損傷,キンコッカクケイソンショウ,
10073714,原始反射試験陽性,ゲンシハンシャシケンヨウセイ,
10073715,原始反射試験,ゲンシハンシャシケン,
10073716,椎間板生検,ツイカンバンセイケン,
10073719,肺全摘後症候群,ハイゼンテキゴショウコウグン,
10073720,胎児レチノイド症候群,タイジレチノイドショウコウグン,
10073721,モルビアン病,モルビアンビョウ,
10073723,アデノシンデアミナーゼ正常,アデノシンデアミナーゼセイジョウ,
10073724,アデノシンデアミナーゼ異常,アデノシンデアミナーゼイジョウ,
10073725,アデノシンデアミナーゼ増加,アデノシンデアミナーゼゾウカ,
10073726,アデノシンデアミナーゼ減少,アデノシンデアミナーゼゲンショウ,
10073727,ホルモン製剤による避妊中の異所性妊娠,ホルモンセイザイニヨルヒニンチュウノイショセイニンシン,
10073728,ホルモン製剤による避妊,ホルモンセイザイニヨルヒニン,
10073734,微小塞栓症,ビショウソクセンショウ,
10073736,びまん性脱毛症,ビマンセイダツモウショウ,
10073738,熱感－冷感逆転,ネッカンレイカンギャクテン,ネツカンレイカンギャクテン
10073739,便中クロール,ベンチュウクロール,
10073740,陰部肥大,インブヒダイ,
10073741,咽頭粘膜疹,イントウネンマクシン,
10073742,レンサ球菌性心内膜炎,レンサキュウキンセイシンナイマクエン,
10073745,水腎杯,スイジンパイ,
10073746,指しゃぶり,ユビシャブリ,
10073749,橈骨頭脱臼,トウコットウダッキュウ,
10073751,頭蓋内胚細胞腫瘍,トウガイナイハイサイボウシュヨウ,
10073752,注射部位ローテーション不足,チュウシャブイローテーションブソク,
10073753,注射恐怖,チュウシャキョウフ,
10073755,ニューモシスチス・イロベチイ肺炎,ニューモシスチスイロベチイハイエン,
10073756,ニューモシスチス・イロベチイ感染,ニューモシスチスイロベチイカンセン,
10073758,偶発的プラセボ使用,グウハツテキプラセボシヨウ,
10073759,カテーテル留置部位溢出,カテーテルリュウチブイイッシュツ,
10073760,製品の物理的コンシステンシーの問題,セイヒンノブツリテキコンシステンシーノモンダイ,
10073767,発育性股関節形成不全,ハツイクセイコカンセツケイセイフゼン,
10073768,誤った投与量の投与,アヤマッタトウヨリョウノトウヨ,
10073770,血友病性偽腫瘍,ケツユウビョウセイギシュヨウ,
10073771,抑制抗体陽性,ヨクセイコウタイヨウセイ,
10073772,抑制抗体陰性,ヨクセイコウタイインセイ,
10073774,レンズ核線状体血管症,レンズカクセンジョウタイケッカンショウ,
10073775,放射線療法後脳卒中様片頭痛発作,ホウシャセンリョウホウゴノウソッチュウヨウヘンズツウホッサ,
10073776,骨線条症,コツセンジョウショウ,
10073779,適用部位裂傷,テキヨウブイレッショウ,
10073781,酸溶血試験,サンヨウケツシケン,
10073782,酸溶血試験陰性,サンヨウケツシケンインセイ,
10073783,酸溶血試験陽性,サンヨウケツシケンヨウセイ,
10073785,自己免疫性溶血性貧血,ジコメンエキセイヨウケツセイヒンケツ,
10073851,ファーター膨大部腫瘍,ファーターボウダイブシュヨウ,
10073852,骨線維腫,コツセンイシュ,
10073853,骨軟骨骨折,コツナンコツコッセツ,
10073854,発作前状態,ホッサゼンジョウタイ,
10073855,ケトン食,ケトンショク,
10073856,ラーセン症候群,ラーセンショウコウグン,
10073857,脳肉腫,ノウニクシュ,
10073858,気管切開部閉鎖,キカンセッカイブヘイサ,
10073928,小径線維ニューロパチー,ショウケイセンイニューロパチー,
10073929,ＩＲＶＡＮ症候群,IRVANショウコウグン,
10073930,乳房癒着,ニュウボウユチャク,
10073931,陰部単純ヘルペス,インブタンジュンヘルペス,
10073938,眼部単純ヘルペス,ガンブタンジュンヘルペス,
10073941,肛門直腸ヒト乳頭腫ウイルス感染,コウモンチョクチョウヒトニュウトウシュウイルスカンセン,
10073942,ＣＹＰ２Ｂ６遺伝子状態検査,CYP2B6イデンシジョウタイケンサ,
10073943,ＣＹＰ２Ｂ６遺伝子多型,CYP2B6イデンシタケイ,
10073945,周産期脳卒中,シュウサンキノウソッチュウ,
10073946,放射線塞栓術,ホウシャセンソクセンジュツ,
10073947,空腸結腸吻合,クウチョウケッチョウフンゴウ,
10073952,低カルニチン血症,テイカルニチンケッショウ,テイカルニチンケツショウ
10073954,企図的過少量投与,キトテキカショウリョウトウヨ,
10073957,複合リンパ腫,フクゴウリンパシュ,
10073960,ＣＡＮＤＬＥ症候群,CANDLEショウコウグン,
10073964,医療機器の使用期間終了,イリョウキキノシヨウキカンシュウリョウ,
10073965,医療機器テレメトリーの問題,イリョウキキテレメトリーノモンダイ,
10073976,放射線閉経,ホウシャセンヘイケイ,
10073977,内眼角形成術,ナイガンカクケイセイジュツ,
10073978,腟腺扁平上皮癌,チツセンヘンペイジョウヒガン,
10073979,門脈海綿状変化,モンミャクカイメンジョウヘンカ,
10073980,相貌失認,ソウボウシツニン,
10073986,分節動脈圧測定,ブンセツドウミャクアツソクテイ,
10073989,カテーテル留置部位小水疱,カテーテルリュウチブイショウスイホウ,
10073990,カテーテル留置部位石灰化,カテーテルリュウチブイセッカイカ,
10073991,カテーテル留置部位冷感,カテーテルリュウチブイレイカン,
10073992,カテーテル留置部位皮膚炎,カテーテルリュウチブイヒフエン,
10073993,カテーテル留置部位変色,カテーテルリュウチブイヘンショク,
10073994,カテーテル留置部位乾燥,カテーテルリュウチブイカンソウ,
10073995,カテーテル留置部位湿疹,カテーテルリュウチブイシッシン,
10073996,カテーテル留置部位皮膚剥脱,カテーテルリュウチブイヒフハクダツ,
10073997,カテーテル留置部位線維症,カテーテルリュウチブイセンイショウ,
10073998,カテーテル留置部位過敏反応,カテーテルリュウチブイカビンハンノウ,
10073999,カテーテル留置部位肥厚,カテーテルリュウチブイヒコウ,
10074000,カテーテル留置部位硬結,カテーテルリュウチブイコウケツ,
10074001,カテーテル留置部位損傷,カテーテルリュウチブイソンショウ,
10074002,カテーテル留置部位虚血,カテーテルリュウチブイキョケツ,
10074003,カテーテル留置部位斑,カテーテルリュウチブイハン,
10074004,カテーテル留置部位腫瘤,カテーテルリュウチブイシュリュウ,
10074005,カテーテル留置部位結節,カテーテルリュウチブイケッセツ,
10074006,カテーテル留置部位知覚低下,カテーテルリュウチブイチカクテイカ,
10074007,カテーテル留置部位蒼白,カテーテルリュウチブイソウハク,
10074008,カテーテル留置部位丘疹,カテーテルリュウチブイキュウシン,
10074009,カテーテル留置部位異常感覚,カテーテルリュウチブイイジョウカンカク,
10074010,カテーテル留置部位膿疱,カテーテルリュウチブイノウホウ,
10074011,カテーテル留置部位痂皮,カテーテルリュウチブイカヒ,
10074012,カテーテル留置部位瘢痕,カテーテルリュウチブイハンコン,
10074013,カテーテル留置部位潰瘍,カテーテルリュウチブイカイヨウ,
10074014,カテーテル留置部位血管炎,カテーテルリュウチブイケッカンエン,
10074015,カテーテル留置部位熱感,カテーテルリュウチブイネッカン,カテーテルリュウチブイネツカン
10074026,落屑緑内障,ラクセツリョクナイショウ,
10074027,落屑症候群,ラクセツショウコウグン,
10074028,脂肪過負荷症候群,シボウカフカショウコウグン,
10074052,視床下部－下垂体－副腎系抑制,シショウカブカスイタイフクジンケイヨクセイ,
10074053,後鼻孔狭窄,コウビコウキョウサク,
10074054,三叉神経炎,サンサシンケイエン,
10074061,大腸狭窄,ダイチョウキョウサク,
10074063,虚血性小腸炎,キョケツセイショウチョウエン,
10074065,処置による腸管穿孔,ショチニヨルチョウカンセンコウ,
10074066,記念日反応,キネンビハンノウ,
10074067,プロテウス症候群,プロテウスショウコウグン,
10074068,増殖性化膿性口内炎,ゾウショクセイカノウセイコウナイエン,
10074069,穿刺部位浮腫,センシブイフシュ,
10074072,努力肺活量,ドリョクハイカツリョウ,
10074073,時間知覚変化,ジカンチカクヘンカ,
10074074,食道圧迫,ショクドウアッパク,
10074077,Ｔ細胞受容体遺伝子再構成検査,Tサイボウジュヨウタイイデンシサイコウセイケンサ,
10074079,免疫グロブリン療法アレルギー,メンエキグロブリンリョウホウアレルギー,
10074080,自己像幻視,ジコゾウゲンシ,
10074084,肝線維化マーカー異常,カンセンイカマーカーイジョウ,
10074150,胆汁性腹水,タンジュウセイフクスイ,
10074151,非経口栄養関連肝障害,ヒケイコウエイヨウカンレンカンショウガイ,
10074158,新生児体温調節障害,シンセイジタイオンチョウセツショウガイ,
10074159,新生児胃腸出血,シンセイジイチョウシュッケツ,
10074160,新生児腸管穿孔,シンセイジチョウカンセンコウ,
10074162,４型コラーゲン抗原異常,4ガタコラーゲンコウゲンイジョウ,
10074163,ドライラング症候群,ドライラングショウコウグン,
10074168,腸回転異常修復,チョウカイテンイジョウシュウフク,
10074169,血管カテーテル挿入,ケッカンカテーテルソウニュウ,
10074170,カンジダ感染,カンジダカンセン,
10074171,アスペルギルス感染,アスペルギルスカンセン,
10074172,ストーマ閉鎖,ストーマヘイサ,
10074173,胃内残渣量評価,イナイザンサリョウヒョウカ,
10074174,空腸瘻閉鎖,クウチョウロウヘイサ,
10074180,頭蓋顔面変形,トウガイガンメンヘンケイ,
10074181,硬膜外カテーテル留置,コウマクガイカテーテルリュウチ,
10074182,メコニウムシスト,メコニウムシスト,
10074183,狭窄形成,キョウサクケイセイ,
10074184,バチルス性菌血症,バチルスセイキンケツショウ,
10074185,緑膿菌性髄膜炎,リョクノウキンセイズイマクエン,
10074186,組織拡張法,ソシキカクチョウホウ,
10074187,先天性上気道閉塞症候群,センテンセイジョウキドウヘイソクショウコウグン,
10074216,腸係蹄固定,チョウケイテイコテイ,
10074217,異所性卵巣,イショセイランソウ,
10074218,腸通過時間延長,チョウツウカジカンエンチョウ,
10074219,消化管ストーマ排液増加,ショウカカンストーマハイエキゾウカ,
10074220,消化管ストーマ排液減少,ショウカカンストーマハイエキゲンショウ,
10074221,消化管ストーマ排液異常,ショウカカンストーマハイエキイジョウ,
10074222,右室拡張,ウシツカクチョウ,
10074224,腸軸捻転修復,チョウジクネンテンシュウフク,
10074238,腸通過時間,チョウツウカジカン,
10074239,単純ヘルペス性大腸炎,タンジュンヘルペスセイダイチョウエン,
10074240,単純ヘルペス性胃炎,タンジュンヘルペスセイイエン,
10074241,水痘帯状疱疹性胃炎,スイトウタイジョウホウシンセイイエン,
10074242,単純ヘルペス性食道炎,タンジュンヘルペスセイショクドウエン,
10074243,水痘帯状疱疹性食道炎,スイトウタイジョウホウシンセイショクドウエン,
10074244,単純ヘルペス性咽頭炎,タンジュンヘルペスセイイントウエン,
10074245,帯状疱疹性咽頭炎,タイジョウホウシンセイイントウエン,
10074246,単純ヘルペス性敗血症,タンジュンヘルペスセイハイケツショウ,
10074247,単純ヘルペス性髄膜脳炎,タンジュンヘルペスセイズイマクノウエン,
10074248,帯状疱疹性髄膜脳炎,タイジョウホウシンセイズイマクノウエン,
10074249,ヘルペス性髄膜脊髄炎,ヘルペスセイズイマクセキズイエン,
10074250,単純ヘルペス性髄膜脊髄炎,タンジュンヘルペスセイズイマクセキズイエン,
10074251,帯状疱疹性髄膜脊髄炎,タイジョウホウシンセイズイマクセキズイエン,
10074252,単純ヘルペス性壊死性網膜症,タンジュンヘルペスセイエシセイモウマクショウ,
10074253,帯状疱疹性壊死性網膜症,タイジョウホウシンセイエシセイモウマクショウ,
10074254,水痘帯状疱疹性肺炎,スイトウタイジョウホウシンセイハイエン,
10074259,帯状疱疹性髄膜炎,タイジョウホウシンセイズイマクエン,
10074264,ピチウム・インシジオースム感染,ピチウムインシジオースムカンセン,
10074266,医療機器使用法過誤につながる状況または情報,イリョウキキシヨウホウカゴニツナガルジョウキョウマタハジョウホウ,
10074267,自然射精,シゼンシャセイ,
10074268,生殖器毒性,セイショクキドクセイ,
10074270,リンパ節出血,リンパセツシュッケツ,
10074283,ペレグリーニ・シュティーダ病,ペレグリーニシュティーダビョウ,
10074284,弱視治療,ジャクシチリョウ,
10074291,リンパ腫性乳頭状嚢胞腺腫,リンパシュセイニュウトウジョウノウホウセンシュ,
10074297,皮膚播種性帯状疱疹,ヒフハシュセイタイジョウホウシン,
10074298,水痘帯状疱疹性敗血症,スイトウタイジョウホウシンセイハイケツショウ,
10074300,治療変更,チリョウヘンコウ,
10074301,右室高血圧,ウシツコウケツアツ,
10074302,抗Ａ抗体陽性,コウAコウタイヨウセイ,
10074303,抗Ｂ抗体陽性,コウBコウタイヨウセイ,
10074304,抗Ｂ抗体,コウBコウタイ,
10074305,抗Ａ抗体,コウAコウタイ,
10074306,移行椎,イコウツイ,
10074307,移動性盲腸症候群,イドウセイモウチョウショウコウグン,
10074309,糖尿病性代謝代償不全,トウニョウビョウセイタイシャダイショウフゼン,
10074312,横隔膜痙攣,オウカクマクケイレン,
10074313,神経筋痛,シンケイキンツウ,
10074315,ＦＥＶ１／ＦＶＣ比,FEV1FVCヒ,
10074316,努力呼気流量,ドリョクコキリュウリョウ,
10074319,努力呼気流量減少,ドリョクコキリュウリョウゲンショウ,
10074327,関節振動,カンセツシンドウ,
10074329,関節雑音,カンセツザツオン,
10074331,眼球コレステロール沈着症,ガンキュウコレステロールチンチャクショウ,
10074332,パテルギー反応,パテルギーハンノウ,
10074333,子宮癒着,シキュウユチャク,
10074336,顎骨発育不全,ガクコツハツイクフゼン,
10074337,急性大動脈症候群,キュウセイダイドウミャクショウコウグン,
10074338,尿管拡張術,ニョウカンカクチョウジュツ,
10074339,皮膚病性リンパ節症,ヒフビョウセイリンパセツショウ,
10074340,結合組織の悪性新生物,ケツゴウソシキノアクセイシンセイブツ,
10074341,ヒステロスコピー異常,ヒステロスコピーイジョウ,
10074342,ヒステロスコピー正常,ヒステロスコピーセイジョウ,
10074348,４型コラーゲン抗原増加,4ガタコラーゲンコウゲンゾウカ,
10074349,眼静脈血栓症,ガンジョウミャクケッセンショウ,
10074350,薬剤誘発試験,ヤクザイユウハツシケン,
10074352,肝内鉄濃度異常,カンナイテツノウドイジョウ,
10074353,肝内鉄濃度減少,カンナイテツノウドゲンショウ,
10074354,肝内鉄濃度増加,カンナイテツノウドゾウカ,
10074357,心肺運動試験,シンパイウンドウシケン,
10074358,心肺運動試験正常,シンパイウンドウシケンセイジョウ,
10074359,心肺運動試験異常,シンパイウンドウシケンイジョウ,
10074361,ＪＣウイルスによる顆粒細胞障害,JCウイルスニヨルカリュウサイボウショウガイ,
10074362,仙腸関節骨折,センチョウカンセツコッセツ,
10074363,気道分泌物除去療法,キドウブンピブツジョキョリョウホウ,キドウブンピツブツジョキョリョウホウ
10074367,兵役,ヘイエキ,
10074372,呼気陽圧療法,コキヨウアツリョウホウ,
10074386,腎静脈圧迫,ジンジョウミャクアッパク,
10074387,腋窩リンパ管線維化症候群,エキカリンパカンセンイカショウコウグン,
10074396,穿通性アテローム動脈硬化性潰瘍,センツウセイアテロームドウミャクコウカセイカイヨウ,
10074397,大静脈フィルター除去,ダイジョウミャクフィルタージョキョ,
10074401,副鼻腔形成不全,フクビクウケイセイフゼン,
10074403,口蓋腫脹,コウガイシュチョウ,
10074409,大腸菌性腎盂腎炎,ダイチョウキンセイジンウジンエン,
10074413,肝線維化マーカー上昇,カンセンイカマーカージョウショウ,
10074414,カテーテル管理,カテーテルカンリ,
10074417,子宮超音波検査正常,シキュウチョウオンパケンサセイジョウ,
10074418,泌尿生殖器の良性新生物,ヒニョウセイショクキノリョウセイシンセイブツ,
10074419,泌尿生殖器の悪性新生物,ヒニョウセイショクキノアクセイシンセイブツ,
10074420,卵管痙攣,ランカンケイレン,
10074421,運動耐性上昇,ウンドウタイセイジョウショウ,
10074422,脳幹塞栓症,ノウカンソクセンショウ,
10074423,インターフェロンγ濃度増加,インターフェロンガンマノウドゾウカ,
10074424,腸ヘルニア修復,チョウヘルニアシュウフク,
10074425,医療機器欠陥,イリョウキキケッカン,
10074426,シックセル症候群,シックセルショウコウグン,
10074430,直腸前立腺瘻,チョクチョウゼンリツセンロウ,
10074431,癌手術,ガンシュジュツ,
10074432,前立腺アブレーション,ゼンリツセンアブレーション,
10074436,非感染性卵巣炎,ヒカンセンセイランソウエン,
10074437,胃腸ポリープ出血,イチョウポリープシュッケツ,
10074442,腹部ヘルニア穿孔,フクブヘルニアセンコウ,
10074443,腱弛緩,ケンシカン,
10074446,永久的避妊用卵管インプラント,エイキュウテキヒニンヨウランカンインプラント,
10074453,レッドブレスト症候群,レッドブレストショウコウグン,
10074456,インターフェロン療法,インターフェロンリョウホウ,
10074457,膀胱憩室炎,ボウコウケイシツエン,
10074458,虫垂結石,チュウスイケッセキ,
10074459,先天性精索静脈瘤,センテンセイセイサクジョウミャクリュウ,
10074460,核磁気共鳴神経造影術,カクジキキョウメイシンケイゾウエイジュツ,
10074462,硬膜動静脈瘻,コウマクドウジョウミャクロウ,
10074467,子宮筋腫分娩,シキュウキンシュブンベン,
10074476,胆嚢軸捻転,タンノウジクネンテン,
10074480,感染後糸球体腎炎,カンセンゴシキュウタイジンエン,
10074481,赤痢菌性敗血症,セキリキンセイハイケツショウ,
10074482,単球走化性蛋白－１増加,タンキュウソウカセイタンパク1ゾウカ,
10074486,陰嚢の炎症,インノウノエンショウ,
10074487,外傷性血胸,ガイショウセイケッキョウ,
10074490,ＡＤＡＭＴＳ１３活性上昇,ADAMTS13カッセイジョウショウ,
10074491,ＡＤＡＭＴＳ１３活性低下,ADAMTS13カッセイテイカ,
10074492,ＡＤＡＭＴＳ１３活性正常,ADAMTS13カッセイセイジョウ,
10074493,ＡＤＡＭＴＳ１３活性異常,ADAMTS13カッセイイジョウ,
10074494,肝血管血栓症,カンケッカンケッセンショウ,
10074495,腎移植不全,ジンイショクフゼン,
10074496,皮膚石灰化,ヒフセッカイカ,
10074497,避妊具使用中の異所性妊娠,ヒニングシヨウチュウノイショセイニンシン,
10074498,医療機器埋没,イリョウキキマイボツ,
10074506,ボディ・マス・インデックス異常,ボディマスインデックスイジョウ,
10074507,皮膚過形成,ヒフカケイセイ,
10074508,ストーマ部出血,ストーマブシュッケツ,
10074509,ストーマ部過敏反応,ストーマブカビンハンノウ,
10074510,ストーマ部硬結,ストーマブコウケツ,
10074511,ストーマ部虚血,ストーマブキョケツ,
10074512,ストーマ部異常感覚,ストーマブイジョウカンカク,
10074513,ストーマ部静脈炎,ストーマブジョウミャクエン,
10074514,ストーマ部紅斑,ストーマブコウハン,
10074515,ストーマ部血栓,ストーマブケッセン,
10074516,ストーマ部潰瘍,ストーマブカイヨウ,
10074517,ストーマ部血管炎,ストーマブケッカンエン,
10074520,ストーマ部知覚低下,ストーマブチカクテイカ,
10074525,腸間膜静脈硬化症,チョウカンマクジョウミャクコウカショウ,
10074526,肛門直腸腫脹,コウモンチョクチョウシュチョウ,
10074527,子宮瘢痕,シキュウハンコン,
10074528,抗凝固薬濃度増加,コウギョウコヤクノウドゾウカ,
10074529,抗凝固薬濃度減少,コウギョウコヤクノウドゲンショウ,
10074530,抗凝固薬濃度正常,コウギョウコヤクノウドセイジョウ,
10074531,抗凝固薬濃度異常,コウギョウコヤクノウドイジョウ,
10074532,卵管腫大,ランカンシュダイ,
10074533,乳房コンピュータ断層撮影正常,ニュウボウコンピュータダンソウサツエイセイジョウ,
10074534,乳房コンピュータ断層撮影異常,ニュウボウコンピュータダンソウサツエイイジョウ,
10074535,適用部位肥厚,テキヨウブイヒコウ,
10074538,生殖器萎縮,セイショクキイシュク,
10074539,胃腸吻合合併症,イチョウフンゴウガッペイショウ,
10074540,舌梗塞,ゼツコウソク,
10074547,脂肪芽細胞腫,シボウガサイボウシュ,
10074549,嚢胞性線維症における呼吸器感染抑制,ノウホウセイセンイショウニオケルコキュウキカンセンヨクセイ,
10074551,四肢骨折,シシコッセツ,
10074552,後腹膜生検,コウフクマクセイケン,
10074554,先天性ホルネル症候群,センテンセイホルネルショウコウグン,
10074555,移植合併症,イショクガッペイショウ,
10074556,食物汚染,ショクモツオセン,
10074557,特発性出血,トクハツセイシュッケツ,
10074559,副交感神経損傷,フクコウカンシンケイソンショウ,
10074560,ウイルス性乳腺炎,ウイルスセイニュウセンエン,
10074561,後天性アンチトロンビンＩＩＩ欠乏症,コウテンセイアンチトロンビン3ケツボウショウ,
10074563,眼移植片対宿主病,ガンイショクヘンタイシュクシュビョウ,
10074564,リン脂質症,リンシシツショウ,
10074565,ストーマ閉塞,ストーマヘイソク,
10074566,ストーマ合併症,ストーマガッペイショウ,
10074569,ヨウ素過剰,ヨウソカジョウ,
10074570,血管性認知障害,ケッカンセイニンチショウガイ,
10074583,腸間膜血管閉塞,チョウカンマクケッカンヘイソク,
10074584,ジェネティック・セクシュアル・アトラクション,ジェネティックセクシュアルアトラクション,
10074585,適用部位知覚低下,テキヨウブイチカクテイカ,
10074586,注射部位知覚低下,チュウシャブイチカクテイカ,
10074587,滴下投与部位知覚低下,テキカトウヨブイチカクテイカ,
10074588,血管穿刺部位知覚低下,ケッカンセンシブイチカクテイカ,
10074593,肝線維化マーカー検査,カンセンイカマーカーケンサ,
10074594,肝線維化マーカー正常,カンセンイカマーカーセイジョウ,
10074597,好酸球性脂肪織炎,コウサンキュウセイシボウシキエン,
10074598,腸通過時間短縮,チョウツウカジカンタンシュク,
10074599,腱不快感,ケンフカイカン,
10074600,脾動脈血栓症,ヒドウミャクケッセンショウ,
10074601,脾臓血栓症,ヒゾウケッセンショウ,
10074602,爪壊死,ソウエシ,ツメエシ
10074603,赤色反射異常,セキショクハンシャイジョウ,
10074607,神経セロイドリポフスチン症,シンケイセロイドリポフスチンショウ,
10074608,白血球停滞症候群,ハッケッキュウテイタイショウコウグン,
10074610,胆管過誤腫,タンカンカゴシュ,
10074613,脳コロイド嚢胞,ノウコロイドノウホウ,
10074616,前駆期アルツハイマー病,ゼンクキアルツハイマービョウ,
10074617,鼻腔毒性,ビクウドクセイ,
10074618,ウイルス量検出不能,ウイルスリョウケンシュツフノウ,
10074620,眼瞼発疹,ガンケンホッシン,ガンケンハッシン
10074621,静脈虚脱,ジョウミャクキョダツ,
10074625,大腸ポリープ切除,ダイチョウポリープセツジョ,
10074636,胎児一過性徐脈異常,タイジイッカセイジョミャクイジョウ,
10074638,胎児心拍数基線細変動障害,タイジシンパクスウキセンサイヘンドウショウガイ,
10074639,下大静脈狭窄,カダイジョウミャクキョウサク,
10074640,接合部異所性頻脈,セツゴウブイショセイヒンミャク,
10074641,胎児機能不全心拍パターン,タイジキノウフゼンシンパクパターン,
10074642,胎児一過性頻脈異常,タイジイッカセイヒンミャクイジョウ,
10074643,胎児心拍数サイヌソイダルパターン,タイジシンパクスウサイヌソイダルパターン,
10074668,単クローン性Ｂ細胞リンパ球増加症,タンクローンセイBサイボウリンパキュウゾウカショウ,
10074670,上鼓室開放,ジョウコシツカイホウ,
10074671,放射線血管炎,ホウシャセンケッカンエン,
10074672,ウイルス性髄膜脳炎,ウイルスセイズイマクノウエン,
10074680,ＳｅＨＣＡＴ検査,SeHCATケンサ,
10074682,脳蓄膿,ノウチクノウ,
10074686,鋸歯状舌,キョシジョウゼツ,
10074687,腫瘍随伴性発疹,シュヨウズイハンセイホッシン,シュヨウズイハンセイハッシン
10074693,肺痛,ハイツウ,
10074696,非感染性脈絡網膜炎,ヒカンセンセイミャクラクモウマクエン,
10074697,感染性上強膜炎,カンセンセイジョウキョウマクエン,
10074698,感染性虹彩炎,カンセンセイコウサイエン,
10074699,非感染性網膜炎,ヒカンセンセイモウマクエン,
10074700,感染性ぶどう膜炎,カンセンセイブドウマクエン,
10074701,非感染性結膜炎,ヒカンセンセイケツマクエン,
10074703,注射部位関節感染,チュウシャブイカンセツカンセン,
10074704,投与部位炎症,トウヨブイエンショウ,
10074705,感染性骨膜炎,カンセンセイコツマクエン,
10074706,非感染性精巣上体炎,ヒカンセンセイセイソウジョウタイエン,
10074707,感染性大動脈炎,カンセンセイダイドウミャクエン,
10074712,非感染性脳炎,ヒカンセンセイノウエン,
10074713,非感染性脳脊髄炎,ヒカンセンセイノウセキズイエン,
10074714,ループス膀胱炎,ループスボウコウエン,
10074716,アポトーシス性結腸疾患,アポトーシスセイケッチョウシッカン,
10074717,脳実質外動脈血栓症,ノウジッシツガイドウミャクケッセンショウ,
10074718,深部解離性血腫,シンブカイリセイケッシュ,
10074719,努力肺活量正常,ドリョクハイカツリョウセイジョウ,
10074720,努力肺活量異常,ドリョクハイカツリョウイジョウ,
10074721,努力肺活量増加,ドリョクハイカツリョウゾウカ,
10074722,努力肺活量減少,ドリョクハイカツリョウゲンショウ,
10074723,腸通過時間正常,チョウツウカジカンセイジョウ,
10074724,腸通過時間異常,チョウツウカジカンイジョウ,
10074725,リヒターヘルニア,リヒターヘルニア,
10074726,門脈線維症,モンミャクセンイショウ,
10074727,血液粘度減少,ケツエキネンドゲンショウ,
10074728,血液粘度異常,ケツエキネンドイジョウ,
10074729,精子死滅症,セイシシメツショウ,
10074730,血管筋線維芽細胞腫,ケッカンキンセンイガサイボウシュ,
10074731,植込み型心臓モニター挿入,ウエコミガタシンゾウモニターソウニュウ,
10074734,トロンボエラストグラム,トロンボエラストグラム,
10074735,プロロセラピー,プロロセラピー,
10074736,炎症マーカー検査,エンショウマーカーケンサ,
10074737,線溶亢進,センヨウコウシン,
10074738,子宮洗浄,シキュウセンジョウ,
10074739,透析時非経腸栄養,トウセキジヒケイチョウエイヨウ,
10074740,加速度感知型筋弛緩モニタリング,カソクドカンチガタキンシカンモニタリング,
10074741,結腸洗浄,ケッチョウセンジョウ,
10074742,仰臥位,ギョウガイ,
10074743,ファウラー位,ファウラーイ,
10074744,腹臥位,フクガイ,
10074745,砕石位,サイセキイ,
10074746,腎代替療法,ジンダイタイリョウホウ,
10074753,メチレンテトラヒドロ葉酸還元酵素遺伝子変異,メチレンテトラヒドロヨウサンカンゲンコウソイデンシヘンイ,
10074755,感染性漿液腫,カンセンセイショウエキシュ,
10074756,補正カルシウム,ホセイカルシウム,
10074757,補正カルシウム減少,ホセイカルシウムゲンショウ,
10074758,切開部位腫脹,セッカイブイシュチョウ,
10074759,穿刺部位紅斑,センシブイコウハン,
10074760,血管穿刺部位紅斑,ケッカンセンシブイコウハン,
10074761,穿刺部位知覚低下,センシブイチカクテイカ,
10074766,肝アブレーション,カンアブレーション,
10074767,ミエロペルオキシダーゼ欠損症,ミエロペルオキシダーゼケッソンショウ,
10074768,喉頭神経機能障害,コウトウシンケイキノウショウガイ,
10074769,壊死性筋炎,エシセイキンエン,
10074771,ＨＬＡ－Ｂ＊１５０２検査陽性,HLAB1502ケンサヨウセイ,
10074772,ＨＬＡ－Ｂ＊１５０２検査陰性,HLAB1502ケンサインセイ,
10074773,ＨＬＡ－Ｂ＊５８０１検査,HLAB5801ケンサ,
10074774,ＨＬＡ－Ｂ＊５８０１検査陽性,HLAB5801ケンサヨウセイ,
10074775,ＨＬＡ－Ｂ＊５８０１検査陰性,HLAB5801ケンサインセイ,
10074776,製品包装の混同,セイヒンホウソウノコンドウ,
10074778,舌ポリープ,ゼツポリープ,シタポリープ
10074779,口腔粘膜血腫,コウクウネンマクケッシュ,コウコウネンマクケッシュ
10074785,結膜裂傷,ケツマクレッショウ,
10074786,行動療法,コウドウリョウホウ,
10074787,性心理学的療法,セイシンリガクテキリョウホウ,
10074788,胃脱出,イダッシュツ,
10074789,絹アレルギー,キヌアレルギー,
10074796,投与部位紅斑,トウヨブイコウハン,
10074801,腰部くも膜下槽圧迫,ヨウブクモマクカソウアッパク,
10074802,インプラント沈み込み,インプラントシズミコミ,
10074807,脊椎癒合部骨折,セキツイユゴウブコッセツ,
10074808,脊椎癒合遅延,セキツイユゴウチエン,
10074809,インプラント周囲放射線透過性,インプラントシュウイホウシャセントウカセイ,
10074830,陰茎灼熱感,インケイシャクネツカン,
10074831,フィロウイルス感染,フィロウイルスカンセン,
10074832,良性民族性好中球減少症,リョウセイミンゾクセイコウチュウキュウゲンショウショウ,
10074833,反跳精神病,ハンチョウセイシンビョウ,
10074834,不健康な食事,フケンコウナショクジ,
10074835,パーキンソン病精神病,パーキンソンビョウセイシンビョウ,
10074840,ツベルクリン反応偽陰性,ツベルクリンハンノウギインセイ,
10074842,洗浄療法,センジョウリョウホウ,
10074843,医療機器プライミング,イリョウキキプライミング,
10074844,溶媒使用,ヨウバイシヨウ,
10074847,癌胎児性抗原減少,ガンタイジセイコウゲンゲンショウ,
10074850,注入部位湿疹,チュウニュウブイシッシン,
10074851,注入部位血管炎,チュウニュウブイケッカンエン,
10074853,薬剤漸増漸減過誤,ヤクザイゼンゾウゼンゲンカゴ,
10074857,膵線維症,スイセンイショウ,
10074859,軟便,ナンベン,
10074860,移植片機能不全,イショクヘンキノウフゼン,
10074861,細菌性子宮内膜炎,サイキンセイシキュウナイマクエン,
10074863,非感染性歯肉炎,ヒカンセンセイシニクエン,
10074864,腎交感神経アブレーション,ジンコウカンシンケイアブレーション,
10074866,黄体化過剰反応,オウタイカカジョウハンノウ,
10074867,低浸透圧状態,テイシントウアツジョウタイ,
10074868,薬物－疾患相互作用,ヤクブツシッカンソウゴサヨウ,
10074869,言語障害,ゲンゴショウガイ,
10074870,疾患感受性,シッカンカンジュセイ,
10074880,頚椎椎前軟部組織腫脹,ケイツイツイゼンナンブソシキシュチョウ,
10074887,腟ペッサリー挿入,チツペッサリーソウニュウ,
10074890,心血管検査,シンケッカンケンサ,
10074891,糖鎖欠損トランスフェリン測定,トウサケッソントランスフェリンソクテイ,
10074894,外傷性膵炎,ガイショウセイスイエン,
10074895,カフェインアレルギー,カフェインアレルギー,
10074896,医療機器塞栓,イリョウキキソクセン,
10074898,中間症候群,チュウカンショウコウグン,
10074902,期限切れの製品使用,キゲンギレノセイヒンシヨウ,
10074903,企図的製品誤用,キトテキセイヒンゴヨウ,
10074904,偶発的過少量投与,グウハツテキカショウリョウトウヨ,
10074905,薬剤圧出,ヤクザイアッシュツ,
10074906,用量漸増漸減非実施,ヨウリョウゼンゾウゼンゲンヒジッシ,
10074908,網膜冷凍アブレーション,モウマクレイトウアブレーション,
10074909,子宮頚部明細胞癌,シキュウケイブメイサイボウガン,
10074913,無呼吸検査異常,ムコキュウケンサイジョウ,
10074923,医療機器バッテリー爆発,イリョウキキバッテリーバクハツ,
10074924,毛髪損傷,モウハツソンショウ,
10074929,指尖陥凹性瘢痕,シセンカンオウセイハンコン,
10074936,鼻ヘルペス,ハナヘルペス,
10074937,サルモネラ性大動脈炎,サルモネラセイダイドウミャクエン,
10074941,治療効果変化,チリョウコウカヘンカ,
10074942,尿路ストーマ合併症,ニョウロストーマガッペイショウ,
10074943,二次性小脳変性症,ニジセイショウノウヘンセイショウ,
10074946,誤った組成の製品使用,アヤマッタソセイノセイヒンシヨウ,
10074947,ヨハンソン・ブリザード症候群,ヨハンソンブリザードショウコウグン,
10074950,多剤療法,タザイリョウホウ,
10074954,肉芽腫性皮膚炎,ニクゲシュセイヒフエン,
10074961,薬物送達システムの問題,ヤクブツソウタツシステムノモンダイ,
10074969,偽性蜂巣炎,ギセイホウソウエン,
10074970,鼻軟骨低形成,ビナンコツテイケイセイ,
10074971,動脈壁内血腫,ドウミャクヘキナイケッシュ,
10074972,アーレン症候群,アーレンショウコウグン,
10074976,皮膚癒着,ヒフユチャク,
10074977,ハーレクイン皮膚反応,ハーレクインヒフハンノウ,
10074978,爪郭の炎症,ソウカクノエンショウ,
10074979,血管奇形,ケッカンキケイ,
10074982,化学療法時の中毒性紅斑,カガクリョウホウジノチュウドクセイコウハン,
10074984,嵌頓腹部ヘルニア,カントンフクブヘルニア,
10074985,絞扼性大腿ヘルニア,コウヤクセイダイタイヘルニア,
10074986,絞扼性裂孔ヘルニア,コウヤクセイレッコウヘルニア,
10074987,嵌頓大腿ヘルニア,カントンダイタイヘルニア,
10074990,乳頭切除,ニュウトウセツジョ,
10074992,先天性乱視,センテンセイランシ,
10074993,血管穿刺部位静脈炎,ケッカンセンシブイジョウミャクエン,
10074995,性器水疱,セイキスイホウ,
10074996,ウイルス性喉頭蓋炎,ウイルスセイコウトウガイエン,
10074997,マイコプラズマ・ジェニタリウム感染,マイコプラズマジェニタリウムカンセン,
10074998,ウエスト周囲径,ウエストシュウイケイ,
10075002,異常不随意運動評価尺度,イジョウフズイイウンドウヒョウカシャクド,
10075003,薬物半減期,ヤクブツハンゲンキ,
10075004,尿性腹水,ニョウセイフクスイ,
10075005,クラウンド・デンス症候群,クラウンドデンスショウコウグン,
10075006,モルバン症候群,モルバンショウコウグン,
10075007,甲状腺刺激ホルモン不適合分泌,コウジョウセンシゲキホルモンフテキゴウブンピ,コウジョウセンシゲキホルモンフテキゴウブンピツ
10075008,移植関連食物アレルギー,イショクカンレンショクモツアレルギー,
10075009,レーザースペックルコントラスト画像,レーザースペックルコントラストガゾウ,
10075012,被嚢性腹膜硬化症,ヒノウセイフクマクコウカショウ,
10075014,乳房被膜拘縮解除術,ニュウボウヒマクコウシュクカイジョジュツ,
10075015,腎症候性出血熱,ジンショウコウセイシュッケツネツ,
10075016,ストーマ部そう痒感,ストーマブソウヨウカン,
10075017,ストーマ部蜂巣炎,ストーマブホウソウエン,
10075018,眼瞼挫傷,ガンケンザショウ,
10075021,真珠様陰茎小丘疹,シンジュヨウインケイショウキュウシン,
10075023,骨盤コンピュータ断層撮影,コツバンコンピュータダンソウサツエイ,
10075025,マイコバクテリア性疾患キャリアー,マイコバクテリアセイシッカンキャリアー,
10075026,非定型マイコバクテリア下気道感染,ヒテイケイマイコバクテリアカキドウカンセン,
10075027,鼻中隔血腫,ビチュウカクケッシュ,
10075032,精子運動性,セイシウンドウセイ,
10075033,堕胎,ダタイ,
10075037,右半球症候群,ミギハンキュウショウコウグン,
10075038,ポリオーマウイルス検査,ポリオーマウイルスケンサ,
10075039,ポリオーマウイルス検査陰性,ポリオーマウイルスケンサインセイ,
10075041,ＢＫポリオーマウイルス検査,BKポリオーマウイルスケンサ,
10075042,ＢＫポリオーマウイルス検査陰性,BKポリオーマウイルスケンサインセイ,
10075043,甲状腺中毒性心筋症,コウジョウセンチュウドクセイシンキンショウ,
10075045,皮膚吸収亢進,ヒフキュウシュウコウシン,
10075046,高フェリチン血症,コウフェリチンケッショウ,コウフェリチンケツショウ
10075049,末梢静脈疾患,マッショウジョウミャクシッカン,
10075050,中毒性甲状腺腫,チュウドクセイコウジョウセンシュ,
10075061,マイコプラズマ性直腸炎,マイコプラズマセイチョクチョウエン,
10075062,マイコプラズマ性子宮頚管炎,マイコプラズマセイシキュウケイカンエン,
10075063,マイコプラズマ性尿道炎,マイコプラズマセイニョウドウエン,
10075068,ファーストバイト症候群,ファーストバイトショウコウグン,
10075069,瀑状胃,バクジョウイ,
10075071,鼻切除,ビセツジョ,
10075072,アレルギー性外耳炎,アレルギーセイガイジエン,
10075076,ＴＥＭＰＩ症候群,TEMPIショウコウグン,
10075077,粘膜毒性,ネンマクドクセイ,
10075078,有機塵中毒症候群,ユウキジンチュウドクショウコウグン,
10075081,再発慢性骨髄性白血病,サイハツマンセイコツズイセイハッケツビョウ,
10075083,音高知覚変化,オンコウチカクヘンカ,
10075085,Ｅ型肝炎ウイルス検査,Eガタカンエンウイルスケンサ,
10075086,ＣＤ４９ｄ発現増加,CD49dハツゲンゾウカ,
10075087,ＣＤ４９ｄ発現減少,CD49dハツゲンゲンショウ,
10075088,ＣＤ４９ｄ発現,CD49dハツゲン,
10075094,投与部位内出血,トウヨブイナイシュッケツ,
10075095,投与部位蜂巣炎,トウヨブイホウソウエン,
10075096,投与部位皮膚炎,トウヨブイヒフエン,
10075097,投与部位分泌,トウヨブイブンピ,トウヨブイブンピツ
10075098,投与部位変色,トウヨブイヘンショク,
10075099,投与部位湿疹,トウヨブイシッシン,
10075100,投与部位血腫,トウヨブイケッシュ,
10075101,投与部位出血,トウヨブイシュッケツ,
10075102,投与部位過敏反応,トウヨブイカビンハンノウ,
10075103,投与部位臭,トウヨブイシュウ,
10075104,投与部位浮腫,トウヨブイフシュ,
10075105,投与部位異常感覚,トウヨブイイジョウカンカク,
10075106,投与部位そう痒感,トウヨブイソウヨウカン,
10075107,投与部位腫脹,トウヨブイシュチョウ,
10075108,投与部位潰瘍,トウヨブイカイヨウ,
10075109,投与部位蕁麻疹,トウヨブイジンマシン,
10075117,脾摘後症候群,ヒテキゴショウコウグン,
10075118,骨膜下膿瘍,コツマクカノウヨウ,
10075119,酵素濃度異常,コウソノウドイジョウ,
10075122,自然蘇生,シゼンソセイ,
10075124,網脈絡膜皺襞,モウミャクラクマクスウヘキ,
10075125,強直肢位,キョウチョクシイ,
10075134,人工血管除去,ジンコウケッカンジョキョ,
10075136,根管感染,コンカンカンセン,
10075137,ムンプス難聴,ムンプスナンチョウ,
10075139,末期肝疾患モデルスコア,マッキカンシッカンモデルスコア,
10075140,チャイルド・ピュー・ターコットスコア,チャイルドピューターコットスコア,
10075141,リン分画排泄率,リンブンカクハイセツリツ,
10075142,ナトリウム分画排泄率,ナトリウムブンカクハイセツリツ,
10075147,熱恐怖症,ネツキョウフショウ,
10075149,新生児同種免疫性血小板減少症,シンセイジドウシュメンエキセイケッショウバンゲンショウショウ,
10075154,導管造影,ドウカンゾウエイ,
10075156,抗ミュラー管ホルモン濃度,コウミュラーカンホルモンノウド,
10075157,抗ミュラー管ホルモン濃度増加,コウミュラーカンホルモンノウドゾウカ,
10075158,抗ミュラー管ホルモン濃度減少,コウミュラーカンホルモンノウドゲンショウ,
10075159,抗ミュラー管ホルモン濃度正常,コウミュラーカンホルモンノウドセイジョウ,
10075160,消化管移植片対宿主病,ショウカカンイショクヘンタイシュクシュビョウ,
10075162,冠血管グラフト閉塞,カンケッカングラフトヘイソク,
10075163,ヒトライノウイルス検査,ヒトライノウイルスケンサ,
10075164,肺血管抵抗,ハイケッカンテイコウ,
10075165,呼吸器感染ウイルス検出キットによる検査,コキュウキカンセンウイルスケンシュツキットニヨルケンサ,
10075166,ビジュアルアナログスケール,ビジュアルアナログスケール,
10075173,骨髄浸潤,コツズイシンジュン,
10075174,混合型認知症,コンゴウガタニンチショウ,
10075178,副腎血栓症,フクジンケッセンショウ,
10075185,アレルギー性好酸球増加症,アレルギーセイコウサンキュウゾウカショウ,
10075186,ストーマ静脈瘤,ストーマジョウミャクリュウ,
10075187,粘膜疼痛,ネンマクトウツウ,
10075189,プルチェル網膜症,プルチェルモウマクショウ,
10075190,心因性偽失神,シンインセイギシッシン,
10075191,肺剥離術,ハイハクリジュツ,
10075192,内出血,ナイシュッケツ,
10075197,ステロイド反応性脳橋血管周囲強化を伴う慢性リンパ球性炎症,ステロイドハンノウセイノウキョウケッカンシュウイキョウカヲトモナウマンセイリンパキュウセイエンショウ,
10075201,急速進行性変形性関節症,キュウソクシンコウセイヘンケイセイカンセツショウ,
10075202,腸上皮内リンパ球増加,チョウジョウヒナイリンパキュウゾウカ,
10075203,口腔腫脹,コウクウシュチョウ,コウコウシュチョウ
10075204,処置に対する不安,ショチニタイスルフアン,
10075208,バルトネラ検査陰性,バルトネラケンサインセイ,
10075209,バルトネラ検査,バルトネラケンサ,
10075210,心筋壊死マーカー,シンキンエシマーカー,
10075211,心筋壊死マーカー上昇,シンキンエシマーカージョウショウ,
10075212,心筋壊死マーカー正常,シンキンエシマーカーセイジョウ,
10075213,食事制限不成功,ショクジセイゲンフセイコウ,
10075216,胎児バイオフィジカルプロファイルスコア,タイジバイオフィジカルプロファイルスコア,
10075217,肥満細胞活性化症候群,ヒマンサイボウカッセイカショウコウグン,
10075218,インヒビンＢ,インヒビンB,
10075223,フリンス症候群,フリンスショウコウグン,
10075226,医療機器留め具の問題,イリョウキキトメグノモンダイ,
10075232,弁圧較差,ベンアツカクサ,
10075233,周産期ＨＢＶ感染,シュウサンキHBVカンセン,
10075240,第ＶＩＩ因子抑制,ダイ7インシヨクセイ,
10075241,第Ｘ因子抑制,ダイ10インシヨクセイ,
10075242,第ＩＩ因子抑制,ダイ2インシヨクセイ,
10075243,非感染性唾液腺炎,ヒカンセンセイダエキセンエン,
10075245,遠隔転移を伴うグルカゴン産生腫瘍,エンカクテンイヲトモナウグルカゴンサンセイシュヨウ,
10075246,偽性アカラシア,ギセイアカラシア,
10075247,異物塞栓症,イブツソクセンショウ,
10075248,前立腺ポリープ,ゼンリツセンポリープ,
10075249,脳室穿破,ノウシツセンバ,
10075250,末梢動脈造影,マッショウドウミャクゾウエイ,
10075251,肝アミロイドーシス,カンアミロイドーシス,
10075252,腱鞘障害,ケンショウショウガイ,
10075253,左房食道瘻,サボウショクドウロウ,
10075254,鼠径ヘルニア穿孔,ソケイヘルニアセンコウ,
10075255,ヘルニア穿孔,ヘルニアセンコウ,
10075264,眼腺症候群,ガンセンショウコウグン,
10075265,体温異常,タイオンイジョウ,
10075267,肌のきめ異常,ハダノキメイジョウ,
10075268,腸結核,チョウケッカク,
10075270,肺ブラ切除,ハイブラセツジョ,
10075271,中東呼吸器症候群,チュウトウコキュウキショウコウグン,
10075274,グリシン検査,グリシンケンサ,
10075281,バラカット症候群,バラカットショウコウグン,
10075283,活性化部分トロンボプラスチン時間比,カッセイカブブントロンボプラスチンジカンヒ,
10075284,活性化部分トロンボプラスチン時間比異常,カッセイカブブントロンボプラスチンジカンヒイジョウ,
10075285,活性化部分トロンボプラスチン時間比減少,カッセイカブブントロンボプラスチンジカンヒゲンショウ,
10075286,活性化部分トロンボプラスチン時間比変動,カッセイカブブントロンボプラスチンジカンヒヘンドウ,
10075287,活性化部分トロンボプラスチン時間比増加,カッセイカブブントロンボプラスチンジカンヒゾウカ,
10075288,活性化部分トロンボプラスチン時間比正常,カッセイカブブントロンボプラスチンジカンヒセイジョウ,
10075289,気道リモデリング,キドウリモデリング,
10075290,陰茎モデリング術,インケイモデリングジュツ,
10075291,心室リモデリング,シンシツリモデリング,
10075292,胚細胞新生物,ハイサイボウシンセイブツ,
10075295,神経遮断薬誘発性欠陥症候群,シンケイシャダンヤクユウハツセイケッカンショウコウグン,
10075298,歯状核赤核淡蒼球ルイ体萎縮症,シジョウカクセキカクタンソウキュウルイタイイシュクショウ,
10075299,心筋梗塞の心電図所見,シンキンコウソクノシンデンズショケン,
10075301,伊藤のメラニン減少症,イトウノメラニンゲンショウショウ,
10075303,生物学的療法,セイブツガクテキリョウホウ,
10075304,癌標的治療,ガンヒョウテキチリョウ,
10075305,両手利き,リョウテキキ,
10075306,感染性腸間膜脂肪織炎,カンセンセイチョウカンマクシボウシキエン,
10075307,肢切断者,シセツダンシャ,
10075308,アレルギー性胃腸炎,アレルギーセイイチョウエン,
10075310,毛嚢虫症,モウノウチュウショウ,
10075311,臍形成術,サイケイセイジュツ,
10075313,注射部位多毛症,チュウシャブイタモウショウ,
10075314,投与部位多毛症,トウヨブイタモウショウ,
10075315,乳児嘔吐,ニュウジオウト,
10075316,乳児の栄養摂取不良,ニュウジノエイヨウセッシュフリョウ,
10075322,医療機器による不適切なショック伝達,イリョウキキニヨルフテキセツナショックデンタツ,
10075324,眼部リンパ腫,ガンブリンパシュ,
10075327,血中非抱合ビリルビン減少,ケッチュウヒホウゴウビリルビンゲンショウ,
10075329,簡易精神症状評価尺度,カンイセイシンショウジョウヒョウカシャクド,
10075330,腱膜挫傷,ケンマクザショウ,
10075331,門脈域の炎症,モンミャクイキノエンショウ,
10075332,濾胞樹状細胞肉腫,ロホウジュジョウサイボウニクシュ,
10075333,軟部組織肉腫,ナンブソシキニクシュ,
10075337,右室駆出率低下,ウシツクシュツリツテイカ,
10075343,術後急性唾液腺炎,ジュツゴキュウセイダエキセンエン,
10075346,近親婚の両親,キンシンコンノリョウシン,
10075347,心電図Ｊ波異常,シンデンズJハイジョウ,
10075348,心電図Ｊ波上昇,シンデンズJハジョウショウ,
10075349,心電図Ｊ波,シンデンズJハ,
10075350,アメリカ麻酔科学会全身状態分類,アメリカマスイカガッカイゼンシンジョウタイブンルイ,
10075351,定量的軸索反射性発汗試験,テイリョウテキジクサクハンシャセイハッカンシケン,
10075352,カルシトニン刺激試験,カルシトニンシゲキシケン,
10075353,傍静脈薬剤投与,ボウジョウミャクヤクザイトウヨ,
10075360,抗第ＩＸ因子抗体,コウダイ9インシコウタイ,
10075364,会陰発疹,エインホッシン,エインハッシン
10075366,口腔内被膜,コウクウナイヒマク,コウコウナイヒマク
10075368,障害評価尺度,ショウガイヒョウカシャクド,
10075369,障害評価尺度スコア減少,ショウガイヒョウカシャクドスコアゲンショウ,
10075370,障害評価尺度スコア増加,ショウガイヒョウカシャクドスコアゾウカ,
10075373,埋込み部位離開,ウメコミブイリカイ,
10075378,乳児血管腫,ニュウジケッカンシュ,
10075380,新生児精巣捻転,シンセイジセイソウネンテン,
10075381,マイコバクテリア重感染,マイコバクテリアジュウカンセン,
10075385,補聴器による聴力補正,ホチョウキニヨルチョウリョクホセイ,
10075386,悪性眼球突出症,アクセイガンキュウトッシュツショウ,
10075393,血管陽性リモデリング,ケッカンヨウセイリモデリング,
10075394,脳動脈瘤穿孔,ノウドウミャクリュウセンコウ,
10075395,動脈瘤穿孔,ドウミャクリュウセンコウ,
10075396,動脈瘤再疎通,ドウミャクリュウサイソツウ,
10075397,ボーマン膜損傷,ボーマンマクソンショウ,
10075398,結膜上皮侵入,ケツマクジョウヒシンニュウ,
10075399,持続性角膜上皮欠損,ジゾクセイカクマクジョウヒケッソン,
10075400,感染性角膜潰瘍,カンセンセイカクマクカイヨウ,
10075401,脳再潅流障害,ノウサイカンリュウショウガイ,
10075402,コンタクトレンズによる急性眼充血,コンタクトレンズニヨルキュウセイガンジュウケツ,
10075403,上方角膜上皮弓状病変,ジョウホウカクマクジョウヒキュウジョウビョウヘン,
10075404,角膜形状変化,カクマクケイジョウヘンカ,
10075423,大脳動脈再狭窄,ダイノウドウミャクサイキョウサク,
10075425,反応性胃障害,ハンノウセイイショウガイ,
10075426,グレイ・ターナー徴候,グレイターナーチョウコウ,
10075428,マーラー徴候,マーラーチョウコウ,
10075445,感染性胆管炎,カンセンセイタンカンエン,
10075449,腕頭動脈硬化症,ワントウドウミャクコウカショウ,
10075450,腕頭動脈狭窄,ワントウドウミャクキョウサク,
10075454,脾臓放射線療法,ヒゾウホウシャセンリョウホウ,
10075455,結腸放射線療法,ケッチョウホウシャセンリョウホウ,
10075456,胃放射線療法,イホウシャセンリョウホウ,
10075457,胆嚢放射線療法,タンノウホウシャセンリョウホウ,
10075458,腹部放射線療法,フクブホウシャセンリョウホウ,
10075460,芽球性形質細胞様樹状細胞性腫瘍,ガキュウセイケイシツサイボウヨウジュジョウサイボウセイシュヨウ,
10075461,薬剤モニタリング手順実施上の誤り,ヤクザイモニタリングテジュンジッシジョウノアヤマリ,
10075462,薬剤モニタリング手順非実施,ヤクザイモニタリングテジュンヒジッシ,
10075467,鞭打ち様皮膚炎,ムチウチヨウヒフエン,
10075469,神経障害性筋萎縮症,シンケイショウガイセイキンイシュクショウ,
10075470,片側顔面無汗症,ヘンソクガンメンムカンショウ,
10075478,腰仙部神経叢障害,ヨウセンブシンケイソウショウガイ,
10075479,アレルギー警告皮膚テスト陽性,アレルギーケイコクヒフテストヨウセイ,
10075481,雷鳴頭痛,ライメイズツウ,
10075486,脊髄蓄膿,セキズイチクノウ,
10075492,ラロン症候群,ラロンショウコウグン,
10075493,角膜矯正,カクマクキョウセイ,
10075494,酸消化性障害,サンショウカセイショウガイ,
10075511,ストーマ部管外漏出,ストーマブカンガイロウシュツ,
10075512,ストーマ部分泌,ストーマブブンピ,ストーマブブンピツ
10075517,ストーマ部過剰肉芽,ストーマブカジョウニクゲ,
10075519,睫毛損傷,ショウモウソンショウ,マツゲソンショウ
10075521,肛門感覚鈍麻,コウモンカンカクドンマ,
10075528,中毒性白質脳症,チュウドクセイハクシツノウショウ,
10075530,医療大麻治療,イリョウタイマチリョウ,
10075531,皮膚症状,ヒフショウジョウ,
10075532,口腔熱傷,コウクウネッショウ,コウコウネッショウ
10075533,浸透圧ギャップ増加,シントウアツギャップゾウカ,
10075534,心血管症状,シンケッカンショウジョウ,
10075535,呼吸器症状,コキュウキショウジョウ,
10075536,眼症状,ガンショウジョウ,
10075537,泌尿生殖器症状,ヒニョウセイショクキショウジョウ,
10075539,視覚成熟遅延,シカクセイジュクチエン,
10075540,無症候性洞症候群,ムショウコウセイドウショウコウグン,
10075545,後天性成長ホルモン抵抗性,コウテンセイセイチョウホルモンテイコウセイ,
10075546,適用部位多毛症,テキヨウブイタモウショウ,
10075547,アシネトバクター検査,アシネトバクターケンサ,
10075548,レスピロウイルス検査,レスピロウイルスケンサ,
10075549,ゴモリメテナミン銀染色,ゴモリメテナミンギンセンショク,
10075551,補体欠損症,ホタイケッソンショウ,
10075552,海水浴皮膚炎,カイスイヨクヒフエン,
10075553,エンテロウイルス性心筋炎,エンテロウイルスセイシンキンエン,
10075554,パークス・ウェーバー症候群,パークスウェーバーショウコウグン,
10075555,腟転移,チツテンイ,
10075561,ＣＳＦ赤血球数,CSFセッケッキュウスウ,
10075562,ＣＳＦ赤血球陽性,CSFセッケッキュウヨウセイ,
10075563,乳び指数,ニュウビシスウ,
10075565,下気道うっ血,カキドウウッケツ,
10075566,トリプルネガティブ乳癌,トリプルネガティブニュウガン,
10075567,乾性加齢黄斑変性,カンセイカレイオウハンヘンセイ,
10075569,医療機器使用部位膿瘍,イリョウキキシヨウブイノウヨウ,
10075570,医療機器使用部位内出血,イリョウキキシヨウブイナイシュッケツ,
10075571,医療機器使用部位蜂巣炎,イリョウキキシヨウブイホウソウエン,
10075572,医療機器使用部位皮膚炎,イリョウキキシヨウブイヒフエン,
10075573,医療機器使用部位分泌,イリョウキキシヨウブイブンピ,イリョウキキシヨウブイブンピツ
10075574,医療機器使用部位変色,イリョウキキシヨウブイヘンショク,
10075575,医療機器使用部位湿疹,イリョウキキシヨウブイシッシン,
10075576,医療機器使用部位紅斑,イリョウキキシヨウブイコウハン,
10075577,医療機器使用部位血腫,イリョウキキシヨウブイケッシュ,
10075578,医療機器使用部位出血,イリョウキキシヨウブイシュッケツ,
10075579,医療機器使用部位過敏反応,イリョウキキシヨウブイカビンハンノウ,
10075580,医療機器使用部位感染,イリョウキキシヨウブイカンセン,
10075581,医療機器使用部位炎症,イリョウキキシヨウブイエンショウ,
10075582,医療機器使用部位刺激感,イリョウキキシヨウブイシゲキカン,
10075583,医療機器使用部位浮腫,イリョウキキシヨウブイフシュ,
10075584,医療機器使用部位そう痒感,イリョウキキシヨウブイソウヨウカン,
10075585,医療機器使用部位発疹,イリョウキキシヨウブイホッシン,イリョウキキシヨウブイハッシン
10075586,医療機器使用部位腫脹,イリョウキキシヨウブイシュチョウ,
10075587,医療機器使用部位潰瘍,イリョウキキシヨウブイカイヨウ,
10075588,医療機器使用部位蕁麻疹,イリョウキキシヨウブイジンマシン,
10075589,医療機器使用部位異常感覚,イリョウキキシヨウブイイジョウカンカク,
10075595,胞状卵胞数,ホウジョウランポウスウ,
10075596,胞状卵胞数正常,ホウジョウランポウスウセイジョウ,
10075597,胞状卵胞数低値,ホウジョウランポウスウテイチ,
10075598,胞状卵胞数高値,ホウジョウランポウスウコウチ,
10075600,コロンビア自殺評価スケール,コロンビアジサツヒョウカスケール,
10075601,アレルギー警告皮膚テスト陰性,アレルギーケイコクヒフテストインセイ,
10075602,アレルギー警告皮膚テスト,アレルギーケイコクヒフテスト,
10075604,髄液循環障害,ズイエキジュンカンショウガイ,
10075609,非定型リンパ球性小葉性脂肪織炎,ヒテイケイリンパキュウセイショウヨウセイシボウシキエン,
10075610,微量凝集試験,ビリョウギョウシュウシケン,
10075611,水痘帯状疱疹ウイルス感染,スイトウタイジョウホウシンウイルスカンセン,
10075613,抗ＪＣウイルス抗体指数,コウJCウイルスコウタイシスウ,
10075614,毛母癌,モウボガン,
10075616,コロンビア自殺評価スケール異常,コロンビアジサツヒョウカスケールイジョウ,
10075617,敷石状舌,シキイシジョウゼツ,シキイシジョウシタ
10075618,ストーマ部浮腫,ストーマブフシュ,
10075619,サイトメガロウイルス性胃腸潰瘍,サイトメガロウイルスセイイチョウカイヨウ,
10075620,精嚢膿瘍,セイノウノウヨウ,
10075622,腸敗血症,チョウハイケツショウ,
10075625,オリゴクローン性免疫グロブリン血症,オリゴクローンセイメンエキグロブリンケッショウ,オリゴクローンセイメンエキグロブリンケツショウ
10075626,腫瘍随伴性ネフローゼ症候群,シュヨウズイハンセイネフローゼショウコウグン,
10075627,間質好酸球増多を伴う外傷性潰瘍性肉芽腫,カンシツコウサンキュウゾウタヲトモナウガイショウセイカイヨウセイニクゲシュ,
10075628,ポリメラーゼ連鎖反応陽性,ポリメラーゼレンサハンノウヨウセイ,
10075629,潰瘍性血管腫,カイヨウセイケッカンシュ,
10075631,関節可動域測定,カンセツカドウイキソクテイ,
10075633,脳毛細血管拡張症,ノウモウサイケッカンカクチョウショウ,
10075634,急性出血性潰瘍性大腸炎,キュウセイシュッケツセイカイヨウセイダイチョウエン,
10075637,ＨＬＡ－Ｂ＊５７０１検査陽性,HLAB5701ケンサヨウセイ,
10075638,ＨＥＲ２蛋白過剰発現,HER2タンパクカジョウハツゲン,
10075639,ＰＭＬ／ＲＡＲα遺伝子発現,PMLRARアルファイデンシハツゲン,
10075640,ＬＤＬＲ変異,LDLRヘンイ,
10075641,チオプリンメチルトランスフェラーゼ遺伝子多型,チオプリンメチルトランスフェラーゼイデンシタケイ,
10075642,ＢＬｙＳ遺伝子多型,BLySイデンシタケイ,
10075643,インターロイキン２８Ｂ多型,インターロイキン28Bタケイ,
10075644,ＣＤ３０発現,CD30ハツゲン,
10075645,フィラデルフィア染色体陰性,フィラデルフィアセンショクタイインセイ,
10075646,ＨＬＡ－Ａ＊３１０１検査陽性,HLAA3101ケンサヨウセイ,
10075647,ＣＹＰ２Ｃ９遺伝子多型,CYP2C9イデンシタケイ,
10075648,ＢＲＡＦ遺伝子変異,BRAFイデンシヘンイ,
10075649,ＣＤ２５抗原陽性,CD25コウゲンヨウセイ,
10075650,ＣＹＰ１Ａ２遺伝子状態検査,CYP1A2イデンシジョウタイケンサ,
10075651,ＣＹＰ１Ａ２遺伝子多型,CYP1A2イデンシタケイ,
10075653,ＨＥＲ２遺伝子増幅,HER2イデンシゾウフク,
10075654,ＣＤ２０抗原陽性,CD20コウゲンヨウセイ,
10075655,血小板由来増殖因子受容体遺伝子変異,ケッショウバンユライゾウショクインシジュヨウタイイデンシヘンイ,
10075675,ＡＬＫ遺伝子再構成陽性,ALKイデンシサイコウセイヨウセイ,
10075676,ＢＲＡＦ　Ｖ６００Ｅ変異陽性,BRAFV600Eヘンイヨウセイ,
10075679,ＦＩＰ１Ｌ１／ＰＤＧＦＲα融合キナーゼ陽性,FIP1L1PDGFRアルファユウゴウキナーゼヨウセイ,
10075682,Ｃ－ｋｉｔ遺伝子陰性,Ckitイデンシインセイ,
10075685,心臓ペースメーカー調整,シンゾウペースメーカーチョウセイ,
10075686,骨端固定,コッタンコテイ,
10075688,自己免疫性脱髄性疾患,ジコメンエキセイダツズイセイシッカン,
10075689,自己免疫性皮膚炎,ジコメンエキセイヒフエン,
10075690,自己免疫性ぶどう膜炎,ジコメンエキセイブドウマクエン,
10075691,自己免疫性脳症,ジコメンエキセイノウショウ,
10075694,切開部位びらん,セッカイブイビラン,
10075697,ゴーシェ病１型,ゴーシェビョウ1ガタ,
10075698,ゴーシェ病２型,ゴーシェビョウ2ガタ,
10075699,ゴーシェ病３型,ゴーシェビョウ3ガタ,
10075704,ヘパスコア,ヘパスコア,
10075705,メタヴィアスコア,メタヴィアスコア,
10075706,ウィダールテスト,ウィダールテスト,
10075707,リステリア検査,リステリアケンサ,
10075708,ＨＩＶ感染ＣＤＣ分類Ａ,HIVカンセンCDCブンルイA,
10075709,ＨＩＶ感染ＣＤＣ分類Ｂ,HIVカンセンCDCブンルイB,
10075710,ＨＩＶ感染ＣＤＣ分類Ｃ,HIVカンセンCDCブンルイC,
10075713,浸潤性乳癌,シンジュンセイニュウガン,
10075714,血管炎性潰瘍,ケッカンエンセイカイヨウ,
10075715,腫瘍随伴性胸水,シュヨウズイハンセイキョウスイ,
10075720,多クローン性Ｂ細胞リンパ球増加症,タクローンセイBサイボウリンパキュウゾウカショウ,
10075724,消化管壁肥厚,ショウカカンヘキヒコウ,
10075725,消化管壁異常,ショウカカンヘキイジョウ,
10075726,消化管壁菲薄化,ショウカカンヘキヒハクカ,
10075728,頚動脈穿孔,ケイドウミャクセンコウ,
10075729,大動脈穿孔,ダイドウミャクセンコウ,
10075730,下肢動脈穿孔,カシドウミャクセンコウ,
10075731,腸骨動脈穿孔,チョウコツドウミャクセンコウ,
10075732,動脈穿孔,ドウミャクセンコウ,
10075733,静脈穿孔,ジョウミャクセンコウ,
10075734,大脳動脈穿孔,ダイノウドウミャクセンコウ,
10075735,椎骨動脈穿孔,ツイコツドウミャクセンコウ,
10075736,脳底動脈穿孔,ノウテイドウミャクセンコウ,
10075737,腎動脈穿孔,ジンドウミャクセンコウ,
10075738,脾動脈穿孔,ヒドウミャクセンコウ,
10075739,大腿動脈穿孔,ダイタイドウミャクセンコウ,
10075740,鎖骨下動脈穿孔,サコツカドウミャクセンコウ,
10075741,上大静脈穿孔,ジョウダイジョウミャクセンコウ,
10075742,下大静脈穿孔,カダイジョウミャクセンコウ,
10075743,鎖骨下静脈穿孔,サコツカジョウミャクセンコウ,
10075744,腸骨静脈穿孔,チョウコツジョウミャクセンコウ,
10075745,大腿静脈穿孔,ダイタイジョウミャクセンコウ,
10075760,頚原性回転性めまい,ケイゲンセイカイテンセイメマイ,
10075761,自己免疫性大腸炎,ジコメンエキセイダイチョウエン,
10075765,投与部位結節,トウヨブイケッセツ,
10075771,ＵＧＴ１Ａ１遺伝子多型,UGT1A1イデンシタケイ,
10075772,ＮＡＴ１遺伝子多型,NAT1イデンシタケイ,
10075773,ＣＣＲ５受容体陽性,CCR5ジュヨウタイヨウセイ,
10075774,ヒポキサンチングアニンホスホリボシルトランスフェラーゼ欠損症,ヒポキサンチングアニンホスホリボシルトランスフェラーゼケッソンショウ,
10075776,ＶＫＯＲＣ１遺伝子多型,VKORC1イデンシタケイ,
10075799,胃ステント挿入,イステントソウニュウ,
10075803,甲状腺ホルモン減少,コウジョウセンホルモンゲンショウ,
10075807,結節性発疹,ケッセツセイホッシン,ケッセツセイハッシン
10075808,ウエストナイルウイルス検査,ウエストナイルウイルスケンサ,
10075809,末梢神経系機能検査,マッショウシンケイケイキノウケンサ,
10075811,精巣胚細胞腫瘍,セイソウハイサイボウシュヨウ,
10075812,卵巣胚細胞腫瘍,ランソウハイサイボウシュヨウ,
10075813,好塩基球減少症,コウエンキキュウゲンショウショウ,
10075825,腫瘍の滲出液,シュヨウノシンシュツエキ,
10075830,クロストリジウムコラゲナーゼ療法,クロストリジウムコラゲナーゼリョウホウ,
10075831,術後下垂体機能低下症,ジュツゴカスイタイキノウテイカショウ,
10075833,ヒトヘルペスウイルス８検査,ヒトヘルペスウイルス8ケンサ,
10075834,鼻癒着,ビユチャク,
10075842,カテーテル留置部位肉芽腫,カテーテルリュウチブイニクゲシュ,
10075843,上顎鼻異形成,ジョウガクビイケイセイ,
10075845,真菌性舌感染,シンキンセイゼツカンセン,シンキンセイシタカンセン
10075846,変性大動脈弁疾患,ヘンセイダイドウミャクベンシッカン,
10075847,変性僧帽弁疾患,ヘンセイソウボウベンシッカン,
10075848,胃血管腫,イケッカンシュ,
10075849,カリウム喪失性腎症,カリウムソウシツセイジンショウ,
10075851,大動脈弁肥厚,ダイドウミャクベンヒコウ,
10075853,白血病卵巣浸潤,ハッケツビョウランソウシンジュン,
10075854,副鼻腔ポリープ切除,フクビクウポリープセツジョ,
10075859,腹水濾過濃縮再静注法,フクスイロカノウシュクサイジョウチュウホウ,
10075864,修正ランキンスコア,シュウセイランキンスコア,
10075865,低ナトリウム血性昏睡,テイナトリウムケッセイコンスイ,テイナトリウムケツセイコンスイ
10075866,羊水指数低下,ヨウスイシスウテイカ,
10075867,羊水指数上昇,ヨウスイシスウジョウショウ,
10075872,基準マーカー留置,キジュンマーカーリュウチ,
10075873,黄斑剥離,オウハンハクリ,
10075874,尿道プロステーシス除去,ニョウドウプロステーシスジョキョ,
10075889,洞結節機能不全,ドウケッセツキノウフゼン,
10075890,身体疾患による行動障害,シンタイシッカンニヨルコウドウショウガイ,
10075891,仙部神経根症,センブシンケイコンショウ,
10075892,先天性グリコシル化障害,センテンセイグリコシルカショウガイ,
10075895,肝触知,カンショクチ,
10075896,思春期不全,シシュンキフゼン,
10075897,プロゲステロン過剰症,プロゲステロンカジョウショウ,
10075899,原発性甲状腺機能亢進症,ゲンパツセイコウジョウセンキノウコウシンショウ,
10075900,原発性副甲状腺機能低下症,ゲンパツセイフクコウジョウセンキノウテイカショウ,
10075902,副腎アンドロゲン欠乏,フクジンアンドロゲンケツボウ,
10075903,副腎アンドロゲン過剰,フクジンアンドロゲンカジョウ,
10075919,仮性近視,カセイキンシ,
10075922,投与部位無菌性膿瘍,トウヨブイムキンセイノウヨウ,
10075923,投与部位知覚消失,トウヨブイチカクショウシツ,
10075924,投与部位萎縮,トウヨブイイシュク,
10075925,投与部位石灰化,トウヨブイセッカイカ,
10075926,投与部位冷感,トウヨブイレイカン,
10075927,投与部位嚢胞,トウヨブイノウホウ,
10075928,投与部位不快感,トウヨブイフカイカン,
10075929,投与部位乾燥,トウヨブイカンソウ,
10075930,投与部位知覚不全,トウヨブイチカクフゼン,
10075931,投与部位びらん,トウヨブイビラン,
10075932,投与部位皮膚剥脱,トウヨブイヒフハクダツ,
10075933,投与部位溢出,トウヨブイイッシュツ,
10075934,投与部位線維症,トウヨブイセンイショウ,
10075935,投与部位肉芽腫,トウヨブイニクゲシュ,
10075936,投与部位知覚過敏,トウヨブイチカクカビン,
10075937,投与部位肥厚,トウヨブイヒコウ,
10075938,投与部位知覚低下,トウヨブイチカクテイカ,
10075939,投与部位硬結,トウヨブイコウケツ,
10075940,投与部位損傷,トウヨブイソンショウ,
10075941,投与部位刺激感,トウヨブイシゲキカン,
10075942,投与部位虚血,トウヨブイキョケツ,
10075943,投与部位関節不快感,トウヨブイカンセツフカイカン,
10075944,投与部位関節滲出液,トウヨブイカンセツシンシュツエキ,
10075945,投与部位関節感染,トウヨブイカンセツカンセン,
10075946,投与部位関節の炎症,トウヨブイカンセツノエンショウ,
10075947,投与部位関節運動障害,トウヨブイカンセツウンドウショウガイ,
10075948,投与部位関節痛,トウヨブイカンセツツウ,
10075949,投与部位関節紅斑,トウヨブイカンセツコウハン,
10075950,投与部位関節熱感,トウヨブイカンセツネッカン,
10075951,投与部位裂傷,トウヨブイレッショウ,
10075952,投与部位リンパ節腫脹,トウヨブイリンパセツシュチョウ,
10075953,投与部位斑,トウヨブイハン,
10075954,投与部位腫瘤,トウヨブイシュリュウ,
10075955,投与部位運動障害,トウヨブイウンドウショウガイ,
10075956,投与部位壊死,トウヨブイエシ,
10075957,投与部位神経損傷,トウヨブイシンケイソンショウ,
10075958,投与部位蒼白,トウヨブイソウハク,
10075959,投与部位丘疹,トウヨブイキュウシン,
10075960,投与部位静脈炎,トウヨブイジョウミャクエン,
10075961,投与部位光線過敏反応,トウヨブイコウセンカビンハンノウ,
10075962,投与部位局面,トウヨブイキョクメン,
10075963,投与部位膿疱,トウヨブイノウホウ,
10075964,投与部位リコール反応,トウヨブイリコールハンノウ,
10075965,投与部位痂皮,トウヨブイカヒ,
10075966,投与部位線条,トウヨブイセンジョウ,
10075967,投与部位瘢痕,トウヨブイハンコン,
10075968,投与部位血栓,トウヨブイケッセン,
10075969,投与部位血管炎,トウヨブイケッカンエン,
10075970,投与部位小水疱,トウヨブイショウスイホウ,
10075971,投与部位熱感,トウヨブイネッカン,
10075978,インターベンション処置,インターベンションショチ,
10075979,ラミンＡ／Ｃ遺伝子変異,ラミンACイデンシヘンイ,
10075980,単一遺伝子性糖尿病,タンイツイデンシセイトウニョウビョウ,
10075992,ドナー特異的抗体陽性,ドナートクイテキコウタイヨウセイ,
10075993,原発性心臓リンパ腫,ゲンパツセイシンゾウリンパシュ,
10075994,鎖骨頭蓋異骨症,サコツトウガイイコツショウ,
10075995,歯嚢胞,シノウホウ,
10075996,新膀胱造設術,シンボウコウゾウセツジュツ,
10075997,特発性眼窩炎症,トクハツセイガンカエンショウ,
10075999,適用部位無菌性膿瘍,テキヨウブイムキンセイノウヨウ,
10076000,適用部位石灰化,テキヨウブイセッカイカ,
10076001,適用部位冷感,テキヨウブイレイカン,
10076002,適用部位嚢胞,テキヨウブイノウホウ,
10076003,適用部位知覚不全,テキヨウブイチカクフゼン,
10076004,適用部位溢出,テキヨウブイイッシュツ,
10076005,適用部位線維症,テキヨウブイセンイショウ,
10076006,適用部位肉芽腫,テキヨウブイニクゲシュ,
10076007,適用部位損傷,テキヨウブイソンショウ,
10076008,適用部位虚血,テキヨウブイキョケツ,
10076009,適用部位関節不快感,テキヨウブイカンセツフカイカン,
10076010,適用部位関節滲出液,テキヨウブイカンセツシンシュツエキ,
10076011,適用部位関節感染,テキヨウブイカンセツカンセン,
10076012,適用部位関節の炎症,テキヨウブイカンセツノエンショウ,
10076013,適用部位関節運動障害,テキヨウブイカンセツウンドウショウガイ,
10076014,適用部位関節痛,テキヨウブイカンセツツウ,
10076015,適用部位関節紅斑,テキヨウブイカンセツコウハン,
10076016,適用部位関節腫脹,テキヨウブイカンセツシュチョウ,
10076017,適用部位関節熱感,テキヨウブイカンセツネッカン,
10076018,適用部位リンパ節腫脹,テキヨウブイリンパセツシュチョウ,
10076019,適用部位斑,テキヨウブイハン,
10076020,適用部位運動障害,テキヨウブイウンドウショウガイ,
10076021,適用部位神経損傷,テキヨウブイシンケイソンショウ,
10076022,適用部位静脈炎,テキヨウブイジョウミャクエン,
10076023,適用部位局面,テキヨウブイキョクメン,
10076024,適用部位リコール反応,テキヨウブイリコールハンノウ,
10076025,適用部位線条,テキヨウブイセンジョウ,
10076026,適用部位血栓,テキヨウブイケッセン,
10076027,適用部位血管炎,テキヨウブイケッカンエン,
10076031,ミッテンドルフ斑,ミッテンドルフハン,
10076032,ギャルサン症候群,ギャルサンショウコウグン,
10076033,進行性家族性肝内胆汁うっ滞,シンコウセイカゾクセイカンナイタンジュウウッタイ,
10076035,過ヨウ素酸シッフ染色,カヨウソサンシッフセンショク,
10076036,血清腹水アルブミン勾配,ケッセイフクスイアルブミンコウバイ,
10076037,嚥下検査異常,エンゲケンサイジョウ,
10076038,バライスター・ロデック・ガーナー症候群,バライスターロデックガーナーショウコウグン,
10076041,持続的ウイルス反応,ジゾクテキウイルスハンノウ,
10076042,栄養補給不耐性,エイヨウホキュウフタイセイ,
10076044,皮膚Ｔ細胞性皮膚疾患,ヒフTサイボウセイヒフシッカン,
10076045,コンピュータ断層撮影膿瘍造影,コンピュータダンソウサツエイノウヨウゾウエイ,
10076048,皮膚粘膜出血,ヒフネンマクシュッケツ,
10076050,脊髄膿瘍,セキズイノウヨウ,
10076051,脊髄血腫,セキズイケッシュ,
10076053,胃瘻管部合併症,イロウカンブガッペイショウ,
10076055,臨床試験参加者,リンショウシケンサンカシャ,
10076056,妊娠計画,ニンシンケイカク,
10076058,出血性壊死性膵炎,シュッケツセイエシセイスイエン,
10076060,眼瞼ミオクローヌス,ガンケンミオクローヌス,
10076061,髄膜炎菌免疫,ズイマクエンキンメンエキ,
10076063,注入部位無菌性膿瘍,チュウニュウブイムキンセイノウヨウ,
10076064,注入部位石灰化,チュウニュウブイセッカイカ,
10076065,注入部位分泌,チュウニュウブイブンピ,チュウニュウブイブンピツ
10076066,注入部位乾燥,チュウニュウブイカンソウ,
10076067,注入部位知覚不全,チュウニュウブイチカクフゼン,
10076068,注入部位知覚過敏,チュウニュウブイチカクカビン,
10076069,注入部位多毛症,チュウニュウブイタモウショウ,
10076070,注入部位損傷,チュウニュウブイソンショウ,
10076071,注入部位関節不快感,チュウニュウブイカンセツフカイカン,
10076072,注入部位関節滲出液,チュウニュウブイカンセツシンシュツエキ,
10076073,注入部位関節感染,チュウニュウブイカンセツカンセン,
10076074,注入部位関節の炎症,チュウニュウブイカンセツノエンショウ,
10076075,注入部位関節運動障害,チュウニュウブイカンセツウンドウショウガイ,
10076076,注入部位関節痛,チュウニュウブイカンセツツウ,
10076077,注入部位関節紅斑,チュウニュウブイカンセツコウハン,
10076078,注入部位関節腫脹,チュウニュウブイカンセツシュチョウ,
10076079,注入部位関節熱感,チュウニュウブイカンセツネッカン,
10076080,注入部位裂傷,チュウニュウブイレッショウ,
10076081,注入部位斑,チュウニュウブイハン,
10076082,注入部位蒼白,チュウニュウブイソウハク,
10076083,注入部位丘疹,チュウニュウブイキュウシン,
10076084,注入部位局面,チュウニュウブイキョクメン,
10076085,注入部位リコール反応,チュウニュウブイリコールハンノウ,
10076086,注入部位線条,チュウニュウブイセンジョウ,
10076087,投与部位ローテーション不足,トウヨブイローテーションブソク,
10076088,適用部位ローテーション不足,テキヨウブイローテーションブソク,
10076089,注入部位ローテーション不足,チュウニュウブイローテーションブソク,
10076090,ワクチン接種部位ローテーション不足,ワクチンセッシュブイローテーションブソク,
10076091,投与部位からの吸収不良,トウヨブイカラノキュウシュウフリョウ,
10076092,適用部位からの吸収不良,テキヨウブイカラノキュウシュウフリョウ,
10076096,医療機器使用部位知覚消失,イリョウキキシヨウブイチカクショウシツ,
10076097,医療機器使用部位萎縮,イリョウキキシヨウブイイシュク,
10076098,医療機器使用部位石灰化,イリョウキキシヨウブイセッカイカ,
10076099,医療機器使用部位冷感,イリョウキキシヨウブイレイカン,
10076100,医療機器使用部位嚢胞,イリョウキキシヨウブイノウホウ,
10076101,医療機器使用部位不快感,イリョウキキシヨウブイフカイカン,
10076102,医療機器使用部位乾燥,イリョウキキシヨウブイカンソウ,
10076103,医療機器使用部位知覚不全,イリョウキキシヨウブイチカクフゼン,
10076104,医療機器使用部位びらん,イリョウキキシヨウブイビラン,
10076105,医療機器使用部位皮膚剥脱,イリョウキキシヨウブイヒフハクダツ,
10076106,医療機器使用部位溢出,イリョウキキシヨウブイイッシュツ,
10076107,医療機器使用部位線維症,イリョウキキシヨウブイセンイショウ,
10076108,医療機器使用部位肉芽腫,イリョウキキシヨウブイニクゲシュ,
10076109,医療機器使用部位知覚過敏,イリョウキキシヨウブイチカクカビン,
10076110,医療機器使用部位多毛症,イリョウキキシヨウブイタモウショウ,
10076111,医療機器使用部位肥厚,イリョウキキシヨウブイヒコウ,
10076112,医療機器使用部位知覚低下,イリョウキキシヨウブイチカクテイカ,
10076113,医療機器使用部位硬結,イリョウキキシヨウブイコウケツ,
10076114,医療機器使用部位損傷,イリョウキキシヨウブイソンショウ,
10076115,医療機器使用部位虚血,イリョウキキシヨウブイキョケツ,
10076116,医療機器使用部位関節不快感,イリョウキキシヨウブイカンセツフカイカン,
10076117,医療機器使用部位関節滲出液,イリョウキキシヨウブイカンセツシンシュツエキ,
10076118,医療機器使用部位関節感染,イリョウキキシヨウブイカンセツカンセン,
10076119,医療機器使用部位関節の炎症,イリョウキキシヨウブイカンセツノエンショウ,
10076120,医療機器使用部位関節運動障害,イリョウキキシヨウブイカンセツウンドウショウガイ,
10076121,医療機器使用部位関節痛,イリョウキキシヨウブイカンセツツウ,
10076122,医療機器使用部位関節紅斑,イリョウキキシヨウブイカンセツコウハン,
10076123,医療機器使用部位関節腫脹,イリョウキキシヨウブイカンセツシュチョウ,
10076124,医療機器使用部位関節熱感,イリョウキキシヨウブイカンセツネッカン,
10076125,医療機器使用部位裂傷,イリョウキキシヨウブイレッショウ,
10076126,医療機器使用部位リンパ節腫脹,イリョウキキシヨウブイリンパセツシュチョウ,
10076127,医療機器使用部位斑,イリョウキキシヨウブイハン,
10076128,医療機器使用部位腫瘤,イリョウキキシヨウブイシュリュウ,
10076129,医療機器使用部位運動障害,イリョウキキシヨウブイウンドウショウガイ,
10076130,医療機器使用部位壊死,イリョウキキシヨウブイエシ,
10076131,医療機器使用部位神経損傷,イリョウキキシヨウブイシンケイソンショウ,
10076132,医療機器使用部位結節,イリョウキキシヨウブイケッセツ,
10076133,医療機器使用部位疼痛,イリョウキキシヨウブイトウツウ,
10076134,医療機器使用部位蒼白,イリョウキキシヨウブイソウハク,
10076135,医療機器使用部位丘疹,イリョウキキシヨウブイキュウシン,
10076136,医療機器使用部位静脈炎,イリョウキキシヨウブイジョウミャクエン,
10076137,医療機器使用部位光線過敏反応,イリョウキキシヨウブイコウセンカビンハンノウ,
10076138,医療機器使用部位局面,イリョウキキシヨウブイキョクメン,
10076139,医療機器使用部位膿疱,イリョウキキシヨウブイノウホウ,
10076140,医療機器使用部位リコール反応,イリョウキキシヨウブイリコールハンノウ,
10076141,医療機器使用部位痂皮,イリョウキキシヨウブイカヒ,
10076142,医療機器使用部位瘢痕,イリョウキキシヨウブイハンコン,
10076143,医療機器使用部位無菌性膿瘍,イリョウキキシヨウブイムキンセイノウヨウ,
10076144,医療機器使用部位線条,イリョウキキシヨウブイセンジョウ,
10076145,医療機器使用部位血栓,イリョウキキシヨウブイケッセン,
10076146,医療機器使用部位血管炎,イリョウキキシヨウブイケッカンエン,
10076147,医療機器使用部位小水疱,イリョウキキシヨウブイショウスイホウ,
10076148,医療機器使用部位熱感,イリョウキキシヨウブイネッカン,
10076155,ワクチン接種部位萎縮,ワクチンセッシュブイイシュク,
10076156,ワクチン接種部位石灰化,ワクチンセッシュブイセッカイカ,
10076157,ワクチン接種部位冷感,ワクチンセッシュブイレイカン,
10076158,ワクチン接種部位嚢胞,ワクチンセッシュブイノウホウ,
10076159,ワクチン接種部位乾燥,ワクチンセッシュブイカンソウ,
10076160,ワクチン接種部位知覚不全,ワクチンセッシュブイチカクフゼン,
10076161,ワクチン接種部位湿疹,ワクチンセッシュブイシッシン,
10076162,ワクチン接種部位びらん,ワクチンセッシュブイビラン,
10076163,ワクチン接種部位溢出,ワクチンセッシュブイイッシュツ,
10076164,ワクチン接種部位線維症,ワクチンセッシュブイセンイショウ,
10076165,ワクチン接種部位知覚過敏,ワクチンセッシュブイチカクカビン,
10076166,ワクチン接種部位多毛症,ワクチンセッシュブイタモウショウ,
10076167,ワクチン接種部位肥厚,ワクチンセッシュブイヒコウ,
10076168,ワクチン接種部位知覚低下,ワクチンセッシュブイチカクテイカ,
10076169,ワクチン接種部位損傷,ワクチンセッシュブイソンショウ,
10076170,ワクチン接種部位虚血,ワクチンセッシュブイキョケツ,
10076171,ワクチン接種部位関節不快感,ワクチンセッシュブイカンセツフカイカン,
10076172,ワクチン接種部位関節滲出液,ワクチンセッシュブイカンセツシンシュツエキ,
10076173,ワクチン接種部位関節感染,ワクチンセッシュブイカンセツカンセン,
10076174,ワクチン接種部位関節の炎症,ワクチンセッシュブイカンセツノエンショウ,
10076175,ワクチン接種部位関節運動障害,ワクチンセッシュブイカンセツウンドウショウガイ,
10076176,ワクチン接種部位関節痛,ワクチンセッシュブイカンセツツウ,
10076177,ワクチン接種部位関節紅斑,ワクチンセッシュブイカンセツコウハン,
10076178,ワクチン接種部位関節腫脹,ワクチンセッシュブイカンセツシュチョウ,
10076179,ワクチン接種部位関節熱感,ワクチンセッシュブイカンセツネッカン,
10076180,ワクチン接種部位裂傷,ワクチンセッシュブイレッショウ,
10076181,ワクチン接種部位斑,ワクチンセッシュブイハン,
10076182,ワクチン接種部位腫瘤,ワクチンセッシュブイシュリュウ,
10076183,ワクチン接種部位運動障害,ワクチンセッシュブイウンドウショウガイ,
10076184,ワクチン接種部位神経損傷,ワクチンセッシュブイシンケイソンショウ,
10076185,ワクチン接種部位静脈炎,ワクチンセッシュブイジョウミャクエン,
10076186,ワクチン接種部位光線過敏反応,ワクチンセッシュブイコウセンカビンハンノウ,
10076187,ワクチン接種部位局面,ワクチンセッシュブイキョクメン,
10076188,ワクチン接種部位リコール反応,ワクチンセッシュブイリコールハンノウ,
10076189,ワクチン接種部位線条,ワクチンセッシュブイセンジョウ,
10076190,ワクチン接種部位血栓,ワクチンセッシュブイケッセン,
10076191,ワクチン接種部位血管炎,ワクチンセッシュブイケッカンエン,
10076192,ワクチン接種部位知覚消失,ワクチンセッシュブイチカクショウシツ,
10076199,肺の理学的検査,ハイノリガクテキケンサ,
10076202,眼近距離照射療法,ガンキンキョリショウシャリョウホウ,
10076203,放射線関連心不全,ホウシャセンカンレンシンフゼン,
10076205,膵毒性,スイドクセイ,
10076206,虫垂腺腫,チュウスイセンシュ,
10076211,アフェレーシス関連合併症,アフェレーシスカンレンガッペイショウ,
10076213,不規則呼吸,フキソクコキュウ,
10076215,肝コンピュータ断層撮影,カンコンピュータダンソウサツエイ,
10076216,ＣＳＦ量,CSFリョウ,
10076217,嚥下検査,エンゲケンサ,
10076222,膵ポリペプチド濃度増加,スイポリペプチドノウドゾウカ,
10076223,膵ポリペプチド濃度減少,スイポリペプチドノウドゲンショウ,
10076224,膵ポリペプチド濃度異常,スイポリペプチドノウドイジョウ,
10076227,まとまりのない会話,マトマリノナイカイワ,
10076229,腸管血管性浮腫,チョウカンケッカンセイフシュ,
10076230,Ｆｍｓ様チロシンキナーゼ３陽性,Fmsヨウチロシンキナーゼ3ヨウセイ,
10076232,製品リーク,セイヒンリーク,
10076233,ピコルナウイルス感染,ピコルナウイルスカンセン,
10076235,椎体置換,ツイタイチカン,
10076236,尿アルカリ化療法,ニョウアルカリカリョウホウ,
10076237,胃静脈瘤注入,イジョウミャクリュウチュウニュウ,
10076238,胃静脈瘤結紮,イジョウミャクリュウケッサツ,
10076239,特発性肝内門脈体循環静脈シャント,トクハツセイカンナイモンミャクタイジュンカンジョウミャクシャント,
10076240,胆嚢腺腫,タンノウセンシュ,
10076241,心因性視覚障害,シンインセイシカクショウガイ,
10076242,経カテーテル動脈化学塞栓術,ケイカテーテルドウミャクカガクソクセンジュツ,
10076245,処方転写過誤,ショホウテンシャカゴ,
10076246,自然切断,シゼンセツダン,
10076247,老人声,ロウジンゴエ,ロウジンコエ
10076248,マルジョラン潰瘍,マルジョランカイヨウ,
10076249,毛孔拡大腫,モウコウカクダイシュ,
10076251,提供臓器組織前処理問題,テイキョウゾウキソシキマエショリモンダイ,
10076253,胃線維症,イセンイショウ,
10076254,肝肥大,カンヒダイ,
10076255,ベントール手術,ベントールシュジュツ,
10076260,ホモゲンチジン酸,ホモゲンチジンサン,
10076265,転位歯,テンイシ,
10076266,体液平衡評価,タイエキヘイコウヒョウカ,
10076267,体液平衡陽性,タイエキヘイコウヨウセイ,
10076268,体液平衡陰性,タイエキヘイコウインセイ,
10076269,未確認疾患の露呈,ミカクニンシッカンノロテイ,
10076270,聴診,チョウシン,
10076271,抗第Ｖ因子抗体,コウダイ5インシコウタイ,
10076272,真菌の過剰増殖,シンキンノカジョウゾウショク,
10076273,血管デバイス使用者,ケッカンデバイスシヨウシャ,
10076278,心電図高電位,シンデンズコウデンイ,
10076279,肺穿孔,ハイセンコウ,
10076280,滑膜生検異常,カツマクセイケンイジョウ,
10076281,パルボウイルスＢ１９感染再燃,パルボウイルスB19カンセンサイネン,
10076286,医療機器ポジション試験,イリョウキキポジションシケン,
10076287,血中ＨＩＶ－ＲＮＡ変動,ケッチュウHIVRNAヘンドウ,
10076288,微細運動機能障害,ビサイウンドウキノウショウガイ,
10076299,唾液バイパス管挿入,ダエキバイパスカンソウニュウ,
10076300,唾液バイパス管除去,ダエキバイパスカンジョキョ,
10076301,在宅ケア,ザイタクケア,
10076302,視神経圧迫,シシンケイアッパク,
10076308,企図的製品使用の問題,キトテキセイヒンシヨウノモンダイ,
10076309,製品使用の問題,セイヒンシヨウノモンダイ,
10076310,抗サッカロミセス・セレビシエ抗体,コウサッカロミセスセレビシエコウタイ,
10076311,慢性疾患,マンセイシッカン,
10076312,瘻孔の炎症,ロウコウノエンショウ,
10076313,寛解未達成,カンカイミタッセイ,
10076327,注射部位関節紅斑,チュウシャブイカンセツコウハン,
10076328,中枢神経系ループス,チュウスウシンケイケイループス,
10076329,気管紅斑,キカンコウハン,
10076330,卵巣間質過形成,ランソウカンシツカケイセイ,
10076331,脂肪性肝炎,シボウセイカンエン,
10076338,脊椎固定不全,セキツイコテイフゼン,
10076339,脊椎不安定,セキツイフアンテイ,
10076360,ストーマ部臭,ストーマブシュウ,
10076362,隣接椎間変性,リンセツツイカンヘンセイ,
10076364,医療機器のゆるみ,イリョウキキノユルミ,
10076367,葉状白斑,ヨウジョウハクハン,
10076368,栄養補給チューブ使用者,エイヨウホキュウチューブシヨウシャ,
10076369,大腸びらん,ダイチョウビラン,
10076370,新生児嚢胞性線維症スクリーニング,シンセイジノウホウセイセンイショウスクリーニング,
10076371,内視鏡的嚥下評価異常,ナイシキョウテキエンゲヒョウカイジョウ,
10076372,内視鏡的嚥下評価,ナイシキョウテキエンゲヒョウカ,
10076373,胸部スキャン,キョウブスキャン,
10076375,免疫反応性トリプシノーゲン検査,メンエキハンノウセイトリプシノーゲンケンサ,
10076380,卵巣浮腫,ランソウフシュ,
10076381,シュレム管閉塞,シュレムカンヘイソク,
10076382,非中和抗体陰性,ヒチュウワコウタイインセイ,
10076383,非中和抗体,ヒチュウワコウタイ,
10076384,アルコール性膵疾患,アルコールセイスイシッカン,
10076385,腫瘍マーカー低下,シュヨウマーカーテイカ,
10076386,尿管乳頭腫,ニョウカンニュウトウシュ,
10076387,瘢痕ヘルニア嵌頓,ハンコンヘルニアカントン,
10076388,新生児胃腸障害,シンセイジイチョウショウガイ,
10076389,放射線心筋炎,ホウシャセンシンキンエン,
10076390,口内知覚過敏,コウナイチカクカビン,
10076396,駆出率の保たれた心不全,クシュツリツノタモタレタシンフゼン,
10076398,胃腸粘膜充血,イチョウネンマクジュウケツ,
10076406,鼻そう痒症,ビソウヨウショウ,ハナソウヨウショウ
10076415,中隔心筋切除,チュウカクシンキンセツジョ,
10076416,キンメーレ異常,キンメーレイジョウ,
10076417,エンプティノーズ症候群,エンプティノーズショウコウグン,
10076418,エリス・ヴァンクレベルド症候群,エリスヴァンクレベルドショウコウグン,
10076419,狭心症相当症状,キョウシンショウソウトウショウジョウ,
10076420,上咽頭ポリープ,ジョウイントウポリープ,
10076427,膀胱充血,ボウコウジュウケツ,
10076429,混合型妄想,コンゴウガタモウソウ,
10076430,硝子体内植込み,ショウシタイナイウエコミ,
10076431,黄斑部網膜厚測定,オウハンブモウマクコウソクテイ,
10076437,シュワネラ・アルガエ性菌血症,シュワネラアルガエセイキンケツショウ,
10076442,副腎放射線療法,フクジンホウシャセンリョウホウ,
10076443,食道放射線療法,ショクドウホウシャセンリョウホウ,
10076445,直腸放射線療法,チョクチョウホウシャセンリョウホウ,
10076447,頭頚部放射線療法,トウケイブホウシャセンリョウホウ,
10076448,陰茎近距離照射療法,インケイキンキョリショウシャリョウホウ,
10076449,舌近距離照射療法,ゼツキンキョリショウシャリョウホウ,シタキンキョリショウシャリョウホウ
10076450,扁桃近距離照射療法,ヘントウキンキョリショウシャリョウホウ,
10076451,口腔放射線療法,コウクウホウシャセンリョウホウ,コウコウホウシャセンリョウホウ
10076454,慢性乳頭腫状皮膚炎,マンセイニュウトウシュジョウヒフエン,
10076456,髄鞘化遅延,ズイショウカチエン,
10076460,咽頭反射亢進,イントウハンシャコウシン,
10076465,レクリエーション薬物の断薬,レクリエーションヤクブツノダンヤク,
10076470,使用製品に対する記録された過敏症,シヨウセイヒンニタイスルキロクサレタカビンショウ,
10076473,肛門直腸感覚消失,コウモンチョクチョウカンカクショウシツ,
10076476,未承認の適応に対する製品使用,ミショウニンノテキオウニタイスルセイヒンシヨウ,
10076481,医療機器の適応外使用,イリョウキキノテキオウガイシヨウ,
10076482,血管圧迫療法,ケッカンアッパクリョウホウ,
10076483,神経学的リハビリテーション,シンケイガクテキリハビリテーション,
10076485,滑液嚢腫切除,カツエキノウシュセツジョ,
10076493,グルテン過敏症,グルテンカビンショウ,
10076496,胎便吸引症候群,タイベンキュウインショウコウグン,
10076497,心血管検査異常,シンケッカンケンサイジョウ,
10076498,専門家相談,センモンカソウダン,
10076500,水制限試験,ミズセイゲンシケン,
10076501,偽性肝硬変,ギセイカンコウヘン,
10076503,薬剤の費用負担不能,ヤクザイノヒヨウフタンフノウ,
10076505,コンダクティブ・エデュケーション,コンダクティブエデュケーション,
10076507,高ナトリウム尿症,コウナトリウムニョウショウ,
10076508,口腔内過角化,コウクウナイカカクカ,コウコウナイカカクカ
10076510,強迫性咬頬,キョウハクセイコウキョウ,
10076515,気腫合併肺線維症,キシュガッペイハイセンイショウ,
10076516,真菌性咽頭炎,シンキンセイイントウエン,
10076520,Ｒｈ抗原陽性,Rhコウゲンヨウセイ,
10076521,Ｒｈ抗原陰性,Rhコウゲンインセイ,
10076523,ステント開存性維持,ステントカイゾンセイイジ,
10076524,鼻痂皮,ビカヒ,ハナカヒ
10076525,酒石酸抵抗性酸ホスファターゼ減少,シュセキサンテイコウセイサンホスファターゼゲンショウ,
10076526,骨吸収低下,コツキュウシュウテイカ,
10076533,肉芽腫性酒さ,ニクゲシュセイシュサ,
10076534,分裂赤血球増加症,ブンレツセッケッキュウゾウカショウ,
10076535,一回換気量,イッカイカンキリョウ,
10076536,紅斑毛細血管拡張性酒さ,コウハンモウサイケッカンカクチョウセイシュサ,
10076537,丘疹膿疱性酒さ,キュウシンノウホウセイシュサ,
10076538,抗酸化能検査,コウサンカノウケンサ,
10076539,ニューモシスチス検査,ニューモシスチスケンサ,
10076540,ニューモシスチス検査陰性,ニューモシスチスケンサインセイ,
10076542,製品選択過誤,セイヒンセンタクカゴ,
10076544,回避された製品選択過誤,カイヒサレタセイヒンセンタクカゴ,
10076549,腸炎性脊椎炎,チョウエンセイセキツイエン,
10076552,特発性部分てんかん,トクハツセイブブンテンカン,
10076553,鼻静脈瘤,ビジョウミャクリュウ,
10076566,会陰壊死,エインエシ,
10076568,尿路不快感,ニョウロフカイカン,
10076569,眼の異常感覚,メノイジョウカンカク,
10076571,治療に対する患者の不満,チリョウニタイスルカンジャノフマン,
10076572,皮膚充填剤による過剰修正,ヒフジュウテンザイニヨルカジョウシュウセイ,
10076573,製品使用過程における誤った技法,セイヒンシヨウカテイニオケルアヤマッタギホウ,
10076575,まだら模様症候群,マダラモヨウショウコウグン,
10076576,局所性上皮過形成,キョクショセイジョウヒカケイセイ,
10076578,腰仙部神経根障害,ヨウセンブシンケイコンショウガイ,
10076579,呼吸音正常,コキュウオンセイジョウ,
10076580,免疫吸着療法,メンエキキュウチャクリョウホウ,
10076581,血圧測定,ケツアツソクテイ,
10076585,鼻粘膜びらん,ビネンマクビラン,
10076586,脾過誤腫,ヒカゴシュ,
10076587,脳レーザーアブレーション,ノウレーザーアブレーション,
10076588,縦隔放射線療法,ジュウカクホウシャセンリョウホウ,
10076589,未承認の適応に対する偶発的使用,ミショウニンノテキオウニタイスルグウハツテキシヨウ,
10076590,口腔血性水疱,コウクウケッセイスイホウ,コウコウケッセイスイホウ
10076595,物質依存,ブッシツイゾン,
10076596,辺縁帯リンパ腫,ヘンエンタイリンパシュ,
10076597,胸壁血腫,キョウヘキケッシュ,
10076598,卵管憩室症,ランカンケイシツショウ,
10076599,潰瘍性胃炎,カイヨウセイイエン,
10076600,脾臓硬結,ヒゾウコウケツ,
10076601,カーニー複合体,カーニーフクゴウタイ,
10076602,先天性甲状腺障害,センテンセイコウジョウセンショウガイ,
10076603,甲状腺低分化癌,コウジョウセンテイブンカガン,
10076604,アテローム動脈硬化性プラーク破裂,アテロームドウミャクコウカセイプラークハレツ,
10076605,右左心短絡,ウサシンタンラク,
10076606,肥満細胞脱顆粒陽性,ヒマンサイボウダツカリュウヨウセイ,
10076607,腹膜皮膚瘻,フクマクヒフロウ,
10076608,子宮瘢痕部憩室,シキュウハンコンブケイシツ,
10076609,門脈系異常,モンミャクケイイジョウ,
10076623,内リンパシャント留置,ナイリンパシャントリュウチ,
10076624,肋骨癒合,ロッコツユゴウ,
10076625,卵管采形成術,ランカンサイケイセイジュツ,
10076626,原発性家族性低マグネシウム血症,ゲンパツセイカゾクセイテイマグネシウムケッショウ,ゲンパツセイカゾクセイテイマグネシウムケツショウ
10076627,冠血管近距離照射療法,カンケッカンキンキョリショウシャリョウホウ,
10076635,横隔膜損傷修復,オウカクマクソンショウシュウフク,
10076637,壊死性軟部組織感染,エシセイナンブソシキカンセン,
10076639,処方せんなしでの処方薬の使用,ショホウセンナシデノショホウヤクノシヨウ,
10076640,肝透析,カントウセキ,
10076644,自己免疫性甲状腺機能低下症,ジコメンエキセイコウジョウセンキノウテイカショウ,
10076653,重複腸管,ジュウフクチョウカン,チョウフクチョウカン
10076656,急性同種移植腎症,キュウセイドウシュイショクジンショウ,
10076657,急性運動感覚性軸索型ニューロパチー,キュウセイウンドウカンカクセイジクサクガタニューロパチー,
10076658,急性運動性軸索型ニューロパチー,キュウセイウンドウセイジクサクガタニューロパチー,
10076659,遅食,チショク,
10076660,皮質性視力障害,ヒシツセイシリョクショウガイ,
10076661,慢性チック障害,マンセイチックショウガイ,
10076662,閉鎖性眼球損傷,ヘイサセイガンキュウソンショウ,
10076663,複雑チック,フクザツチック,
10076664,移植片機能遅延,イショクヘンキノウチエン,
10076665,透析膜反応,トウセキマクハンノウ,
10076666,播種性ＢＣＧ感染,ハシュセイBCGカンセン,
10076667,播種性水痘帯状疱疹ワクチンウイルス感染,ハシュセイスイトウタイジョウホウシンワクチンウイルスカンセン,
10076668,早期発症原発性ジストニア,ソウキハッショウゲンパツセイジストニア,
10076669,外部圧迫性頭痛,ガイブアッパクセイズツウ,
10076670,外水頭症,ガイスイトウショウ,
10076671,脂肪癒着症候群,シボウユチャクショウコウグン,
10076672,感染性角膜炎,カンセンセイカクマクエン,
10076673,若年性多発性筋炎,ジャクネンセイタハツセイキンエン,
10076674,若年性乾癬性関節炎,ジャクネンセイカンセンセイカンセツエン,
10076675,若年性脊椎関節炎,ジャクネンセイセキツイカンセツエン,
10076676,片頭痛により誘発される痙攣,ヘンズツウニヨリユウハツサレルケイレン,
10076677,神経細胞遊走障害,シンケイサイボウユウソウショウガイ,
10076678,新規発症持続性連日性頭痛,シンキハッショウジゾクセイレンジツセイズツウ,
10076692,前眼部虚血,ゼンガンブキョケツ,
10076693,動静脈瘻成熟不全,ドウジョウミャクロウセイジュクフゼン,
10076694,暫定的チック障害,ザンテイテキチックショウガイ,
10076700,早産児死亡,ソウザンジシボウ,
10076701,くも膜下血腫,クモマクカケッシュ,
10076702,二次チック,ニジチック,
10076703,眼球心臓反射,ガンキュウシンゾウハンシャ,
10076704,ページ腎,ページジン,
10076705,穿孔,センコウ,
10076706,新生児脳室周囲出血,シンセイジノウシツシュウイシュッケツ,
10076707,一次性咳嗽性頭痛,イチジセイガイソウセイズツウ,
10076708,脱出症,ダッシュツショウ,
10076709,発達退行,ハッタツタイコウ,
10076710,外眼筋滑脱,ガイガンキンカツダツ,
10076711,狭窄,キョウサク,
10076712,いびき呼吸,イビキコキュウ,
10076713,鎖骨下静脈狭窄,サコツカジョウミャクキョウサク,
10076714,臍帯閉塞,サイタイヘイソク,
10076715,尿管圧迫,ニョウカンアッパク,
10076716,ワクチン関連麻痺性灰白髄炎,ワクチンカンレンマヒセイカイハクズイエン,
10076717,開放性眼球外傷,カイホウセイガンキュウガイショウ,
10076732,子宮内膜スクラッチング,シキュウナイマクスクラッチング,
10076733,乳児用調製粉乳,ニュウジヨウチョウセイフンニュウ,
10076735,局所温冷交代療法,キョクショオンレイコウタイリョウホウ,
10076737,咽頭異常感覚,イントウイジョウカンカク,
10076744,無巨核球性血小板減少症,ムキョカクキュウセイケッショウバンゲンショウショウ,
10076745,高粘稠性上気道分泌物,コウネンチョウセイジョウキドウブンピブツ,コウネンチョウセイジョウキドウブンピツブツ
10076746,角層菲薄化,カクソウヒハクカ,
10076747,後天性無巨核球性血小板減少症,コウテンセイムキョカクキュウセイケッショウバンゲンショウショウ,
10076748,混合型腺神経内分泌癌,コンゴウガタセンシンケイナイブンピガン,コンゴウガタセンシンケイナイブンピツガン
10076749,腫瘍随伴性糸球体腎炎,シュヨウズイハンセイシキュウタイジンエン,
10076750,術中神経生理学的モニタリング,ジュツチュウシンケイセイリガクテキモニタリング,
10076751,心臓ヘルニア,シンゾウヘルニア,
10076753,製品代替,セイヒンダイタイ,
10076756,腎嚢胞吸引,ジンノウホウキュウイン,
10076757,精神疲労,セイシンヒロウ,
10076760,臥床癖,ガショウヘキ,
10076764,合成線維アレルギー,ゴウセイセンイアレルギー,
10076765,網状赤血球ヘモグロビン等量,モウジョウセッケッキュウヘモグロビントウリョウ,
10076767,ＡＤＡＭＴＳ１３インヒビタースクリーニング検査,ADAMTS13インヒビタースクリーニングケンサ,
10076768,ＡＤＡＭＴＳ１３活性測定,ADAMTS13カッセイソクテイ,
10076769,カンピロバクター大腸炎,カンピロバクターダイチョウエン,
10076770,細菌性大腸炎,サイキンセイダイチョウエン,
10076775,非感染性バルトリン腺炎,ヒカンセンセイバルトリンセンエン,
10076776,骨盤手術,コツバンシュジュツ,
10076777,抗第ＶＩＩＩ因子抗体増加,コウダイ8インシコウタイゾウカ,
10076778,抗第ＩＸ因子抗体増加,コウダイ9インシコウタイゾウカ,
10076781,外傷後神経痛,ガイショウゴシンケイツウ,
10076783,乳房温存手術,ニュウボウオンゾンシュジュツ,
10076784,医療機器関連筋骨格系合併症,イリョウキキカンレンキンコッカクケイガッペイショウ,
10076785,医療機器関連胃腸合併症,イリョウキキカンレンイチョウガッペイショウ,
10076835,頚静脈閉塞,ケイジョウミャクヘイソク,
10076836,大動脈再狭窄,ダイドウミャクサイキョウサク,
10076837,腕頭静脈閉塞,ワントウジョウミャクヘイソク,
10076838,血管穿刺部位閉塞,ケッカンセンシブイヘイソク,
10076839,切開部位血管閉塞,セッカイブイケッカンヘイソク,
10076861,鼻唇溝消失,ビシンコウショウシツ,
10076864,弾性線維性仮性黄色腫様症候群,ダンセイセンイセイカセイオウショクシュヨウショウコウグン,
10076866,治療抵抗性急性リンパ性白血病,チリョウテイコウセイキュウセイリンパセイハッケツビョウ,
10076868,内皮腫症,ナイヒシュショウ,
10076869,製品調製過誤,セイヒンチョウセイカゴ,
10076874,用量算出過誤,ヨウリョウサンシュツカゴ,
10076875,喉頭萎縮,コウトウイシュク,
10076876,組織球肉腫,ソシキキュウニクシュ,
10076877,足関節上腕血圧比増加,ソクカンセツジョウワンケツアツヒゾウカ,アシカンセツジョウワンケツアツヒゾウカ
10076879,口腔結核,コウクウケッカク,コウコウケッカク
10076881,アトピー性皮膚炎のリバウンド,アトピーセイヒフエンノリバウンド,
10076882,湿疹のリバウンド,シッシンノリバウンド,
10076886,ロタウイルス免疫,ロタウイルスメンエキ,
10076888,同期単光子放射型コンピュータ断層撮影,ドウキタンコウシホウシャガタコンピュータダンソウサツエイ,
10076892,血管粘液腫,ケッカンネンエキシュ,
10076895,脳血管閉塞,ノウケッカンヘイソク,
10076896,外耳道骨壊死,ガイジドウコツエシ,
10076897,耳垢分泌過多,ジコウブンピカタ,ジコウブンピツカタ
10076898,心室瘢痕,シンシツハンコン,
10076904,副鼻腔洗浄,フクビクウセンジョウ,
10076905,肺膨張不全,ハイボウチョウフゼン,
10076908,気管支切開,キカンシセッカイ,
10076909,膵管破裂,スイカンハレツ,
10076910,ＸＸＸ症候群,XXXショウコウグン,トリプルXショウコウグン
10076911,咬傷感染,コウショウカンセン,
10076915,脾萎縮,ヒイシュク,
10076916,腎うっ血,ジンウッケツ,
10076929,脳うっ血,ノウウッケツ,
10076931,絞扼性臍ヘルニア,コウヤクセイサイヘルニア,コウヤクセイヘソヘルニア
10076935,ホルモン不応性乳癌,ホルモンフオウセイニュウガン,
10076936,ＱＯＬ障害,QOLショウガイ,
10076937,人間関係の問題,ニンゲンカンケイノモンダイ,
10076941,門脈塞栓術,モンミャクソクセンジュツ,
10076948,難治頻回部分発作重積型急性脳炎,ナンチヒンカイブブンホッサジュウセキガタキュウセイノウエン,
10076949,ジェーンウェー病変,ジェーンウェービョウヘン,
10076950,閉塞性肝静脈圧,ヘイソクセイカンジョウミャクアツ,
10076951,肝静脈圧較差,カンジョウミャクアツカクサ,
10076952,食道多発輪状狭窄,ショクドウタハツリンジョウキョウサク,
10076953,閉塞性排便,ヘイソクセイハイベン,
10076954,マイクロスリープ,マイクロスリープ,
10076955,血中ＨＣＶ－ＲＮＡ量測定限界以下,ケッチュウHCVRNAリョウソクテイゲンカイイカ,
10076959,鼻脳型ムコール症,ハナノウガタムコールショウ,
10076961,セザリー細胞数,セザリーサイボウスウ,
10076965,ＣＨＡ２ＤＳ２－ＶＡＳｃスコア,CHA2DS2VAScスコア,
10076966,ＣＨＡ２ＤＳ２－ＶＡＳｃ年間脳卒中リスク低値,CHA2DS2VAScネンカンノウソッチュウリスクテイチ,
10076967,ＣＨＡ２ＤＳ２－ＶＡＳｃ年間脳卒中リスク中等度,CHA2DS2VAScネンカンノウソッチュウリスクチュウトウド,
10076968,ＣＨＡ２ＤＳ２－ＶＡＳｃ年間脳卒中リスク高値,CHA2DS2VAScネンカンノウソッチュウリスクコウチ,
10076969,腫瘍出芽,シュヨウシュツガ,
10076970,全身免疫活性化,ゼンシンメンエキカッセイカ,
10076971,関節デブリードマン,カンセツデブリードマン,
10076972,乳頭部ポリープ,ニュウトウブポリープ,
10076976,僧帽弁収縮期前方運動,ソウボウベンシュウシュクキゼンポウウンドウ,
10076977,抗筋内膜抗体検査,コウキンナイマクコウタイケンサ,
10076979,ＪＣポリオーマウイルス検査陰性,JCポリオーマウイルスケンサインセイ,
10076981,脳卒中後痙攣発作,ノウソッチュウゴケイレンホッサ,
10076982,脳卒中後てんかん,ノウソッチュウゴテンカン,
10076983,母親の要望による帝王切開,ハハオヤノヨウボウニヨルテイオウセッカイ,
10076985,ビッカースタッフ型脳炎,ビッカースタッフガタノウエン,
10076986,偽性女性化乳房,ギセイジョセイカニュウボウ,
10076988,声門下喉頭炎,セイモンカコウトウエン,
10076990,神経内視鏡法,シンケイナイシキョウホウ,
10076991,軟部組織腫脹,ナンブソシキシュチョウ,
10076993,高密度焦点式超音波,コウミツドショウテンシキチョウオンパ,
10076994,ラクナ脳卒中,ラクナノウソッチュウ,
10076999,ベツォルト・ヤーリッシュ反射,ベツォルトヤーリッシュハンシャ,
10077000,高血圧性脳血管疾患,コウケツアツセイノウケッカンシッカン,
10077003,多核細胞血管組織球腫,タカクサイボウケッカンソシキキュウシュ,
10077005,喘息／慢性閉塞性肺疾患オーバーラップ症候群,ゼンソクマンセイヘイソクセイハイシッカンオーバーラップショウコウグン,
10077007,非経済的損失,ヒケイザイテキソンシツ,
10077010,偽性低血糖,ギセイテイケットウ,
10077014,乳房被膜切除,ニュウボウヒマクセツジョ,
10077018,複数病原体ＰＣＲ検査,フクスウビョウゲンタイPCRケンサ,
10077019,食道粘膜水疱,ショクドウネンマクスイホウ,
10077020,チャイルド・ピュー・ターコットスコア異常,チャイルドピューターコットスコアイジョウ,
10077021,チャイルド・ピュー・ターコットスコア減少,チャイルドピューターコットスコアゲンショウ,
10077022,分娩後血栓症,ブンベンゴケッセンショウ,
10077023,肺胞毛細血管異形成,ハイホウモウサイケッカンイケイセイ,
10077024,家族性筋萎縮性側索硬化症,カゾクセイキンイシュクセイソクサクコウカショウ,
10077025,ガレクチン－３増加,ガレクチン3ゾウカ,
10077026,ガレクチン－３減少,ガレクチン3ゲンショウ,
10077027,ガレクチン－３正常,ガレクチン3セイジョウ,
10077028,ガレクチン－３異常,ガレクチン3イジョウ,
10077029,腫瘍マーカー異常,シュヨウマーカーイジョウ,
10077030,咬筋痛,コウキンツウ,
10077031,大脳基底核血腫,ダイノウキテイカクケッシュ,
10077032,感染性心嚢液貯留,カンセンセイシンノウエキチョリュウ,
10077033,脳実質外動脈硬化症,ノウジッシツガイドウミャクコウカショウ,
10077034,ガレクチン－３試験,ガレクチン3シケン,
10077040,医療機器使用過程における誤った技法,イリョウキキシヨウカテイニオケルアヤマッタギホウ,
10077041,製品中不純物,セイヒンチュウフジュンブツ,
10077045,ファーター膨大部の良性新生物,ファーターボウダイブノリョウセイシンセイブツ,
10077051,再発移行上皮癌,サイハツイコウジョウヒガン,
10077052,Ｃ型肝炎コア抗体陽性,Cガタカンエンコアコウタイヨウセイ,
10077053,Ｃ型肝炎コア抗体,Cガタカンエンコアコウタイ,
10077054,Ｃ型肝炎コア抗体陰性,Cガタカンエンコアコウタイインセイ,
10077055,肝ガス壊疽,カンガスエソ,
10077072,シャゴーマ,シャゴーマ,
10077073,ロマーニャ徴候,ロマーニャチョウコウ,
10077079,脳血管内動脈瘤修復,ノウケッカンナイドウミャクリュウシュウフク,
10077087,自己免疫性腎炎,ジコメンエキセイジンエン,
10077088,喉頭マスク気道挿入,コウトウマスクキドウソウニュウ,
10077089,顎関節クリッキング,ガクカンセツクリッキング,
10077094,ダニ媒介脳炎免疫,ダニバイカイノウエンメンエキ,
10077104,アポリポ蛋白Ｅ遺伝子状態検査,アポリポタンパクEイデンシジョウタイケンサ,
10077106,コリネバクテリウム性菌血症,コリネバクテリウムセイキンケツショウ,
10077107,医療機器関連合併症,イリョウキキカンレンガッペイショウ,
10077108,不適正な血液透析,フテキセイナケツエキトウセキ,
10077109,静脈解離,ジョウミャクカイリ,
10077110,静脈破裂,ジョウミャクハレツ,
10077114,肝漿液腫,カンショウエキシュ,
10077115,腸骨動脈疾患,チョウコツドウミャクシッカン,
10077116,全身性感染,ゼンシンセイカンセン,
10077117,血管穿刺部位発疹,ケッカンセンシブイホッシン,ケッカンセンシブイハッシン
10077118,穿通性大動脈潰瘍,センツウセイダイドウミャクカイヨウ,
10077122,医療機器送達システムの問題,イリョウキキソウタツシステムノモンダイ,
10077143,血管ステント閉塞,ケッカンステントヘイソク,
10077144,血管ステント狭窄,ケッカンステントキョウサク,
10077146,血管形成後再狭窄,ケッカンケイセイゴサイキョウサク,
10077160,中枢神経系黒色腫,チュウスウシンケイケイコクショクシュ,
10077161,原発性骨髄線維症,ゲンパツセイコツズイセンイショウ,
10077162,異常前胸部運動,イジョウゼンキョウブウンドウ,
10077166,泌尿生殖器黒色腫,ヒニョウセイショクキコクショクシュ,
10077167,消化器黒色腫,ショウカキコクショクシュ,
10077168,視覚性失認,シカクセイシツニン,
10077169,無力,ムリョク,
10077170,片側感覚消失,ヘンソクカンカクショウシツ,
10077171,片側身体失認,ヘンソクシンタイシツニン,
10077172,萎縮性甲状腺炎,イシュクセイコウジョウセンエン,
10077173,感情両価性,カンジョウリョウカセイ,
10077174,神経突起斑,シンケイトッキハン,
10077175,錯論理,サクロンリ,
10077176,病的な疑い深さ,ビョウテキナウタガイブカサ,
10077177,肺低潅流,ハイテイカンリュウ,
10077178,未来が短縮した感覚,ミライガタンシュクシタカンカク,
10077179,強迫的対称性欲求,キョウハクテキタイショウセイヨッキュウ,
10077193,片側感覚鈍麻,ヘンソクカンカクドンマ,
10077207,体外受精不成功,タイガイジュセイフセコウ,
10077208,前立腺非対称,ゼンリツセンヒタイショウ,
10077209,ＩｇＭ腎症,IgMジンショウ,
10077215,脂肪肝－線維症,シボウカンセンイショウ,
10077216,高インスリン血症性低血糖症,コウインスリンケッショウセイテイケットウショウ,コウインスリンケツショウセイテイケットウショウ
10077232,腹部ヘルニア感染,フクブヘルニアカンセン,
10077233,膀胱化生,ボウコウカセイ,
10077234,鼻甲介形成,ビコウカイケイセイ,
10077237,弄便,ロウベン,
10077238,分離腫,ブンリシュ,
10077240,鼻弁虚脱,ビベンキョダツ,
10077243,医療機器リポジショニング,イリョウキキリポジショニング,
10077244,反抗的行動,ハンコウテキコウドウ,
10077252,直腸切除,チョクチョウセツジョ,
10077253,身体表現性泌尿生殖器障害,シンタイヒョウゲンセイヒニョウセイショクキショウガイ,
10077254,薬物クリアランス,ヤクブツクリアランス,
10077255,ＩＣＵ関連筋力低下,ICUカンレンキンリョクテイカ,
10077257,成人ＦＴＴ,セイジンFTT,
10077258,フロアン症候群,フロアンショウコウグン,
10077259,非硬変性門脈圧亢進症,ヒコウヘンセイモンミャクアツコウシンショウ,
10077260,バンチ症候群,バンチショウコウグン,
10077262,血管内ガス,ケッカンナイガス,
10077263,有痛性腓骨筋骨症候群,ユウツウセイヒコツキンコツショウコウグン,
10077264,重篤疾患,ジュウトクシッカン,
10077266,ポリマーヒューム熱,ポリマーヒュームネツ,
10077267,リソソーム酸リパーゼ欠損症,リソソームサンリパーゼケッソンショウ,
10077270,外科的肋骨骨折固定,ゲカテキロッコツコッセツコテイ,
10077271,免疫グロブリンＧ４関連疾患,メンエキグロブリンG4カンレンシッカン,
10077275,侵入思考,シンニュウシコウ,
10077276,乳児弓なり姿勢,ニュウジユミナリシセイ,
10077278,腎静脈静脈瘤,ジンジョウミャクジョウミャクリュウ,
10077279,縫合糸アレルギー,ホウゴウシアレルギー,
10077281,脾腎シャント術,ヒジンシャントジュツ,
10077282,ウイルス性棘細胞腫,ウイルスセイキョクサイボウシュ,
10077285,脳動脈窓形成,ノウドウミャクソウケイセイ,
10077286,麻疹後失明,マシンゴシツメイ,
10077287,肋軟骨離開,ロクナンコツリカイ,
10077288,弁輪形成,ベンリンケイセイ,
10077290,ダニアレルギー,ダニアレルギー,
10077291,末期肝疾患モデルスコア異常,マッキカンシッカンモデルスコアイジョウ,
10077292,末期肝疾患モデルスコア増加,マッキカンシッカンモデルスコアゾウカ,
10077295,偽高カルシウム血症,ギコウカルシウムケッショウ,ギコウカルシウムケツショウ
10077299,レム睡眠行動障害,レムスイミンコウドウショウガイ,
10077301,眼瞼皮角,ガンケンヒカク,
10077303,ファーター乳頭部の悪性新生物,ファーターニュウトウブノアクセイシンセイブツ,
10077304,注射疲労,チュウシャヒロウ,
10077305,慢性肝不全の急性増悪,マンセイカンフゼンノキュウセイゾウアク,
10077306,遺伝性運動感覚ニューロパチー,イデンセイウンドウカンカクニューロパチー,
10077307,小腸閉塞整復,ショウチョウヘイソクセイフク,
10077309,骨盤底筋トレーニング,コツバンテイキントレーニング,
10077310,膀胱訓練,ボウコウクンレン,
10077313,腫瘍性閉塞,シュヨウセイヘイソク,
10077314,遠隔転移を伴う皮膚有棘細胞癌,エンカクテンイヲトモナウヒフユウキョクサイボウガン,
10077317,ドーパミントランスポーターシンチグラフィ,ドーパミントランスポーターシンチグラフィ,
10077318,ドーパミントランスポーターシンチグラフィ異常,ドーパミントランスポーターシンチグラフィイジョウ,
10077319,ドーパミントランスポーターシンチグラフィ正常,ドーパミントランスポーターシンチグラフィセイジョウ,
10077320,早発初経,ソウハツショケイ,
10077321,乳児無呼吸,ニュウジムコキュウ,
10077330,移植血管狭窄,イショクケッカンキョウサク,
10077331,移植血管再狭窄,イショクケッカンサイキョウサク,
10077334,冠血管グラフト狭窄,カンケッカングラフトキョウサク,
10077336,ダニ麻痺,ダニマヒ,
10077341,骨膜血腫,コツマクケッシュ,
10077343,冠血流予備量比,カンケツリュウヨビリョウヒ,
10077345,免疫化学療法,メンエキカガクリョウホウ,
10077351,サイトカイン異常,サイトカインイジョウ,
10077352,サイトカイン検査,サイトカインケンサ,
10077355,偽水晶体動揺,ギスイショウタイドウヨウ,
10077356,尿中ビリルビン陽性,ニョウチュウビリルビンヨウセイ,
10077357,糖尿病性動脈炎,トウニョウビョウセイドウミャクエン,
10077358,排尿試験,ハイニョウシケン,
10077359,腸コンピュータ断層撮影,チョウコンピュータダンソウサツエイ,
10077360,ハチ療法,ハチリョウホウ,
10077361,多臓器機能不全症候群,タゾウキキノウフゼンショウコウグン,
10077374,頚頭蓋症候群,ケイトウガイショウコウグン,
10077375,真菌尿,シンキンニョウ,
10077376,骨髄脂肪腫,コツズイシボウシュ,
10077377,粘液腫性僧帽弁変性,ネンエキシュセイソウボウベンヘンセイ,
10077378,足関節上腕血圧比異常,ソクカンセツジョウワンケツアツヒイジョウ,アシカンセツジョウワンケツアツヒイジョウ
10077379,先天性脊柱管狭窄症,センテンセイセキチュウカンキョウサクショウ,
10077380,てんかん性脳症,テンカンセイノウショウ,
10077381,破片創,ハヘンソウ,
10077387,電子タバコ使用者,デンシタバコシヨウシャ,
10077389,肺毛細血管腫症,ハイモウサイケッカンシュショウ,
10077390,ヘルペス性下気道感染,ヘルペスセイカキドウカンセン,
10077391,ヒトボカウイルス感染,ヒトボカウイルスカンセン,
10077392,免疫回復ぶどう膜炎,メンエキカイフクブドウマクエン,
10077403,再発ヘアリー細胞白血病,サイハツヘアリーサイボウハッケツビョウ,
10077404,下垂体性無月経,カスイタイセイムゲッケイ,
10077407,神経根剥離術,シンケイコンハクリジュツ,
10077408,虚血性皮膚潰瘍,キョケツセイヒフカイヨウ,
10077412,肺結節性リンパ組織過形成,ハイケッセツセイリンパソシキカケイセイ,
10077414,血管穿刺部位蜂巣炎,ケッカンセンシブイホウソウエン,
10077416,終末期不穏,シュウマツキフオン,
10077417,自殺恐怖,ジサツキョウフ,
10077431,くる病数珠,クルビョウジュズ,
10077435,多形腺腫由来癌,タケイセンシュユライガン,
10077436,交流電場腫瘍治療,コウリュウデンバシュヨウチリョウ,
10077438,夜間痛,ヤカンツウ,
10077439,粉塵アレルギー,フンジンアレルギー,
10077442,感覚統合療法,カンカクトウゴウリョウホウ,
10077443,出血性乳房嚢胞,シュッケツセイニュウボウノウホウ,
10077444,肝胆道スキャン正常,カンタンドウスキャンセイジョウ,
10077446,画像検査異常,ガゾウケンサイジョウ,
10077447,ブラキスピラ感染,ブラキスピラカンセン,
10077449,単純ヘルペス性子宮頚管炎,タンジュンヘルペスセイシキュウケイカンエン,
10077450,家族性乳児両側線条体壊死,カゾクセイニュウジリョウソクセンジョウタイエシ,
10077451,孤発性乳児両側線条体壊死,コハツセイニュウジリョウソクセンジョウタイエシ,
10077452,声帯手術,セイタイシュジュツ,
10077453,音声治療,オンセイチリョウ,
10077454,心筋収縮調整療法,シンキンシュウシュクチョウセイリョウホウ,
10077455,医療機器関連血栓症,イリョウキキカンレンケッセンショウ,
10077464,子宮頚管形成術,シキュウケイカンケイセイジュツ,
10077465,骨髄増殖性新生物,コツズイゾウショクセイシンセイブツ,
10077466,外膜嚢腫,ガイマクノウシュ,
10077469,下咽頭癒着,カイントウユチャク,
10077470,経頭蓋運動誘発電位モニタリング異常,ケイトウガイウンドウユウハツデンイモニタリングイジョウ,
10077471,経頭蓋運動誘発電位モニタリング,ケイトウガイウンドウユウハツデンイモニタリング,
10077472,腫瘍偽性進行,シュヨウギセイシンコウ,
10077474,機械使用能力障害者,キカイシヨウノウリョクショウガイシャ,
10077476,扁桃転移,ヘントウテンイ,
10077477,ブドウ球菌性眼瞼炎,ブドウキュウキンセイガンケンエン,
10077479,門脈シャント術,モンミャクシャントジュツ,
10077481,ヒト上皮成長因子受容体陰性,ヒトジョウヒセイチョウインシジュヨウタイインセイ,
10077482,ヒト上皮成長因子受容体減少,ヒトジョウヒセイチョウインシジュヨウタイゲンショウ,
10077483,ヒト上皮成長因子受容体増加,ヒトジョウヒセイチョウインシジュヨウタイゾウカ,
10077486,食道壁内血腫,ショクドウヘキナイケッシュ,
10077487,細菌性耳下腺炎,サイキンセイジカセンエン,
10077488,肺切除,ハイセツジョ,
10077495,運動器症候群,ウンドウキショウコウグン,
10077496,水痘性角膜炎,スイトウセイカクマクエン,
10077497,声帯溝症,セイタイコウショウ,
10077498,椎骨動脈瘤,ツイコツドウミャクリュウ,
10077503,発作性房室ブロック,ホッサセイボウシツブロック,
10077506,拘束型慢性移植肺障害,コウソクガタマンセイイショクハイショウガイ,
10077507,腫瘍随伴性関節炎,シュヨウズイハンセイカンセツエン,
10077512,末期腎疾患,マッキジンシッカン,
10077514,硝子体ヘイズ,ショウシタイヘイズ,
10077515,低ナトリウム尿症,テイナトリウムニョウショウ,
10077516,感覚処理障害,カンカクショリショウガイ,
10077519,口蓋潰瘍,コウガイカイヨウ,
10077520,偽毛包炎,ギモウホウエン,
10077523,敷石状口腔咽頭粘膜,シキイシジョウコウクウイントウネンマク,シキイシジョウコウコウイントウネンマク
10077529,辺縁帯リンパ腫第１期,ヘンエンタイリンパシュダイ1キ,
10077530,辺縁帯リンパ腫第２期,ヘンエンタイリンパシュダイ2キ,
10077531,辺縁帯リンパ腫第３期,ヘンエンタイリンパシュダイ3キ,
10077532,辺縁帯リンパ腫第４期,ヘンエンタイリンパシュダイ4キ,
10077533,再発性辺縁帯リンパ腫,サイハツセイヘンエンタイリンパシュ,
10077534,治療抵抗性辺縁帯リンパ腫,チリョウテイコウセイヘンエンタイリンパシュ,
10077552,口腔内色素沈着,コウクウナイシキソチンチャク,コウコウナイシキソチンチャク
10077554,体性機能障害,タイセイキノウショウガイ,
10077557,異所性下垂体後葉,イショセイカスイタイコウヨウ,
10077558,腱形成,ケンケイセイ,
10077559,膵・消化管神経内分泌腫瘍疾患,スイショウカカンシンケイナイブンピシュヨウシッカン,スイショウカカンシンケイナイブンピツシュヨウシッカン
10077563,白血病心浸潤,ハッケツビョウシンシンジュン,
10077565,骨膜症,コツマクショウ,
10077566,ヘリコバクター性十二指腸炎,ヘリコバクターセイジュウニシチョウエン,
10077574,処置による気胸,ショチニヨルキキョウ,
10077575,胎児頻脈性不整脈,タイジヒンミャクセイフセイミャク,
10077576,胎動異常,タイドウイジョウ,
10077577,胎児貧血,タイジヒンケツ,
10077578,胎児超音波検査異常,タイジチョウオンパケンサイジョウ,
10077579,胎児消化管画像異常,タイジショウカカンガゾウイジョウ,
10077580,胎児筋骨格画像異常,タイジキンコッカクガゾウイジョウ,
10077581,胎児腎画像異常,タイジジンガゾウイジョウ,
10077582,胎児発育異常,タイジハツイクイジョウ,
10077591,胃縫合,イホウゴウ,
10077594,先天性心臓弁閉鎖不全,センテンセイシンゾウベンヘイサフゼン,
10077602,糖尿病性手関節症,トウニョウビョウセイシュカンセツショウ,トウニョウビョウセイテカンセツショウ
10077603,頭蓋顔面骨折,トウガイガンメンコッセツ,
10077604,渦巻き角膜,ウズマキカクマク,
10077605,肛門失禁,コウモンシッキン,
10077606,低圧症,テイアツショウ,
10077607,脳底動脈瘤,ノウテイドウミャクリュウ,
10077608,軟骨粗鬆症,ナンコツソショウショウ,
10077609,甲状腺片葉欠損,コウジョウセンヘンヨウケッソン,
10077623,門脈脾静脈腸間膜静脈血栓症,モンミャクヒジョウミャクチョウカンマクジョウミャクケッセンショウ,
10077624,ブロッホ・ザルツバーガー症候群,ブロッホザルツバーガーショウコウグン,
10077628,胎児コンパートメント液体貯留,タイジコンパートメントエキタイチョリュウ,
10077631,肝脾膿瘍,カンヒノウヨウ,
10077632,口腔血管腫,コウクウケッカンシュ,コウコウケッカンシュ
10077633,ヘプシジン検査,ヘプシジンケンサ,
10077634,ヘプシジン減少,ヘプシジンゲンショウ,
10077643,血管確保部位出血,ケッカンカクホブイシュッケツ,
10077644,血管確保部位合併症,ケッカンカクホブイガッペイショウ,
10077645,血管確保部位浮腫,ケッカンカクホブイフシュ,
10077647,血管確保部位血腫,ケッカンカクホブイケッシュ,
10077648,血管確保部位閉塞,ケッカンカクホブイヘイソク,
10077649,血管確保部位偽動脈瘤,ケッカンカクホブイギドウミャクリュウ,
10077650,血管確保部位炎症,ケッカンカクホブイエンショウ,
10077651,血管確保部位感染,ケッカンカクホブイカンセン,
10077652,血管確保部位破裂,ケッカンカクホブイハレツ,
10077658,モバイル医療アプリケーションの問題,モバイルイリョウアプリケーションノモンダイ,
10077659,偶発的製品包装曝露,グウハツテキセイヒンホウソウバクロ,
10077660,子供の偶発的製品包装曝露,コドモノグウハツテキセイヒンホウソウバクロ,
10077665,免疫介在性副作用,メンエキカイザイセイフクサヨウ,
10077666,関節微小出血,カンセツビショウシュッケツ,
10077667,頭蓋内腫瘤,トウガイナイシュリュウ,
10077668,抗第Ｘ因子活性,コウダイ10インシカッセイ,
10077669,抗第Ｘ因子活性正常,コウダイ10インシカッセイセイジョウ,
10077670,抗第Ｘ因子活性異常,コウダイ10インシカッセイイジョウ,
10077671,抗第Ｘ因子活性上昇,コウダイ10インシカッセイジョウショウ,
10077672,医療機器モニタリング過誤,イリョウキキモニタリングカゴ,
10077673,医療処置,イリョウショチ,
10077674,抗第Ｘ因子活性低下,コウダイ10インシカッセイテイカ,
10077675,筋骨格系癌,キンコッカクケイガン,
10077676,炎症マーカー低下,エンショウマーカーテイカ,
10077677,肝機能検査値低下,カンキノウケンサチテイカ,
10077678,禁忌医療機器使用,キンキイリョウキキシヨウ,
10077679,第Ｘａ因子活性測定,ダイ10aインシカッセイソクテイ,
10077692,肝機能検査値上昇,カンキノウケンサチジョウショウ,
10077702,ストーマ部ポリープ,ストーマブポリープ,
10077703,遠隔転移を伴う神経系新生物,エンカクテンイヲトモナウシンケイケイシンセイブツ,
10077704,腫瘍随伴性そう痒症,シュヨウズイハンセイソウヨウショウ,
10077706,非協力的な患者,ヒキョウリョクテキナカンジャ,
10077707,コルネリア・デ・ランゲ症候群,コルネリアデランゲショウコウグン,
10077708,シュードモナス検査,シュードモナスケンサ,
10077709,レット症候群,レットショウコウグン,
10077710,ＰａＯ２／ＦｉＯ２比,PaO2FiO2ヒ,
10077716,ＨＩＶウイルス血症,HIVウイルスケッショウ,HIVウイルスケツショウ
10077719,失感情症,シツカンジョウショウ,
10077720,医療機器モニタリング手順非実施,イリョウキキモニタリングテジュンヒジッシ,
10077721,移植血管出血,イショクケッカンシュッケツ,
10077753,欲求不満耐性低下,ヨッキュウフマンタイセイテイカ,
10077754,評価不能の治療,ヒョウカフノウノチリョウ,
10077755,悪性腸腰筋症候群,アクセイチョウヨウキンショウコウグン,
10077756,脊柱平坦化,セキチュウヘイタンカ,
10077758,遠隔転移を伴う悪性髄膜腫,エンカクテンイヲトモナウアクセイズイマクシュ,
10077759,有害食物反応,ユウガイショクモツハンノウ,
10077760,血管確保部位発疹,ケッカンカクホブイホッシン,ケッカンカクホブイハッシン
10077761,血管確保部位腫脹,ケッカンカクホブイシュチョウ,
10077762,血管確保部位疼痛,ケッカンカクホブイトウツウ,
10077763,血管確保部位解離,ケッカンカクホブイカイリ,
10077764,腰椎ドレナージ合併症,ヨウツイドレナージガッペイショウ,
10077767,血管確保部位挫傷,ケッカンカクホブイザショウ,
10077780,脳性ナトリウム利尿ペプチド前駆体,ノウセイナトリウムリニョウペプチドゼンクタイ,
10077781,脳性ナトリウム利尿ペプチド前駆体増加,ノウセイナトリウムリニョウペプチドゼンクタイゾウカ,
10077782,脳性ナトリウム利尿ペプチド前駆体減少,ノウセイナトリウムリニョウペプチドゼンクタイゲンショウ,
10077783,脳性ナトリウム利尿ペプチド前駆体異常,ノウセイナトリウムリニョウペプチドゼンクタイイジョウ,
10077788,排卵誘発反応不良,ハイランユウハツハンノウフリョウ,
10077793,乳様突起嚢胞,ニュウヨウトッキノウホウ,
10077794,製造施設の問題,セイゾウシセツノモンダイ,
10077795,製造装置の問題,セイゾウソウチノモンダイ,
10077796,製造の問題,セイゾウノモンダイ,
10077797,製造試験室管理の問題,セイゾウシケンシツカンリノモンダイ,
10077798,製造原材料等の問題,セイゾウゲンザイリョウトウノモンダイ,
10077799,生産製造の問題,セイサンセイゾウノモンダイ,
10077800,製品供給力の問題,セイヒンキョウキュウリョクノモンダイ,
10077801,製品供給の問題,セイヒンキョウキュウノモンダイ,
10077802,重篤気分調節症,ジュウトクキブンチョウセツショウ,
10077803,語音障害,ゴオンショウガイ,
10077804,持続性抑うつ障害,ジゾクセイヨクウツショウガイ,
10077805,離人感・現実感消失障害,リジンカンゲンジツカンショウシツショウガイ,
10077812,医療機器使用の問題,イリョウキキシヨウノモンダイ,
10077813,血管穿刺部位小水疱,ケッカンセンシブイショウスイホウ,
10077814,血管アクセス留置,ケッカンアクセスリュウチ,
10077818,滑液包血腫,カツエキホウケッシュ,
10077819,前屈呼吸困難,ゼンクツコキュウコンナン,
10077820,４分の１盲,4ブンノ1モウ,
10077821,無下垂体症,ムカスイタイショウ,
10077822,食道粘膜裂傷,ショクドウネンマクレッショウ,
10077823,プロカルシトニン異常,プロカルシトニンイジョウ,
10077824,冠動脈バイパス狭窄,カンドウミャクバイパスキョウサク,
10077825,強膜沈着物,キョウマクチンチャクブツ,
10077826,静脈形成,ジョウミャクケイセイ,
10077827,Ｃ３糸球体症,C3シキュウタイショウ,
10077828,大網壊死,ダイモウエシ,タイモウエシ
10077829,内臓静脈血栓症,ナイゾウジョウミャクケッセンショウ,
10077830,プロカルシトニン減少,プロカルシトニンゲンショウ,
10077831,プロカルシトニン正常,プロカルシトニンセイジョウ,
10077832,血管アクセス機能不全,ケッカンアクセスキノウフゼン,
10077833,先天性血小板減少症,センテンセイケッショウバンゲンショウショウ,
10077834,左右心短絡,サウシンタンラク,
10077835,胆汁性消化不良,タンジュウセイショウカフリョウ,
10077853,会陰障害,エインショウガイ,
10077854,歯肉不快感,シニクフカイカン,
10077855,舌不快感,ゼツフカイカン,シタフカイカン
10077859,多発性皮膚子宮平滑筋腫症,タハツセイヒフシキュウヘイカツキンシュショウ,
10077861,胆管肉腫,タンカンニクシュ,
10077862,閉塞性腎症,ヘイソクセイジンショウ,
10077863,術後病的利尿,ジュツゴビョウテキリニョウ,
10077864,虚血性僧帽弁逆流,キョケツセイソウボウベンギャクリュウ,
10077873,食道胸腔瘻,ショクドウキョウクウロウ,
10077875,視神経脊髄炎スペクトラム障害,シシンケイセキズイエンスペクトラムショウガイ,
10077883,総補体価低下,ソウホタイカテイカ,
10077884,総補体価上昇,ソウホタイカジョウショウ,
10077888,ミスマッチ修復機能欠損癌症候群,ミスマッチシュウフクキノウケッソンガンショウコウグン,
10077889,ガレン大静脈瘤,ガレンダイジョウミャクリュウ,
10077890,網膜肥厚,モウマクヒコウ,
10077892,ヤング躁病評価尺度,ヤングソウビョウヒョウカシャクド,
10077893,房室結節分散,ボウシツケッセツブンサン,
10077894,強迫性症状,キョウハクセイショウジョウ,
10077905,心臓脂肪症,シンゾウシボウショウ,
10077909,Ｈ２Ｎ２インフルエンザ,H2N2インフルエンザ,
10077910,尿毒症性ミオパチー,ニョウドクショウセイミオパチー,
10077911,網膜側副血管,モウマクソクフクケッカン,
10077916,表在性皮膚脂肪腫性母斑,ヒョウザイセイヒフシボウシュセイボハン,
10077917,レシチンコレステロールアシルトランスフェラーゼ欠損症,レシチンコレステロールアシルトランスフェラーゼケッソンショウ,
10077918,感染性強膜炎,カンセンセイキョウマクエン,
10077919,過剰椎骨,カジョウツイコツ,
10077920,前庭性片頭痛,ゼンテイセイヘンズツウ,
10077921,老人性平衡障害,ロウジンセイヘイコウショウガイ,
10077922,肝胆道系の良性新生物,カンタンドウケイノリョウセイシンセイブツ,
10077929,後天性補体欠損症,コウテンセイホタイケッソンショウ,
10077930,グラニュリカテラ性菌血症,グラニュリカテラセイキンケツショウ,
10077931,グラニュリカテラ感染,グラニュリカテラカンセン,
10077932,くも膜肥厚,クモマクヒコウ,
10077933,出血性肺炎,シュッケツセイハイエン,
10077936,子宮蠕動欠如,シキュウゼンドウケツジョ,
10077940,気管ウエッブ,キカンウエッブ,
10077943,遺伝性低リン血症性くる病,イデンセイテイリンケッショウセイクルビョウ,イデンセイテイリンケツショウセイクルビョウ
10077944,ピルビン酸カルボキシラーゼ欠損症,ピルビンサンカルボキシラーゼケッソンショウ,
10077945,ＧＮＥミオパチー,GNEミオパチー,
10077946,成人ポリグルコサン小体病,セイジンポリグルコサンショウタイビョウ,
10077947,クエン酸トランスポーター欠損症,クエンサントランスポーターケッソンショウ,
10077948,小児交代性片麻痺,ショウニコウタイセイヘンマヒ,ショウニコウタイセイカタマヒ
10077949,三官能性蛋白質欠損症,サンカンノウセイタンパクシツケッソンショウ,
10077951,脂肪酸酸化異常,シボウサンサンカイジョウ,
10077952,表皮母斑症候群,ヒョウヒボハンショウコウグン,
10077962,手掌の水原性のしわ,シュショウノスイゲンセイノシワ,
10077964,軟骨痛,ナンコツツウ,
10077965,原発性高コレステロール血症,ゲンパツセイコウコレステロールケッショウ,ゲンパツセイコウコレステロールケツショウ
10077968,単純ヘルペス検査,タンジュンヘルペスケンサ,
10077969,単純ヘルペス検査陽性,タンジュンヘルペスケンサヨウセイ,
10077970,単純ヘルペス検査陰性,タンジュンヘルペスケンサインセイ,
10077971,ヘルペスウイルス検査,ヘルペスウイルスケンサ,
10077976,大後頭孔症候群,ダイコウトウコウショウコウグン,
10077982,十二指腸空腸バイパススリーブ術,ジュウニシチョウクウチョウバイパススリーブジュツ,
10077983,腹部脂肪エプロン,フクブシボウエプロン,
10077984,新生児頭部変形,シンセイジトウブヘンケイ,
10077986,隅角切開,グウカクセッカイ,
10077987,強膜切除,キョウマクセツジョ,
10077988,神経血管コンフリクト,シンケイケッカンコンフリクト,
10077989,尿管結石症,ニョウカンケッセキショウ,
10078002,粘液様嚢胞,ネンエキヨウノウホウ,
10078004,メタボリック手術,メタボリックシュジュツ,
10078005,血中１，５－アンヒドログルシトール検査,ケッチュウ15アンヒドログルシトールケンサ,
10078011,神経サルコイドーシス,シンケイサルコイドーシス,
10078014,棘突起間関節形成症,キョクトッキカンカンセツケイセイショウ,
10078016,心臓クリアランス,シンゾウクリアランス,
10078035,穿刺部位ヘルニア,センシブイヘルニア,
10078036,早期発症家族性アルツハイマー病,ソウキハッショウカゾクセイアルツハイマービョウ,
10078046,上腕動脈捕捉症候群,ジョウワンドウミャクホソクショウコウグン,
10078052,ウェランダー型遠位型ミオパチー,ウェランダーガタエンイガタミオパチー,
10078053,筋低酸素症,キンテイサンソショウ,
10078056,疼痛恐怖症,トウツウキョウフショウ,
10078058,腸静脈瘤出血,チョウジョウミャクリュウシュッケツ,
10078069,選択的摂食障害,センタクテキセッショクショウガイ,
10078070,ギャンブル障害,ギャンブルショウガイ,
10078071,小児期の脱抑制型対人交流障害,ショウニキノダツヨクセイガタタイジンコウリュウショウガイ,
10078075,性別違和,セイベツイワ,
10078076,身体症状症,シンタイショウジョウショウ,
10078077,病気不安症,ビョウキフアンショウ,
10078078,心血管身体症状症,シンケッカンシンタイショウジョウショウ,
10078079,消化管身体症状症,ショウカカンシンタイショウジョウショウ,
10078081,皮膚身体症状症,ヒフシンタイショウジョウショウ,
10078085,妊娠身体症状症,ニンシンシンタイショウジョウショウ,
10078086,非２４時間睡眠覚醒障害,ヒ24ジカンスイミンカクセイショウガイ,
10078087,性器骨盤痛・挿入障害,セイキコツバンツウソウニュウショウガイ,
10078088,交代勤務障害,コウタイキンムショウガイ,
10078090,偽性卒中,ギセイソッチュウ,
10078092,減圧開頭術,ゲンアツカイトウジュツ,
10078094,慢性咬頬,マンセイコウキョウ,
10078095,慢性腎臓病に伴う骨ミネラル代謝異常,マンセイジンゾウビョウニトモナウコツミネラルタイシャイジョウ,
10078097,骨髄膠様変性,コツズイコウヨウヘンセイ,
10078098,慢性特発性疼痛症候群,マンセイトクハツセイトウツウショウコウグン,
10078101,胆嚢線維症,タンノウセンイショウ,
10078104,眼球スキャン,ガンキュウスキャン,
10078105,医療機器に対する患者の不満,イリョウキキニタイスルカンジャノフマン,
10078106,パルビモナス感染,パルビモナスカンセン,
10078107,パルビモナス検査陽性,パルビモナスケンサヨウセイ,
10078108,パルビモナス検査陰性,パルビモナスケンサインセイ,
10078109,パルビモナス検査,パルビモナスケンサ,
10078114,破壊性脊椎関節症,ハカイセイセキツイカンセツショウ,
10078115,部分的治療レスポンダー,ブブンテキチリョウレスポンダー,
10078117,好酸球性多発血管炎性肉芽腫症,コウサンキュウセイタハツケッカンエンセイニクゲシュショウ,
10078118,カルシウム塞栓症,カルシウムソクセンショウ,
10078119,尿路上皮びらん,ニョウロジョウヒビラン,
10078120,真菌感作による重症喘息,シンキンカンサニヨルジュウショウゼンソク,
10078121,性器潰瘍症候群,セイキカイヨウショウコウグン,
10078122,胎児バイオフィジカルプロファイルスコア正常,タイジバイオフィジカルプロファイルスコアセイジョウ,
10078123,胎児バイオフィジカルプロファイルスコア境界値,タイジバイオフィジカルプロファイルスコアキョウカイチ,
10078124,胎児バイオフィジカルプロファイルスコア異常,タイジバイオフィジカルプロファイルスコアイジョウ,
10078125,精嚢萎縮,セイノウイシュク,
10078126,脳カンジダ症,ノウカンジダショウ,
10078131,精巣顆粒膜細胞腫,セイソウカリュウマクサイボウシュ,
10078132,マジック症候群,マジックショウコウグン,
10078143,関節の良性新生物,カンセツノリョウセイシンセイブツ,
10078144,関節新生物,カンセツシンセイブツ,
10078145,関節の悪性新生物,カンセツノアクセイシンセイブツ,
10078147,盲腸瘻造設,モウチョウロウゾウセツ,
10078148,実大Ｘ線像,ジツダイXセンゾウ,
10078154,ヘモジデリン着色,ヘモジデリンチャクショク,
10078155,薬物と医療機器間の不適合,ヤクブツトイリョウキキカンノフテキゴウ,
10078156,保険上の問題,ホケンジョウノモンダイ,
10078159,気管拡張術,キカンカクチョウジュツ,
10078160,ベツォルト膿瘍,ベツォルトノウヨウ,
10078161,放射線脳損傷,ホウシャセンノウソンショウ,
10078162,乳房嚢胞内乳頭腫,ニュウボウノウホウナイニュウトウシュ,
10078164,ＨＩＶ関連神経認知障害,HIVカンレンシンケイニンチショウガイ,
10078167,神経系嚢胞,シンケイケイノウホウ,
10078170,口腔挫傷,コウクウザショウ,コウコウザショウ
10078174,肺神経内分泌腫瘍,ハイシンケイナイブンピシュヨウ,ハイシンケイナイブンピツシュヨウ
10078175,遠隔転移を伴う肺神経内分泌腫瘍,エンカクテンイヲトモナウハイシンケイナイブンピシュヨウ,エンカクテンイヲトモナウハイシンケイナイブンピツシュヨウ
10078176,最大鼻吸気流量増加,サイダイビキュウキリュウリョウゾウカ,
10078177,最大鼻吸気流量減少,サイダイビキュウキリュウリョウゲンショウ,
10078178,最大鼻吸気流量異常,サイダイビキュウキリュウリョウイジョウ,
10078179,最大鼻吸気流量正常,サイダイビキュウキリュウリョウセイジョウ,
10078180,最大鼻吸気流量試験,サイダイビキュウキリュウリョウシケン,
10078192,不妊計画,フニンケイカク,
10078193,殿部形成,デンブケイセイ,
10078195,メカニックスハンド,メカニックスハンド,
10078196,精巣切開,セイソウセッカイ,
10078201,肺動脈閉塞,ハイドウミャクヘイソク,
10078202,心停止後症候群,シンテイシゴショウコウグン,
10078205,ジカウイルス感染,ジカウイルスカンセン,
10078207,後部皮質萎縮,コウブヒシツイシュク,
10078208,大脳皮質基底核変性症,ダイノウヒシツキテイカクヘンセイショウ,
10078209,二糖類分解酵素欠損症,ニトウルイブンカイコウソケッソンショウ,
10078210,偽合指症,ギゴウシショウ,
10078211,偽水晶体緑内障,ギスイショウタイリョクナイショウ,
10078212,重複虫垂,チョウフクチュウスイ,ジュウフクチュウスイ
10078213,黄色靱帯肥厚,オウショクジンタイヒコウ,
10078215,形質細胞亀頭炎,ケイシツサイボウキトウエン,
10078216,ＣＡＮＶＡＳ症候群,CANVASショウコウグン,
10078217,視床下部過誤腫,シショウカブカゴシュ,
10078218,外科的心室再建,ゲカテキシンシツサイケン,
10078223,磁気共鳴画像,ジキキョウメイガゾウ,
10078224,磁気共鳴画像異常,ジキキョウメイガゾウイジョウ,
10078225,磁気共鳴画像正常,ジキキョウメイガゾウセイジョウ,
10078226,回転形成術,カイテンケイセイジュツ,
10078228,びまん性ぶどう膜メラノサイト増殖症,ビマンセイブドウマクメラノサイトゾウショクショウ,
10078229,移植腎感染,イショクジンカンセン,
10078234,デフェロキサミン負荷試験,デフェロキサミンフカシケン,
10078235,メラトニン欠乏,メラトニンケツボウ,
10078237,腫瘍随伴性皮膚症,シュヨウズイハンセイヒフショウ,
10078243,胎盤遺残除去手術,タイバンイザンジョキョシュジュツ,
10078249,元アルコール摂取者,モトアルコールセッシュシャ,
10078254,脳実質外出血,ノウジッシツガイシュッケツ,
10078256,扁桃紅斑,ヘントウコウハン,
10078257,扁桃滲出液,ヘントウシンシュツエキ,
10078260,補正カルシウム増加,ホセイカルシウムゾウカ,
10078264,腎エキノコックス症,ジンエキノコックスショウ,
10078265,医療機器の発火,イリョウキキノハッカ,
10078266,子宮頚部損傷,シキュウケイブソンショウ,
10078267,脊髄転移,セキズイテンイ,
10078268,特発性間質性肺炎,トクハツセイカンシツセイハイエン,
10078269,血管偽動脈瘤血栓症,ケッカンギドウミャクリュウケッセンショウ,
10078270,一回換気量正常,イッカイカンキリョウセイジョウ,
10078271,一回換気量異常,イッカイカンキリョウイジョウ,
10078272,一回換気量減少,イッカイカンキリョウゲンショウ,
10078273,一回換気量増加,イッカイカンキリョウゾウカ,
10078275,歯の異常感覚,ハノイジョウカンカク,
10078276,歯の錯感覚,ハノサクカンカク,
10078279,骨髄芽球陽性,コツズイガキュウヨウセイ,
10078280,ＣＴ低血圧コンプレックス,CTテイケツアツコンプレックス,
10078281,活性化ＰＩ３キナーゼδ症候群,カッセイカPI3キナーゼデルタショウコウグン,
10078282,軟膜・髄膜骨髄腫症,ナンマクズイマクコツズイシュショウ,
10078288,爪甲剥離症を伴う母指関節周囲紅斑,ソウコウハクリショウヲトモナウボシカンセツシュウイコウハン,
10078289,駆出率低下を伴う心不全,クシュツリツテイカヲトモナウシンフゼン,
10078295,ＮＵＴ正中線癌,NUTセイチュウセンガン,
10078296,ＮＵＴ遺伝子変異,NUTイデンシヘンイ,
10078297,屈肢症,クッシショウ,
10078298,腸球菌性胃腸炎,チョウキュウキンセイイチョウエン,
10078300,急性近視,キュウセイキンシ,
10078301,フラビウイルス検査陰性,フラビウイルスケンサインセイ,
10078302,フラビウイルス検査,フラビウイルスケンサ,
10078303,抗ケル抗体検査,コウケルコウタイケンサ,
10078304,抗ケル抗体検査陰性,コウケルコウタイケンサインセイ,
10078305,抗ケル抗体検査陽性,コウケルコウタイケンサヨウセイ,
10078306,予想より早い薬効,ヨソウヨリハヤイヤッコウ,
10078307,胆嚢生検,タンノウセイケン,
10078308,胆嚢生検正常,タンノウセイケンセイジョウ,
10078309,胆嚢生検異常,タンノウセイケンイジョウ,
10078310,中枢性徐脈,チュウスウセイジョミャク,
10078311,脳微小塞栓症,ノウビショウソクセンショウ,
10078317,低レベルレーザー療法,テイレベルレーザーリョウホウ,
10078318,抗ＭＡＧ抗体陽性,コウMAGコウタイヨウセイ,
10078319,腸血管腫,チョウケッカンシュ,
10078320,社会的（語用論的）コミュニケーション障害,シャカイテキゴヨウロンテキコミュニケーションショウガイ,
10078322,脾静脈性血管瘤,ヒジョウミャクセイケッカンリュウ,
10078324,抗ＭＡＧ抗体関連多発ニューロパチー,コウMAGコウタイカンレンタハツニューロパチー,
10078325,対称性薬剤性間擦性および屈側部発疹,タイショウセイヤクザイセイカンサツセイオヨビクッソクブホッシン,タイショウセイヤクザイセイカンサツセイオヨビクッソクブハッシン
10078327,胆石破砕,タンセキハサイ,
10078328,適応補助換気,テキオウホジョカンキ,
10078337,乳頭肥大,ニュウトウヒダイ,
10078338,ウォルフラム症候群,ウォルフラムショウコウグン,
10078340,医療機器常用,イリョウキキジョウヨウ,
10078341,膀胱神経内分泌癌,ボウコウシンケイナイブンピガン,ボウコウシンケイナイブンピツガン
10078342,将来の自然流産リスク,ショウライノシゼンリュウザンリスク,
10078344,脾周囲炎,ヒシュウイエン,
10078351,尿管閉鎖,ニョウカンヘイサ,
10078354,肺ムコール症,ハイムコールショウ,
10078355,新生児ヘモクロマトーシス,シンセイジヘモクロマトーシス,
10078358,肋軟骨骨折,ロクナンコツコッセツ,
10078360,肝コンピュータ断層撮影異常,カンコンピュータダンソウサツエイイジョウ,
10078361,放射線性外陰腟炎,ホウシャセンセイガイインチツエン,
10078366,周産期うつ病,シュウサンキウツビョウ,
10078368,卵管通水,ランカンツウスイ,
10078371,抗サッカロミセス・セレビシエ抗体検査陽性,コウサッカロミセスセレビシエコウタイケンサヨウセイ,
10078372,雷恐怖症,カミナリキョウフショウ,
10078375,唾液腺症,ダエキセンショウ,
10078377,ブレビバクテリウム感染,ブレビバクテリウムカンセン,
10078378,脳槽造影,ノウソウゾウエイ,
10078379,甲状腺石灰化,コウジョウセンセッカイカ,
10078380,適用部位創傷,テキヨウブイソウショウ,
10078381,ブレビバクテリウム検査陰性,ブレビバクテリウムケンサインセイ,
10078382,ブレビバクテリウム検査陽性,ブレビバクテリウムケンサヨウセイ,
10078383,尿管生検,ニョウカンセイケン,
10078384,ＣＤ８リンパ球百分率減少,CD8リンパキュウヒャクブンリツゲンショウ,
10078385,ＣＤ８リンパ球百分率増加,CD8リンパキュウヒャクブンリツゾウカ,
10078386,ＣＤ４リンパ球百分率増加,CD4リンパキュウヒャクブンリツゾウカ,
10078387,重症熱性血小板減少症候群,ジュウショウネツセイケッショウバンゲンショウショウコウグン,
10078388,遅発性虚血性神経脱落症状,チハツセイキョケツセイシンケイダツラクショウジョウ,
10078390,製品の誤った廃棄,セイヒンノアヤマッタハイキ,
10078393,Ｂ細胞除去療法,Bサイボウジョキョリョウホウ,
10078394,眼混濁,ガンコンダク,
10078401,皮膚培養,ヒフバイヨウ,
10078402,皮膚培養陽性,ヒフバイヨウヨウセイ,
10078403,複数病原体ＰＣＲ検査陽性,フクスウビョウゲンタイPCRケンサヨウセイ,
10078410,上輪部角結膜炎,ジョウリンブカクケツマクエン,
10078413,上部消化管穿孔,ジョウブショウカカンセンコウ,
10078414,下部消化管穿孔,カブショウカカンセンコウ,
10078415,全身性細菌感染,ゼンシンセイサイキンカンセン,
10078417,ライム心炎,ライムシンエン,
10078418,リンパ不全,リンパフゼン,
10078419,口－顔－指症候群２型,コウガンシショウコウグン2ガタ,
10078424,後腹膜炎,コウフクマクエン,
10078427,自家骨軟骨移植,ジカコツナンコツイショク,
10078429,呼気中一酸化窒素濃度増加,コキチュウイッサンカチッソノウドゾウカ,
10078430,運動恐怖症,ウンドウキョウフショウ,
10078431,冠静脈狭窄,カンジョウミャクキョウサク,
10078432,脂腺炎,シセンエン,
10078438,白色乳頭様所見,ハクショクニュウトウヨウショケン,
10078439,ＨＬＡ－Ｂ＊２７検査,HLAB27ケンサ,
10078440,小児早期警告スコア,ショウニソウキケイコクスコア,
10078441,蛋白同化食,タンパクドウカショク,
10078451,ＨＬＡ－Ｂ＊２７陽性,HLAB27ヨウセイ,
10078452,全身性ウイルス感染,ゼンシンセイウイルスカンセン,
10078453,細菌性眼瞼炎,サイキンセイガンケンエン,
10078454,穿刺部位蜂巣炎,センシブイホウソウエン,
10078471,爪母生検,ソウボセイケン,
10078472,イオントフォレーシス,イオントフォレーシス,
10078473,大腿近位欠損,ダイタイキンイケッソン,
10078474,舟状腹,シュウジョウフク,
10078475,環状弾性線維融解性巨細胞肉芽腫,カンジョウダンセイセンイユウカイセイキョサイボウニクゲシュ,
10078476,発作性交感神経機能亢進,ホッサセイコウカンシンケイキノウコウシン,
10078477,良性くも膜下腔拡大,リョウセイクモマクカクウカクダイ,
10078479,腹壁損傷,フクヘキソンショウ,
10078480,殿部損傷,デンブソンショウ,
10078481,死亡前薬物血中濃度,シボウゼンヤクブツケッチュウノウド,シボウマエヤクブツケッチュウノウド
10078482,死亡前薬物血中濃度正常,シボウゼンヤクブツケッチュウノウドセイジョウ,シボウマエヤクブツケッチュウノウドセイジョウ
10078483,死亡前薬物血中濃度異常,シボウゼンヤクブツケッチュウノウドイジョウ,シボウマエヤクブツケッチュウノウドイジョウ
10078484,死亡前薬物血中濃度増加,シボウゼンヤクブツケッチュウノウドゾウカ,シボウマエヤクブツケッチュウノウドゾウカ
10078485,死亡前薬物血中濃度減少,シボウゼンヤクブツケッチュウノウドゲンショウ,シボウマエヤクブツケッチュウノウドゲンショウ
10078486,死後薬物血中濃度,シゴヤクブツケッチュウノウド,
10078487,死後薬物血中濃度正常,シゴヤクブツケッチュウノウドセイジョウ,
10078488,死後薬物血中濃度異常,シゴヤクブツケッチュウノウドイジョウ,
10078489,死後薬物血中濃度増加,シゴヤクブツケッチュウノウドゾウカ,
10078490,死後薬物血中濃度減少,シゴヤクブツケッチュウノウドゲンショウ,
10078492,トルンヴァルト嚢胞,トルンヴァルトノウホウ,
10078493,乳頭状腎細胞癌,ニュウトウジョウジンサイボウガン,
10078494,肉芽腫性リンパ節炎,ニクゲシュセイリンパセツエン,
10078495,副鼻腔形成術,フクビクウケイセイジュツ,
10078496,クロストリジウム性敗血症,クロストリジウムセイハイケツショウ,
10078503,四肢腫瘤,シシシュリュウ,
10078504,禁忌製品使用,キンキセイヒンシヨウ,
10078505,製造中止製品の使用,セイゾウチュウシセイヒンノシヨウ,
10078506,リンパ球性食道炎,リンパキュウセイショクドウエン,
10078507,線維素性唾液管炎,センイソセイダエキカンエン,
10078508,同側性複視,ドウソクセイフクシ,
10078509,交差性複視,コウサセイフクシ,
10078525,企図的医療機器使用の問題,キトテキイリョウキキシヨウノモンダイ,
10078537,バース症候群,バースショウコウグン,
10078538,先端皮膚剥離症候群,センタンヒフハクリショウコウグン,
10078541,眼瞼平行結膜襞検査,ガンケンヘイコウケツマクヒダケンサ,
10078542,歯科局所麻酔,シカキョクショマスイ,
10078556,腫瘤様多発性硬化症,シュリュウヨウタハツセイコウカショウ,
10078557,先天性新生物,センテンセイシンセイブツ,
10078561,広汎子宮傍結合織摘出術,コウハンシキュウボウケツゴウシキテキシュツジュツ,
10078564,甲状腺刺激ホルモン欠損症,コウジョウセンシゲキホルモンケッソンショウ,
10078573,スミス・レムリ・オピッツ症候群,スミスレムリオピッツショウコウグン,
10078574,ジュベール症候群,ジュベールショウコウグン,
10078575,治療効果短縮,チリョウコウカタンシュク,
10078576,表情減少,ヒョウジョウゲンショウ,
10078577,生体吸収性医療機器の問題,セイタイキュウシュウセイイリョウキキノモンダイ,
10078580,ペニシリウム感染,ペニシリウムカンセン,
10078581,鼻の横じわ,ハナノヨコジワ,
10078582,耐糖能境界型,タイトウノウキョウカイガタ,
10078583,ペニシリウム検査陽性,ペニシリウムケンサヨウセイ,
10078587,ペニシリウム検査陰性,ペニシリウムケンサインセイ,
10078589,Ｂリンパ球数異常,Bリンパキュウスウイジョウ,
10078590,マイコプラズマ検査陰性,マイコプラズマケンサインセイ,
10078591,ＣＤ１９リンパ球数異常,CD19リンパキュウスウイジョウ,
10078596,パルビモナス・ミクラ感染,パルビモナスミクラカンセン,
10078599,バイオプティクス眼手術,バイオプティクスガンシュジュツ,
10078603,フィッシュベイン反応,フィッシュベインハンノウ,
10078604,尿道分泌症候群,ニョウドウブンピショウコウグン,ニョウドウブンピツショウコウグン
10078607,製造試験室管理のキャリブレーションの問題,セイゾウシケンシツカンリノキャリブレーションノモンダイ,
10078608,流通への不適切な製品出荷,リュウツウヘノフテキセツナセイヒンシュッカ,
10078610,術後譫妄,ジュツゴセンモウ,
10078619,製造装置の清掃の問題,セイゾウソウチノセイソウノモンダイ,
10078620,製造工程管理手順非実施,セイゾウコウテイカンリテジュンヒジッシ,
10078621,製造工程管理手順実施上の誤り,セイゾウコウテイカンリテジュンジッシジョウノアヤマリ,
10078622,製品製造時の不適切な無菌操作,セイヒンセイゾウジノフテキセツナムキンソウサ,
10078623,製造原材料等の汚染,セイゾウゲンザイリョウトウノオセン,
10078634,製造装置の衛生上の問題,セイゾウソウチノエイセイジョウノモンダイ,
10078635,製造装置のフィルターの問題,セイゾウソウチノフィルターノモンダイ,
10078636,動脈切開,ドウミャクセッカイ,
10078638,全身性強皮症,ゼンシンセイキョウヒショウ,
10078651,鼻部損傷,ビブソンショウ,
10078652,副鼻腔損傷,フクビクウソンショウ,
10078653,甲状腺損傷,コウジョウセンソンショウ,
10078654,膵挫傷,スイザショウ,
10078655,消化器挫傷,ショウカキザショウ,
10078656,腎細胞異形成,ジンサイボウイケイセイ,
10078657,子宮頚部化生,シキュウケイブカセイ,
10078658,医療機器使用部位多汗症,イリョウキキシヨウブイタカンショウ,
10078659,腹腔内液貯留,フククウナイエキチョリュウ,フックウナイエキチョリュウ
10078660,細菌性腹部感染,サイキンセイフクブカンセン,
10078661,出生体重正常,シュッセイタイジュウセイジョウ,シュッショウタイジュウセイジョウ
10078662,細菌性卵管炎,サイキンセイランカンエン,
10078663,血中非治療薬陽性,ケッチュウヒチリョウヤクヨウセイ,
10078664,血中非治療薬陰性,ケッチュウヒチリョウヤクインセイ,
10078665,細菌性尿道炎,サイキンセイニョウドウエン,
10078666,細菌性尿管炎,サイキンセイニョウカンエン,
10078667,第Ｘａ因子活性異常,ダイ10aインシカッセイイジョウ,
10078668,品質不良医療機器の使用,ヒンシツフリョウイリョウキキノシヨウ,
10078669,医療的蛋白同化療法,イリョウテキタンパクドウカリョウホウ,
10078670,淋菌性心疾患,リンキンセイシンシッカン,
10078672,ＤＮＡミスマッチ修復蛋白遺伝子変異,DNAミスマッチシュウフクタンパクイデンシヘンイ,
10078673,膵超音波検査異常,スイチョウオンパケンサイジョウ,
10078674,膵超音波検査正常,スイチョウオンパケンサセイジョウ,
10078675,血管確保部位血栓,ケッカンカクホブイケッセン,
10078676,第Ｘａ因子活性低下,ダイ10aインシカッセイテイカ,
10078677,第Ｘａ因子活性上昇,ダイ10aインシカッセイジョウショウ,
10078678,第Ｘａ因子活性正常,ダイ10aインシカッセイセイジョウ,
10078682,肛門湿疹,コウモンシッシン,
10078693,角膜ぶどう膜炎,カクマクブドウマクエン,
10078694,ウイルス性角膜ぶどう膜炎,ウイルスセイカクマクブドウマクエン,
10078695,悪性ポリープ,アクセイポリープ,
10078696,乳突削開鼓室形成術,ニュウトツサッカイコシツケイセイジュツ,
10078697,更年期角化腫,コウネンキカクカシュ,
10078698,大腿筋膜張筋症候群,ダイタイキンマクチョウキンショウコウグン,
10078699,リンパ管切除,リンパカンセツジョ,
10078700,距骨摘出,キョコツテキシュツ,
10078701,歯冠長延長術,シカンチョウエンチョウジュツ,
10078720,ＨＩＶリポジストロフィー,HIVリポジストロフィー,
10078727,グルコーストランスポーター１欠損症症候群,グルコーストランスポーター1ケッソンショウショウコウグン,
10078729,カルニチン－アシルカルニチントランスロカーゼ欠損症,カルニチンアシルカルニチントランスロカーゼケッソンショウ,
10078730,体幹損傷,タイカンソンショウ,
10078738,子宮圧迫縫合,シキュウアッパクホウゴウ,
10078740,性別適合療法,セイベツテキゴウリョウホウ,
10078742,妊娠可能な女性,ニンシンカノウナジョセイ,
10078745,眼瞼ミオキミア,ガンケンミオキミア,
10078746,片側錯感覚,ヘンソクサクカンカク,
10078747,共同運動,キョウドウウンドウ,
10078748,四肢周囲径増加,シシシュウイケイゾウカ,
10078749,リスフラン骨折,リスフランコッセツ,
10078750,尿管アカラシア,ニョウカンアカラシア,
10078751,喉頭振戦,コウトウシンセン,
10078752,声帯形成術,セイタイケイセイジュツ,
10078758,四肢周囲径減少,シシシュウイケイゲンショウ,
10078761,製品不耐性,セイヒンフタイセイ,
10078762,経路不明の曝露,ケイロフメイノバクロ,
10078769,不潔恐怖症,フケツキョウフショウ,
10078770,先天性乳び胸,センテンセイニュウビキョウ,
10078771,腹部の良性新生物,フクブノリョウセイシンセイブツ,
10078775,人工食道挿入,ジンコウショクドウソウニュウ,
10078781,インプラント周囲炎,インプラントシュウイエン,
10078782,ランゲルハンス細胞肉腫,ランゲルハンスサイボウニクシュ,
10078783,口腔咽頭浮腫,コウクウイントウフシュ,コウコウイントウフシュ
10078785,腸リンパ組織過形成,チョウリンパソシキカケイセイ,
10078786,腫瘍炎症,シュヨウエンショウ,
10078791,気管切除,キカンセツジョ,
10078792,眼底自発蛍光,ガンテイジハツケイコウ,
10078794,聴神経障害,チョウシンケイショウガイ,
10078797,会陰蜂巣炎,エインホウソウエン,
10078798,酸素療法,サンソリョウホウ,
10078801,ＭＬＡＳＡ症候群,MLASAショウコウグン,
10078807,心臓足首血管指数,シンゾウアシクビケッカンシスウ,
10078810,肝静脈塞栓症,カンジョウミャクソクセンショウ,
10078811,嚢胞性肺疾患,ノウホウセイハイシッカン,
10078812,食道ポリープ切除,ショクドウポリープセツジョ,
10078814,共感覚,キョウカンカク,
10078817,胃腸吻合部狭窄,イチョウフンゴウブキョウサク,
10078818,腎周囲浮腫,ジンシュウイフシュ,
10078819,腹腔鏡下スリーブ状胃切除術,フククウキョウカスリーブジョウイセツジョジュツ,フックウキョウカスリーブジョウイセツジョジュツ
10078820,脈管瀑布,ミャッカンバクフ,
10078821,アラン・ハーンドン・ダドリー症候群,アランハーンドンダドリーショウコウグン,
10078822,原発性家族性脳石灰化,ゲンパツセイカゾクセイノウセッカイカ,
10078830,非感染性鼓膜炎,ヒカンセンセイコマクエン,
10078832,角膜内皮顕微鏡検査,カクマクナイヒケンビキョウケンサ,
10078834,破水検査陽性,ハスイケンサヨウセイ,
10078835,破水検査陰性,ハスイケンサインセイ,
10078836,破水検査,ハスイケンサ,
10078846,マクロプロラクチン血症,マクロプロラクチンケッショウ,マクロプロラクチンケツショウ
10078853,賦形剤アレルギー反応,フケイザイアレルギーハンノウ,
10078856,抗ＳＲＰ抗体陽性,コウSRPコウタイヨウセイ,
10078859,脳血管拡張,ノウケッカンカクチョウ,
10078862,著明な白血球増多,チョメイナハッケッキュウゾウタ,
10078863,人工外耳挿入,ジンコウガイジソウニュウ,
10078867,深大腿動脈形成,シンダイタイドウミャクケイセイ,
10078868,睡眠下内視鏡検査,スイミンカナイシキョウケンサ,
10078872,尿中ブドウ糖／クレアチニン比,ニョウチュウブドウトウクレアチニンヒ,
10078873,出血性水痘症候群,シュッケツセイスイトウショウコウグン,
10078883,寄生虫性肺炎,キセイチュウセイハイエン,
10078885,ＭＮＳ抗体陽性,MNSコウタイヨウセイ,
10078887,過度の動的気道虚脱,カドノドウテキキドウキョダツ,
10078888,ガードナー・ダイアモンド症候群,ガードナーダイアモンドショウコウグン,
10078889,尿中ブドウ糖／クレアチニン比増加,ニョウチュウブドウトウクレアチニンヒゾウカ,
10078890,尿中ブドウ糖／クレアチニン比減少,ニョウチュウブドウトウクレアチニンヒゲンショウ,
10078891,尿中ブドウ糖／クレアチニン比異常,ニョウチュウブドウトウクレアチニンヒイジョウ,
10078895,人工血管閉塞,ジンコウケッカンヘイソク,
10078901,ウィンチェスター症候群,ウィンチェスターショウコウグン,
10078904,特発性頭蓋内圧亢進症,トクハツセイトウガイナイアツコウシンショウ,
10078906,口腔軟部組織生検,コウクウナンブソシキセイケン,コウコウナンブソシキセイケン
10078907,腎静脈狭窄,ジンジョウミャクキョウサク,
10078909,変性三尖弁疾患,ヘンセイサンセンベンシッカン,
10078910,吻合部感染,フンゴウブカンセン,
10078912,腫脹関節数,シュチョウカンセツスウ,
10078913,圧痛関節数,アッツウカンセツスウ,
10078914,乾癬病巣範囲重症度指数,カンセンビョウソウハンイジュウショウドシスウ,
10078915,正中離開,セイチュウリカイ,
10078921,紫色蓄尿バッグ症候群,ムラサキイロチクニョウバッグショウコウグン,
10078929,非感受性病原体の過剰増殖,ヒカンジュセイビョウゲンタイノカジョウゾウショク,
10078930,胚生存能力低下,ハイセイゾンノウリョクテイカ,
10078931,抗第Ｘａ因子活性低下,コウダイ10aインシカッセイテイカ,
10078932,仰臥位高血圧,ギョウガイコウケツアツ,
10078933,腎尿細管損傷,ジンニョウサイカンソンショウ,
10078934,Ｎ－ｒａｓ遺伝子変異陽性再発結腸直腸癌,Nrasイデンシヘンイヨウセイサイハツケッチョウチョクチョウガン,
10078944,第１度皮膚化学熱傷,ダイ1ドヒフカガクネッショウ,
10078945,第２度皮膚化学熱傷,ダイ2ドヒフカガクネッショウ,
10078946,第３度皮膚化学熱傷,ダイ3ドヒフカガクネッショウ,
10078947,第４度皮膚化学熱傷,ダイ4ドヒフカガクネッショウ,
10078948,遺伝毒性,イデンドクセイ,
10078949,生化学的骨代謝マーカー上昇,セイカガクテキコツタイシャマーカージョウショウ,
10078950,疾患の危険因子,シッカンノキケンインシ,
10078951,兎眼性角膜炎,トガンセイカクマクエン,
10078952,乳房増殖性変化,ニュウボウゾウショクセイヘンカ,
10078953,自己免疫性内分泌障害,ジコメンエキセイナイブンピショウガイ,ジコメンエキセイナイブンピツショウガイ
10078957,ＣＳＦ中ＪＣウイルス検査陽性,CSFチュウJCウイルスケンサヨウセイ,
10078961,免疫性腸炎,メンエキセイチョウエン,
10078962,免疫性肝炎,メンエキセイカンエン,
10078963,免疫性ニューロパチー,メンエキセイニューロパチー,
10078964,免疫性内分泌障害,メンエキセイナイブンピショウガイ,メンエキセイナイブンピツショウガイ
10078965,既往反応,キオウハンノウ,
10078966,持続性性喚起障害,ジゾクセイセイカンキショウガイ,
10078969,ヘルペスウイルス検査異常,ヘルペスウイルスケンサイジョウ,
10078970,認知言語障害,ニンチゲンゴショウガイ,
10078971,２－ヒドロキシグルタル酸尿症,2ヒドロキシグルタルサンニョウショウ,
10078972,原発性胃腸濾胞性リンパ腫,ゲンパツセイイチョウロホウセイリンパシュ,
10078977,若年性パジェット病,ジャクネンセイパジェットビョウ,
10078978,歯科修復不成功,シカシュウフクフセイコウ,
10078980,心筋低酸素症,シンキンテイサンソショウ,
10078982,検査非遵守,ケンサヒジュンシュ,
10078983,評価不能の検体,ヒョウカフノウノケンタイ,
10078984,製品代替過誤,セイヒンダイタイカゴ,
10078985,血液型不適合,ケツエキガタフテキゴウ,
10078986,新生児毒性,シンセイジドクセイ,
10078987,胎児腎障害,タイジジンショウガイ,
10079007,製品再調製の品質の問題,セイヒンサイチョウセイノヒンシツノモンダイ,
10079011,二核アメーバ感染,ニカクアメーバカンセン,
10079012,無痛性甲状腺炎,ムツウセイコウジョウセンエン,
10079013,外傷性頭蓋内血腫,ガイショウセイトウガイナイケッシュ,
10079014,壁運動スコア指数,ヘキウンドウスコアシスウ,
10079015,壁運動スコア指数正常,ヘキウンドウスコアシスウセイジョウ,
10079016,壁運動スコア指数異常,ヘキウンドウスコアシスウイジョウ,
10079017,左室仮性腱索,サシツカセイケンサク,
10079018,胆嚢無形成,タンノウムケイセイ,
10079019,遺伝性多発性骨軟骨腫,イデンセイタハツセイコツナンコツシュ,
10079020,前立腺静脈瘤,ゼンリツセンジョウミャクリュウ,
10079029,南部ダニ紅斑病,ナンブダニコウハンビョウ,
10079036,血管障害性ニューロパチー,ケッカンショウガイセイニューロパチー,
10079047,製造安定性試験の問題,セイゾウアンテイセイシケンノモンダイ,
10079054,母斑様黒色腫,ボハンヨウコクショクシュ,
10079055,胃腸ポリープ,イチョウポリープ,
10079056,性行為に伴う一次性頭痛,セイコウイニトモナウイチジセイズツウ,
10079057,形質細胞性外陰炎,ケイシツサイボウセイガイインエン,
10079058,自己免疫性心膜炎,ジコメンエキセイシンマクエン,
10079059,衒学的スピーチ,ゲンガクテキスピーチ,
10079060,治療後ライム病症候群,チリョウゴライムビョウショウコウグン,
10079061,乳癌治療後疼痛症候群,ニュウガンチリョウゴトウツウショウコウグン,
10079062,小脳卒中,ショウノウソッチュウ,
10079063,食道嚢胞,ショクドウノウホウ,
10079075,舌紅斑,ゼツコウハン,シタコウハン
10079076,製造工程管理手順の問題,セイゾウコウテイカンリテジュンノモンダイ,
10079077,製造原材料等試験の逸脱,セイゾウゲンザイリョウトウシケンノイツダツ,
10079078,製品汚染の疑い,セイヒンオセンノウタガイ,
10079080,包装デザインの問題,ホウソウデザインノモンダイ,
10079089,トリコモナス検査陽性,トリコモナスケンサヨウセイ,
10079095,サイトメガロウイルス性腎炎,サイトメガロウイルスセイジンエン,
10079096,口腔咽頭変色,コウクウイントウヘンショク,コウコウイントウヘンショク
10079104,遠隔転移を伴う上咽頭癌,エンカクテンイヲトモナウジョウイントウガン,
10079105,介助自殺,カイジョジサツ,
10079106,顎下瘻,ガッカロウ,ガクカロウ
10079107,急性骨髄性白血病への転化,キュウセイコツズイセイハッケツビョウヘノテンカ,
10079114,呼吸性洞性不整脈振幅,コキュウセイドウセイフセイミャクシンプク,
10079115,呼吸性洞性不整脈振幅増加,コキュウセイドウセイフセイミャクシンプクゾウカ,
10079116,呼吸性洞性不整脈振幅減少,コキュウセイドウセイフセイミャクシンプクゲンショウ,
10079117,呼吸性洞性不整脈振幅異常,コキュウセイドウセイフセイミャクシンプクイジョウ,
10079118,医療機器効果遅延,イリョウキキコウカチエン,
10079119,家族性高比重リポ蛋白欠損症,カゾクセイコウヒジュウリポタンパクケッソンショウ,
10079120,変色吐物,ヘンショクトブツ,
10079121,網膜動脈瘤破裂,モウマクドウミャクリュウハレツ,
10079122,臍帯嚢胞,サイタイノウホウ,
10079123,リンパ組織低形成,リンパソシキテイケイセイ,
10079124,注射部位毛細血管拡張症,チュウシャブイモウサイケッカンカクチョウショウ,
10079125,薬物－医療機器相互作用,ヤクブツイリョウキキソウゴサヨウ,
10079126,弁圧較差正常,ベンアツカクサセイジョウ,
10079127,弁圧較差異常,ベンアツカクサイジョウ,
10079128,弁圧較差増加,ベンアツカクサゾウカ,
10079129,弁圧較差減少,ベンアツカクサゲンショウ,
10079140,アスパラギン酸グルタミン酸輸送体欠損症,アスパラギンサングルタミンサンユソウタイケッソンショウ,
10079160,医療機器使用部位過角化,イリョウキキシヨウブイカカクカ,
10079161,眼窩コンパートメント症候群,ガンカコンパートメントショウコウグン,
10079162,気管支静脈瘤,キカンシジョウミャクリュウ,
10079163,気管支静脈瘤出血,キカンシジョウミャクリュウシュッケツ,
10079164,鎖骨下静脈閉塞,サコツカジョウミャクヘイソク,
10079165,自己免疫性甲状腺障害,ジコメンエキセイコウジョウセンショウガイ,
10079167,ぶどう膜外反,ブドウマクガイハン,
10079168,涙腺膿瘍,ルイセンノウヨウ,
10079169,医療機器使用部位熱傷,イリョウキキシヨウブイネッショウ,
10079170,持続性知覚性姿勢誘発ふらつき,ジゾクセイチカクセイシセイユウハツフラツキ,
10079171,深前眼房,シンゼンガンボウ,
10079172,卵巣穿孔,ランソウセンコウ,
10079192,電撃麻痺,デンゲキマヒ,
10079193,造袋術,ゾウタイジュツ,
10079195,近視矯正,キンシキョウセイ,
10079196,腸間膜嚢胞,チョウカンマクノウホウ,
10079203,エマヌエル症候群,エマヌエルショウコウグン,
10079204,パートナーの出産,パートナーノシュッサン,
10079205,ティモシー症候群,ティモシーショウコウグン,
10079207,ペリー症候群,ペリーショウコウグン,
10079208,精巣破裂,セイソウハレツ,
10079209,圧迫帯使用,アッパクタイシヨウ,
10079212,回避された製品保管過誤,カイヒサレタセイヒンホカンカゴ,
10079213,回避された製品調製過誤,カイヒサレタセイヒンチョウセイカゴ,
10079215,弾性線維腫,ダンセイセンイシュ,
10079216,爪上皮亀裂,ソウジョウヒキレツ,
10079219,製品広告の問題,セイヒンコウコクノモンダイ,
10079221,企図的投薬欠落,キトテキトウヤクケツラク,
10079224,子宮過敏,シキュウカビン,
10079225,赤耳症候群,アカミミショウコウグン,
10079226,外出障害者,ガイシュツショウガイシャ,
10079249,無窒素尿症,ムチッソニョウショウ,
10079250,高窒素尿症,コウチッソニョウショウ,
10079251,腫瘍随伴性血栓症,シュヨウズイハンセイケッセンショウ,
10079252,アルコール性ケトアシドーシス,アルコールセイケトアシドーシス,
10079253,心筋緻密化障害,シンキンチミツカショウガイ,
10079254,精神病症状,セイシンビョウショウジョウ,
10079261,アテローム塞栓症,アテロームソクセンショウ,
10079268,免疫反応性トリプシノーゲン増加,メンエキハンノウセイトリプシノーゲンゾウカ,
10079269,免疫反応性トリプシノーゲン減少,メンエキハンノウセイトリプシノーゲンゲンショウ,
10079270,免疫反応性トリプシノーゲン異常,メンエキハンノウセイトリプシノーゲンイジョウ,
10079272,短い妊娠間隔,ミジカイニンシンカンカク,
10079273,子宮頚部拡張,シキュウケイブカクチョウ,
10079274,皮膚陥凹,ヒフカンオウ,
10079275,注射部位変形,チュウシャブイヘンケイ,
10079276,好中球細胞外トラップ形成,コウチュウキュウサイボウガイトラップケイセイ,
10079277,注射部位陥凹,チュウシャブイカンオウ,
10079278,投与部位陥凹,トウヨブイカンオウ,
10079281,膵不全,スイフゼン,
10079290,ＣＳＦ好酸球数,CSFコウサンキュウスウ,
10079291,ＣＳＦ好酸球数増加,CSFコウサンキュウスウゾウカ,
10079292,ＲＩＳ,RIS,
10079293,一過性舌乳頭炎,イッカセイゼツニュウトウエン,
10079294,乏精子・精子無力・奇形精子症,ボウセイシセイシムリョクキケイセイシショウ,
10079301,プリオン病,プリオンビョウ,
10079306,新生児低カルシウム血症,シンセイジテイカルシウムケッショウ,シンセイジテイカルシウムケツショウ
10079307,乳房扁平上皮癌,ニュウボウヘンペイジョウヒガン,
10079309,咽頭粘膜剥脱,イントウネンマクハクダツ,
10079315,医療機器の操作上の問題,イリョウキキノソウサジョウノモンダイ,
10079316,未承認適応に対する治療用製品の効果,ミショウニンテキオウニタイスルチリョウヨウセイヒンノコウカ,
10079317,未承認適応に対する薬剤の効果,ミショウニンテキオウニタイスルヤクザイノコウカ,
10079319,周術期心筋梗塞,シュウジュツキシンキンコウソク,
10079320,モートン症候群,モートンショウコウグン,
10079325,ルジョ出血熱,ルジョシュッケツネツ,
10079326,乳房腫瘍切除,ニュウボウシュヨウセツジョ,
10079327,帯状疱疹性髄膜神経根炎,タイジョウホウシンセイズイマクシンケイコンエン,
10079330,卵巣損傷,ランソウソンショウ,
10079331,気管支動脈塞栓術,キカンシドウミャクソクセンジュツ,
10079332,医療機器使用部位臭,イリョウキキシヨウブイシュウ,
10079333,回避された子供の偶発的製品曝露,カイヒサレタコドモノグウハツテキセイヒンバクロ,
10079334,回避された製品モニタリング過誤,カイヒサレタセイヒンモニタリングカゴ,
10079335,毛髪成長速度異常,モウハツセイチョウソクドイジョウ,
10079336,僧帽弁肥厚,ソウボウベンヒコウ,
10079337,肺動脈弁肥厚,ハイドウミャクベンヒコウ,
10079338,三尖弁肥厚,サンセンベンヒコウ,
10079339,心室拡大,シンシツカクダイ,
10079340,心房拡大,シンボウカクダイ,
10079351,腫脹関節数増加,シュチョウカンセツスウゾウカ,
10079352,腫脹関節数減少,シュチョウカンセツスウゲンショウ,
10079353,圧痛関節数増加,アッツウカンセツスウゾウカ,
10079354,圧痛関節数減少,アッツウカンセツスウゲンショウ,
10079355,乾癬病巣範囲重症度指数上昇,カンセンビョウソウハンイジュウショウドシスウジョウショウ,
10079356,乾癬病巣範囲重症度指数低下,カンセンビョウソウハンイジュウショウドシスウテイカ,
10079357,尿中有機酸検査,ニョウチュウユウキサンケンサ,
10079358,心電図Ｔ波交互脈,シンデンズTハコウゴミャク,
10079359,脚部硬直症候群,キャクブコウチョクショウコウグン,
10079362,迷路摘出術,メイロテキシュツジュツ,
10079364,グルタチオン合成酵素欠損症,グルタチオンゴウセイコウソケッソンショウ,
10079365,クレーフストラ症候群,クレーフストラショウコウグン,
10079366,星芽腫,セイガシュ,
10079368,傾斜乳頭症候群,ケイシャニュウトウショウコウグン,
10079369,アダムス・オリバー症候群,アダムスオリバーショウコウグン,
10079370,黄体化未破裂卵胞症候群,オウタイカミハレツランポウショウコウグン,
10079371,嚢胞性血管腫症,ノウホウセイケッカンシュショウ,
10079372,外陰腟の炎症,ガイインチツノエンショウ,
10079378,ウエスト周囲径減少,ウエストシュウイケイゲンショウ,
10079379,ウエスト周囲径正常,ウエストシュウイケイセイジョウ,
10079380,咽頭ポリープ切除,イントウポリープセツジョ,
10079381,薬物使用障害,ヤクブツシヨウショウガイ,
10079382,薬物使用障害、分娩前,ヤクブツシヨウショウガイブンベンマエ,
10079383,薬物使用障害、分娩後,ヤクブツシヨウショウガイブンベンゴ,
10079384,物質使用障害,ブッシツシヨウショウガイ,
10079386,エプスタイン・バーウイルス陽性皮膚粘膜潰瘍,エプスタインバーウイルスヨウセイヒフネンマクカイヨウ,
10079387,製造製品保管の問題,セイゾウセイヒンホカンノモンダイ,
10079388,ミソフォニア,ミソフォニア,
10079391,造影剤沈着,ゾウエイザイチンチャク,
10079392,脳深部核高信号強度,ノウシンブカクコウシンゴウキョウド,
10079393,ガドリニウム沈着症,ガドリニウムチンチャクショウ,
10079400,製品使用の苦情,セイヒンシヨウノクジョウ,
10079403,開封困難な製品包装,カイフウコンナンナセイヒンホウソウ,
10079404,製品変造の疑い,セイヒンヘンゾウノウタガイ,
10079411,リウマチ性脳疾患,リウマチセイノウシッカン,
10079423,骨折水疱,コッセツスイホウ,
10079424,認知障害発作,ニンチショウガイホッサ,
10079425,先端被角血管腫様偽リンパ腫,センタンヒカクケッカンシュヨウギリンパシュ,
10079427,治療薬－診断検査相互作用,チリョウヤクシンダンケンサソウゴサヨウ,
10079428,嚢胞性線維症胃腸疾患,ノウホウセイセンイショウイチョウシッカン,
10079429,ビショップスコア,ビショップスコア,
10079431,グルタチオンペルオキシダーゼ増加,グルタチオンペルオキシダーゼゾウカ,
10079432,製造製品出荷の問題,セイゾウセイヒンシュッカノモンダイ,
10079433,ＮＭＰ２２検査正常,NMP22ケンサセイジョウ,
10079434,ＮＭＰ２２検査異常,NMP22ケンサイジョウ,
10079435,オピッツＧ／ＢＢＢ症候群,オピッツGBBBショウコウグン,
10079437,ＭＹＨ９異常症,MYH9イジョウショウ,
10079438,熱性感染症関連てんかん症候群,ネッセイカンセンショウカンレンテンカンショウコウグン,ネツセイカンセンショウカンレンテンカンショウコウグン
10079446,門脈圧亢進性結腸疾患,モンミャクアツコウシンセイケッチョウシッカン,
10079450,ビジュアルスノウ症候群,ビジュアルスノウショウコウグン,
10079451,インターロイキン３６受容体アンタゴニスト欠損症,インターロイキン36ジュヨウタイアンタゴニストケッソンショウ,
10079460,ＳＭＮ２状態検査,SMN2ジョウタイケンサ,
10079465,α－Ｌ－フコシダーゼ増加,アルファLフコシダーゼゾウカ,
10079466,組織変色,ソシキヘンショク,
10079467,心臓弁変色,シンゾウベンヘンショク,
10079468,血管壁変色,ケッカンヘキヘンショク,
10079469,悪性緑内障,アクセイリョクナイショウ,
10079470,リン酸塩尿性間葉系腫瘍,リンサンエンニョウセイカンヨウケイシュヨウ,
10079482,冷却療法,レイキャクリョウホウ,
10079487,日常活動における個人の自立の喪失,ニチジョウカツドウニオケルコジンノジリツノソウシツ,
10079489,ＡＬＫ遺伝子再構成検査,ALKイデンシサイコウセイケンサ,
10079490,二峰性アルブミン血症,ニホウセイアルブミンケッショウ,ニホウセイアルブミンケツショウ
10079491,微小血管性脳神経麻痺,ビショウケッカンセイノウシンケイマヒ,
10079492,大菱形骨切除,ダイリョウケイコツセツジョ,
10079493,尿路ポリープ,ニョウロポリープ,
10079494,眼杯裂嚢胞,ガンパイレツノウホウ,
10079495,卵巣形成不全,ランソウケイセイフゼン,
10079496,高血圧性終末器官損傷,コウケツアツセイシュウマツキカンソンショウ,
10079517,胃壁内気腫,イヘキナイキシュ,
10079520,ブドウ球菌性外陰腟炎,ブドウキュウキンセイガイインチツエン,
10079521,真菌性亀頭炎,シンキンセイキトウエン,
10079523,カテーテル留置部位血栓症,カテーテルリュウチブイケッセンショウ,
10079528,細菌性外陰腟炎,サイキンセイガイインチツエン,
10079529,スコプラリオプシス感染,スコプラリオプシスカンセン,
10079530,ネオスキタリジウム感染,ネオスキタリジウムカンセン,
10079538,胃電図,イデンズ,
10079539,二酸化炭素結合能異常,ニサンカタンソケツゴウノウイジョウ,
10079540,二酸化炭素結合能減少,ニサンカタンソケツゴウノウゲンショウ,
10079541,二酸化炭素結合能増加,ニサンカタンソケツゴウノウゾウカ,
10079546,排尿後の尿滴下,ハイニョウゴノニョウテキカ,
10079547,腱脱臼,ケンダッキュウ,
10079551,口腔咽頭異形成,コウクウイントウイケイセイ,コウコウイントウイケイセイ
10079552,気管支動脈瘤,キカンシドウミャクリュウ,
10079553,腹腔動脈瘤,フククウドウミャクリュウ,フックウドウミャクリュウ
10079554,アレルギー性口内炎,アレルギーセイコウナイエン,
10079555,肩甲骨運動異常,ケンコウコツウンドウイジョウ,
10079556,腸間膜動脈瘤,チョウカンマクドウミャクリュウ,
10079559,口腔異形成,コウクウイケイセイ,コウコウイケイセイ
10079562,アッヘンバッハ症候群,アッヘンバッハショウコウグン,
10079569,網膜のホワイトウィズアウトプレッシャー,モウマクノホワイトウィズアウトプレッシャー,
10079570,胸腺嚢胞,キョウセンノウホウ,
10079578,心膜腫瘤,シンマクシュリュウ,
10079583,血清３型プロコラーゲン－Ｎ－プロペプチド減少,ケッセイ3ガタプロコラーゲンNプロペプチドゲンショウ,
10079584,血清１型プロコラーゲン－Ｎ－プロペプチド減少,ケッセイ1ガタプロコラーゲンNプロペプチドゲンショウ,
10079586,大動脈弁輪破裂,ダイドウミャクベンリンハレツ,
10079587,心臓弁肥厚,シンゾウベンヒコウ,
10079588,大動脈基部圧迫,ダイドウミャクキブアッパク,
10079589,冠動脈圧迫,カンドウミャクアッパク,
10079590,人工弁尖肥厚,ジンコウベンセンヒコウ,
10079592,皮膚圧痕,ヒフアッコン,
10079593,リバウンド鼻閉,リバウンドビヘイ,
10079594,カプリーニリスクスコア高値,カプリーニリスクスコアコウチ,
10079595,カプリーニリスクスコア,カプリーニリスクスコア,
10079596,カプリーニリスクスコア低値,カプリーニリスクスコアテイチ,
10079597,癌病期分類,ガンビョウキブンルイ,
10079599,気候療法,キコウリョウホウ,
10079600,ホスホリパーゼＡ２活性上昇,ホスホリパーゼA2カッセイジョウショウ,
10079602,サルマラリア原虫感染,サルマラリアゲンチュウカンセン,
10079603,かつら使用者,カツラシヨウシャ,
10079611,副甲状腺過形成,フクコウジョウセンカケイセイ,
10079612,膵酵素補充療法,スイコウソホジュウリョウホウ,
10079613,右室拡張期虚脱,ウシツカクチョウキキョダツ,
10079616,細胞遺伝学的効果,サイボウイデンガクテキコウカ,
10079621,プロスタグランジンアナログ眼窩周囲疾患,プロスタグランジンアナログガンカシュウイシッカン,
10079622,スプルー様腸疾患,スプルーヨウチョウシッカン,
10079623,オンコタイプ検査,オンコタイプケンサ,
10079626,ドレーン留置部位合併症,ドレーンリュウチブイガッペイショウ,
10079627,ボクセル単位形態計測,ボクセルタンイケイタイケイソク,
10079629,皮下投与製剤吸収不良,ヒカトウヨセイザイキュウシュウフリョウ,
10079630,回内筋症候群,カイナイキンショウコウグン,
10079631,前癌病変切除,ゼンガンビョウヘンセツジョ,
10079633,医療機器効果減弱,イリョウキキコウカゲンジャク,
10079634,医療機器効果不十分,イリョウキキコウカフジュウブン,
10079635,医療機器効果変動,イリョウキキコウカヘンドウ,
10079636,医療機器効果増強,イリョウキキコウカゾウキョウ,
10079637,酸素療法依存,サンソリョウホウイゾン,
10079642,ループス筋炎,ループスキンエン,
10079646,睫毛変化,ショウモウヘンカ,マツゲヘンカ
10079647,眼瞼のうぶ毛変化,ガンケンノウブゲヘンカ,
10079648,抗第Ｘａ因子測定正常,コウダイ10aインシソクテイセイジョウ,
10079667,骨幹端骨折,コッカンタンコッセツ,
10079668,アデノウイルス性脳脊髄神経根炎,アデノウイルスセイノウセキズイシンケイコンエン,
10079671,喉頭強皮症,コウトウキョウヒショウ,
10079672,粘膜のあれ,ネンマクノアレ,
10079674,粘膜肥厚,ネンマクヒコウ,
10079678,脾動脈狭窄,ヒドウミャクキョウサク,
10079679,乏突起膠細胞損傷,ボウトッキコウサイボウソンショウ,
10079680,潜在性炎症,センザイセイエンショウ,
10079681,マスクされた発熱,マスクサレタハツネツ,
10079685,肝過誤腫,カンカゴシュ,
10079686,肝リンパ球浸潤,カンリンパキュウシンジュン,
10079687,先天性正中線欠損,センテンセイセイチュウセンケッソン,
10079694,Ｎ－ｒａｓ遺伝子変異を伴う慢性骨髄単球性白血病,Nrasイデンシヘンイヲトモナウマンセイコツズイタンキュウセイハッケツビョウ,
10079700,呼気中一酸化窒素濃度,コキチュウイッサンカチッソノウド,
10079701,先天性切断,センテンセイセツダン,
10079702,腟閉鎖術,チツヘイサジュツ,
10079703,脳血流スキャン異常,ノウケツリュウスキャンイジョウ,
10079704,脳血流スキャン正常,ノウケツリュウスキャンセイジョウ,
10079705,脳血流スキャン,ノウケツリュウスキャン,
10079706,空の巣症候群,カラノスショウコウグン,
10079712,呼気中一酸化窒素濃度異常,コキチュウイッサンカチッソノウドイジョウ,
10079713,呼気中一酸化窒素濃度正常,コキチュウイッサンカチッソノウドセイジョウ,
10079717,脳ＭＲＩ拡散強調画像異常,ノウMRIカクサンキョウチョウガゾウイジョウ,
10079718,脳ＭＲＩ拡散強調画像,ノウMRIカクサンキョウチョウガゾウ,
10079719,脳ＭＲＩ拡散強調画像正常,ノウMRIカクサンキョウチョウガゾウセイジョウ,
10079721,横隔膜ペースメーカー挿入,オウカクマクペースメーカーソウニュウ,
10079730,脛骨欠損,ケイコツケッソン,
10079731,ゴロップ・ウォルフガング複合,ゴロップウォルフガングフクゴウ,
10079732,爪甲形成不全,ソウコウケイセイフゼン,
10079734,大動脈基部拡張術,ダイドウミャクキブカクチョウジュツ,
10079735,心耳閉鎖,シンジヘイサ,
10079736,移植片を介した曝露,イショクヘンヲカイシタバクロ,
10079737,アンジオテンシン２タイプ１受容体抗体陽性,アンジオテンシン2タイプ1ジュヨウタイコウタイヨウセイ,
10079738,移植片を介する感染因子の伝播,イショクヘンヲカイスルカンセンインシノデンパ,
10079741,鎮静合併症,チンセイガッペイショウ,
10079745,歯の脱臼,ハノダッキュウ,
10079750,臓器発育不全,ゾウキハツイクフゼン,
10079751,心機能障害,シンキノウショウガイ,
10079752,閉鎖卵胞増加,ヘイサランポウゾウカ,
10079753,胎児腎形成不全,タイジジンケイセイフゼン,
10079759,臓器成熟異常,ゾウキセイジュクイジョウ,
10079763,パフォーマンス強化製品使用,パフォーマンスキョウカセイヒンシヨウ,
10079764,持続血糖モニタリング,ジゾクケットウモニタリング,
10079765,裂肛出血,レッコウシュッケツ,
10079769,海綿静脈洞症候群,カイメンジョウミャクドウショウコウグン,
10079780,感覚過負荷,カンカクカフカ,
10079783,胃内残渣量増加,イナイザンサリョウゾウカ,
10079786,起立時心拍数検査,キリツジシンパクスウケンサ,
10079787,血清セロトニン,ケッセイセロトニン,
10079805,明順応遅延,メイジュンノウチエン,
10079806,乳汁分泌促進療法,ニュウジュウブンピソクシンリョウホウ,ニュウジュウブンピツソクシンリョウホウ
10079807,陣痛促進,ジンツウソクシン,
10079812,口蓋損傷,コウガイソンショウ,
10079813,骨折感染,コッセツカンセン,
10079814,無胎芽妊娠,ムタイガニンシン,
10079815,鼓膜陥凹,コマクカンオウ,
10079822,閉塞性膵炎,ヘイソクセイスイエン,
10079824,てんかん手術,テンカンシュジュツ,
10079825,軟膜下皮質多切術,ナンマクカヒシツタセツジュツ,
10079826,後天性無脾症,コウテンセイムヒショウ,
10079827,指欠損症,シケッソンショウ,ユビケッソンショウ
10079830,口唇美容手技,コウシンビヨウシュギ,
10079831,脾機能低下症,ヒキノウテイカショウ,
10079836,甲状腺脂肪症,コウジョウセンシボウショウ,
10079837,結膜後退,ケツマクコウタイ,
10079838,グッド症候群,グッドショウコウグン,
10079839,ＡＢＯ血液型不確定,ABOケツエキガタフカクテイ,
10079840,非定型溶血性尿毒症症候群,ヒテイケイヨウケツセイニョウドクショウショウコウグン,
10079843,製品保管過誤,セイヒンホカンカゴ,
10079846,消化管内異物,ショウカカンナイイブツ,
10079847,気道内異物,キドウナイイブツ,
10079848,泌尿生殖器内異物,ヒニョウセイショクキナイイブツ,
10079849,生殖器内異物,セイショクキナイイブツ,
10079850,筋骨格内異物,キンコッカクナイイブツ,
10079851,軟部組織内異物,ナンブソシキナイイブツ,
10079852,毛髪痛,モウハツツウ,
10079854,サルモネラ検査,サルモネラケンサ,
10079855,トランスフェリン飽和度異常,トランスフェリンホウワドイジョウ,
10079856,先端異骨症,センタンイコツショウ,
10079857,クラリーノ症候群,クラリーノショウコウグン,
10079858,サルモネラ検査陰性,サルモネラケンサインセイ,
10079859,出血後水頭症,シュッケツゴスイトウショウ,
10079865,耳介切除,ジカイセツジョ,
10079866,アシネトバクター性肺炎,アシネトバクターセイハイエン,
10079867,プロテウス性肺炎,プロテウスセイハイエン,
10079868,セラチア性肺炎,セラチアセイハイエン,
10079869,奇形性嚥下障害,キケイセイエンゲショウガイ,
10079872,結膜損傷,ケツマクソンショウ,
10079875,栄養評価,エイヨウヒョウカ,
10079876,先天性無嗅覚,センテンセイムキュウカク,
10079877,妊娠中の母体の癌,ニンシンチュウノボタイノガン,
10079878,下顎腫瘤,カガクシュリュウ,
10079882,胎児心拍数分類未決定,タイジシンパクスウブンルイミケッテイ,
10079888,上半規管裂隙,ジョウハンキカンレツゲキ,
10079889,肝胆道系嚢胞,カンタンドウケイノウホウ,
10079890,胃粘膜石灰沈着症,イネンマクセッカイチンチャクショウ,
10079891,眼血腫,ガンケッシュ,
10079892,膝窩翼状片症候群,シッカヨクジョウヘンショウコウグン,シツカヨクジョウヘンショウコウグン
10079893,陰窩炎,インカエン,
10079899,便中還元物質測定,ベンチュウカンゲンブッシツソクテイ,
10079901,ベンゾジアゼピン系薬物濃度治療量,ベンゾジアゼピンケイヤクブツノウドチリョウリョウ,
10079902,出血性副腎梗塞,シュッケツセイフクジンコウソク,
10079903,ベンゾジアゼピン系薬物濃度増加,ベンゾジアゼピンケイヤクブツノウドゾウカ,
10079904,心内圧上昇,シンナイアツジョウショウ,
10079905,外陰部扁平上皮過形成,ガイインブヘンペイジョウヒカケイセイ,
10079906,ベンゾジアゼピン系薬物濃度異常,ベンゾジアゼピンケイヤクブツノウドイジョウ,
10079907,ベンゾジアゼピン系薬物濃度減少,ベンゾジアゼピンケイヤクブツノウドゲンショウ,
10079908,末梢動脈瘤破裂,マッショウドウミャクリュウハレツ,
10079925,賦形剤に対する反応,フケイザイニタイスルハンノウ,
10079926,血管確保部位小水疱,ケッカンカクホブイショウスイホウ,
10079927,胆管血管瘻,タンカンケッカンロウ,
10079928,卵管平滑筋腫,ランカンヘイカツキンシュ,
10079938,排便障害,ハイベンショウガイ,
10079941,メフィストサイン,メフィストサイン,
10079942,関節裂隙狭小化,カンセツレツゲキキョウショウカ,
10079943,フローティングハーバー症候群,フローティングハーバーショウコウグン,
10079944,外科的歯科矯正治療,ゲカテキシカキョウセイチリョウ,
10079945,皮膚リンパ腫,ヒフリンパシュ,
10079953,ビタミンＢ１２欠乏性ニューロパチー,ビタミンB12ケツボウセイニューロパチー,
10079954,マイコプラズマ性気管支炎,マイコプラズマセイキカンシエン,
10079957,肛門乳頭炎,コウモンニュウトウエン,
10079959,近視性網脈絡膜変性,キンシセイモウミャクラクマクヘンセイ,
10079960,イタイイタイ病,イタイイタイビョウ,
10079967,視神経乳頭小窩,シシンケイニュウトウショウカ,
10079971,膜安定化作用,マクアンテイカサヨウ,
10079980,ＡＳＴ／ＡＬＴ比,ASTALTヒ,
10079986,臨床認知症評価尺度,リンショウニンチショウヒョウカシャクド,
10079987,微小残存病変,ビショウザンゾンビョウヘン,
10079988,肺腫瘍血栓性微小血管症,ハイシュヨウケッセンセイビショウケッカンショウ,
10079990,臨床認知症評価尺度スコア正常,リンショウニンチショウヒョウカシャクドスコアセイジョウ,
10079991,臨床認知症評価尺度スコア異常,リンショウニンチショウヒョウカシャクドスコアイジョウ,
10079992,膀胱吊り上げ術,ボウコウツリアゲジュツ,
10079993,歯科Ｘ線異常,シカXセンイジョウ,
10079994,歯科Ｘ線正常,シカXセンセイジョウ,
10080000,製品外観の混同,セイヒンガイカンノコンドウ,
10080001,誤った製品の保管,アヤマッタセイヒンノホカン,
10080015,悪性尿路閉塞,アクセイニョウロヘイソク,
10080017,フィラデルフィア染色体陽性急性リンパ性白血病,フィラデルフィアセンショクタイヨウセイキュウセイリンパセイハッケツビョウ,
10080020,尿素サイクル異常症,ニョウソサイクルイジョウショウ,
10080021,アルコール使用障害,アルコールシヨウショウガイ,
10080022,子宮頻収縮,シキュウヒンシュウシュク,
10080023,低位前方切除後症候群,テイイゼンポウセツジョゴショウコウグン,
10080024,膵島細胞症,スイトウサイボウショウ,
10080030,グリーソン分類スコア,グリーソンブンルイスコア,
10080031,子宮頚管内膜症,シキュウケイカンナイマクショウ,
10080033,肥大性オリーブ変性症,ヒダイセイオリーブヘンセイショウ,
10080034,ドーパ反応性ジストニア,ドーパハンノウセイジストニア,
10080039,水疱性浮腫,スイホウセイフシュ,
10080043,血清色調異常,ケッセイシキチョウイジョウ,
10080045,黄色靱帯切除,オウショクジンタイセツジョ,
10080046,副鼻腔分泌低下,フクビクウブンピテイカ,フクビクウブンピツテイカ
10080059,びまん性特発性骨増殖症,ビマンセイトクハツセイコツゾウショクショウ,
10080060,鼻茸を伴う慢性副鼻腔炎,ハナタケヲトモナウマンセイフクビクウエン,
10080061,正常血糖糖尿病性ケトアシドーシス,セイジョウケットウトウニョウビョウセイケトアシドーシス,
10080065,静的肺活量,セイテキハイカツリョウ,
10080066,ＩＣＵ譫妄,ICUセンモウ,
10080073,人工心臓弁狭窄,ジンコウシンゾウベンキョウサク,
10080075,睫毛色素減少,ショウモウシキソゲンショウ,マツゲシキソゲンショウ
10080077,スピーチ恐怖症,スピーチキョウフショウ,
10080078,ＳＩＰＳ手術,SIPSシュジュツ,
10080079,４ｐトリソミー,4pトリソミー,
10080080,症状再発,ショウジョウサイハツ,
10080086,腫瘍空洞形成,シュヨウクウドウケイセイ,
10080088,先天性爪肥厚症,センテンセイソウヒコウショウ,センテンセイツメヒコウショウ
10080090,心電図Ｕ波著明,シンデンズUハチョメイ,
10080091,妊娠時の父親の曝露,ニンシンジノチチオヤノバクロ,
10080092,時期不明な父親の曝露,ジキフメイナチチオヤノバクロ,
10080093,妊娠前の父親の曝露,ニンシンマエノチチオヤノバクロ,
10080094,製品の発火,セイヒンノハッカ,
10080099,製品コミュニケーションの問題,セイヒンコミュニケーションノモンダイ,
10080100,中枢神経系免疫再構築炎症反応,チュウスウシンケイケイメンエキサイコウチクエンショウハンノウ,
10080106,一過性失語症,イッカセイシツゴショウ,
10080107,脊髄神経刺激装置除去,セキズイシンケイシゲキソウチジョキョ,
10080108,副鼻腔出血,フクビクウシュッケツ,
10080109,眼瞼ウェイト装着,ガンケンウェイトソウチャク,
10080110,特発性前房出血,トクハツセイゼンボウシュッケツ,
10080124,口唇紅斑,コウシンコウハン,
10080125,咳払い,セキバライ,
10080129,低酸素不耐性,テイサンソフタイセイ,
10080131,皮膚病変切除,ヒフビョウヘンセツジョ,
10080132,右室仮性腱索,ウシツカセイケンサク,
10080133,両大血管左室起始症,リョウダイケッカンサシツキシショウ,
10080136,恐怖による活動回避,キョウフニヨルカツドウカイヒ,
10080137,単純ヘルペス再燃,タンジュンヘルペスサイネン,
10080140,熱焼灼,ネツショウシャク,
10080147,臨床全般印象尺度,リンショウゼンパンインショウシャクド,
10080148,好酸球性胸水,コウサンキュウセイキョウスイ,
10080149,悪性カタトニー,アクセイカタトニー,
10080153,脾臓濾胞過形成,ヒゾウロホウカケイセイ,
10080158,喉頭形成術,コウトウケイセイジュツ,
10080163,胆管気管支瘻,タンカンキカンシロウ,
10080164,ＣＳＦ量減少,CSFリョウゲンショウ,
10080170,食事および食物恐怖症,ショクジオヨビショクモツキョウフショウ,
10080177,エンテロコッカス検査,エンテロコッカスケンサ,
10080178,フランシセラ検査,フランシセラケンサ,
10080179,薬物特異性抗体,ヤクブツトクイセイコウタイ,
10080187,製造試験室の分析試験の問題,セイゾウシケンシツノブンセキシケンノモンダイ,
10080200,トリプルヒットリンパ腫,トリプルヒットリンパシュ,
10080201,結節性リンパ球優位型ホジキンリンパ腫,ケッセツセイリンパキュウユウイガタホジキンリンパシュ,
10080202,ダブルヒットリンパ腫,ダブルヒットリンパシュ,
10080215,高悪性度Ｂ細胞リンパ腫,コウアクセイドBサイボウリンパシュ,
10080219,フレーザー症候群,フレーザーショウコウグン,
10080229,見かけの鉱質コルチコイド過剰,ミカケノコウシツコルチコイドカジョウ,
10080230,後天性見かけの鉱質コルチコイド過剰,コウテンセイミカケノコウシツコルチコイドカジョウ,
10080231,回収対象製品,カイシュウタイショウセイヒン,
10080243,自己免疫性貧血,ジコメンエキセイヒンケツ,
10080244,腹膜播種係数,フクマクハシュケイスウ,
10080249,アルゴンプラズマ凝固,アルゴンプラズマギョウコ,
10080250,動脈蛇行症候群,ドウミャクダコウショウコウグン,
10080257,卵管嚢胞性線維腺腫,ランカンノウホウセイセンイセンシュ,
10080263,シトロバクター性菌血症,シトロバクターセイキンケツショウ,
10080276,毛舌症,モウゼツショウ,
10080278,腟断端離開,チツダンタンリカイ,
10080279,放射線傾眠症候群,ホウシャセンケイミンショウコウグン,
10080283,食物拒否,ショクモツキョヒ,
10080284,疾患,シッカン,
10080290,イヌ糸状虫症,イヌシジョウチュウショウ,
10080291,結膜リンパ管拡張症,ケツマクリンパカンカクチョウショウ,
10080292,結腸ドーナツ切除,ケッチョウドーナツセツジョ,
10080297,パリスター・キリアン症候群,パリスターキリアンショウコウグン,
10080300,飛行機恐怖症,ヒコウキキョウフショウ,
10080301,不規則睡眠覚醒リズム障害,フキソクスイミンカクセイリズムショウガイ,
10080302,誤った剤形,アヤマッタザイケイ,
10080303,誤った計画,アヤマッタケイカク,
10080304,誤った用量,アヤマッタヨウリョウ,
10080305,誤った含量,アヤマッタガンリョウ,
10080306,誤った薬剤,アヤマッタヤクザイ,
10080307,動脈延長拡張症,ドウミャクエンチョウカクチョウショウ,
10080308,頚動脈延長拡張症,ケイドウミャクエンチョウカクチョウショウ,
10080310,敗血症スクリーニング,ハイケツショウスクリーニング,
10080311,腸管転移,チョウカンテンイ,
10080312,ダイク・ダヴィドフ・マッソン症候群,ダイクダヴィドフマッソンショウコウグン,
10080313,フレイジャー症候群,フレイジャーショウコウグン,
10080314,バナヤン・ライリー・ルバルカバ症候群,バナヤンライリールバルカバショウコウグン,
10080316,牽引性網膜剥離,ケンインセイモウマクハクリ,
10080319,襟巻き状陰嚢,エリマキジョウインノウ,
10080320,乏精子・精子無力症,ボウセイシセイシムリョクショウ,
10080321,放射線性中耳炎,ホウシャセンセイチュウジエン,
10080323,急性二系統白血病,キュウセイ2ケイトウハッケツビョウ,
10080324,肉腫様癌,ニクシュヨウガン,
10080335,母乳臭異常,ボニュウシュウイジョウ,
10080344,マラコプラキア,マラコプラキア,
10080345,皮膚マラコプラキア,ヒフマラコプラキア,
10080347,異所性脳出血,イショセイノウシュッケツ,
10080352,腱付着部骨棘,ケンフチャクブコツキョク,
10080353,視神経脊髄炎偽再発,シシンケイセキズイエンギサイハツ,
10080355,先天性乳頭陥没,センテンセイニュウトウカンボツ,
10080356,先天性乳頭異常,センテンセイニュウトウイジョウ,
10080357,医療機器交付過誤,イリョウキキコウフカゴ,
10080358,画像検査アーチファクト,ガゾウケンサアーチファクト,
10080359,製品交付過誤,セイヒンコウフカゴ,
10080360,子宮筋腫焼灼術,シキュウキンシュショウシャクジュツ,
10080361,ユビキノン増加,ユビキノンゾウカ,
10080365,単純ヘルペスウイルス血症,タンジュンヘルペスウイルスケッショウ,タンジュンヘルペスウイルスケツショウ
10080366,フォンタン手術,フォンタンシュジュツ,
10080367,ラジオ波による温熱化学療法効果,ラジオハニヨルオンネツカガクリョウホウコウカ,
10080380,尿中薬物結晶陽性,ニョウチュウヤクブツケッショウヨウセイ,
10080381,絨毛膜羊膜分離,ジュウモウマクヨウマクブンリ,
10080385,遺伝性腎性顕微鏡的血尿,イデンセイジンセイケンビキョウテキケツニョウ,
10080386,急性食道粘膜病変,キュウセイショクドウネンマクビョウヘン,
10080394,緑内障ドレナージ装置留置,リョクナイショウドレナージソウチリュウチ,
10080398,ペンドレッド症候群,ペンドレッドショウコウグン,
10080404,偽骨折,ギコッセツ,
10080406,前十字靱帯ムコイド変性,ゼンジュウジジンタイムコイドヘンセイ,
10080407,陰茎異臭,インケイイシュウ,
10080408,性器異臭,セイキイシュウ,
10080422,重複治療過誤,ジュウフクチリョウカゴ,チョウフクチリョウカゴ
10080427,切迫子宮破裂,セッパクシキュウハレツ,
10080428,血管ヒアリン症,ケッカンヒアリンショウ,
10080429,原発性胆汁性胆管炎,ゲンパツセイタンジュウセイタンカンエン,
10080431,エルシニア髄膜炎,エルシニアズイマクエン,
10080432,類丹毒性敗血症,ルイタンドクセイハイケツショウ,
10080433,皮膚リステリア症,ヒフリステリアショウ,
10080434,放線菌症性敗血症,ホウセンキンショウセイハイケツショウ,
10080435,肺ノカルジア症,ハイノカルジアショウ,
10080436,皮膚ノカルジア症,ヒフノカルジアショウ,
10080437,全身性バルトネラ症,ゼンシンセイバルトネラショウ,
10080438,ペルー疣贅,ペルーユウゼイ,
10080439,ブラジル紫斑熱,ブラジルシハンネツ,
10080440,ロシオウイルス感染,ロシオウイルスカンセン,
10080441,アデノウイルス脳炎,アデノウイルスノウエン,
10080442,アデノウイルス髄膜炎,アデノウイルスズイマクエン,
10080456,動物の攻撃,ドウブツノコウゲキ,
10080457,特発性下顎頭吸収,トクハツセイカガクトウキュウシュウ,
10080459,製品処方の問題,セイヒンショホウノモンダイ,
10080462,胸部脊柱管狭窄症,キョウブセキチュウカンキョウサクショウ,
10080463,ボストン発疹,ボストンホッシン,ボストンハッシン
10080464,オニオニオン熱,オニオニオンネツ,
10080465,オロプーシェ熱,オロプーシェネツ,
10080466,麻疹性髄膜炎,マシンセイズイマクエン,
10080467,皮膚ブラストミセス症,ヒフブラストミセスショウ,
10080468,肺パラコクシジオイデス症,ハイパラコクシジオイデスショウ,
10080474,播種性コクシジオイデス症,ハシュセイコクシジオイデスショウ,
10080477,播種性ブラストミセス症,ハシュセイブラストミセスショウ,
10080478,播種性パラコクシジオイデス症,ハシュセイパラコクシジオイデスショウ,
10080480,肺スポロトリコーシス,ハイスポロトリコーシス,
10080483,骨クリプトコッカス症,コツクリプトコッカスショウ,ホネクリプトコッカスショウ
10080484,シャーガス心筋症,シャーガスシンキンショウ,
10080485,槍形吸虫症,ヤリガタキュウチュウショウ,
10080486,瓜実条虫症,ウリザネジョウチュウショウ,
10080487,気管線虫症,キカンセンチュウショウ,
10080488,スナノミ症,スナノミショウ,
10080489,レオウイルス感染,レオウイルスカンセン,
10080490,ビブリオ・バルニフィカス感染,ビブリオバルニフィカスカンセン,
10080491,播種性スポロトリコーシス,ハシュセイスポロトリコーシス,
10080492,播種性アスペルギルス症,ハシュセイアスペルギルスショウ,
10080496,播種性糞線虫症,ハシュセイフンセンチュウショウ,
10080503,精巣嚢胞切除,セイソウノウホウセツジョ,
10080507,肺炎球菌性中耳炎,ハイエンキュウキンセイチュウジエン,
10080508,ブドウ球菌性中耳炎,ブドウキュウキンセイチュウジエン,
10080509,家族性先端巨大症,カゾクセイセンタンキョダイショウ,
10080511,抗ＨＬＡ抗体検査,コウHLAコウタイケンサ,
10080512,抗ＨＬＡ抗体検査陽性,コウHLAコウタイケンサヨウセイ,
10080513,増殖性レトロウイルス検査陽性,ゾウショクセイレトロウイルスケンサヨウセイ,
10080516,帯状疱疹再燃,タイジョウホウシンサイネン,
10080517,ＨＩＶ指向性検出,HIVシコウセイケンシュツ,
10080518,ＨＬＡ－Ｂ＊５７０１検査陰性,HLAB5701ケンサインセイ,
10080519,不純物混和製品,フジュンブツコンワセイヒン,
10080520,門脈造影,モンミャクゾウエイ,
10080523,非自発的入院,ヒジハツテキニュウイン,
10080525,脳神経膠細胞集合,ノウシンケイコウサイボウシュウゴウ,
10080528,義歯性口内炎,ギシセイコウナイエン,
10080532,ウイシュニュースキー斑,ウイシュニュースキーハン,
10080534,近視性牽引黄斑症,キンシセイケンインオウハンショウ,
10080542,粒起革様皮膚,リュウキカクヨウヒフ,
10080544,嫌色素性腎細胞癌,ケンシキソセイジンサイボウガン,
10080545,鼻副鼻腔閉塞,ビフクビクウヘイソク,
10080546,外固定除去,ガイコテイジョキョ,
10080547,末梢気道病変,マッショウキドウビョウヘン,
10080548,真菌性疾患キャリアー,シンキンセイシッカンキャリアー,
10080549,機能的内視鏡下副鼻腔手術,キノウテキナイシキョウカフクビクウシュジュツ,
10080550,骨棘骨折,コツキョクコッセツ,
10080557,温熱化学療法,オンネツカガクリョウホウ,
10080558,音声衰弱症,オンセイスイジャクショウ,
10080559,処置後発熱,ショチゴハツネツ,
10080560,皮膚滲出液,ヒフシンシュツエキ,
10080561,胃腸血管奇形出血,イチョウケッカンキケイシュッケツ,
10080562,酸化ストレス,サンカストレス,
10080563,胎児手術,タイジシュジュツ,
10080567,脈絡膜生検,ミャクラクマクセイケン,
10080568,糖鎖抗原７２－４,トウサコウゲン724,
10080569,心鉄過剰,シンテツカジョウ,
10080570,卵巣異形成,ランソウイケイセイ,
10080574,実質臓器移植拒絶反応,ジッシツゾウキイショクキョゼツハンノウ,
10080575,実質臓器移植,ジッシツゾウキイショク,
10080576,同種免疫性肝炎,ドウシュメンエキセイカンエン,
10080580,陰核包茎,インカクホウケイ,
10080581,血中コバルト増加,ケッチュウコバルトゾウカ,
10080584,結節性硬化症複合体,ケッセツセイコウカショウフクゴウタイ,
10080588,血液アルカリ化療法,ケツエキアルカリカリョウホウ,
10080589,陰圧性肺水腫,インアツセイハイスイシュ,
10080590,ヒスタミン遊離試験,ヒスタミンユウリシケン,
10080591,側臥位,ソクガイ,
10080593,偽性低アルドステロン症,ギセイテイアルドステロンショウ,
10080594,腸発酵症候群,チョウハッコウショウコウグン,
10080595,薬物最高濃度,ヤクブツサイコウノウド,
10080596,便量,ベンリョウ,
10080597,薬物トラフ濃度,ヤクブツトラフノウド,
10080605,マトリックス支援レーザー脱離イオン化飛行時間型質量分析,マトリックスシエンレーザーダツリイオンカヒコウジカンガタシツリョウブンセキ,
10080606,全身毒性,ゼンシンドクセイ,
10080607,プロピオン酸血症,プロピオンサンケッショウ,プロピオンサンケツショウ
10080618,移植腎破裂,イショクジンハレツ,
10080619,リンパ嚢腫硬化療法,リンパノウシュコウカリョウホウ,
10080626,腎動脈再狭窄,ジンドウミャクサイキョウサク,
10080631,ＩＰＥＸ症候群,IPEXショウコウグン,
10080632,膵超音波検査,スイチョウオンパケンサ,
10080633,植込み型心臓モニター除去,ウエコミガタシンゾウモニタージョキョ,
10080634,歯根切除,シコンセツジョ,
10080638,分化症候群,ブンカショウコウグン,
10080639,妊娠反応結果保留,ニンシンハンノウケッカホリュウ,
10080642,放射線誘発リンパ球アポトーシス,ホウシャセンユウハツリンパキュウアポトーシス,
10080648,医療機器による投与の欠落,イリョウキキニヨルトウヨノケツラク,
10080650,小精巣,ショウセイソウ,
10080651,アブフラクション,アブフラクション,
10080660,毛芽細胞癌,モウガサイボウガン,
10080662,精神運動非適応症候群,セイシンウンドウヒテキオウショウコウグン,
10080667,個人衛生,コジンエイセイ,
10080668,絶食指示,ゼッショクシジ,
10080669,ＤＮＡミスマッチ修復機能欠損検査,DNAミスマッチシュウフクキノウケッソンケンサ,
10080679,鉄沈着再生肝結節,テツチンチャクサイセイカンケッセツ,
10080680,尿道前立腺部牽引術,ニョウドウゼンリツセンブケンインジュツ,
10080681,正期産児,セイキサンジ,
10080682,胸膜肺芽腫,キョウマクハイガシュ,
10080683,自閉症広域表現型,ジヘイショウコウイキヒョウゲンガタ,
10080684,爆発頭部症候群,バクハツトウブショウコウグン,
10080685,踵膝脛試験異常,カカトヒザスネシケンイジョウ,
10080691,眼瞼母斑,ガンケンボハン,
10080692,瞳孔形成,ドウコウケイセイ,
10080700,再発性多発性硬化症,サイハツセイタハツセイコウカショウ,
10080701,自己免疫性肺疾患,ジコメンエキセイハイシッカン,
10080704,喉頭蓋再建,コウトウガイサイケン,
10080706,大腿骨減捻骨切り術,ダイタイコツゲンネンコツキリジュツ,
10080707,ストーマ造設,ストーマゾウセツ,
10080712,製品の一次包装の問題,セイヒンノイチジホウソウノモンダイ,
10080713,片側知覚過敏,ヘンソクチカクカビン,
10080714,血管デバイス感染,ケッカンデバイスカンセン,
10080717,肺原発悪性黒色腫,ハイゲンパツアクセイコクショクシュ,
10080718,医療機器プログラミング過誤,イリョウキキプログラミングカゴ,
10080721,Ｂ細胞無形成,Bサイボウムケイセイ,
10080722,眼窩周囲の炎症,ガンカシュウイノエンショウ,
10080723,静的肺活量異常,セイテキハイカツリョウイジョウ,
10080724,静的肺活量増加,セイテキハイカツリョウゾウカ,
10080725,静的肺活量正常,セイテキハイカツリョウセイジョウ,
10080726,放射線膵炎,ホウシャセンスイエン,
10080727,静的肺活量減少,セイテキハイカツリョウゲンショウ,
10080728,子宮頚部過形成,シキュウケイブカケイセイ,
10080743,心血管造影,シンケッカンゾウエイ,
10080748,前庭小脳性運動失調症候群,ゼンテイショウノウセイウンドウシッチョウショウコウグン,
10080751,母乳を介した曝露,ボニュウヲカイシタバクロ,
10080752,母乳哺育中の母体の曝露,ボニュウホイクチュウノボタイノバクロ,
10080753,不適切な部位への製品投与,フテキセツナブイヘノセイヒントウヨ,
10080754,偽造製品の使用,ギゾウセイヒンノシヨウ,
10080755,胸壁切除,キョウヘキセツジョ,
10080766,医療機器サイバーセキュリティ問題,イリョウキキサイバーセキュリティモンダイ,
10080768,ＪＣポリオーマウイルス検査,JCポリオーマウイルスケンサ,
10080771,膀胱内免疫療法,ボウコウナイメンエキリョウホウ,
10080773,家族性孤立性副甲状腺機能亢進症,カゾクセイコリツセイフクコウジョウセンキノウコウシンショウ,
10080775,製品デザインの問題,セイヒンデザインノモンダイ,
10080783,アレルギー性外陰腟炎,アレルギーセイガイインチツエン,
10080784,尿管置換,ニョウカンチカン,
10080785,色素異常症,シキソイジョウショウ,
10080786,角膜上皮皺襞,カクマクジョウヒスウヘキ,
10080787,ウェレンス症候群,ウェレンスショウコウグン,
10080788,糖尿病性冠微小血管症,トウニョウビョウセイカンビショウケッカンショウ,
10080797,下咽頭生検,カイントウセイケン,
10080801,足指上腕血圧比増加,ソクシジョウワンケツアツヒゾウカ,アシユビジョウワンケツアツヒゾウカ
10080802,足指上腕血圧比異常,ソクシジョウワンケツアツヒイジョウ,アシユビジョウワンケツアツヒイジョウ
10080803,血管デバイス閉塞,ケッカンデバイスヘイソク,
10080804,製品による誤用量投与,セイヒンニヨルゴヨウリョウトウヨ,
10080805,足指上腕血圧比減少,ソクシジョウワンケツアツヒゲンショウ,アシユビジョウワンケツアツヒゲンショウ
10080806,足指上腕血圧比正常,ソクシジョウワンケツアツヒセイジョウ,アシユビジョウワンケツアツヒセイジョウ
10080807,ポジトロン断層・磁気共鳴画像複合撮影,ポジトロンダンソウジキキョウメイガゾウフクゴウサツエイ,
10080809,骨マラコプラキア,コツマラコプラキア,ホネマラコプラキア
10080810,フィンケルシュタインテスト,フィンケルシュタインテスト,
10080811,関節の理学的検査,カンセツノリガクテキケンサ,
10080815,黒色菌糸症,コクショクキンシショウ,
10080816,黒色菌糸症脳膿瘍,コクショクキンシショウノウノウヨウ,
10080817,βグロビン異常,ベータグロビンイジョウ,
10080819,処置後副甲状腺機能低下症,ショチゴフクコウジョウセンキノウテイカショウ,
10080821,凝集試験,ギョウシュウシケン,
10080822,ノロウイルス検査,ノロウイルスケンサ,
10080823,免疫グロブリンクロナリティー解析,メンエキグロブリンクロナリティーカイセキ,
10080824,グリココール酸増加,グリココールサンゾウカ,
10080825,真菌性結膜炎,シンキンセイケツマクエン,
10080826,放射線炎症,ホウシャセンエンショウ,
10080827,製品デザインの混同,セイヒンデザインノコンドウ,
10080828,尿沈渣,ニョウチンサ,
10080829,フォンウィルブランド因子抗体,フォンウィルブランドインシコウタイ,
10080830,ロゼオロウイルス検査,ロゼオロウイルスケンサ,
10080831,過覚醒,カカクセイ,
10080832,弾発股症候群,ダンパツコショウコウグン,
10080833,尖頭症,セントウショウ,
10080834,酒石酸抵抗性酸ホスファターゼ増加,シュセキサンテイコウセイサンホスファターゼゾウカ,
10080835,ＤＯＯＲ症候群,DOORショウコウグン,
10080836,混合性不安抑うつ障害,コンゴウセイフアンヨクウツショウガイ,
10080843,心耳切除,シンジセツジョ,
10080844,フォンウィルブランド病遺伝子キャリアー,フォンウィルブランドビョウイデンシキャリアー,
10080846,腸神経障害,チョウシンケイショウガイ,
10080848,イソクエン酸デヒドロゲナーゼ遺伝子変異,イソクエンサンデヒドロゲナーゼイデンシヘンイ,
10080849,リステリア血症,リステリアケッショウ,リステリアケツショウ
10080853,ＨＴＬＶ－２検査,HTLV2ケンサ,
10080854,ＨＴＬＶ検査,HTLVケンサ,
10080855,ＨＴＬＶ－１検査,HTLV1ケンサ,
10080856,ヘモグロビン分布幅,ヘモグロビンブンプハバ,
10080857,抗グリアジン抗体,コウグリアジンコウタイ,
10080858,アデノシンデアミナーゼ,アデノシンデアミナーゼ,
10080860,後天性肝脳変性症,コウテンセイカンノウヘンセイショウ,
10080861,脂肪分解術,シボウブンカイジュツ,
10080877,伸延骨形成,シンエンコツケイセイ,
10080878,皮膚洞切除,ヒフドウセツジョ,
10080879,先天性口角下制筋形成不全,センテンセイコウカクカセイキンケイセイフゼン,
10080880,視空間障害,シクウカンショウガイ,
10080881,睡眠不足,スイミンブソク,
10080883,高グリシン血症,コウグリシンケッショウ,コウグリシンケツショウ
10080884,胃吊り上げ術,イツリアゲジュツ,
10080885,身体能力評価,シンタイノウリョクヒョウカ,
10080886,関節縁切除,カンセツエンセツジョ,
10080887,脳ステント挿入,ノウステントソウニュウ,
10080894,処置によるショック,ショチニヨルショック,
10080895,インプラント関連被膜拘縮,インプラントカンレンヒマクコウシュク,
10080896,大血管穿孔,ダイケッカンセンコウ,
10080897,新生児難聴,シンセイジナンチョウ,
10080898,神経系損傷,シンケイケイソンショウ,
10080899,多形性,タケイセイ,
10080900,帽状腱膜下出血,ボウジョウケンマクカシュッケツ,
10080901,組織浸潤,ソシキシンジュン,
10080902,新生児聴力低下,シンセイジチョウリョクテイカ,
10080903,組織損傷,ソシキソンショウ,
10080904,離開,リカイ,
10080905,過度装用症候群,カドソウヨウショウコウグン,
10080906,組織刺激,ソシキシゲキ,
10080907,分泌,ブンピ,ブンピツ
10080908,弁壊死,ベンエシ,
10080930,脳神経減圧術,ノウシンケイゲンアツジュツ,
10080933,投薬中止の失敗,トウヤクチュウノシッパイ,
10080934,誤った速度,アヤマッタソクド,
10080935,胆嚢機能亢進,タンノウキノウコウシン,
10080936,胆嚢機能低下,タンノウキノウテイカ,
10080941,視神経乳頭色素沈着,シシンケイニュウトウシキソチンチャク,
10080942,モルガネラ検査,モルガネラケンサ,
10080943,クレブシエラ検査,クレブシエラケンサ,
10080944,レプトスピラ検査,レプトスピラケンサ,
10080945,羊水中エリスロポエチン,ヨウスイチュウエリスロポエチン,
10080946,ヘモフィルス検査,ヘモフィルスケンサ,
10080948,人工授精,ジンコウジュセイ,
10080950,子宮双手圧迫法,シキュウソウシュアッパクホウ,
10080951,生殖補助医療,セイショクホジョイリョウ,
10080952,Ｒｈ抗原,Rhコウゲン,
10080953,Ｃ１エステラーゼインヒビター正常遺伝性血管性浮腫,C1エステラーゼインヒビターセイジョウイデンセイケッカンセイフシュ,
10080954,Ｃ１エステラーゼインヒビター検査正常,C1エステラーゼインヒビターケンサセイジョウ,
10080955,Ｃ１エステラーゼインヒビター欠損による遺伝性血管性浮腫,C1エステラーゼインヒビターケッソンニヨルイデンセイケッカンセイフシュ,
10080963,神経原性腫瘍,シンケイゲンセイシュヨウ,
10080964,眼処置合併症,ガンショチガッペイショウ,
10080965,傍腫瘍性脊髄症,ボウシュヨウセイセキズイショウ,
10080966,門脈再建,モンミャクサイケン,
10080967,造影剤毒性,ゾウエイザイドクセイ,
10080968,静脈再建,ジョウミャクサイケン,
10080972,組織断裂,ソシキダンレツ,
10080973,病理学的分離,ビョウリガクテキブンリ,
10080974,誤った製品の調達,アヤマッタセイヒンノチョウタツ,
10080975,誤った製剤,アヤマッタセイザイ,
10080977,２つのコンポーネントからなる製品の１つのコンポーネントのみの使用,2ツノコンポーネントカラナルセイヒンノ1ツノコンポーネントノミノシヨウ,
10080979,有核赤血球,ユウカクセッケッキュウ,
10080980,球状赤血球,キュウジョウセッケッキュウ,
10080981,高色素性赤血球,コウシキソセイセッケッキュウ,
10080982,大小不同赤血球,ダイショウフドウセッケッキュウ,
10080983,分裂赤血球,ブンレツセッケッキュウ,
10080984,変形赤血球,ヘンケイセッケッキュウ,
10080986,随伴性肺炎,ズイハンセイハイエン,
10080987,左室拡張期虚脱,サシツカクチョウキキョダツ,
10080988,子宮頚部腫瘍切除,シキュウケイブシュヨウセツジョ,
10080992,心室コンプライアンス低下,シンシツコンプライアンステイカ,
10080993,憩室腫瘍,ケイシツシュヨウ,
10080994,潰瘍性十二指腸炎,カイヨウセイジュウニシチョウエン,
10080995,小児早期警告スコア増加,ショウニソウキケイコクスコアゾウカ,
10080996,脳回転状皮膚,ノウカイテンジョウヒフ,
10080997,最小発育阻止濃度増加,サイショウハツイクソシノウドゾウカ,
10080998,尿路癒着,ニョウロユチャク,
10081000,春季カタル,シュンキカタル,
10081003,消化器腺癌,ショウカキセンガン,
10081004,過敏性心筋症,カビンセイシンキンショウ,
10081005,顆粒球コロニー刺激因子濃度正常,カリュウキュウコロニーシゲキインシノウドセイジョウ,
10081006,ブッシュ・フランシスカタトニー評価尺度,ブッシュフランシスカタトニーヒョウカシャクド,
10081007,肥満心筋症,ヒマンシンキンショウ,
10081008,顆粒球コロニー刺激因子濃度減少,カリュウキュウコロニーシゲキインシノウドゲンショウ,
10081009,顆粒球コロニー刺激因子濃度増加,カリュウキュウコロニーシゲキインシノウドゾウカ,
10081010,離脱性カタトニー,リダツセイカタトニー,
10081027,脳脊髄液ＨＩＶエスケープ症候群,ノウセキズイエキHIVエスケープショウコウグン,
10081028,ＣＳＦ　ＨＩＶウイルス検出,CSFHIVウイルスケンシュツ,
10081029,減処方過誤,ゲンショホウカゴ,
10081030,クラミジア性気道感染,クラミジアセイキドウカンセン,
10081035,後天性Ｃ１インヒビター欠損,コウテンセイC1インヒビターケッソン,
10081036,原発性乳腺リンパ腫,ゲンパツセイニュウセンリンパシュ,
10081037,腫瘍のハイパープログレッション,シュヨウノハイパープログレッション,
10081038,ワクチン投与関連肩損傷,ワクチントウヨカンレンカタソンショウ,
10081041,胃平滑筋腫,イヘイカツキンシュ,
10081043,デングウイルス検査陰性,デングウイルスケンサインセイ,
10081044,先天性ジカ症候群,センテンセイジカショウコウグン,
10081045,ジカウイルス関連眼先天異常,ジカウイルスカンレンガンセンテンイジョウ,
10081046,ジカウイルス関連ギラン・バレー症候群,ジカウイルスカンレンギランバレーショウコウグン,
10081047,ジカウイルス関連先天性欠損,ジカウイルスカンレンセンテンセイケッソン,
10081048,ジカウイルス関連小頭症,ジカウイルスカンレンショウトウショウ,
10081057,透光試験,トウコウシケン,
10081059,先天性心血管異常修復,センテンセイシンケッカンイジョウシュウフク,
10081060,家庭用化学製品曝露,カテイヨウカガクセイヒンバクロ,
10081061,眼内注射合併症,ガンナイチュウシャガッペイショウ,
10081068,強膜切開,キョウマクセッカイ,
10081070,自然発生型ヘパリン起因性血小板減少症候群,シゼンハッセイガタヘパリンキインセイケッショウバンゲンショウショウコウグン,
10081071,接着テープ使用,セッチャクテープシヨウ,
10081073,マランパチスコア,マランパチスコア,
10081079,腎仮性動脈瘤,ジンカセイドウミャクリュウ,
10081099,急性心イベント,キュウセイシンイベント,
10081100,大動脈腸管瘻,ダイドウミャクチョウカンロウ,
10081101,縊死,イシ,
10081102,オゾン療法,オゾンリョウホウ,
10081106,肺硬化性血管腫,ハイコウカセイケッカンシュ,
10081108,灸,キュウ,
10081111,結石症,ケッセキショウ,
10081118,咬合調整,コウゴウチョウセイ,
10081119,肝カルチノイド腫瘍,カンカルチノイドシュヨウ,
10081121,肛門直腸血管腫,コウモンチョクチョウケッカンシュ,
10081123,自己免疫性眼障害,ジコメンエキセイガンショウガイ,
10081134,患者による企図的薬物送達システム除去,カンジャニヨルキトテキヤクブツソウタツシステムジョキョ,
10081136,再発皮膚有棘細胞癌,サイハツヒフユウキョクサイボウガン,
10081137,細胞貪食組織球性脂肪織炎,サイボウドンショクソシキキュウセイシボウシキエン,
10081142,毛孔性扁平苔癬,モウコウセイヘンペイタイセン,
10081144,眼動脈血栓症,ガンドウミャクケッセンショウ,
10081148,脂肪塞栓症候群,シボウソクセンショウコウグン,
10081150,腐骨,フコツ,
10081151,胆嚢破裂,タンノウハレツ,
10081154,皮膚病変の炎症,ヒフビョウヘンノエンショウ,
10081155,細菌性気管気管支炎,サイキンセイキカンキカンシエン,
10081156,消化酵素増加,ショウカコウソゾウカ,
10081157,消化酵素検査,ショウカコウソケンサ,
10081158,消化酵素減少,ショウカコウソゲンショウ,
10081159,消化酵素異常,ショウカコウソイジョウ,
10081160,消化酵素正常,ショウカコウソセイジョウ,
10081161,点眼薬投与,テンガンヤクトウヨ,
10081162,腱交差症候群,ケンコウサショウコウグン,
10081163,真菌性尿道炎,シンキンセイニョウドウエン,
10081164,気管支閉鎖,キカンシヘイサ,
10081172,胸髄神経根障害,キョウズイシンケイコンショウガイ,
10081178,陰嚢皮膚剥脱,インノウヒフハクダツ,
10081179,ミオクロニー脱力発作を伴うてんかん,ミオクロニーダツリョクホッサヲトモナウテンカン,
10081185,淋菌感染,リンキンカンセン,
10081186,中心視野喪失,チュウシンシヤソウシツ,
10081187,多血小板血漿療法,タケッショウバンケッショウリョウホウ,
10081189,腫瘍の分化転換,シュヨウノブンカテンカン,
10081190,ＮＹＨＡ心機能分類,NYHAシンキノウブンルイ,
10081192,総ニューロパチースコア,ソウニューロパチースコア,
10081193,ラベル表示された薬物－アルコール相互作用による投薬過誤,ラベルヒョウジサレタヤクブツアルコールソウゴサヨウニヨルトウヤクカゴ,
10081196,胃内容物検査,イナイヨウブツケンサ,
10081197,胆道カテーテル除去,タンドウカテーテルジョキョ,
10081199,黄斑部毛細血管拡張症,オウハンブモウサイケッカンカクチョウショウ,
10081200,足指上腕血圧比,ソクシジョウワンケツアツヒ,アシユビジョウワンケツアツヒ
10081202,誤った製品適用経路,アヤマッタセイヒンテキヨウケイロ,
10081204,頚部郭清術,ケイブカクセイジュツ,
10081205,眼窩内容除去,ガンカナイヨウジョキョ,
10081208,ＺＴＴＫ症候群,ZTTKショウコウグン,
10081209,Ｇａｔａｄ２ｂ関連神経発達障害,Gatad2bカンレンシンケイハッタツショウガイ,
10081210,ＢＣＧ接種部位再発赤,BCGセッシュブイサイホッセキ,BCGセッシュブイサイハッセキ
10081216,未承認の治療環境での製品使用,ミショウニンノチリョウカンキョウデノセイヒンシヨウ,
10081218,先天性欠損矯正,センテンセイケッソンキョウセイ,
10081220,中耳洗浄,チュウジセンジョウ,
10081222,踵部脂肪体症候群,ショウブシボウタイショウコウグン,
10081223,関節位置覚低下,カンセツイチカクテイカ,
10081224,幹細胞治療,カンサイボウチリョウ,
10081225,家族性巨大型セメント質腫,カゾクセイキョダイガタセメントシツシュ,
10081226,咽頭ジストニア,イントウジストニア,
10081227,気道確保デバイス挿入,キドウカクホデバイスソウニュウ,
10081228,捻曲性骨異形成症,ネンキョクセイコツイケイセイショウ,
10081231,骨内アクセス留置,コツナイアクセスリュウチ,
10081232,塩体質,エンタイシツ,
10081233,恐怖性姿勢めまい,キョウフセイシセイメマイ,
10081234,ＰＩＫ３ＣＡ活性化変異,PIK3CAカッセイカヘンイ,
10081235,家族性多発性脂肪腫症,カゾクセイタハツセイシボウシュショウ,
10081236,ＰＩＫ３ＣＡ関連過成長スペクトラム,PIK3CAカンレンカセイチョウスペクトラム,
10081237,後天性汗孔角化症,コウテンセイカンコウカクカショウ,
10081246,オルトラーニテスト,オルトラーニテスト,
10081247,バーローテスト,バーローテスト,
10081250,プロトテコーシス,プロトテコーシス,
10081255,ヘリコバクター十二指腸潰瘍,ヘリコバクタージュウニシチョウカイヨウ,
10081257,複視矯正,フクシキョウセイ,
10081258,ＢＰＥＳ症候群,BPESショウコウグン,
10081262,カンジダ性尿道炎,カンジダセイニョウドウエン,
10081263,先延ばし,サキノバシ,
10081266,中枢神経系損傷,チュウスウシンケイケイソンショウ,
10081268,原発性進行性失語症,ゲンパツセイシンコウセイシツゴショウ,
10081273,下垂体手術,カスイタイシュジュツ,
10081274,小児喘息,ショウニゼンソク,
10081275,一重瞼,ヒトエマブタ,
10081277,ウイルス性疾患病原体キャリアー,ウイルスセイシッカンビョウゲンタイキャリアー,
10081280,ウレアプラズマ外陰腟炎,ウレアプラズマガイインチツエン,
10081281,鼓膜内視鏡検査,コマクナイシキョウケンサ,
10081282,コメレル憩室,コメレルケイシツ,
10081283,ストックホルム症候群,ストックホルムショウコウグン,
10081284,ロイス・ディーツ症候群,ロイスディーツショウコウグン,
10081285,深在性嚢胞性大腸炎,シンザイセイノウホウセイダイチョウエン,
10081286,Ｈ３Ｎ２インフルエンザ,H3N2インフルエンザ,
10081292,ＳＴＩＮＧ法,STINGホウ,
10081296,アルコール検査,アルコールケンサ,
10081297,アルコール検査陽性,アルコールケンサヨウセイ,
10081298,アルコール検査陰性,アルコールケンサインセイ,
10081301,製品調製の問題,セイヒンチョウセイノモンダイ,
10081304,レーザードップラー血流測定,レーザードップラーケツリュウソクテイ,
10081305,皮膚潅流圧測定,ヒフカンリュウアツソクテイ,
10081308,中足骨短縮症,チュウソクコツタンシュクショウ,
10081309,ベンジャミン症候群,ベンジャミンショウコウグン,
10081310,カーペンター症候群,カーペンターショウコウグン,
10081311,高リジン血症,コウリジンケッショウ,コウリジンケツショウ
10081313,小崎過成長症候群,コサキカセイチョウショウコウグン,
10081315,ＣＡＲＡＳＩＬ症候群,CARASILショウコウグン,
10081319,呼吸器系処置合併症,コキュウキケイショチガッペイショウ,
10081320,脾臓処置合併症,ヒゾウショチガッペイショウ,
10081321,耳部処置合併症,ジブショチガッペイショウ,
10081322,内分泌系処置合併症,ナイブンピケイショチガッペイショウ,ナイブンピツケイショチガッペイショウ
10081323,腎処置合併症,ジンショチガッペイショウ,
10081324,生殖器系処置合併症,セイショクキケイショチガッペイショウ,
10081325,胃腸処置合併症,イチョウショチガッペイショウ,
10081326,肝胆道系処置合併症,カンタンドウケイショチガッペイショウ,
10081327,筋骨格系処置合併症,キンコッカクケイショチガッペイショウ,
10081328,頭頚部処置合併症,トウケイブショチガッペイショウ,
10081329,皮膚処置合併症,ヒフショチガッペイショウ,
10081330,乳房処置合併症,ニュウボウショチガッペイショウ,
10081331,尿路系処置合併症,ニョウロケイショチガッペイショウ,
10081332,乳児殿部肉芽腫,ニュウジデンブニクゲシュ,
10081333,骨盤コンピュータ断層撮影異常,コツバンコンピュータダンソウサツエイイジョウ,
10081336,不可逆電気穿孔法,フカギャクデンキセンコウホウ,
10081337,頭蓋形状誘導療法,トウガイケイジョウユウドウリョウホウ,
10081338,神経学的処置合併症,シンケイガクテキショチガッペイショウ,
10081339,デルフチア・アシドボランス感染,デルフチアアシドボランスカンセン,
10081340,大腿皮膚溝非対称,ダイタイヒフコウヒタイショウ,
10081342,不均一な精巣,フキンイツナセイソウ,
10081343,メゾヌーブ骨折,メゾヌーブコッセツ,
10081347,自己造血幹細胞移植,ジコゾウケツカンサイボウイショク,
10081351,胸腺上皮過形成,キョウセンジョウヒカケイセイ,
10081352,ミュラー管遺残症候群,ミュラーカンイザンショウコウグン,
10081354,リポ蛋白増加,リポタンパクゾウカ,
10081355,リポ蛋白異常,リポタンパクイジョウ,
10081359,残留製品存在,ザンリュウセイヒンソンザイ,
10081361,前脊髄症候群,ゼンセキズイショウコウグン,
10081362,低リン血症性骨軟化症,テイリンケッショウセイコツナンカショウ,テイリンケツショウセイコツナンカショウ
10081364,超変異,チョウヘンイ,
10081367,節外性辺縁帯Ｂ細胞リンパ腫（ＢＡＬＴ型）,セツガイセイヘンエンタイBサイボウリンパシュBALTガタ,
10081370,包皮小帯切除,ホウヒショウタイセツジョ,
10081371,ブルンナー症候群,ブルンナーショウコウグン,
10081378,内分泌障害予防,ナイブンピショウガイヨボウ,ナイブンピツショウガイヨボウ
10081379,精神障害予防,セイシンショウガイヨボウ,
10081380,筋骨格障害予防,キンコッカクショウガイヨボウ,
10081381,呼吸障害予防,コキュウショウガイヨボウ,
10081382,血液障害予防,ケツエキショウガイヨボウ,
10081383,腎障害予防,ジンショウガイヨボウ,
10081384,耳および聴覚障害予防,ジオヨビチョウカクショウガイヨボウ,
10081385,肝胆道系障害予防,カンタンドウケイショウガイヨボウ,
10081386,血管障害予防,ケッカンショウガイヨボウ,
10081387,生殖器系障害予防,セイショクキケイショウガイヨボウ,
10081388,神経系障害予防,シンケイケイショウガイヨボウ,
10081389,胃腸障害予防,イチョウショウガイヨボウ,
10081390,婦人科障害予防,フジンカショウガイヨボウ,
10081391,皮膚障害予防,ヒフショウガイヨボウ,
10081392,代謝障害予防,タイシャショウガイヨボウ,
10081393,眼障害予防,ガンショウガイヨボウ,
10081394,尿路障害予防,ニョウロショウガイヨボウ,
10081395,脊髄分節機能不全,セキズイブンセツキノウフゼン,
10081396,ＲＯＨＨＡＤ症候群,ROHHADショウコウグン,
10081398,再発胃食道癌,サイハツイショクドウガン,
10081399,重複下大静脈,ジュウフクカダイジョウミャク,チョウフクカダイジョウミャク
10081400,肺肉腫様癌,ハイニクシュヨウガン,
10081418,脾湾曲部授動,ヒワンキョクブジュドウ,
10081419,血管採取,ケッカンサイシュ,
10081421,卵巣のカルチノイド腫瘍,ランソウノカルチノイドシュヨウ,
10081422,胎児大槽拡大,タイジタイソウカクダイ,タイジダイソウカクダイ
10081428,毛様体黒色腫,モウヨウタイコクショクシュ,
10081429,絞扼性瘢痕ヘルニア,コウヤクセイハンコンヘルニア,
10081430,好酸球性中耳炎,コウサンキュウセイチュウジエン,
10081431,ぶどう膜黒色腫,ブドウマクコクショクシュ,
10081435,ＦＥＶ１／ＦＶＣ比減少,FEV1FVCヒゲンショウ,
10081436,ＦＥＶ１／ＦＶＣ比異常,FEV1FVCヒイジョウ,
10081437,ユーイング様肉腫,ユーイングヨウニクシュ,
10081440,後天性斜頭症,コウテンセイシャトウショウ,
10081443,ベルクマイスター乳頭,ベルクマイスターニュウトウ,
10081445,中心窩反射異常,チュウシンカハンシャイジョウ,
10081448,舟状月状骨解離,シュウジョウゲツジョウコツカイリ,
10081449,インポスター現象,インポスターゲンショウ,
10081453,気管支吸引法,キカンシキュウインホウ,
10081454,ヘリオトロープ疹,ヘリオトロープシン,
10081455,インヒビンＡ増加,インヒビンAゾウカ,
10081456,自己免疫性腸症,ジコメンエキセイチョウショウ,
10081457,先天性赤血球形成異常性貧血,センテンセイセッケッキュウケイセイイジョウセイヒンケツ,
10081458,インヒビンＡ減少,インヒビンAゲンショウ,
10081459,インヒビンＢ減少,インヒビンBゲンショウ,
10081460,インヒビンＢ増加,インヒビンBゾウカ,
10081461,Ｃ１ｑ腎症,C1qジンショウ,
10081462,気管吸引法,キカンキュウインホウ,
10081463,網膜静脈瘤,モウマクジョウミャクリュウ,
10081466,インヒビンＡ,インヒビンA,
10081470,ヘリコバクター検査偽陰性,ヘリコバクターケンサギインセイ,
10081477,不妊手術後の後悔,フニンシュジュツゴノコウカイ,
10081478,品質不良製品の適用,ヒンシツフリョウセイヒンノテキヨウ,
10081479,製品適用中断,セイヒンテキヨウチュウダン,
10081480,製品品質の問題の疑い,セイヒンヒンシツノモンダイノウタガイ,
10081481,卵管避妊手術後アブレーション後症候群,ランカンヒニンシュジュツゴアブレーションゴショウコウグン,
10081491,舌のこわばり,シタノコワバリ,
10081492,アトピー咳嗽,アトピーガイソウ,
10081493,心電図ＰＲ部分下降,シンデンズPRブブンカコウ,
10081494,心電図ＰＲ部分上昇,シンデンズPRブブンジョウショウ,
10081495,高エネルギー外傷,コウエネルギーガイショウ,
10081496,筋緊張性発声障害,キンキンチョウセイハッセイショウガイ,
10081498,膀胱マッピング,ボウコウマッピング,
10081500,フェントラミン試験,フェントラミンシケン,
10081501,経粘膜曝露,ケイネンマクバクロ,
10081503,輸血に伴う同種免疫性好中球減少症,ユケツニトモナウドウシュメンエキセイコウチュウキュウゲンショウショウ,
10081504,仙骨切除,センコツセツジョ,
10081505,有棘赤血球舞踏病,ユウキョクセッケッキュウブトウビョウ,
10081506,神経有棘赤血球症,シンケイユウキョクセッケッキュウショウ,
10081507,マクラウド神経有棘赤血球症症候群,マクラウドシンケイユウキョクセッケッキュウショウショウコウグン,
10081508,総動脈幹修復,ソウドウミャクカンシュウフク,
10081510,１１－デオキシコルチゾール増加,11デオキシコルチゾールゾウカ,
10081511,１１－デオキシコルチコステロン増加,11デオキシコルチコステロンゾウカ,
10081513,治療抵抗性急性骨髄性白血病,チリョウテイコウセイキュウセイコツズイセイハッケツビョウ,
10081515,側方突進,ソクホウトッシン,
10081516,フルクトース－１，６－ビスホスファターゼ欠損症,フルクトース16ビスホスファターゼケッソンショウ,
10081517,グリセリ症候群,グリセリショウコウグン,
10081518,ＡＣＡＤ９欠損症,ACAD9ケッソンショウ,
10081519,注射部位脱毛,チュウシャブイダツモウ,
10081520,涙点プラグ除去,ルイテンプラグジョキョ,
10081521,眼瞼擦過傷,ガンケンサッカショウ,
10081523,ミクログリア結節,ミクログリアケッセツ,
10081524,甲状腺中毒性ミオパチー,コウジョウセンチュウドクセイミオパチー,
10081525,食道ステント狭窄,ショクドウステントキョウサク,
10081528,ナチュラルキラー細胞活性異常,ナチュラルキラーサイボウカッセイイジョウ,
10081529,ナチュラルキラー細胞活性測定,ナチュラルキラーサイボウカッセイソクテイ,
10081530,ナチュラルキラー細胞活性上昇,ナチュラルキラーサイボウカッセイジョウショウ,
10081531,ナチュラルキラー細胞活性低下,ナチュラルキラーサイボウカッセイテイカ,
10081532,ナチュラルキラー細胞活性正常,ナチュラルキラーサイボウカッセイセイジョウ,
10081533,ＣＴＬＡ４欠損症,CTLA4ケッソンショウ,
10081534,合併症を伴う虫垂炎,ガッペイショウヲトモナウチュウスイエン,
10081540,回収対象製品の適用,カイシュウタイショウセイヒンノテキヨウ,
10081541,虹彩過誤腫,コウサイカゴシュ,
10081542,多精巣症,タセイソウショウ,
10081543,卵巣機能抑制療法,ランソウキノウヨクセイリョウホウ,
10081544,エメリー・ドレイフス型筋ジストロフィー,エメリードレイフスガタキンジストロフィー,
10081545,モルガーニ・スチュアート・モレル症候群,モルガーニスチュアートモレルショウコウグン,
10081546,卵巣留水症,ランソウリュウスイショウ,
10081547,胃ペースメーカー除去,イペースメーカージョキョ,
10081548,大動脈一尖弁,ダイドウミャクイッセンベン,
10081549,胃ペースメーカー挿入,イペースメーカーソウニュウ,
10081555,起立性頭痛,キリツセイズツウ,
10081558,糖尿病創傷,トウニョウビョウソウショウ,
10081562,ハートランドウイルス感染,ハートランドウイルスカンセン,
10081563,スフィンゴモナス・パウシモビリス性菌血症,スフィンゴモナスパウシモビリスセイキンケツショウ,
10081568,非増殖性網膜症,ヒゾウショクセイモウマクショウ,
10081569,血管確保部位分泌,ケッカンカクホブイブンピ,ケッカンカクホブイブンピツ
10081572,不適切な製品適用計画,フテキセツナセイヒンテキヨウケイカク,
10081573,回避された製品適用過誤,カイヒサレタセイヒンテキヨウカゴ,
10081574,誤った剤形の製品適用,アヤマッタザイケイノセイヒンテキヨウ,
10081575,製品モニタリング過誤,セイヒンモニタリングカゴ,
10081576,製品適用過誤,セイヒンテキヨウカゴ,
10081577,誤った患者への製品適用,アヤマッタカンジャヘノセイヒンテキヨウ,
10081578,不適切な年齢の患者への製品適用,フテキセツナネンレイノカンジャヘノセイヒンテキヨウ,
10081579,誤った製品の適用,アヤマッタセイヒンノテキヨウ,
10081581,誤った製品適用期間,アヤマッタセイヒンテキヨウキカン,
10081582,処置関連膀胱破裂,ショチカンレンボウコウハレツ,
10081585,耳石症,ジセキショウ,
10081588,代謝性腎症,タイシャセイジンショウ,
10081589,切開部位線維症,セッカイブイセンイショウ,
10081590,悪性胆管閉塞,アクセイタンカンヘイソク,
10081591,マクロクレアチンキナーゼ,マクロクレアチンキナーゼ,
10081592,悪性消化管閉塞,アクセイショウカカンヘイソク,
10081593,心電図Ｓ１、Ｓ２、Ｓ３パターン,シンデンズS1S2S3パターン,
10081594,処置不成功,ショチフセイコウ,
10081601,痙攣発作予防,ケイレンホッサヨボウ,
10081602,脊椎後方すべり症,セキツイコウホウスベリショウ,
10081604,硬膜ブレブ,コウマクブレブ,
10081612,椎骨外側陥凹狭窄,ツイコツガイソクカンオウキョウサク,
10081613,脊椎滑液嚢腫,セキツイカツエキノウシュ,
10081615,硬膜切開,コウマクセッカイ,
10081616,神経周囲線維症,シンケイシュウイセンイショウ,
10081647,胃酸分泌過多再燃,イサンブンピカタサイネン,イサンブンピツカタサイネン
10081651,後嚢血管新生,コウノウケッカンシンセイ,
10081652,蔔行性脈絡膜炎,フクコウセイミャクラクマクエン,
10081653,ビング・ニール症候群,ビングニールショウコウグン,
10081654,乳児線維腫症,ニュウジセンイシュショウ,
10081656,消化管瘢痕,ショウカカンハンコン,
10081661,オーレオバシディウム・プルランス感染,オーレオバシディウムプルランスカンセン,
10081662,角膜クロスリンキング,カクマククロスリンキング,
10081663,ケモカイン増加,ケモカインゾウカ,
10081664,ケモカイン減少,ケモカインゲンショウ,
10081665,ケモカイン検査,ケモカインケンサ,
10081666,グルコシルスフィンゴシン異常,グルコシルスフィンゴシンイジョウ,
10081667,グルコシルスフィンゴシン増加,グルコシルスフィンゴシンゾウカ,
10081668,ケモカイン異常,ケモカインイジョウ,
10081669,グルコシルスフィンゴシン減少,グルコシルスフィンゴシンゲンショウ,
10081670,グルコシルスフィンゴシン正常,グルコシルスフィンゴシンセイジョウ,
10081674,薬物送達システム除去,ヤクブツソウタツシステムジョキョ,
10081675,企図的薬物送達システム誤用,キトテキヤクブツソウタツシステムゴヨウ,
10081676,薬物送達システム除去合併症,ヤクブツソウタツシステムジョキョガッペイショウ,
10081679,ムコ多糖症ＩＸ,ムコタトウショウ9,
10081680,スミス・マギニス症候群,スミスマギニスショウコウグン,
10081681,アデニロコハク酸リアーゼ欠損症,アデニロコハクサンリアーゼケッソンショウ,
10081682,同腕二動原体染色体１５症候群,ドウワンニドウゲンタイセンショクタイ15ショウコウグン,
10081683,前方関節唇靱帯骨膜スリーブ裂離損傷,ゼンポウカンセツシンジンタイコツマクスリーブレツリソンショウ,
10081684,ＧＲＡＣＩＬＥ症候群,GRACILEショウコウグン,
10081685,クニースト骨異形成症,クニーストコツイケイセイショウ,
10081686,汎内視鏡検査,ハンナイシキョウケンサ,
10081687,食皮症,ショクヒショウ,
10081688,真皮中層エラストリシス,シンピチュウソウエラストリシス,
10081689,湿潤ラップ療法,シツジュンラップリョウホウ,
10081697,性器変色,セイキヘンショク,
10081698,涙液ｐＨ正常,ルイエキpHセイジョウ,
10081699,涙液ｐＨ異常,ルイエキpHイジョウ,
10081700,涙液ｐＨ低下,ルイエキpHテイカ,
10081701,涙液ｐＨ上昇,ルイエキpHジョウショウ,
10081702,涙液ｐＨ試験,ルイエキpHシケン,
10081703,口周囲腫脹,コウシュウイシュチョウ,
10081704,自殺企図の疑い,ジサツキトノウタガイ,
10081724,マザブロード症候群,マザブロードショウコウグン,
10081725,前嚢破裂,ゼンノウハレツ,
10081726,亜急性炎症性脱髄性多発ニューロパチー,アキュウセイエンショウセイダツズイセイタハツニューロパチー,
10081727,未熟顆粒球数増加,ミジュクカリュウキュウスウゾウカ,
10081728,一過性てんかん性健忘,イッカセイテンカンセイケンボウ,
10081729,抗トランスグルタミナーゼ抗体減少,コウトランスグルタミナーゼコウタイゲンショウ,
10081730,変性骨疾患,ヘンセイコツシッカン,
10081731,動脈形成,ドウミャクケイセイ,
10081734,卵巣刺激への高応答,ランソウシゲキヘノコウオウトウ,
10081737,プラセンタルレイク,プラセンタルレイク,
10081738,種子骨摘出,シュシコツテキシュツ,
10081740,カプノサイトファーガ性敗血症,カプノサイトファーガセイハイケツショウ,
10081742,回避された製品交付過誤,カイヒサレタセイヒンコウフカゴ,
10081743,回避された製品処方過誤,カイヒサレタセイヒンショホウカゴ,
10081744,禁忌製品の処方,キンキセイヒンノショホウ,
10081746,フォザーギル徴候テスト,フォザーギルチョウコウテスト,
10081747,カーネット徴候テスト,カーネットチョウコウテスト,
10081748,マーフィー徴候テスト,マーフィーチョウコウテスト,
10081749,フォザーギル徴候陽性,フォザーギルチョウコウヨウセイ,
10081750,高炭水化物食,コウタンスイカブツショク,
10081751,カテコールアミンクリーゼ,カテコールアミンクリーゼ,
10081752,カーネット徴候陽性,カーネットチョウコウヨウセイ,
10081753,ＳＣＯＲＴＥＮスコア,SCORTENスコア,
10081755,ステロイド糖尿病,ステロイドトウニョウビョウ,
10081756,潰瘍性過角化,カイヨウセイカカクカ,
10081762,膵仮性動脈瘤,スイカセイドウミャクリュウ,
10081765,敏感肌,ビンカンハダ,
10081766,治療直後反応なし,チリョウチョクゴハンノウナシ,
10081767,咽頭穿孔,イントウセンコウ,
10081769,ＮＴＲＫ融合遺伝子過剰発現,NTRKユウゴウイデンシカジョウハツゲン,
10081770,製品処方過誤,セイヒンショホウカゴ,
10081771,製品交付の問題,セイヒンコウフノモンダイ,
10081773,修正ロドナン皮膚スコア正常,シュウセイロドナンヒフスコアセイジョウ,
10081774,尿道結石除去,ニョウドウケッセキジョキョ,
10081775,３Ｍ症候群,3Mショウコウグン,
10081776,修正ロドナン皮膚スコア異常,シュウセイロドナンヒフスコアイジョウ,
10081777,脊椎コンピュータ断層撮影,セキツイコンピュータダンソウサツエイ,
10081778,中枢神経系血管炎,チュウスウシンケイケイケッカンエン,
10081779,変性多弁疾患,ヘンセイタベンシッカン,
10081780,修正ロドナン皮膚スコア,シュウセイロドナンヒフスコア,
10081782,蝶形篩骨切除,チョウケイシコツセツジョ,
10081792,肺陰影,ハイインエイ,
10081806,コフィン・ローリー症候群,コフィンローリーショウコウグン,
10081807,座位障害者,ザイショウガイシャ,
10081808,多血顔貌,タケツガンボウ,
10081810,膿疱性骨関節炎,ノウホウセイコツカンセツエン,
10081824,帯状疱疹免疫,タイジョウホウシンメンエキ,
10081827,ゲーム障害,ゲームショウガイ,
10081831,ＴＲＰＶ４遺伝子変異,TRPV4イデンシヘンイ,
10081832,短体幹症,タンタイカンショウ,
10081833,ＰＡＰＳＳ２遺伝子変異,PAPSS2イデンシヘンイ,
10081841,線維形成性線維芽腫,センイケイセイセイセンイガシュ,
10081846,トルンヴァルト嚢炎,トルンヴァルトノウエン,
10081847,治療抵抗性形質細胞性骨髄腫,チリョウテイコウセイケイシツサイボウセイコツズイシュ,
10081850,頚静脈塞栓症,ケイジョウミャクソクセンショウ,
10081851,角膜移植不全,カクマクイショクフゼン,
10081856,発作性激痛症,ホッサセイゲキツウショウ,
10081859,レーバンド症候群,レーバンドショウコウグン,
10081860,巨大精巣,キョダイセイソウ,
10081861,無爪症,ムソウショウ,
10081862,下部食道括約筋磁気補強,カブショクドウカツヤクキンジキホキョウ,
10081872,用量反応関係なし,ヨウリョウハンノウカンケイナシ,
10081873,非定型用量反応関係,ヒテイケイヨウリョウハンノウカンケイ,
10081874,用量反応関係あり,ヨウリョウハンノウカンケイアリ,
10081875,ベル型用量反応関係,ベルガタヨウリョウハンノウカンケイ,
10081876,動脈管開存ステント留置,ドウミャクカンカイゾンステントリュウチ,
10081878,常染色体劣性巨赤芽球性貧血,ジョウセンショクタイレッセイキョセキガキュウセイヒンケツ,
10081882,リステリア胃腸炎,リステリアイチョウエン,
10081886,心臓機器リプログラミング,シンゾウキキリプログラミング,
10081893,大脳動脈ステント挿入,ダイノウドウミャクステントソウニュウ,
10081894,環状染色体,カンジョウセンショクタイ,
10081895,多房性嚢胞性腎腫,タホウセイノウホウセイジンシュ,
10081896,ドナヒュー症候群,ドナヒューショウコウグン,
10081897,ヒトヘルペスウイルス６脳炎,ヒトヘルペスウイルス6ノウエン,
10081898,無水晶体緑内障,ムスイショウタイリョクナイショウ,
10081899,低眼圧黄斑症,テイガンアツオウハンショウ,
10081900,動脈管再開存,ドウミャクカンサイカイゾン,
10081901,尿路毒性,ニョウロドクセイ,
10081902,動脈壁硬化,ドウミャクヘキコウカ,
10081914,鼓室髄膜裂,コシツズイマクレツ,
10081918,後天性エナメル質形成不全,コウテンセイエナメルシツケイセイフゼン,
10081921,立方骨症候群,リッポウコツショウコウグン,
10081924,精索嚢胞,セイサクノウホウ,
10081925,歯突起骨,シトッキコツ,
10081927,チェックポイントキナーゼ２遺伝子変異,チェックポイントキナーゼ2イデンシヘンイ,
10081929,ワクチン細菌排出,ワクチンサイキンハイシュツ,
10081933,１６トリソミー,16トリソミー,
10081934,胎盤限局性モザイク,タイバンゲンキョクセイモザイク,
10081938,行動起因性睡眠不足症候群,コウドウキインセイスイミンブソクショウコウグン,
10081939,行動嗜癖,コウドウシヘキ,
10081940,コクサッキー性湿疹,コクサッキーセイシッシン,
10081943,限局性筋炎,ゲンキョクセイキンエン,
10081945,成長障害,セイチョウショウガイ,
10081946,喉頭ストロボスコピー,コウトウストロボスコピー,
10081947,ＰＳＴＰＩＰ１関連骨髄性蛋白血症炎症反応症候群,PSTPIP1カンレンコツズイセイタンパクケッショウエンショウハンノウショウコウグン,PSTPIP1カンレンコツズイセイタンパクケツショウエンショウハンノウショウコウグン
10081948,心臓足首血管指数増加,シンゾウアシクビケッカンシスウゾウカ,
10081956,気管膿瘍,キカンノウヨウ,
10081957,穿刺部位血腫,センシブイケッシュ,
10081959,大腸感染,ダイチョウカンセン,
10081960,口蓋ポリープ,コウガイポリープ,
10081961,ユースタキオ弁肥大,ユースタキオベンヒダイ,
10081963,ＣＨＩＬＤ症候群,CHILDショウコウグン,
10081968,神経補綴装置埋込み,シンケイホテツソウチウメコミ,
10081973,海馬萎縮,カイバイシュク,
10081974,有痛性攣縮・線維束性収縮症候群,ユウツウセイレンシュクセンイソクセイシュウシュクショウコウグン,
10081977,老人性乾皮症,ロウジンセイカンピショウ,
10081979,妊婦管理不足,ニンプカンリブソク,
10081980,亜急性腎障害,アキュウセイジンショウガイ,
10081981,抗糸球体基底膜抗体病,コウシキュウタイキテイマクコウタイビョウ,
10081983,腸骨肋骨摩擦症候群,チョウコツロッコツマサツショウコウグン,
10081984,肛門検査,コウモンケンサ,
10081985,低温損傷,テイオンソンショウ,
10081986,人工関節メタローシス,ジンコウカンセツメタローシス,
10081988,過敏性肺臓炎,カビンセイハイゾウエン,
10081989,ワクチン投与後菌株排出,ワクチントウヨゴキンカブハイシュツ,
10081993,凍瘡様紅斑,トウソウヨウコウハン,
10081994,腫瘍血栓摘除,シュヨウケッセンテキジョ,
10081998,標的状皮膚病変,ヒョウテキジョウヒフビョウヘン,
10081999,片側運動失調,ヘンソクウンドウシッチョウ,
10082000,医療機器の閉塞部除去,イリョウキキノヘイソクブジョキョ,
10082001,フォークト・小柳・原田病,フォークトコヤナギハラダビョウ,
10082003,指尖皮膚炎,シセンヒフエン,
10082004,精神生理性不眠症,セイシンセイリセイフミンショウ,
10082005,治療的レーザー角膜切除術,チリョウテキレーザーカクマクセツジョジュツ,
10082007,放射線性鼻炎,ホウシャセンセイビエン,
10082008,胎盤石灰化,タイバンセッカイカ,
10082009,植込み型心臓モニター交換,ウエコミガタシンゾウモニターコウカン,
10082011,ＣＹＰ３Ａ４遺伝子状態検査,CYP3A4イデンシジョウタイケンサ,
10082012,ＣＹＰ３Ａ４遺伝子多型,CYP3A4イデンシタケイ,
10082015,検影法,ケンエイホウ,
10082016,検影法正常,ケンエイホウセイジョウ,
10082017,検影法異常,ケンエイホウイジョウ,
10082025,運動失調評価尺度,ウンドウシッチョウヒョウカシャクド,
10082028,切開部位治癒不良,セッカイブイチユフリョウ,
10082029,子宮運動低下,シキュウウンドウテイカ,
10082030,門脈塞栓症,モンミャクソクセンショウ,
10082031,脊髄卒中,ゼキズイソッチュウ,
10082032,単核球数増加,タンカクキュウスウゾウカ,
10082033,未熟顆粒球百分率増加,ミジュクカリュウキュウヒャクブンリツゾウカ,
10082034,気管扁平上皮化生,キカンヘンペイジョウヒカセイ,
10082035,穿刺部位内出血,センシブイナイシュッケツ,
10082036,単核球数減少,タンカクキュウスウゲンショウ,
10082037,尿道壊死,ニョウドウエシ,
10082038,Ｓ字状心室中隔,Sジジョウシンシツチュウカク,
10082039,眼幹細胞移植,ガンカンサイボウイショク,
10082040,細菌性腎炎,サイキンセイジンエン,
10082048,ウォーケス症候群,ウォーケスショウコウグン,
10082054,新生児徐脈性不整脈,シンセイジジョミャクセイフセイミャク,
10082055,新生児頻脈性不整脈,シンセイジヒンミャクセイフセイミャク,
10082056,新生児気胸,シンセイジキキョウ,
10082060,子宮頚部凍結療法,シキュウケイブトウケツリョウホウ,
10082062,頭蓋内感染,トウガイナイカンセン,
10082063,膵管ドレナージ,スイカンドレナージ,
10082064,消化管減圧,ショウカカンゲンアツ,
10082065,動脈穿刺,ドウミャクセンシ,
10082066,腹膜透析液漏出,フクマクトウセキエキロウシュツ,
10082067,新生児痙攣,シンセイジケイレン,
10082068,新生児てんかん発作,シンセイジテンカンホッサ,
10082070,磁気共鳴エラストグラフィー,ジキキョウメイエラストグラフィー,
10082071,臍帯血ｐＨ,サイタイケツpH,
10082075,医原性転移,イゲンセイテンイ,
10082079,卵巣黒色腫,ランソウコクショクシュ,
10082080,糖鎖抗原７２－４増加,トウサコウゲン724ゾウカ,
10082081,腫瘍アブレーション,シュヨウアブレーション,
10082082,気道手術,キドウシュジュツ,
10082084,異所性灰白質,イショセイカイハクシツ,
10082088,出血性胆嚢炎,シュッケツセイタンノウエン,
10082089,フレデリック症候群,フレデリックショウコウグン,
10082097,急性弛緩性脊髄炎,キュウセイシカンセイコツズイエン,
10082099,脳嚢胞出血,ノウノウホウシュッケツ,
10082100,少関節炎,ショウカンセツエン,
10082101,胸膜腫瘤,キョウマクシュリュウ,
10082102,胃電気刺激,イデンキシゲキ,
10082106,ヒト抗ハムスター抗体検査,ヒトコウハムスターコウタイケンサ,
10082107,ヒト抗ハムスター抗体増加,ヒトコウハムスターコウタイゾウカ,
10082108,ヒト抗ハムスター抗体陰性,ヒトコウハムスターコウタイインセイ,
10082109,ヒト抗ハムスター抗体陽性,ヒトコウハムスターコウタイヨウセイ,
10082110,心拍変動増加,シンパクヘンドウゾウカ,
10082111,心拍変動低下,シンパクヘンドウテイカ,
10082112,心拍変動検査,シンパクヘンドウケンサ,
10082113,後天性ブラシュコ皮膚炎,コウテンセイブラシュコヒフエン,
10082114,マラリア再発,マラリアサイハツ,
10082115,マラリア再燃,マラリアサイネン,
10082123,性器異常感覚,セイキイジョウカンカク,
10082129,細菌叢異常,サイキンソウイジョウ,
10082151,非感染性外尿道口炎,ヒカンセンセイガイニョウドウコウエン,
10082152,腫瘍随伴性低血糖,シュヨウズイハンセイテイケットウ,
10082153,外尿道口炎,ガイニョウドウコウエン,
10082157,変温症,ヘンオンショウ,
10082160,大動脈上動脈幹硬化症,ダイドウミャクジョウドウミャクカンコウカショウ,
10082161,頚動脈血管抵抗増加,ケイドウミャクケッカンテイコウゾウカ,
10082162,ウレアプラズマ子宮頚管炎,ウレアプラズマシキュウケイカンエン,
10082163,後天性穿孔性皮膚症,コウテンセイセンコウセイヒフショウ,
10082164,低身長ホメオボックス遺伝子変異,テイシンチョウホメオボックスイデンシヘンイ,
10082169,薬物濃度異常,ヤクブツノウドイジョウ,
10082172,糖欠乏,トウケツボウ,
10082173,二重胎盤,ニジュウタイバン,
10082180,フィラデルフィア染色体陽性慢性骨髄性白血病,フィラデルフィアセンショクタイヨウセイマンセイコツズイセイハッケツビョウ,
10082181,誤解を与えるような臨床検査結果,ゴカイヲアタエルヨウナリンショウケンサケッカ,
10082185,鼻粘膜水疱形成,ビネンマクスイホウケイセイ,
10082187,乳児鎮静,ニュウジチンセイ,
10082188,新生児洞性徐脈,シンセイジドウセイジョミャク,
10082189,乳児易刺激性,ニュウジイシゲキセイ,
10082190,新生児便秘,シンセイジベンピ,
10082191,新生児洞性頻脈,シンセイジドウセイヒンミャク,
10082193,新生児投与部位反応,シンセイジトウヨブイハンノウ,
10082194,新生児肺出血,シンセイジハイシュッケツ,
10082200,治療用製品効果不十分,チリョウヨウセイヒンコウカフジュウブン,
10082201,治療用製品効果減弱,チリョウヨウセイヒンコウカゲンジャク,
10082202,治療用製品効果遅延,チリョウヨウセイヒンコウカチエン,
10082203,治療用製品効果増強,チリョウヨウセイヒンコウカゾウキョウ,
10082204,治療用製品効果変動,チリョウヨウセイヒンコウカヘンドウ,
10082205,治療用製品効果延長,チリョウヨウセイヒンコウカエンチョウ,
10082214,脊柱管狭窄症,セキチュウカンキョウサクショウ,
10082217,医療機器使用部位瘻孔,イリョウキキシヨウブイロウコウ,
10082218,ギャップ結合蛋白β２遺伝子変異,ギャップケツゴウタンパクベータ2イデンシヘンイ,
10082220,脳転位症候群,ノウテンイショウコウグン,
10082221,先天性鼻中隔弯曲症,センテンセイビチュウカクワンキョクショウ,
10082222,酵素活性測定,コウソカッセイソクテイ,
10082228,乳児排便困難,ニュウジハイベンコンナン,
10082230,耳下腺扁平上皮癌,ジカセンヘンペイジョウヒガン,
10082233,産後不安,サンゴフアン,
10082234,シュプリンツェン・ゴールドバーグ症候群,シュプリンツェンゴールドバーグショウコウグン,
10082239,癌疲労,ガンヒロウ,
10082240,網膜下高反射滲出液,モウマクカコウハンシャシンシュツエキ,
10082241,経腟メッシュ除去手術,ケイチツメッシュジョキョシュジュツ,
10082242,高齢者機能評価,コウレイシャキノウヒョウカ,
10082243,運動低下性構音障害,ウンドウテイカセイコウオンショウガイ,
10082245,強皮指症,キョウヒシショウ,
10082246,マイクロ眼瞼剥離術,マイクロガンケンハクリジュツ,
10082247,光若返り治療,ヒカリワカガエリチリョウ,
10082248,発声リハビリテーション,ハッセイリハビリテーション,
10082250,サブシジョン,サブシジョン,
10082268,粘膜障害,ネンマクショウガイ,
10082269,生殖器化学熱傷,セイショクキカガクネッショウ,
10082270,咽頭腫脹,イントウシュチョウ,
10082273,無髄歯,ムズイシ,
10082277,外耳の悪性新生物,ガイジノアクセイシンセイブツ,
10082280,抗ＲＮＡポリメラーゼＩＩＩ抗体増加,コウRNAポリメラーゼ3コウタイゾウカ,
10082281,抗ＲＮＡポリメラーゼＩＩＩ抗体,コウRNAポリメラーゼ3コウタイ,
10082282,抗ＲＮＡポリメラーゼＩＩＩ抗体陰性,コウRNAポリメラーゼ3コウタイインセイ,
10082283,抗ＲＮＡポリメラーゼＩＩＩ抗体陽性,コウRNAポリメラーゼ3コウタイヨウセイ,
10082288,タバコ曝露,タバコバクロ,
10082289,ファイファー症候群,ファイファーショウコウグン,
10082290,蕁麻疹性皮膚炎,ジンマシンセイヒフエン,
10082291,αサラセミア精神遅滞症候群,アルファサラセミアセイシンチタイショウコウグン,
10082292,薬剤漸増漸減,ヤクザイゼンゾウゼンゲン,
10082295,神経後枝症候群,シンケイコウシショウコウグン,
10082296,切開部位分泌,セッカイブイブンピ,セッカイブイブンピツ
10082297,失血性貧血,シッケツセイヒンケツ,
10082304,子宮頚管内膜肥厚,シキュウケイカンナイマクヒコウ,
10082305,気管ポリープ,キカンポリープ,
10082307,バトル徴候,バトルチョウコウ,
10082308,内頚動脈変形,ナイケイドウミャクヘンケイ,
10082319,泉門狭小,センモンキョウショウ,
10082321,胆管空腸吻合,タンカンクウチョウフンゴウ,
10082322,肥満症に対する胃内バルーン除去,ヒマンショウニタイスルイナイバルーンジョキョ,
10082324,子宮漏,シキュウロウ,
10082325,パラトニア,パラトニア,
10082326,ミュラー・ワイス症候群,ミュラーワイスショウコウグン,
10082328,突進性歩行,トッシンセイホコウ,
10082329,破局反応,ハキョクハンノウ,
10082330,結合組織の良性新生物,ケツゴウソシキノリョウセイシンセイブツ,
10082331,異常運動行動,イジョウウンドウコウドウ,
10082342,ＨＩＶワクチン誘発性血清反応陽性,HIVワクチンユウハツセイケッセイハンノウヨウセイ,
10082343,先天性上室頻拍,センテンセイジョウシツヒンパク,
10082344,ワクチン誘発性セロコンバージョン,ワクチンユウハツセイセロコンバージョン,
10082347,鼻腔型血管周囲細胞腫,ビクウガタケッカンシュウイサイボウシュ,
10082352,子宮内避妊,シキュウナイヒニン,
10082353,腟内リング装着,チツナイリングソウチャク,
10082363,骨転移予防,コツテンイヨボウ,
10082364,病的骨折予防,ビョウテキコッセツヨボウ,
10082365,骨内髄膜腫,コツナイズイマクシュ,
10082366,殺人性愛,サツジンセイアイ,
10082367,左房容積異常,サボウヨウセキイジョウ,
10082368,左房容積減少,サボウヨウセキゲンショウ,
10082369,左房容積増加,サボウヨウセキゾウカ,
10082371,ホメオパシー的悪化,ホメオパシーテキアッカ,
10082373,前駆Ｔ細胞急性リンパ芽球性白血病,ゼンクTサイボウキュウセイリンパガキュウセイハッケツビョウ,
10082375,増幅筋骨格痛症候群,ゾウフクキンコッカクツウショウコウグン,
10082376,オグデン症候群,オグデンショウコウグン,
10082377,Ｘ連鎖知的能力障害シデリウス型,Xレンサチテキノウリョクショウガイシデリウスガタ,
10082378,シュワルツ・ヤンペル症候群,シュワルツヤンペルショウコウグン,
10082379,ウッドハウス・サカティ症候群,ウッドハウスサカティショウコウグン,
10082380,異所性大動脈弓,イショセイダイドウミャクキュウ,
10082381,ＳＡＤＤＡＮ症候群,SADDANショウコウグン,
10082382,ペンタＸ症候群,ペンタXショウコウグン,
10082383,高ピペコリン酸血症,コウピペコリンサンケッショウ,コウピペコリンサンケツショウ
10082384,異常光視症,イジョウコウシショウ,
10082386,進行性黄斑メラニン減少症,シンコウセイオウハンメラニンゲンショウショウ,
10082395,非瘢痕性脱毛症,ヒハンコンセイダツモウショウ,
10082396,腸縫合,チョウホウゴウ,
10082397,苔癬様異形成,タイセンヨウイケイセイ,
10082398,１ｐ３６欠失症候群,1p36ケッシツショウコウグン,
10082410,ヒト乳頭腫ウイルス陽性中咽頭扁平上皮癌,ヒトニュウトウシュウイルスヨウセイチュウイントウヘンペイジョウヒガン,
10082412,甲状腺嚢腫摘出,コウジョウセンノウシュテキシュツ,
10082415,ストーマ袋装着,ストーマブクロソウチャク,
10082416,検査正常,ケンサセイジョウ,
10082417,フェラン・マクダーミド症候群,フェランマクダーミドショウコウグン,
10082418,自己免疫性筋炎,ジコメンエキセイキンエン,
10082419,多形性平滑筋肉腫,タケイセイヘイカツキンニクシュ,
10082420,声帯毛細血管拡張症,セイタイモウサイケッカンカクチョウショウ,
10082425,ＨＩＶのそう痒性丘疹,HIVノソウヨウセイキュウシン,
10082426,歯の知覚過敏,ハノチカクカビン,
10082427,生殖器斑,セイショクキハン,
10082430,５－α還元酵素阻害剤服用後症候群,5アルファカンゲンコウソソガイザイフクヨウゴショウコウグン,
10082431,声帯瘢痕,セイタイハンコン,
10082433,大槽穿刺,タイソウセンシ,ダイソウセンシ
10082443,磁気共鳴プロトン密度脂肪率測定,ジキキョウメイプロトンミツドシボウリツソクテイ,
10082444,肝硬度増加,カンコウドゾウカ,
10082445,胎盤成長因子,タイバンセイチョウインシ,
10082446,プロトロンビンフラグメント１・２,プロトロンビンフラグメント12,
10082449,眼表面扁平上皮腫瘍,ガンヒョウメンヘンペイジョウヒシュヨウ,
10082450,多内臓移植,タナイゾウイショク,
10082451,体外迷走神経刺激療法,タイガイメイソウシンケイシゲキリョウホウ,
10082453,ナイセリア検査,ナイセリアケンサ,
10082457,バーンズアカシジア尺度,バーンズアカシジアシャクド,
10082458,自殺の疑い,ジサツノウタガイ,
10082459,心内膜下出血,シンナイマクカシュッケツ,
10082470,末梢動脈手術,マッショウドウミャクシュジュツ,
10082473,医療機器による無効なショック伝達,イリョウキキニヨルムコウナショックデンタツ,
10082477,慢性脳脊髄静脈不全,マンセイノウセキズイジョウミャクフゼン,
10082478,胸腔鏡腹腔鏡下手術,キョウクウキョウフククウキョウカシュジュツ,キョウクウキョウフックウキョウカシュジュツ
10082479,好中球ＦｃガンマレセプターＩＩＩｂ欠損症,コウチュウキュウFcガンマレセプター3bケッソンショウ,
10082480,心肝症候群,シンカンショウコウグン,
10082482,静脈動脈化,ジョウミャクドウミャクカ,
10082483,後脛骨筋腱機能不全,コウケイコツキンケンキノウフゼン,
10082484,椎骨脳底動脈卒中,ツイコツノウテイドウミャクソッチュウ,
10082487,再発性化膿性胆管炎,サイハツセイカノウセイタンカンエン,
10082489,刺激に対する過剰反応,シゲキニタイスルカジョウハンノウ,
10082490,味覚障害,ミカクショウガイ,
10082491,医療機器の患者巻き込み,イリョウキキノカンジャマキコミ,
10082492,腹腔内容積増加,フククウナイヨウセキゾウカ,フックウナイヨウセキゾウカ
10082493,再狭窄,サイキョウサク,
10082494,新生児変形,シンセイジヘンケイ,
10082495,乳房インプラント関連未分化大細胞型リンパ腫,ニュウボウインプラントカンレンミブンカダイサイボウガタリンパシュ,
10082503,静脈性高血圧,ジョウミャクセイコウケツアツ,
10082504,血管弾性反跳合併症,ケッカンダンセイハンチョウガッペイショウ,
10082505,偽性大動脈瘤,ギセイダイドウミャクリュウ,
10082507,溢流性下痢,イツリュウセイゲリ,
10082526,皮膚温,ヒフオン,
10082527,肺補助デバイス治療,ハイホジョデバイスチリョウ,
10082528,飢餓性ケトアシドーシス,キガセイケトアシドーシス,
10082529,血液量増加,ケツエキリョウゾウカ,
10082530,循環血液量減少性ショック予防,ジュンカンケツエキリョウゲンショウセイショックヨボウ,
10082531,膵嚢胞ドレナージ,スイノウホウドレナージ,
10082532,カプノグラム,カプノグラム,
10082533,注入部位焼痂,チュウニュウブイショウカ,
10082534,局所麻酔の全身毒性,キョクショマスイノゼンシンドクセイ,
10082544,幻肢症候群,ゲンシショウコウグン,
10082545,舌突出癖,ゼツトッシュツヘキ,
10082546,先天性動脈閉塞,センテンセイドウミャクヘイソク,
10082547,ＣＯＰＤ評価試験,COPDヒョウカシケン,
10082548,口の感覚消失,クチノカンカクショウシツ,
10082549,オルトラーニテスト陰性,オルトラーニテストインセイ,
10082550,オルトラーニテスト陽性,オルトラーニテストヨウセイ,
10082551,バーローテスト陽性,バーローテストヨウセイ,
10082552,バーローテスト陰性,バーローテストインセイ,
10082553,筋肉量百分率,キンニクリョウヒャクブンリツ,
10082565,大動脈気管支瘻,ダイドウミャクキカンシロウ,
10082566,鼻咽頭内視鏡検査,ビイントウナイシキョウケンサ,
10082567,プラスミノーゲン活性化因子インヒビター１欠損症,プラスミノーゲンカッセイカインシインヒビター1ケッソンショウ,
10082569,生殖器細胞脱落,セイショクキサイボウダツラク,
10082575,気管支粘膜充血,キカンシネンマクジュウケツ,
10082576,肺拡散能検査異常,ハイカクサンノウケンサイジョウ,
10082578,筋骨格系毒性,キンコッカクケイドクセイ,
10082579,肺画像検査,ハイガゾウケンサ,
10082580,心筋低潅流,シンキンテイカンリュウ,
10082581,肺画像検査正常,ハイガゾウケンサセイジョウ,
10082582,肺画像検査異常,ハイガゾウケンサイジョウ,
10082583,感染性硝子体炎,カンセンセイショウシタイエン,
10082591,びまん性特発性肺神経内分泌細胞過形成,ビマンセイトクハツセイハイシンケイナイブンピサイボウカケイセイ,ビマンセイトクハツセイハイシンケイナイブンピツサイボウカケイセイ
10082592,腹膜垂切除,フクマクスイセツジョ,
10082593,髄腔内注射,ズイクウナイチュウシャ,
10082594,フォヴィル症候群,フォヴィルショウコウグン,
10082595,動静脈グラフト部位壊死,ドウジョウミャクグラフトブイエシ,
10082596,視神経乳頭牽引症候群,シシンケイニュウトウケンインショウコウグン,
10082598,糞線虫検査陽性,フンセンチュウケンサヨウセイ,
10082599,角膜毒性,カクマクドクセイ,
10082603,家族性グルココルチコイド欠損症,カゾクセイグルココルチコイドケッソンショウ,
10082604,結合組織異形成,ケツゴウソシキイケイセイ,
10082605,子宮頚管閉鎖,シキュウケイカンヘイサ,
10082606,免疫性心筋炎,メンエキセイシンキンエン,
10082607,直腸異形成,チョクチョウイケイセイ,
10082609,腹壁浮腫,フクヘキフシュ,
10082614,不正軸定位,フセイジクテイイ,
10082615,冠状静脈洞拡大,カンジョウジョウミャクドウカクダイ,
10082616,心膜嚢胞切除,シンマクノウホウセツジョ,
10082620,乳房スキャン異常,ニュウボウスキャンイジョウ,
10082621,ラジオアイソトープ検査結果偽陽性,ラジオアイソトープケンサケッカギヨウセイ,
10082622,乳房陽電子放出断層撮影異常,ニュウボウヨウデンシホウシュツダンソウサツエイイジョウ,
10082623,乳房陽電子放出断層撮影,ニュウボウヨウデンシホウシュツダンソウサツエイ,
10082624,ラジオアイソトープ摂取増加,ラジオアイソトープセッシュゾウカ,
10082625,授乳正常,ジュニュウセイジョウ,
10082630,移植後発症糖尿病,イショクゴハッショウトウニョウビョウ,
10082633,脳内鉄沈着を伴う神経変性症,ノウナイテツチンチャクヲトモナウシンケイヘンセイショウ,
10082635,糖尿病性過食症,トウニョウビョウセイカショクショウ,
10082636,歩行速度低下,ホコウソクドテイカ,
10082637,アポリポ蛋白Ｅｅ４遺伝子キャリアー,アポリポタンパクEe4イデンシキャリアー,
10082638,ジストニアを伴う発作性自律神経不安定症,ジストニアヲトモナウホッサセイジリツシンケイフアンテイショウ,
10082639,外陰部基底細胞癌,ガイインブキテイサイボウガン,
10082656,上咽頭生検,ジョウイントウセイケン,
10082657,上咽頭生検正常,ジョウイントウセイケンセイジョウ,
10082658,上咽頭生検異常,ジョウイントウセイケンイジョウ,
10082663,円板状半月板,エンバンジョウハンゲツバン,
10082664,自己意識,ジコイシキ,
10082665,両房室弁左室挿入,リョウボウシツベンサシツソウニュウ,
10082666,胃腸病原体検出キットによる検査,イチョウビョウゲンタイケンシュツキットニヨルケンサ,
10082668,咳嗽誘発試験,ガイソウユウハツシケン,
10082669,シュードモナス性腹膜炎,シュードモナスセイフクマクエン,
10082677,肛門水疱,コウモンスイホウ,
10082681,香味剤に対する反応,コウミザイニタイスルハンノウ,
10082699,空腸－空腸吻合,クウチョウクウチョウフンゴウ,
10082700,好中球ゼラチナーゼ結合性リポカリン,コウチュウキュウゼラチナーゼケツゴウセイリポカリン,
10082703,好中球ゼラチナーゼ結合性リポカリン増加,コウチュウキュウゼラチナーゼケツゴウセイリポカリンゾウカ,
10082706,オステオポンチン,オステオポンチン,
10082708,オステオポンチン増加,オステオポンチンゾウカ,
10082712,製品の混同,セイヒンノコンドウ,
10082716,先天性両側性傍シルビウス裂症候群,センテンセイリョウソクセイボウシルビウスレツショウコウグン,
10082717,ヘルペス性神経根障害,ヘルペスセイシンケイコンショウガイ,
10082718,恥垢蓄積,チコウチクセキ,
10082721,胃腸ムコール症,イチョウムコールショウ,
10082722,皮膚ムコール症,ヒフムコールショウ,
10082725,リンパ節破裂,リンパセツハレツ,
10082729,軟部組織切除,ナンブソシキセツジョ,
10082730,腹横筋膜面ブロック,フクオウキンマクメンブロック,
10082736,切開部位異常感覚,セッカイブイイジョウカンカク,
10082738,反射試験,ハンシャシケン,
10082739,バスキュラーアクセス関連スチール症候群,バスキュラーアクセスカンレンスチールショウコウグン,
10082742,輸注関連過敏反応,ユチュウカンレンカビンハンノウ,
10082745,後天性第ＶＩＩＩ因子欠乏症,コウテンセイダイ8インシケツボウショウ,
10082746,後天性第ＸＩ因子欠乏症,コウテンセイダイ11インシケツボウショウ,
10082747,後天性第ＩＸ因子欠乏症,コウテンセイダイ9インシケツボウショウ,
10082752,自己受容性運動,ジコジュヨウセイウンドウ,
10082753,受動的下肢挙上試験,ジュドウテキカシキョジョウシケン,
10082761,横隔神経損傷,オウカクシンケイソンショウ,
10082763,眼部麻酔,ガンブマスイ,
10082764,眼の感覚消失,メノカンカクショウシツ,
10082765,陰嚢不快感,インノウフカイカン,
10082766,投与部位ざ瘡,トウヨブイザソウ,
10082767,口唇痂皮,コウシンカヒ,
10082768,眼の知覚過敏,メノチカクカビン,
10082769,口腔粘膜痂皮,コウクウネンマクカヒ,コウコウネンマクカヒ
10082770,陰嚢損傷,インノウソンショウ,
10082774,眼窩周囲刺激,ガンカシュウイシゲキ,
10082790,ＲＯＳ１遺伝子再構成,ROS1イデンシサイコウセイ,
10082791,腟拡張術,チツカクチョウジュツ,
10082792,痔瘻修復,ジロウシュウフク,
10082793,子宮血管結紮,シキュウケッカンケッサツ,
10082795,同時失認,ドウジシツニン,
10082796,筋力正常,キンリョクセイジョウ,
10082797,硬膜外血腫除去,コウマクガイケッシュジョキョ,
10082798,肛門直腸奇形,コウモンチョクチョウキケイ,
10082799,筋力異常,キンリョクイジョウ,
10082802,視細胞外節内節破壊,シサイボウガイセツナイセツハカイ,
10082804,孤立性線維性腫瘍,コリツセイセンイセイシュヨウ,
10082805,心臓・顔・皮膚症候群,シンゾウガンヒフショウコウグン,シンゾウカオヒフショウコウグン
10082809,尿中ＣＤ４リンパ球増加,ニョウチュウCD4リンパキュウゾウカ,
10082810,尿中ＣＤ４リンパ球減少,ニョウチュウCD4リンパキュウゲンショウ,
10082811,ワクチン接種拒否,ワクチンセッシュキョヒ,
10082812,下垂体スキャン異常,カスイタイスキャンイジョウ,
10082813,下垂体スキャン,カスイタイスキャン,
10082816,インスリン様成長因子異常,インスリンヨウセイチョウインシイジョウ,
10082818,プロビデンシア尿路感染,プロビデンシアニョウロカンセン,
10082819,プロビデンシア感染,プロビデンシアカンセン,
10082825,モノクローナル免疫グロブリン増加,モノクローナルメンエキグロブリンゾウカ,
10082827,腸骨動脈再狭窄,チョウコツドウミャクサイキョウサク,
10082831,椎体終板の炎症,ツイタイシュウバンノエンショウ,
10082832,ＡＳＴ／ＡＬＴ比異常,ASTALTヒイジョウ,
10082834,グリコアルブミン正常,グリコアルブミンセイジョウ,
10082835,グリコアルブミン,グリコアルブミン,
10082836,グリコアルブミン増加,グリコアルブミンゾウカ,
10082837,グリコアルブミン減少,グリコアルブミンゲンショウ,
10082839,内臓神経切離,ナイゾウシンケイセツリ,
10082840,コンピュータ断層撮影胃造影,コンピュータダンソウサツエイイゾウエイ,
10082845,尿酸分画排泄率,ニョウサンブンカクハイセツリツ,
10082846,放射線汚染検査,ホウシャセンオセンケンサ,
10082847,重炭酸塩分画排泄率,ジュウタンサンエンブンカクハイセツリツ,
10082848,慢性活動性エプスタイン・バーウイルス感染,マンセイカツドウセイエプスタインバーウイルスカンセン,
10082850,舌放射線療法,ゼツホウシャセンリョウホウ,シタホウシャセンリョウホウ
10082853,末梢静脈血栓進展,マッショウジョウミャクケッセンシンテン,
10082856,パピヨン・ルフェーヴル症候群,パピヨンルフェーヴルショウコウグン,
10082859,咽頭放射線療法,イントウホウシャセンリョウホウ,
10082861,声門機能不全,セイモンキノウフゼン,
10082863,肺クリアランス指数,ハイクリアランスシスウ,
10082864,ＣＦＴＲ遺伝子変異,CFTRイデンシヘンイ,
10082865,鼻電位差検査,ビデンイサケンサ,ハナデンイサケンサ
10082866,アクロモバクター感染,アクロモバクターカンセン,
10082867,便中エラスターゼ検査,ベンチュウエラスターゼケンサ,
10082868,腸内電流測定検査,チョウナイデンリュウソクテイケンサ,
10082879,眼窩周囲不快感,ガンカシュウイフカイカン,
10082880,陰茎不快感,インケイフカイカン,
10082888,ＲＰＥ６５遺伝子変異,RPE65イデンシヘンイ,
10082889,上唇咬合検査,ジョウシンコウゴウケンサ,
10082890,モントリオール認知評価,モントリオールニンチヒョウカ,
10082902,赤色光線療法,セキショクコウセンリョウホウ,
10082905,吻合部びらん,フンゴウブビラン,
10082907,生殖器障害,セイショクキショウガイ,
10082909,アレルギー性気管支肺真菌症,アレルギーセイキカンシハイシンキンショウ,
10082910,ケーラー病,ケーラービョウ,
10082913,習慣性咳嗽,シュウカンセイガイソウ,
10082915,前立腺神経内分泌癌,ゼンリツセンシンケイナイブンピガン,ゼンリツセンシンケイナイブンピツガン
10082917,蛋白不耐症,タンパクフタイショウ,
10082918,笑い発作,ワライホッサ,
10082919,心膜脂肪腫,シンマクシボウシュ,
10082920,胆道カテーテル挿入,タンドウカテーテルソウニュウ,
10082921,胆管再建,タンカンサイケン,
10082922,結節性硬化症複合体に関連する神経精神症状,ケッセツセイコウカショウフクゴウタイニカンレンスルシンケイセイシンショウジョウ,
10082928,シュードモナス性皮膚感染,シュードモナスセイヒフカンセン,
10082929,前庭性発作症,ゼンテイセイホッサショウ,
10082930,歯の病的破折,ハノビョウテキハセツ,
10082931,血管確保部位知覚低下,ケッカンカクホブイチカクテイカ,
10082933,３Ｄバスキュログラフィー,3Dバスキュログラフィー,
10082934,膵コンピュータ断層撮影,スイコンピュータダンソウサツエイ,
10082935,膵コンピュータ断層撮影正常,スイコンピュータダンソウサツエイセイジョウ,
10082936,膵コンピュータ断層撮影異常,スイコンピュータダンソウサツエイイジョウ,
10082941,副鼻腔低形成,フクビクウテイケイセイ,
10082943,処置後そう痒感,ショチゴソウヨウカン,
10082944,処置後紅斑,ショチゴコウハン,
10082949,先天性ＬＵＭＢＡＲ症候群,センテンセイLUMBARショウコウグン,
10082952,ＴＯＲＣＨ感染,TORCHカンセン,
10082954,ロボット手術,ロボットシュジュツ,
10082958,ＰＲＩＤＥ症候群,PRIDEショウコウグン,
10082961,頚部コンピュータ断層撮影,ケイブコンピュータダンソウサツエイ,
10082965,気管分岐部形成,キカンブンキブケイセイ,
10082968,食道腺扁平上皮癌,ショクドウセンヘンペイジョウヒガン,
10082970,変容性骨異形成症,ヘンヨウセイコツイケイセイショウ,
10082971,女性生殖器障害,ジョセイセイショクキショウガイ,
10082972,結合双生児分離,ケツゴウソウセイジブンリ,
10082973,濃化異骨症,ノウカイコツショウ,
10082974,軟骨壊死,ナンコツエシ,
10082975,男性生殖器障害,ダンセイセイショクキショウガイ,
10082976,石児,セキジ,
10082977,消化管生検,ショウカカンセイケン,
10082979,アンチトロンビンＩＩＩ異常,アンチトロンビン3イジョウ,
10082980,皮膚粘膜障害,ヒフネンマクショウガイ,
10082985,紅皮症型アトピー性皮膚炎,コウヒショウガタアトピーセイヒフエン,
10082986,ステロイド依存,ステロイドイゾン,
10082987,眼瞼瘢痕,ガンケンハンコン,
10082992,食道バイパス,ショクドウバイパス,
10082996,食道膿瘍,ショクドウノウヨウ,
10082997,コリン作動性リバウンド症候群,コリンサドウセイリバウンドショウコウグン,
10083004,免疫性汎血球減少症,メンエキセイハンケッキュウゲンショウショウ,
10083005,ＣＤＫＬ５欠損障害,CDKL5ケッソンショウガイ,
10083006,眼動脈梗塞,ガンドウミャクコウソク,
10083007,マフッチ症候群,マフッチショウコウグン,
10083010,杉浦法,スギウラホウ,
10083015,食道肺瘻,ショクドウハイロウ,
10083018,血管結紮,ケッカンケッサツ,
10083020,プロトロンビンフラグメント１・２増加,プロトロンビンフラグメント12ゾウカ,
10083021,先天性腎盂尿管移行部閉塞症,センテンセイジンウニョウカンイコウブヘイソクショウ,
10083027,関節の理学的検査正常,カンセツノリガクテキケンサセイジョウ,
10083028,関節の理学的検査異常,カンセツノリガクテキケンサイジョウ,
10083029,精嚢摘出,セイノウテキシュツ,
10083032,逆行性腎結石移動,ギャッコウセイジンケッセキイドウ,
10083034,糖原病ＩＸ型,トウゲンビョウ9ガタ,
10083037,大脳静脈洞血栓症,ダイノウジョウミャクドウケッセンショウ,
10083038,髄鞘内浮腫,ズイショウナイフシュ,
10083040,注射部位脂肪織炎,チュウシャブイシボウシキエン,
10083042,マクロファージ炎症性蛋白－１α,マクロファージエンショウセイタンパク1アルファ,
10083043,単球走化性蛋白－２増加,タンキュウソウカセイタンパク2ゾウカ,
10083044,インターフェロンβ濃度,インターフェロンベータノウド,
10083045,マクロファージ炎症性蛋白－１α減少,マクロファージエンショウセイタンパク1アルファゲンショウ,
10083046,単球走化性蛋白－２,タンキュウソウカセイタンパク2,
10083047,単球走化性蛋白－２減少,タンキュウソウカセイタンパク2ゲンショウ,
10083048,インターフェロンβ濃度増加,インターフェロンベータノウドゾウカ,
10083049,マクロファージ炎症性蛋白－１α増加,マクロファージエンショウセイタンパク1アルファゾウカ,
10083050,インターフェロンβ濃度減少,インターフェロンベータノウドゲンショウ,
10083051,麻痺性側弯症,マヒセイソクワンショウ,
10083059,アレキサンダー病,アレキサンダービョウ,
10083060,ウイルス量異常,ウイルスリョウイジョウ,
10083061,真菌曝露,シンキンバクロ,
10083063,髄腔内注入ポンプ使用者,ズイクウナイチュウニュウポンプシヨウシャ,
10083067,大網形成,ダイモウケイセイ,タイモウケイセイ
10083069,免疫性ぶどう膜炎,メンエキセイブドウマクエン,
10083070,免疫性腎炎,メンエキセイジンエン,
10083071,免疫性甲状腺炎,メンエキセイコウジョウセンエン,
10083072,免疫性膵炎,メンエキセイスイエン,
10083073,免疫性筋炎,メンエキセイキンエン,
10083074,免疫性脳炎,メンエキセイノウエン,
10083075,免疫性甲状腺機能低下症,メンエキセイコウジョウセンキノウテイカショウ,
10083077,右房容積異常,ウボウヨウセキイジョウ,
10083078,右房容積減少,ウボウヨウセキゲンショウ,
10083079,右房容積増加,ウボウヨウセキゾウカ,
10083082,リポ蛋白関連ホスホリパーゼＡ２,リポタンパクカンレンホスホリパーゼA2,
10083083,硬膜下膿瘍,コウマクカノウヨウ,
10083087,蛍光血管造影異常,ケイコウケッカンゾウエイイジョウ,
10083088,蛍光血管造影正常,ケイコウケッカンゾウエイセイジョウ,
10083089,蛍光血管造影,ケイコウケッカンゾウエイ,
10083093,敗血症性肺塞栓症,ハイケツショウセイハイソクセンショウ,
10083094,肺拡散能検査値低下,ハイカクサンノウケンサチテイカ,
10083095,肺拡散障害,ハイカクサンショウガイ,
10083096,膀胱潰瘍,ボウコウカイヨウ,
10083097,眼窩占拠性病変,ガンカセンキョセイビョウヘン,
10083098,ＩｇＧκ沈着物がマスクされた膜性様糸球体症,IgGカッパチンチャクブツガマスクサレタマクセイヨウシキュウタイショウ,
10083099,筋緊張低下－シスチン尿症候群,キンキンチョウテイカシスチンニョウショウコウグン,
10083102,腸骨静脈狭窄,チョウコツジョウミャクキョウサク,
10083103,末梢静脈閉塞,マッショウジョウミャクヘイソク,
10083104,末梢静脈狭窄,マッショウジョウミャクキョウサク,
10083109,血管確保部位紅斑,ケッカンカクホブイコウハン,
10083110,ポリープ切除後症候群,ポリープセツジョゴショウコウグン,
10083112,血管確保部位そう痒感,ケッカンカクホブイソウヨウカン,
10083121,膵磁気共鳴画像,スイジキキョウメイガゾウ,
10083122,乳房磁気共鳴画像,ニュウボウジキキョウメイガゾウ,
10083124,乳房磁気共鳴画像異常,ニュウボウジキキョウメイガゾウイジョウ,
10083125,乳房磁気共鳴画像正常,ニュウボウジキキョウメイガゾウセイジョウ,
10083126,腹部磁気共鳴画像,フクブジキキョウメイガゾウ,
10083127,心臓磁気共鳴画像,シンゾウジキキョウメイガゾウ,
10083131,腎磁気共鳴画像,ジンジキキョウメイガゾウ,
10083132,腹部磁気共鳴画像異常,フクブジキキョウメイガゾウイジョウ,
10083133,脊髄磁気共鳴画像,セキズイジキキョウメイガゾウ,
10083134,関節磁気共鳴画像,カンセツジキキョウメイガゾウ,
10083135,腹部磁気共鳴画像正常,フクブジキキョウメイガゾウセイジョウ,
10083136,全身磁気共鳴画像,ゼンシンジキキョウメイガゾウ,
10083138,脊髄磁気共鳴画像正常,セキズイジキキョウメイガゾウセイジョウ,
10083139,脊髄磁気共鳴画像異常,セキズイジキキョウメイガゾウイジョウ,
10083140,頚部磁気共鳴画像,ケイブジキキョウメイガゾウ,
10083141,胸部磁気共鳴画像正常,キョウブジキキョウメイガゾウセイジョウ,
10083142,胸部磁気共鳴画像,キョウブジキキョウメイガゾウ,
10083143,胸部磁気共鳴画像異常,キョウブジキキョウメイガゾウイジョウ,
10083144,皮膚分泌物,ヒフブンピブツ,ヒフブンピツブツ
10083151,医療機器使用法混同,イリョウキキシヨウホウコンドウ,
10083155,免疫性関節炎,メンエキセイカンセツエン,
10083156,免疫性皮膚炎,メンエキセイヒフエン,
10083158,続発性血小板増加症,ゾクハツセイケッショウバンゾウカショウ,
10083159,敗血症性凝固異常,ハイケツショウセイギョウコイジョウ,
10083160,感染性胆汁性嚢胞,カンセンセイタンジュウセイノウホウ,
10083161,レプトスピラ性敗血症,レプトスピラセイハイケツショウ,
10083162,尿路カンジダ症,ニョウロカンジダショウ,
10083163,大腸菌性腹膜炎,ダイチョウキンセイフクマクエン,
10083164,ＳＪＳ－ＴＥＮオーバーラップ,SJSTENオーバーラップ,
10083167,粘膜脱症候群,ネンマクダツショウコウグン,
10083168,角膜厚測定,カクマクコウソクテイ,カクマクアツソクテイ
10083169,乳腺結核,ニュウセンケッカク,
10083171,肝静脈圧較差増加,カンジョウミャクアツカクサゾウカ,
10083172,肝静脈圧較差異常,カンジョウミャクアツカクサイジョウ,
10083174,片側知覚不全,ヘンソクチカクフゼン,
10083175,肝移植不全,カンイショクフゼン,
10083176,咽頭挫傷,イントウザショウ,
10083177,卵管うっ血,ランカンウッケツ,
10083178,気管支瘢痕,キカンシハンコン,
10083179,乳児肢端膿疱症,ニュウジシタンノウホウショウ,
10083180,気管瘢痕,キカンハンコン,
10083187,漿液性網膜症,ショウエキセイモウマクショウ,
10083189,アイカルディ・グティエール症候群,アイカルディグティエールショウコウグン,
10083190,マンノース結合レクチン欠損症,マンノースケツゴウレクチンケッソンショウ,
10083192,涙嚢ヘルニア,ルイノウヘルニア,
10083194,後天性涙嚢ヘルニア,コウテンセイルイノウヘルニア,
10083196,胎盤嚢胞,タイバンノウホウ,
10083198,心電図Ｐ波,シンデンズPハ,
10083202,化学療法副作用予防投与,カガクリョウホウフクサヨウヨボウトウヨ,
10083204,全身性右心室,ゼンシンセイウシンシツ,
10083205,単心房,タンシンボウ,
10083206,膀胱尿道瘻,ボウコウニョウドウロウ,
10083207,腎過誤腫,ジンカゴシュ,
10083208,横隔神経圧挫術,オウカクシンケイアツザジュツ,
10083212,乳児頚部線維腫症,ニュウジケイブセンイシュショウ,
10083216,鼻切開,ビセッカイ,ハナセッカイ
10083223,三尖弁両室挿入,サンセンベンリョウシツソウニュウ,
10083224,コレラ免疫,コレラメンエキ,
10083226,肺拡散能検査,ハイカクサンノウケンサ,
10083232,ＨＥＲ２陰性乳癌,HER2インセイニュウガン,
10083233,トリプルポジティブ乳癌,トリプルポジティブニュウガン,
10083234,ホルモン受容体陽性乳癌,ホルモンジュヨウタイヨウセイニュウガン,
10083242,リンパ節潰瘍,リンパセツカイヨウ,
10083244,内頚動脈自然再開通,ナイケイドウミャクシゼンサイカイツウ,
10083246,骨盤底機能不全,コツバンテイキノウフゼン,
10083247,デング熱免疫,デングネツメンエキ,
10083252,射精管拡張術,シャセイカンカクチョウジュツ,
10083253,上咽頭腫瘍,ジョウイントウシュヨウ,
10083258,エリスロポエチン欠乏性貧血,エリスロポエチンケツボウセイヒンケツ,
10083260,陰嚢皮膚炎,インノウヒフエン,
10083261,人工胸壁挿入,ジンコウキョウヘキソウニュウ,
10083266,麻痺性股関節脱臼,マヒセイコカンセツダッキュウ,
10083267,認知機能検査,ニンチキノウケンサ,
10083269,ボッシュ・ブーンストラ・シャーフ視神経萎縮症候群,ボッシュブーンストラシャーフシシンケイイシュクショウコウグン,
10083270,ＳＡＴＢ２関連症候群,SATB2カンレンショウコウグン,
10083271,ウィーバー症候群,ウィーバーショウコウグン,
10083272,限局性皮質切除,ゲンキョクセイヒシツセツジョ,
10083273,指叩き試験,ユビタタキシケン,
10083274,定位的深部脳波,テイイテキシンブノウハ,
10083275,フォア・シャヴァニ・マリー症候群,フォアシャヴァニマリーショウコウグン,
10083276,真空吸引,シンクウキュウイン,
10083290,フィブロネクチン,フィブロネクチン,
10083291,フィブロネクチン正常,フィブロネクチンセイジョウ,
10083292,フィブロネクチン異常,フィブロネクチンイジョウ,
10083294,前立腺アミロイド小体,ゼンリツセンアミロイドショウタイ,
10083295,サイトケラチン１９増加,サイトケラチン19ゾウカ,
10083296,尿中アミロイド小体,ニョウチュウアミロイドショウタイ,
10083297,脳アミロイド小体,ノウアミロイドショウタイ,
10083298,下肢不全麻痺のフーヴァー徴候,カシフゼンマヒノフーヴァーチョウコウ,
10083302,壊死性血管皮膚炎,エシセイケッカンヒフエン,
10083303,閉塞性細気管支炎症候群,ヘイソクセイサイキカンシエンショウコウグン,
10083305,スタール耳,スタールミミ,
10083306,ガラクトシアリドーシス,ガラクトシアリドーシス,
10083307,サポシンＣ欠損症,サポシンCケッソンショウ,
10083309,死の立会者,シノタチアイシャ,
10083310,結腸切除後汎小腸炎,ケッチョウセツジョゴハンショウチョウエン,
10083314,口腔内斑,コウクウナイハン,コウコウナイハン
10083322,好中球／リンパ球比増加,コウチュウキュウリンパキュウヒゾウカ,
10083324,毛様体神経節炎,モウヨウタイシンケイセツエン,
10083326,アデノウイルス再活性化,アデノウイルスサイカッセイカ,
10083327,脾臓超音波検査,ヒゾウチョウオンパケンサ,
10083329,中心窩変性,チュウシンカヘンセイ,
10083331,卵管癒着,ランカンユチャク,
10083333,胸郭不全症候群,キョウカクフゼンショウコウグン,
10083334,アロンシャンウイルス感染,アロンシャンウイルスカンセン,
10083335,Ｃ型肝炎ウイルスコア抗原,Cガタカンエンウイルスコアコウゲン,
10083336,骨盤帯痛,コツバンタイツウ,
10083337,逆説性不眠症,ギャクセツセイフミンショウ,
10083338,環軸椎亜脱臼,カンジクツイアダッキュウ,
10083340,祖父を介した曝露,ソフヲカイシタバクロ,
10083341,祖母を介した曝露,ソボヲカイシタバクロ,
10083342,重症原発性インスリン様成長因子－１欠損症,ジュウショウゲンパツセイインスリンヨウセイチョウインシ1ケッソンショウ,
10083346,抗凝固薬関連腎症,コウギョウコヤクカンレンジンショウ,
10083347,免疫エフェクター細胞関連神経毒性症候群,メンエキエフェクターサイボウカンレンシンケイドクセイショウコウグン,
10083349,異所性腎動脈,イショセイジンドウミャク,
10083350,上咽頭吸引,ジョウイントウキュウイン,
10083351,ＯＨＶＩＲＡ症候群,OHVIRAショウコウグン,
10083353,ワクチン未接種,ワクチンミセッシュ,
10083355,人工尿道括約筋除去,ジンコウニョウドウカツヤクキンジョキョ,
10083356,核酸検査,カクサンケンサ,
10083357,整形インソール,セイケイインソール,
10083358,膀胱血腫,ボウコウケッシュ,
10083362,後天性染色体異常,コウテンセイセンショクタイイジョウ,
10083365,予想を下回る薬効,ヨソウヲシタマワルヤッコウ,
10083366,インスリンショック療法,インスリンショックリョウホウ,
10083367,クローン性造血,クローンセイゾウケツ,
10083369,胃内残渣吸引,イナイザンサキュウイン,
10083372,ＣＹＰ３Ａ５遺伝子多型,CYP3A5イデンシタケイ,
10083374,世代伝播性エピジェネティック遺伝,セダイデンパセイエピジェネティックイデン,
10083376,全般起始非運動発作,ゼンパンキシヒウンドウホッサ,
10083383,肝被膜下血腫,カンヒマクカケッシュ,
10083384,脾被膜下血腫,ヒヒマクカケッシュ,
10083385,腎被膜下血腫,ジンヒマクカケッシュ,
10083386,先天性デング熱,センテンセイデングネツ,
10083387,疾患傾向,シッカンケイコウ,
10083388,副鼻腔膿瘍,フクビクウノウヨウ,
10083400,歯牙腫,シガシュ,
10083401,虚血変性アルブミン上昇,キョケツヘンセイアルブミンジョウショウ,
10083405,卵管ステント挿入,ランカンステントソウニュウ,
10083406,免疫介在性胆管炎,メンエキカイザイセイタンカンエン,
10083408,内包梗塞,ナイホウコウソク,
10083409,カポジ肉腫炎症性サイトカイン症候群,カポジニクシュエンショウセイサイトカインショウコウグン,
10083410,形成腟脱,ケイセイチツダツ,
10083411,ＨＩＶ髄膜脳炎,HIVズイマクノウエン,
10083412,形成腟感染,ケイセイチツカンセン,
10083413,形成腟不快感,ケイセイチツフカイカン,
10083414,形成腟穿孔,ケイセイチツセンコウ,
10083415,形成腟痛,ケイセイチツツウ,
10083416,形成腟瘻,ケイセイチツロウ,
10083417,形成腟合併症,ケイセイチツガッペイショウ,
10083418,形成腟狭窄,ケイセイチツキョウサク,
10083421,センシング振幅減少,センシングシンプクゲンショウ,
10083423,トロポニンＣ,トロポニンC,
10083424,心電図ＲＲ間隔,シンデンズRRカンカク,
10083425,血清アミロイドＡ蛋白,ケッセイアミロイドAタンパク,
10083433,咽頭異物,イントウイブツ,
10083434,播種性トキソプラズマ症,ハシュセイトキソプラズマショウ,
10083435,外陰腟皮膚粘膜剥脱,ガイインチツヒフネンマクハクダツ,
10083440,筋周皮腫,キンシュウヒシュ,
10083442,種痘様水疱症,シュトウヨウスイホウショウ,
10083443,虹彩形成術,コウサイケイセイジュツ,
10083444,左房縮小術,サボウシュクショウジュツ,
10083445,デスミンミオパチー,デスミンミオパチー,
10083447,ユリシーズ症候群,ユリシーズショウコウグン,
10083456,遠隔転移を伴う腺癌,エンカクテンイヲトモナウセンガン,
10083457,リンパ節移植,リンパセツイショク,
10083459,感染性痛風結節,カンセンセイツウフウケッセツ,
10083474,横隔神経刺激症状,オウカクシンケイシゲキショウジョウ,
10083476,反応性血管内皮細胞腫症,ハンノウセイケッカンナイヒサイボウシュショウ,
10083485,細網細胞数,サイモウサイボウスウ,
10083487,蝶形骨離開,チョウケイコツリカイ,
10083488,喉頭気管気管支鏡検査,コウトウキカンキカンシキョウケンサ,
10083489,血中β－Ｄ－グルカン陰性,ケッチュウベータDグルカンインセイ,
10083490,低フェリチン血症,テイフェリチンケッショウ,テイフェリチンケツショウ
10083491,血中β－Ｄ－グルカン陽性,ケッチュウベータDグルカンヨウセイ,
10083492,ニーフェアゲルト・パールマン症候群,ニーフェアゲルトパールマンショウコウグン,
10083493,臨床死,リンショウシ,
10083494,屈指症－関節症－内反股－心膜炎症候群,クッシショウカンセツショウナイハンコシンマクエンショウコウグン,
10083495,先天性高インスリン血症性低血糖症,センテンセイコウインスリンケッショウセイテイケットウショウ,センテンセイコウインスリンケツショウセイテイケットウショウ
10083496,先天性風疹症候群,センテンセイフウシンショウコウグン,
10083501,回盲部切除,カイモウブセツジョ,
10083502,紋理状眼底,モンリジョウガンテイ,
10083512,異物誤飲,イブツゴイン,
10083513,急性口腔移植片対宿主病,キュウセイコウクウイショクヘンタイシュクシュビョウ,キュウセイコウコウイショクヘンタイシュクシュビョウ
10083514,慢性口腔移植片対宿主病,マンセイコウクウイショクヘンタイシュクシュビョウ,マンセイコウコウイショクヘンタイシュクシュビョウ
10083515,医療機器メンテナンスの問題,イリョウキキメンテナンスノモンダイ,
10083516,虹彩変色,コウサイヘンショク,
10083517,免疫性甲状腺機能亢進症,メンエキセイコウジョウセンキノウコウシンショウ,
10083519,経皮ペーシング,ケイヒペーシング,
10083520,天疱瘡重症度指数,テンポウソウジュウショウドシスウ,
10083521,免疫介在性肝障害,メンエキカイザイセイカンショウガイ,
10083522,免疫介在性腎障害,メンエキカイザイセイジンショウガイ,
10083523,生後発育不全,セイゴハツイクフゼン,
10083524,カンピロバクター尿路感染,カンピロバクターニョウロカンセン,
10083531,傍ストーマヘルニア嵌頓,ボウストーマヘルニアカントン,
10083533,口腔内紫斑,コウクウナイシハン,コウコウナイシハン
10083534,上肢静止不能症候群,ジョウシセイシフノウショウコウグン,
10083535,Ｓ状結腸間膜ヘルニア,Sジョウケッチョウカンマクヘルニア,
10083536,扁桃結石除去,ヘントウケッセキジョキョ,
10083537,顔面不快感,ガンメンフカイカン,
10083542,腸管粘膜裂傷,チョウカンネンマクレッショウ,
10083545,胎児性難産,タイジセイナンザン,
10083549,濾胞性膀胱炎,ロホウセイボウコウエン,
10083553,前癌状態,ゼンガンジョウタイ,
10083563,経瞳孔温熱療法,ケイドウコウオンネツリョウホウ,
10083565,眼窩血腫,ガンカケッシュ,
10083571,製品温度逸脱の問題,セイヒンオンドイツダツノモンダイ,
10083572,大動脈コンピュータ断層撮影,ダイドウミャクコンピュータダンソウサツエイ,
10083585,頭蓋骨骨折治療,トウガイコツコッセツチリョウ,
10083586,脊椎骨折治療,セキツイコッセツチリョウ,
10083589,膀胱水疱性浮腫,ボウコウスイホウセイフシュ,
10083592,眼瞼脂漏性角化症,ガンケンシロウセイカクカショウ,
10083594,投与部位創傷,トウヨブイソウショウ,
10083595,穿刺部位損傷,センシブイソンショウ,
10083596,チャレンジ部位反応,チャレンジブイハンノウ,
10083597,マラリア免疫,マラリアメンエキ,
10083598,血管穿刺部位損傷,ケッカンセンシブイソンショウ,
10083599,埋込み部位損傷,ウメコミブイソンショウ,
10083602,心筋血流欠損,シンキンケツリュウケッソン,
10083609,排便管理,ハイベンカンリ,
10083614,水晶体密度増加,スイショウタイミツドゾウカ,
10083615,眼瞼石灰化,ガンケンセッカイカ,
10083619,好酸球性胃炎,コウサンキュウセイイエン,
10083621,ストーマ部皮膚炎,ストーマブヒフエン,
10083622,注意欠如・多動性障害,チュウイケツジョタドウセイショウガイ,
10083623,グルタチオン還元酵素活性上昇,グルタチオンカンゲンコウソカッセイジョウショウ,
10083627,エアーアニオン療法,エアーアニオンリョウホウ,
10083628,ポリオーマウイルス血症,ポリオーマウイルスケッショウ,ポリオーマウイルスケツショウ
10083629,日焼け止め過敏症,ヒヤケドメカビンショウ,
10083633,カンナビノイド悪阻症候群,カンナビノイドオソショウコウグン,
10083634,胃バイパス解除,イバイパスカイジョ,
10083635,巨細胞性心筋炎,キョサイボウセイシンキンエン,
10083636,自己免疫性胆管炎,ジコメンエキセイタンカンエン,
10083638,医療機器の機械的問題,イリョウキキノキカイテキモンダイ,
10083639,医療機器の安全仕様の問題,イリョウキキノアンゼンシヨウノモンダイ,
10083657,中毒性心筋症,チュウドクセイシンキンショウ,
10083658,急性発症ジストニア・パーキンソニズム,キュウセイハッショウジストニアパーキンソニズム,
10083659,低血圧クリーゼ,テイケツアツクリーゼ,
10083665,アルコール性昏睡,アルコールセイコンスイ,
10083666,消化管の前癌病変,ショウカカンノゼンガンビョウヘン,
10083667,髄膜肥厚,ズイマクヒコウ,
10083668,微小脳梗塞,ビショウノウコウソク,
10083672,冠状静脈結紮,カンジョウジョウミャクケッサツ,
10083673,医療機器の環境適合問題,イリョウキキノカンキョウテキゴウモンダイ,
10083691,ランブル疣贅,ランブルユウゼイ,
10083704,先天性エボラウイルス感染,センテンセイエボラウイルスカンセン,
10083705,卵巣新生物手術,ランソウシンセイブツシュジュツ,
10083706,鍼灸治療,シンキュウチリョウ,
10083707,シアル酸増加,シアルサンゾウカ,
10083708,遠隔転移を伴う基底細胞癌,エンカクテンイヲトモナウキテイサイボウガン,
10083709,ホリデーハート症候群,ホリデーハートショウコウグン,
10083710,医療機器データの問題,イリョウキキデータノモンダイ,
10083711,医療機器の温度の問題,イリョウキキノオンドノモンダイ,
10083712,医療機器のユーザーインターフェイス問題,イリョウキキノユーザーインターフェイスモンダイ,
10083730,医療機器のシグナル伝達の問題,イリョウキキノシグナルデンタツノモンダイ,
10083731,医療機器の無線通信問題,イリョウキキノムセンツウシンモンダイ,
10083749,ＣＥＣ症候群,CECショウコウグン,
10083750,同時感染,ドウジカンセン,
10083757,慢性眼移植片対宿主病,マンセイガンイショクヘンタイシュクシュビョウ,
10083758,グリコール酸増加,グリコールサンゾウカ,
10083795,脾動脈塞栓術,ヒドウミャクソクセンジュツ,
10083797,体内医療機器の露出,タイナイイリョウキキノロシュツ,
10083799,指なめ,ユビナメ,
10083809,水疱性出血性皮膚症,スイホウセイシュッケツセイヒフショウ,
10083810,ハント・ヘス尺度,ハントヘスシャクド,
10083811,膵仮性嚢胞破裂,スイカセイノウホウハレツ,
10083812,自己免疫性ヘパリン起因性血小板減少症,ジコメンエキセイヘパリンキインセイケッショウバンゲンショウショウ,
10083813,膵仮性嚢胞出血,スイカセイノウホウシュッケツ,
10083814,ピログルタミン酸アシドーシス,ピログルタミンサンアシドーシス,
10083815,対症療法,タイショウリョウホウ,
10083833,口腔苔癬様反応,コウクウタイセンヨウハンノウ,コウコウタイセンヨウハンノウ
10083834,アポリポ蛋白Ｅ増加,アポリポタンパクEゾウカ,
10083835,萎縮性毛孔性角化症,イシュクセイモウコウセイカクカショウ,
10083836,副鼻腔の炎症,フクビクウノエンショウ,
10083840,肝潅流障害,カンカンリュウショウガイ,
10083842,免疫性血小板減少症,メンエキセイケッショウバンゲンショウショウ,
10083845,評価不能の医療機器問題,ヒョウカフノウノイリョウキキモンダイ,
10083850,免疫障害予防,メンエキショウガイヨボウ,
10083851,無βリポ蛋白血症,ムベータリポタンパクケッショウ,ムベータリポタンパクケツショウ
10083852,イソ吉草酸血症,イソキッソウサンケッショウ,イソキッソウサンケツショウ
10083853,アシャール・チール症候群,アシャールチールショウコウグン,
10083854,先端短肢異形成症,センタンタンシイケイセイショウ,
10083855,α－マンノシドーシス,アルファマンノシドーシス,
10083856,ＡＤＮＰ症候群,ADNPショウコウグン,
10083857,アルパース病,アルパースビョウ,
10083858,無虹彩症・小脳性運動失調・精神遅滞,ムコウサイショウショウノウセイウンドウシッチョウセイシンチタイ,
10083859,アンデルセン・タウィル症候群,アンデルセンタウィルショウコウグン,
10083860,無眼瞼・巨口症症候群,ムガンケンキョコウショウショウコウグン,
10083861,ＡＤＣＹ５関連ジスキネジア,ADCY5カンレンジスキネジア,
10083862,食事による鉄過剰,ショクジニヨルテツカジョウ,
10083863,エナメル上皮癌,エナメルジョウヒガン,
10083864,アントレー・ビクスラー症候群,アントレービクスラーショウコウグン,
10083865,肢先端脳梁症候群,シセンタンノウリョウショウコウグン,
10083866,遠位中間肢異形成症,エンイチュウカンシイケイセイショウ,
10083867,エイズに伴う異形症症候群,エイズニトモナウイケイショウショウコウグン,
10083869,α１アンチトリプシン欠乏症,アルファ1アンチトリプシンケツボウショウ,
10083897,アシネトバクター敗血症,アシネトバクターハイケツショウ,
10083898,セロトニン欠乏症,セロトニンケツボウショウ,
10083903,非圧痕浮腫,ヒアッコンフシュ,
10083910,エクトヌクレオチドピロホスファターゼ／ホスフォジエステラーゼ１欠損,エクトヌクレオチドピロホスファターゼホスフォジエステラーゼ1ケッソン,
10083911,先天性低トランスフェリン血症,センテンセイテイトランスフェリンケッショウ,センテンセイテイトランスフェリンケツショウ
10083913,後天性ＡＴＴＲアミロイドーシス,コウテンセイATTRアミロイドーシス,
10083927,胸水検査正常,キョウスイケンサセイジョウ,
10083928,胸水検査異常,キョウスイケンサイジョウ,
10083929,逆説的乾癬,ギャクセツテキカンセン,
10083930,職業性太陽光線曝露,ショクギョウセイタイヨウコウセンバクロ,
10083931,サルコグリカノパチー,サルコグリカノパチー,
10083932,先天性低性腺刺激ホルモン性性腺機能低下症,センテンセイテイセイセンシゲキホルモンセイセイセンキノウテイカショウ,
10083933,ＧＭ２ガングリオシドーシス,GM2ガングリオシドーシス,
10083934,特発性ＣＤ４リンパ球減少症,トクハツセイCD4リンパキュウゲンショウショウ,
10083935,先天性成長ホルモン欠損症,センテンセイセイチョウホルモンケッソンショウ,
10083937,プロオピオメラノコルチン欠損症,プロオピオメラノコルチンケッソンショウ,
10083940,錐体ジストロフィー,スイタイジストロフィー,
10083941,コフィン・シリス症候群,コフィンシリスショウコウグン,
10083942,先天性筋無力症候群,センテンセイキンムリョクショウコウグン,
10083943,フィリッピ症候群,フィリッピショウコウグン,
10083944,大腿顔面症候群,ダイタイガンメンショウコウグン,
10083946,ファウンテン症候群,ファウンテンショウコウグン,
10083947,ドゥ・バルシー症候群,ドゥバルシーショウコウグン,
10083948,ＣＯＰＡ症候群,COPAショウコウグン,
10083949,カテル・マンツケ症候群,カテルマンツケショウコウグン,
10083957,シュミット・フラッカーロ症候群,シュミットフラッカーロショウコウグン,
10083959,ＣＡＲＤ９欠損症,CARD9ケッソンショウ,
10083960,ＡＳＡＨ１関連障害,ASAH1カンレンショウガイ,
10083961,自己免疫性水疱性疾患,ジコメンエキセイスイホウセイシッカン,
10083962,弯曲肢症候群,ワンキョクシショウコウグン,
10083963,バラー・ゲロルト症候群,バラーゲロルトショウコウグン,
10083975,オピッツ三角頭蓋症候群,オピッツサンカクトウガイショウコウグン,
10083982,皮膚・皮下組織内異物,ヒフヒカソシキナイイブツ,
10083986,腎動脈塞栓術,ジンドウミャクソクセンジュツ,
10083990,歯の咬耗,ハノコウモウ,
10083991,生殖器偽性コンジローマ,セイショクキギセイコンジローマ,
10083992,サルコペニア肥満,サルコペニアヒマン,
10083993,病院恐怖症,ビョウインキョウフショウ,
10083995,医療機器設置の問題,イリョウキキセッチノモンダイ,
10084000,糖鎖抗原５０,トウサコウゲン50,
10084001,扁平上皮癌関連抗原,ヘンペイジョウヒガンカンレンコウゲン,
10084002,虚血性胆嚢炎,キョケツセイタンノウエン,
10084003,扁平上皮癌関連抗原増加,ヘンペイジョウヒガンカンレンコウゲンゾウカ,
10084004,糖鎖抗原５０増加,トウサコウゲン50ゾウカ,
10084008,チャイルドレジスタンス機能付き製品の密閉不具合,チャイルドレジスタンスキノウツキセイヒンノミッペイフグアイ,
10084009,口腔粘膜のあれ,コウクウネンマクノアレ,コウコウネンマクノアレ
10084012,透析低血圧,トウセキテイケツアツ,
10084013,処置後低血圧,ショチゴテイケツアツ,
10084016,手根骨切除,シュコンコツセツジョ,
10084029,大腸菌性髄膜炎,ダイチョウキンセイズイマクエン,
10084030,窃盗妄想,セットウモウソウ,
10084032,ヘミセクション,ヘミセクション,
10084033,滑車形成不全,カッシャケイセイフゼン,
10084034,結膜溢血,ケツマクイッケツ,
10084038,食道縦隔瘻,ショクドウジュウカクロウ,
10084040,血管腫破裂,ケッカンシュハレツ,
10084049,栄養補助製品アレルギー,エイヨウホジョセイヒンアレルギー,
10084056,喉頭蓋癌,コウトウガイガン,
10084057,移植血管感染,イショクケッカンカンセン,
10084058,うっ血性肝障害,ウッケツセイカンショウガイ,
10084059,水疱性丹毒,スイホウセイタンドク,
10084060,ガストリン放出ペプチド前駆体増加,ガストリンホウシュツペプチドゼンクタイゾウカ,
10084061,壊死融解性肢端紅斑,エシユウカイセイシタンコウハン,
10084062,腎血管抵抗増加,ジンケッカンテイコウゾウカ,
10084063,ガストリン放出ペプチド前駆体,ガストリンホウシュツペプチドゼンクタイ,
10084068,空置大腸炎,クウチダイチョウエン,
10084069,マイコバクテリウム・ヘモフィルム感染,マイコバクテリウムヘモフィルムカンセン,
10084070,肘骨癒合症,チュウコツユゴウショウ,
10084071,肝陰影,カンインエイ,
10084072,塞栓性小脳梗塞,ソクセンセイショウノウコウソク,
10084073,ＢＲＡＳＨ症候群,BRASHショウコウグン,
10084074,シニア・ローケン症候群,シニアローケンショウコウグン,
10084076,放射線療法毒性の減弱,ホウシャセンリョウホウドクセイノゲンジャク,
10084081,冠動脈スチール症候群,カンドウミャクスチールショウコウグン,
10084085,房室結節機能不全,ボウシツケッセツキノウフゼン,
10084086,トランスコバラミン欠乏症,トランスコバラミンケツボウショウ,
10084087,脳血管偽動脈瘤,ノウケッカンギドウミャクリュウ,
10084088,涙腺新生物,ルイセンシンセイブツ,
10084089,ブラウン・ヴィアレット・ヴァンラーレ症候群,ブラウンヴィアレットヴァンラーレショウコウグン,
10084090,穿刺部位そう痒感,センシブイソウヨウカン,
10084091,血行再建術,ケッコウサイケンジュツ,
10084092,血管吻合部出血,ケッカンフンゴウブシュッケツ,
10084097,腟瘢痕,チツハンコン,
10084098,ビタミンＢ１２過剰症,ビタミンB12カジョウショウ,
10084099,ビタミンＢ過剰症,ビタミンBカジョウショウ,
10084104,クレアチン欠乏症候群,クレアチンケツボウショウコウグン,
10084105,レプチン受容体欠損症,レプチンジュヨウタイケッソンショウ,
10084106,高フェニルアラニン血症,コウフェニルアラニンケッショウ,コウフェニルアラニンケツショウ
10084107,原発性コエンザイムＱ１０欠損症,ゲンパツセイコエンザイムQ10ケッソンショウ,
10084108,先天性アミノ酸代謝異常症,センテンセイアミノサンタイシャイジョウショウ,
10084109,ピルビン酸脱水素酵素複合体欠損症,ピルビンサンダッスイソコウソフクゴウタイケッソンショウ,
10084110,芳香族Ｌ－アミノ酸脱炭酸酵素欠損症,ホウコウゾクLアミノサンダッタンサンコウソケッソンショウ,
10084111,原発性高シュウ酸尿症,ゲンパツセイコウシュウサンニョウショウ,
10084118,干渉療法,カンショウリョウホウ,
10084119,躁的症状,ソウテキショウジョウ,
10084121,感染性尿貯留腫,カンセンセイニョウチョリュウシュ,
10084122,肛門紅斑,コウモンコウハン,
10084123,肛門発疹,コウモンホッシン,コウモンハッシン
10084133,小児包茎のバルーン拡張術,ショウニホウケイノバルーンカクチョウジュツ,
10084136,腹腔神経叢ブロック,フククウシンケイソウブロック,フックウシンケイソウブロック
10084138,巨大結膜円蓋症候群,キョダイケツマクエンガイショウコウグン,
10084139,性労働者,セイロウドウシャ,
10084141,脂漏性脱毛症,シロウセイダツモウショウ,
10084143,リンパ球／単球比減少,リンパキュウタンキュヒゲンショウ,
10084146,空置直腸炎,クウチチョクチョウエン,
10084147,後天性脳瘤,コウテンセイノウリュウ,
10084148,咽頭膿疱,イントウノウホウ,
10084153,軸索型・脱髄型多発ニューロパチー,ジクサクガタダツズイガタタハツニューロパチー,
10084158,抗甲状腺抗体減少,コウコウジョウセンコウタイゲンショウ,
10084166,バレー試験,バレーシケン,
10084170,過剰肋骨,カジョウロッコツ,
10084171,神経筋性側弯症,シンケイキンセイソクワンショウ,
10084174,ＡＳＴ／血小板比指数,ASTケッショウバンヒシスウ,
10084175,ＡＳＴ／血小板比指数増加,ASTケッショウバンヒシスウゾウカ,
10084177,腫瘍内血腫,シュヨウナイケッシュ,
10084179,仮性動脈瘤感染,カセイドウミャクリュウカンセン,
10084184,プロトロンビン指数,プロトロンビンシスウ,
10084187,顔面上肢ジストニア発作,ガンメンジョウシジストニアホッサ,
10084190,血小板ストレージプール病,ケッショウバンストレージプールビョウ,
10084193,ＡＤＳＬ遺伝子変異,ADSLイデンシヘンイ,
10084197,認知不能,ニンチフノウ,
10084199,供血,キョウケツ,
10084201,性感染症検査,セイカンセンショウケンサ,
10084202,椎間板偽性膨隆,ツイカンバンギセイボウリュウ,
10084204,鎌状赤血球腎症,カマジョウセッケッキュウジンショウ,
10084205,モントリオール認知評価異常,モントリオールニンチヒョウカイジョウ,
10084213,射乳反射不良,シャニュウハンシャフリョウ,
10084214,肉芽腫性Ｔ細胞偽リンパ腫,ニクゲシュセイTサイボウギリンパシュ,
10084220,高オルニチン血症・高アンモニア血症・ホモシトルリン尿症症候群,コウオルニチンケッショウコウアンモニアケッショウホモシトルリンニョウショウショウコウグン,コウオルニチンケツショウコウアンモニアケツショウホモシトルリンニョウショウショウコウグン
10084221,治療反応性の消失,チリョウハンノウセイノショウシツ,
10084226,糖鎖抗原２４２増加,トウサコウゲン242ゾウカ,
10084229,胃吸引法,イキュウインホウ,
10084232,トリプル内視鏡検査,トリプルナイシキョウケンサ,
10084233,コンパートメント内圧測定,コンパートメントナイアツソクテイ,
10084235,神経細胞核内封入体病,シンケイサイボウカクナイフウニュウタイビョウ,
10084236,パリスターＷ症候群,パリスターWショウコウグン,
10084237,新生児クローン病,シンセイジクローンビョウ,
10084238,新生児呼吸困難,シンセイジコキュウコンナン,
10084247,胆道閉塞,タンドウヘイソク,
10084249,閉経関連泌尿生殖器症候群,ヘイケイカンレンヒニョウセイショクキショウコウグン,
10084250,埋没耳,マイボツジ,
10084251,先天性ウイルス性肝炎,センテンセイウイルスセイカンエン,
10084252,先天性Ｃ型肝炎感染症,センテンセイCガタカンエンカンセンショウ,
10084253,非対称性泣き顔,ヒタイショウセイナキガオ,
10084257,気分の落ち込み,キブンノオチコミ,
10084258,喉頭クリプトコッカス症,コウトウクリプトコッカスショウ,
10084259,ヘモグロビンレポアー形質,ヘモグロビンレポアーケイシツ,
10084261,腸縫縮術,チョウホウシュクジュツ,
10084262,まだら症,マダラショウ,
10084263,リウマチ検査,リウマチケンサ,
10084264,視神経周囲炎,シシンケイシュウイエン,
10084268,ＣＯＶＩＤ－１９,COVID19,
10084269,コロナウイルス検査陰性,コロナウイルスケンサインセイ,
10084271,ＳＡＲＳ－ＣｏＶ－２検査陽性,SARSCoV2ケンサヨウセイ,
10084273,ＳＡＲＳ－ＣｏＶ－２検査陰性,SARSCoV2ケンサインセイ,
10084274,ニコチン検査陽性,ニコチンケンサヨウセイ,
10084275,ニコチン検査陰性,ニコチンケンサインセイ,
10084276,ニコチン検査,ニコチンケンサ,
10084280,胎児心停止,タイジシンテイシ,
10084284,ヤーガソンテスト,ヤーガソンテスト,
10084286,血小板凝集能検査,ケッショウバンギョウシュウノウケンサ,
10084289,緩和的鎮静,カンワテキチンセイ,
10084292,パドヴァ予測スコア,パドヴァヨソクスコア,
10084296,免疫性胃炎,メンエキセイイエン,
10084303,ジェボンズ症候群,ジェボンズショウコウグン,
10084304,穿孔性腸憩室炎,センコウセイチョウケイシツエン,
10084305,胸膜肺実質線維弾性症,キョウマクハイジッシツセンイダンセイショウ,
10084306,乳児期腸炎を伴う自己炎症性疾患,ニュウジキチョウエンヲトモナウジコエンショウセイシッカン,
10084307,Ｃ－テロペプチド減少,Cテロペプチドゲンショウ,
10084313,顕微鏡的腸炎,ケンビキョウテキチョウエン,
10084317,先天性リンパ管形成不全,センテンセイリンパカンケイセイフゼン,
10084319,オンコセルカ皮膚炎,オンコセルカヒフエン,
10084324,正中頭位,セイチュウトウイ,
10084325,ロビノウ症候群,ロビノウショウコウグン,
10084326,ロバーツ症候群,ロバーツショウコウグン,
10084327,スワイヤー症候群,スワイヤーショウコウグン,
10084332,線維柱帯吸引,センイチュウタイキュウイン,
10084333,心筋壊死マーカー低下,シンキンエシマーカーテイカ,
10084340,人工心臓弁パンヌス,ジンコウシンゾウベンパンヌス,
10084341,鎖骨下動脈解離,サコツカドウミャクカイリ,
10084348,陰嚢蜂巣炎,インノウホウソウエン,
10084349,不動症候群,フドウショウコウグン,
10084353,コロナウイルス検査,コロナウイルスケンサ,
10084354,ＳＡＲＳ－ＣｏＶ－２検査,SARSCoV2ケンサ,
10084361,ガードネレラ検査,ガードネレラケンサ,
10084362,ガードネレラ検査陰性,ガードネレラケンサインセイ,
10084363,２２ｑ１１．２欠失症候群,22q112ケッシツショウコウグン,
10084364,ミトコンドリア心筋症,ミトコンドリアシンキンショウ,
10084368,傍気管嚢胞,ボウキカンノウホウ,
10084371,不適切な人による製品適用,フテキセツナヒトニヨルセイヒンテキヨウ,
10084375,口腔咽頭狭窄,コウクウイントウキョウサク,コウコウイントウキョウサク
10084376,裂手眼振症候群,レッシュガンシンショウコウグン,
10084377,グレイゾーンリンパ腫,グレイゾーンリンパシュ,
10084380,ＣＯＶＩＤ－１９肺炎,COVID19ハイエン,
10084381,コロナウイルス性肺炎,コロナウイルスセイハイエン,
10084384,亜硫酸ガス測定,アリュウサンガスソクテイ,
10084385,マラリア抗原検査,マラリアコウゲンケンサ,
10084389,外耳道拡大術,ガイジドウカクダイジュツ,
10084390,抑うつ尺度スコア増加,ヨクウツシャクドスコアゾウカ,
10084391,外耳道形成,ガイジドウケイセイ,
10084392,上強膜静脈圧上昇,ジョウキョウマクジョウミャクアツジョウショウ,
10084393,職業性伝染病曝露,ショクギョウセイデンセンビョウバクロ,
10084394,ＳＡＲＳ－ＣｏＶ－２の職業性曝露,SARSCoV2ノショクギョウセイバクロ,
10084395,播種性水痘,ハシュセイスイトウ,
10084396,播種性水痘帯状疱疹ウイルス感染,ハシュセイスイトウタイジョウホウシンウイルスカンセン,
10084398,誤った経路,アヤマッタケイロ,
10084399,誤った患者,アヤマッタカンジャ,
10084402,声帯固定症,セイタイコテイショウ,
10084403,小児への企図的製品誤用,ショウニヘノキトテキセイヒンゴヨウ,
10084404,過誤による製品投与欠落,カゴニヨルセイヒントウヨケツラク,
10084406,製品投与の欠落の問題,セイヒントウヨノケツラクノモンダイ,
10084407,耳・脊椎・巨大骨端異形成症,ジセキツイキョダイコッタンイケイセイショウ,ミミセキツイキョダイコツタンイケイセイショウ
10084408,耳口蓋指スペクトラム障害,ジコウガイシスペクトラムショウガイ,ミミコウガイユビスペクトラムショウガイ
10084409,シンツェル症候群,シンツェルショウコウグン,
10084410,ナジェ症候群,ナジェショウコウグン,
10084411,ＫＢＧ症候群,KBGショウコウグン,
10084426,口腔粘膜瘢痕,コウクウネンマクハンコン,コウコウネンマクハンコン
10084427,製品送達メカニズムの問題,セイヒンソウタツメカニズムノモンダイ,
10084430,悪性気道閉塞,アクセイキドウヘイソク,
10084443,ＭＥＲＳ－ＣｏＶ検査,MERSCoVケンサ,
10084444,ＳＡＲＳ－ＣｏＶ－１検査,SARSCoV1ケンサ,
10084445,ＳＡＲＳ－ＣｏＶ－１検査陰性,SARSCoV1ケンサインセイ,
10084446,ＳＡＲＳ－ＣｏＶ－１検査陽性,SARSCoV1ケンサヨウセイ,
10084447,ＭＥＲＳ－ＣｏＶ検査陰性,MERSCoVケンサインセイ,
10084448,ＭＥＲＳ－ＣｏＶ検査陽性,MERSCoVケンサヨウセイ,
10084449,仙腸関節機能障害,センチョウカンセツキノウショウガイ,
10084451,ＣＯＶＩＤ－１９の疑い,COVID19ノウタガイ,
10084453,医療機器関連菌血症,イリョウキキカンレンキンケツショウ,
10084456,ＳＡＲＳ－ＣｏＶ－２曝露,SARSCoV2バクロ,
10084457,ＣＯＶＩＤ－１９免疫,COVID19メンエキ,
10084458,ＣＯＶＩＤ－１９予防,COVID19ヨボウ,
10084460,ＣＯＶＩＤ－１９治療,COVID19チリョウ,
10084461,ＳＡＲＳ－ＣｏＶ－２キャリアー,SARSCoV2キャリアー,
10084468,検疫,ケンエキ,
10084476,性器無感覚,セイキムカンカク,
10084478,血栓後網膜症,ケッセンゴモウマクショウ,
10084479,副咽頭間隙感染,フクイントウカンゲキカンセン,
10084480,ＳＡＲＳ－ＣｏＶ－２検査偽陰性,SARSCoV2ケンサギインセイ,
10084482,動脈血行再建,ドウミャクケッコウサイケン,
10084491,ＳＡＲＳ－ＣｏＶ－２抗体検査陽性,SARSCoV2コウタイケンサヨウセイ,
10084501,ＳＡＲＳ－ＣｏＶ－２抗体検査,SARSCoV2コウタイケンサ,
10084509,ＳＡＲＳ－ＣｏＶ－２抗体検査陰性,SARSCoV2コウタイケンサインセイ,
10084519,手術恐怖,シュジュツキョウフ,
10084527,無菌性海綿静脈洞血栓症,ムキンセイカイメンジョウミャクドウケッセンショウ,
10084530,リーデル葉,リーデルヨウ,
10084531,塊状椎,カイジョウツイ,
10084533,片頭痛ポストドローム,ヘンズツウポストドローム,
10084534,ＤＤＸ３Ｘ症候群,DDX3Xショウコウグン,
10084535,ＰＡＳＨ症候群,PASHショウコウグン,
10084536,寒冷誘発性異常感覚,カンレイユウハツセイイジョウカンカク,
10084543,腎リン脂質症,ジンリンシシツショウ,
10084548,舌硬結,ゼツコウケツ,
10084549,胆嚢憩室,タンノウケイシツ,
10084550,感染性血管炎,カンセンセイケッカンエン,
10084551,口蓋虚脱,コウガイキョダツ,
10084552,眼瞼嚢胞切除,ガンケンノウホウセツジョ,
10084553,ファーター膨大部硬化症,ファーターボウダイブコウカショウ,
10084554,亜急性膵炎,アキュウセイスイエン,
10084555,固定包帯,コテイホウタイ,
10084561,十二指腸球部変形,ジュウニシチョウキュウブヘンケイ,
10084562,ドレナージ,ドレナージ,
10084563,セカンドインパクト症候群,セカンドインパクトショウコウグン,
10084566,ティネッティテスト,ティネッティテスト,
10084567,平衡機能検査,ヘイコウキノウケンサ,
10084568,胆嚢腫瘤,タンノウシュリュウ,
10084569,患者の逃げ出し,カンジャノニゲダシ,
10084570,肺異型腺腫様過形成,ハイイケイセンシュヨウカケイセイ,
10084571,黄斑肥厚,オウハンヒコウ,
10084572,ミオクローヌスジストニア,ミオクローヌスジストニア,
10084577,便ＤＮＡ検査,ベンDNAケンサ,
10084578,便ＤＮＡ検査異常,ベンDNAケンサイジョウ,
10084579,便ＤＮＡ検査偽陽性,ベンDNAケンサギヨウセイ,
10084580,抗うつ薬中断症候群,コウウツヤクチュウダンショウコウグン,
10084581,濾過胞再建,ロカホウサイケン,
10084582,メラノコルチン４受容体欠損,メラノコルチン4ジュヨウタイケッソン,
10084583,便ＤＮＡ検査陰性,ベンDNAケンサインセイ,
10084584,便ＤＮＡ検査正常,ベンDNAケンサセイジョウ,
10084585,便ＤＮＡ検査偽陰性,ベンDNAケンサギインセイ,
10084586,便ＤＮＡ検査陽性,ベンDNAケンサヨウセイ,
10084587,ストレス管理,ストレスカンリ,
10084588,注射部位筋力低下,チュウシャブイキンリョクテイカ,
10084589,ストロング法,ストロングホウ,
10084602,ＳＡＲＳ－ＣｏＶ－２検査偽陽性,SARSCoV2ケンサギヨウセイ,
10084604,ＣＢＬ遺伝子変異,CBLイデンシヘンイ,
10084605,ＫＭＴ２Ａ遺伝子変異,KMT2Aイデンシヘンイ,
10084606,ＣＡＬＲ遺伝子変異,CALRイデンシヘンイ,
10084607,ＰＲＰＦ８遺伝子変異,PRPF8イデンシヘンイ,
10084608,ＳＲＳＦ２遺伝子変異,SRSF2イデンシヘンイ,
10084609,ＴＰ５３遺伝子変異,TP53イデンシヘンイ,
10084610,ＺＲＳＲ２遺伝子変異,ZRSR2イデンシヘンイ,
10084611,ＡＳＸＬ１遺伝子変異,ASXL1イデンシヘンイ,
10084612,ＤＮＭＴ３Ａ遺伝子変異,DNMT3Aイデンシヘンイ,
10084613,ＥＺＨ２遺伝子変異,EZH2イデンシヘンイ,
10084614,ＭＰＬ遺伝子変異,MPLイデンシヘンイ,
10084615,ＮＰＭ１遺伝子変異,NPM1イデンシヘンイ,
10084616,ＳＴＡＧ２遺伝子変異,STAG2イデンシヘンイ,
10084617,Ｕ２ＡＦ１遺伝子変異,U2AF1イデンシヘンイ,
10084618,気管支鏡下肺容量減少療法,キカンシキョウカハイヨウリョウゲンショウリョウホウ,
10084619,ＦＬＴ３遺伝子変異,FLT3イデンシヘンイ,
10084620,ＲＵＮＸ１遺伝子変異,RUNX1イデンシヘンイ,
10084621,ＳＦ３Ｂ１遺伝子変異,SF3B1イデンシヘンイ,
10084622,ＴＥＴ２遺伝子変異,TET2イデンシヘンイ,
10084623,ＷＴ１遺伝子変異,WT1イデンシヘンイ,
10084624,ＰＴＰＮ１１遺伝子変異,PTPN11イデンシヘンイ,
10084625,ＢＣＯＲ遺伝子変異,BCORイデンシヘンイ,
10084626,ＣＥＢＰＡ遺伝子変異,CEBPAイデンシヘンイ,
10084634,治療下の抗体増強陽性,チリョウカノコウタイゾウキョウヨウセイ,
10084635,脈絡膜骨腫,ミャクラクマクコツシュ,
10084636,鼻粘膜毛細血管拡張症,ビネンマクモウサイケッカンカクチョウショウ,
10084637,臍帯動脈血管抵抗増加,サイタイドウミャクケッカンテイコウゾウカ,
10084638,高輝度膵,コウキドスイ,
10084639,ＳＡＲＳ－ＣｏＶ－２性敗血症,SARSCoV2セイハイケツショウ,
10084640,ＳＡＲＳ－ＣｏＶ－２ウイルス血症,SARSCoV2ウイルスケッショウ,SARSCoV2ウイルスケツショウ
10084641,集中治療後症候群,シュウチュウチリョウゴショウコウグン,
10084643,オンライン診療,オンラインシンリョウ,
10084644,眼部インプラント露出,ガンブインプラントロシュツ,
10084652,耳鳴再訓練療法,ジメイサイクンレンリョウホウ,ミミナリサイクンレンリョウホウ
10084653,気管吸引培養,キカンキュウインバイヨウ,
10084679,規格外試験の問題,キカクガイシケンノモンダイ,
10084686,グルタチオン増加,グルタチオンゾウカ,
10084689,薬物送達機器留置,ヤクブツソウタツキキリュウチ,
10084697,限局性腹膜炎,ゲンキョクセイフクマクエン,
10084701,免疫介在性脳症,メンエキカイザイセイノウショウ,
10084707,膀胱腫瘍抗原,ボウコウシュヨウコウゲン,
10084709,アレルギー性真菌性鼻副鼻腔炎,アレルギーセイシンキンセイビフクビクウエン,
10084710,経蝶形骨洞手術,ケイチョウケイコツドウシュジュツ,
10084714,腎脂肪腫,ジンシボウシュ,
10084720,ラベル表示された薬物－疾患相互作用の問題,ラベルヒョウジサレタヤクブツシッカンソウゴサヨウノモンダイ,
10084721,ラベル表示された薬物－薬物相互作用の問題,ラベルヒョウジサレタヤクブツヤクブツソウゴサヨウノモンダイ,
10084722,ラベル表示された薬物－食物相互作用の問題,ラベルヒョウジサレタヤクブツショクモツソウゴサヨウノモンダイ,
10084726,ラベル表示された薬物－アルコール相互作用の問題,ラベルヒョウジサレタヤクブツアルコールソウゴサヨウノモンダイ,
10084731,ＣＤ３４細胞数増加,CD34サイボウスウゾウカ,
10084732,ＣＤ３４細胞数減少,CD34サイボウスウゲンショウ,
10084734,鼓室内注入,コシツナイチュウニュウ,
10084735,脳卒中切除,ノウソッチュウセツジョ,
10084736,小脳アテローム性動脈硬化,ショウノウアテロームセイドウミャクコウカ,
10084737,後天性脳性麻痺,コウテンセイノウセイマヒ,
10084740,経皮的バルーン圧迫,ケイヒテキバルーンアッパク,
10084742,鼻茸を伴わない慢性副鼻腔炎,ハナタケヲトモナワナイマンセイフクビクウエン,
10084743,肝動脈注入ポンプ挿入,カンドウミャクチュウニュウポンプソウニュウ,
10084745,一時的機械的循環補助,イチジテキキカイテキジュンカンホジョ,
10084750,動静脈瘻部位仮性動脈瘤,ドウジョウミャクロウブイカセイドウミャクリュウ,
10084751,肝低潅流,カンテイカンリュウ,
10084752,右房縮小術,ウボウシュクショウジュツ,
10084753,動静脈グラフト部位仮性動脈瘤,ドウジョウミャクグラフトブイカセイドウミャクリュウ,
10084758,過剰な歯肉露出,カジョウナシニクロシュツ,
10084760,グロボトリアオシルスフィンゴシン増加,グロボトリアオシルスフィンゴシンゾウカ,
10084761,反応性毛細血管内皮増殖,ハンノウセイモウサイケッカンナイヒゾウショク,
10084762,処置中止,ショチチュウシ,
10084765,免疫性胆汁うっ滞,メンエキセイタンジュウウッタイ,
10084766,ラブリュン症候群,ラブリュンショウコウグン,
10084767,小児多系統炎症性症候群,ショウニタケイトウエンショウセイショウコウグン,
10084773,乳房インプラント触知,ニュウボウインプラントショクチ,
10084774,反復開放塗布試験,ハンプクカイホウトフシケン,
10084779,臍帯血性大腸炎症候群,サイタイケツセイダイチョウエンショウコウグン,
10084780,ゼイチ・ケイド症候群,ゼイチケイドショウコウグン,
10084781,声帯紅斑,セイタイコウハン,
10084782,声帯弓状変化,セイタイキュウジョウヘンカ,
10084783,酸素化指数,サンソカシスウ,
10084787,ＨＥＲ２変異陽性非小細胞肺癌,HER2ヘンイヨウセイヒショウサイボウハイガン,
10084789,相同組み換え修復欠損の検査陽性の進行卵巣癌,ソウドウクミカエシュウフクケッソンノケンサヨウセイノシンコウランソウガン,
10084792,薬物代謝物濃度,ヤクブツタイシャブツノウド,
10084793,薬物代謝物濃度高値,ヤクブツタイシャブツノウドコウチ,
10084794,外用剤密封療法,ガイヨウザイミップウリョウホウ,
10084795,腹腔内血管損傷,フククウナイケッカンソンショウ,フックウナイケッカンソンショウ
10084796,肝外胆管損傷,カンガイタンカンソンショウ,
10084797,フラッド症候群,フラッドショウコウグン,
10084803,腹腔内臓器裂離,フククウナイゾウキレツリ,フックウナイゾウキレツリ
10084806,冠状静脈洞損傷,カンジョウジョウミャクドウソンショウ,
10084809,注射部位筋萎縮,チュウシャブイキンイシュク,
10084814,悪性頭蓋咽頭腫,アクセイトウガイイントウシュ,
10084816,眼表面幹細胞移植拒絶反応,ガンヒョウメンカンサイボウイショクキョゼツハンノウ,
10084817,回復期血漿輸血,カイフクキケッショウユケツ,
10084823,ＮＲ５Ａ１遺伝子変異,NR5A1イデンシヘンイ,
10084824,クリプトコッカス髄膜脳炎,クリプトコッカスズイマクノウエン,
10084825,混合型子癇前症,コンゴウガタシカンゼンショウ,
10084826,アエロコッカス・ウリナエ感染,アエロコッカスウリナエカンセン,
10084827,ＤＮＡメチル化異常,DNAメチルカイジョウ,
10084828,免疫性血球減少症,メンエキセイケッキュウゲンショウショウ,
10084829,内臓低潅流,ナイゾウテイカンリュウ,
10084847,ＨＲＤ遺伝子変異検査陽性,HRDイデンシヘンイケンサヨウセイ,
10084848,ＨＲＤ遺伝子変異検査陰性,HRDイデンシヘンイケンサインセイ,
10084849,ＨＲＤ遺伝子変異検査,HRDイデンシヘンイケンサ,
10084853,耳内視鏡検査,ジナイシキョウケンサ,ミミナイシキョウケンサ
10084854,臍帯付着部異常,サイタイフチャクブイジョウ,
10084858,胃梗塞,イコウソク,
10084860,低トランスフェリン血症,テイトランスフェリンケッショウ,テイトランスフェリンケツショウ
10084861,胃虚血,イキョケツ,
10084862,大動脈上動脈幹狭窄,ダイドウミャクジョウドウミャクカンキョウサク,
10084877,クロー徴候,クローチョウコウ,
10084887,デノボプリン合成阻害剤関連急性炎症症候群,デノボプリンゴウセイソガイザイカンレンキュウセイエンショウショウコウグン,
10084900,子宮憩室,シキュウケイシツ,
10084903,角膜白斑症,カクマクハクハンショウ,
10084904,抗血小板薬拮抗療法,コウケッショウバンヤクキッコウリョウホウ,
10084905,汎発性水疱性固定薬疹,ハンパツセイスイホウセイコテイヤクシン,
10084915,ブルンストローム法,ブルンストロームホウ,
10084936,細菌性眼内炎,サイキンセイガンナイエン,
10084938,パートナーを介した妊娠時の母体の曝露,パートナーヲカイシタニンシンジノボタイノバクロ,
10084939,過剰キレート,カジョウキレート,
10084947,好中球／リンパ球比減少,コウチュウキュウリンパキュウヒゲンショウ,
10084948,脾虚血,ヒキョケツ,
10084951,アブレーション後症候群,アブレーションゴショウコウグン,
10084952,抑うつ尺度スコア,ヨクウツシャクドスコア,
10084953,抑うつ尺度スコア減少,ヨクウツシャクドスコアゲンショウ,
10084960,尿潜血,ニョウセンケツ,
10084961,尿潜血陰性,ニョウセンケツインセイ,
10084964,口腔メラノサイト性母斑,コウクウメラノサイトセイボハン,コウコウメラノサイトセイボハン
10084965,自然災害の目撃者,シゼンサイガイノモクゲキシャ,
10084966,軟部組織治療,ナンブソシキチリョウ,
10084967,プリン,プリン,
10084968,トロポニン減少,トロポニンゲンショウ,
10084969,トロポニンＩ異常,トロポニンIイジョウ,
10084970,プリン増加,プリンゾウカ,
10084971,メサンギウムリピドーシス,メサンギウムリピドーシス,
10084972,トロポニンＩ減少,トロポニンIゲンショウ,
10084973,プリン減少,プリンゲンショウ,
10084974,仙腸骨固定,センチョウコツコテイ,
10084975,プリン異常,プリンイジョウ,
10084976,プリン正常,プリンセイジョウ,
10084977,心臓カテーテル除去,シンゾウカテーテルジョキョ,
10084978,後頭骨頚椎固定,コウトウコツケイツイコテイ,
10084979,トロポニン異常,トロポニンイジョウ,
10084980,リンパ管静脈バイパス,リンパカンジョウミャクバイパス,
10084988,中咽頭リンパ組織過形成,チュウイントウリンパソシキカケイセイ,
10084992,統合失調症の陰性症状,トウゴウシッチョウショウノインセイショウジョウ,
10084995,ステノトロフォモナス性菌血症,ステノトロフォモナスセイキンケツショウ,
10084997,持続性複雑死別障害,ジゾクセイフクザツシベツショウガイ,
10085003,サルコイド様反応,サルコイドヨウハンノウ,
10085005,不適正な腹膜透析,フテキセイナフクマクトウセキ,
10085007,心因性失明,シンインセイシツメイ,
10085010,片側痙攣・片麻痺・てんかん症候群,ヘンソクケイレンヘンマヒテンカンショウコウグン,
10085017,単純ヘルペス気管支炎,タンジュンヘルペスキカンシエン,
10085018,ノロウイルス感染,ノロウイルスカンセン,
10085019,甲状腺自家移植,コウジョウセンジカイショク,
10085020,耳臭,ジシュウ,
10085025,免疫性下垂体炎,メンエキセイカスイタイエン,
10085026,免疫性食道炎,メンエキセイショクドウエン,
10085030,バルボタージ,バルボタージ,
10085031,若年欠神てんかん,ジャクネンケッシンテンカン,
10085032,血中ストロンチウム増加,ケッチュウストロンチウムゾウカ,
10085033,急速交互運動検査異常,キュウソクコウゴウンドウケンサイジョウ,
10085040,超音波気管支鏡下針生検,チョウオンパキカンシキョウカシンセイケン,
10085042,若年性足底皮膚症,ジャクネンセイソクテイヒフショウ,
10085044,左心耳閉鎖インプラント,サシンジヘイサインプラント,
10085045,大網出血,ダイモウシュッケツ,タイモウシュッケツ
10085047,ＣＹＰ２Ｃ９遺伝子状態検査,CYP2C9イデンシジョウタイケンサ,
10085048,遊離体除去,ユウリタイジョキョ,
10085049,心臓脂肪腫,シンゾウシボウシュ,
10085053,自己臭恐怖症,ジコシュウキョウフショウ,
10085055,副鼻腔腫瘤,フクビクウシュリュウ,
10085056,二分尿管,ニブンニョウカン,
10085059,閉塞性網膜血管炎,ヘイソクセイモウマクケッカンエン,
10085063,腰仙部神経根・神経叢障害,ヨウセンブシンケイコンシンケイソウショウガイ,
10085064,ストラジェスコ・ワシレンコ分類,ストラジェスコワシレンコブンルイ,
10085065,結腸尿道瘻,ケッチョウニョウドウロウ,
10085066,疎成長期毛症候群,ソセイチョウキモウショウコウグン,
10085067,血管周囲類上皮細胞腫瘍,ケッカンシュウイルイジョウヒサイボウシュヨウ,
10085069,免疫介在性膀胱炎,メンエキカイザイセイボウコウエン,
10085070,出血性閉塞性網膜血管炎,シュッケツセイヘイソクセイモウマクケッカンエン,
10085074,腫瘍随伴性紅痛症,シュヨウズイハンセイコウツウショウ,
10085075,リンパ球除去,リンパキュウジョキョ,
10085076,ＨＣｏＶ－２２９Ｅ感染,HCoV229Eカンセン,
10085077,ＨＣｏＶ－ＯＣ４３感染,HCoVOC43カンセン,
10085078,ＨＣｏＶ－ＮＬ６３感染,HCoVNL63カンセン,
10085079,ＨＣｏＶ－ＨＫＵ１感染,HCoVHKU1カンセン,
10085080,先天性ＣＯＶＩＤ－１９,センテンセイCOVID19,
10085084,再発性乳輪下膿瘍,サイハツセイニュウリンカノウヨウ,
10085085,皮膚硬化症候群,ヒフコウカショウコウグン,
10085087,治療遅延,チリョウチエン,
10085091,腫瘍遺伝子変異量高値癌,シュヨウイデンシヘンイリョウコウチガン,
10085093,頭蓋顔面損傷,トウガイガンメンソンショウ,
10085094,ファーター乳頭硬化症,ファーターニュウトウコウカショウ,
10085095,腹膜カテーテル挿入,フクマクカテーテルソウニュウ,
10085097,歯肉瘢痕,シニクハンコン,
10085102,ブレイクスルー溶血,ブレイクスルーヨウケツ,
10085104,長頭,チョウトウ,
10085105,後根神経節高周波,コウコンシンケイセツコウシュウハ,
10085112,乱視矯正角膜切開,ランシキョウセイカクマクセッカイ,
10085114,漿液腫ドレナージ,ショウエキシュドレナージ,
10085115,腹壁開放,フクヘキカイホウ,
10085116,腎診査,ジンシンサ,
10085117,尿管腎杯吻合,ニョウカンジンパイフンゴウ,
10085120,肝胆道磁気共鳴画像,カンタンドウジキキョウメイガゾウ,
10085121,肝胆道磁気共鳴画像異常,カンタンドウジキキョウメイガゾウイジョウ,
10085122,未熟顆粒球数,ミジュクカリュウキュウスウ,
10085123,濾胞性リンパ腫第１期,ロホウセイリンパシュダイ1キ,
10085124,好中球／リンパ球比,コウチュウキュウリンパキュウヒ,
10085125,濾胞性リンパ腫第２期,ロホウセイリンパシュダイ2キ,
10085126,濾胞性リンパ腫第４期,ロホウセイリンパシュダイ4キ,
10085127,濾胞性リンパ腫第３期,ロホウセイリンパシュダイ3キ,
10085128,濾胞性リンパ腫,ロホウセイリンパシュ,
10085136,出血性胃腸炎,シュッケツセイイチョウエン,
10085142,検眼治療,ケンガンチリョウ,
10085145,Ｅ型肝炎ＲＮＡ,EガタカンエンRNA,
10085146,遠隔転移を伴う虫垂癌,エンカクテンイヲトモナウチュウスイガン,
10085163,強膜血腫,キョウマクケッシュ,
10085166,ホロトランスコバラミン減少,ホロトランスコバラミンゲンショウ,
10085168,寒冷ショック反応,カンレイショックハンノウ,
10085171,尿道陰嚢瘻,ニョウドウインノウロウ,
10085172,歯科インプラント除去,シカインプラントジョキョ,
10085173,帽状腱膜下膿瘍,ボウジョウケンマクカノウヨウ,
10085175,エナメル上皮線維腫,エナメルジョウヒセンイシュ,
10085176,幻想振動症候群,ゲンソウシンドウショウコウグン,
10085179,インパルス振動測定,インパルスシンドウソクテイ,
10085180,定量的感覚検査,テイリョウテキカンカクケンサ,
10085181,気管圧迫,キカンアッパク,
10085182,一時的経静脈ペーシング,イチジテキケイジョウミャクペーシング,
10085188,電子たばこあるいはベイピングによる製品使用関連肺傷害（可能性）,デンシタバコアルイハベイピングニヨルセイヒンシヨウカンレンハイショウガイカノウセイ,
10085189,電子たばこあるいはベイピングによる製品使用関連肺傷害（確定）,デンシタバコアルイハベイピングニヨルセイヒンシヨウカンレンハイショウガイカクテイ,
10085198,毛包性湿疹,モウホウセイシッシン,
10085199,良性胸腺腫,リョウセイキョウセンシュ,
10085200,フラミンガムリスクスコア,フラミンガムリスクスコア,
10085219,ループスアンチコアグラント陽性低プロトロンビン血症症候群,ループスアンチコアグラントヨウセイテイプロトロンビンケッショウショウコウグン,ループスアンチコアグラントヨウセイテイプロトロンビンケツショウショウコウグン
10085221,インスリン療法,インスリンリョウホウ,
10085224,副鼻腔粘液膿嚢胞,フクビクウネンエキノウノウホウ,
10085233,自己破壊的行動,ジコハカイテキコウドウ,
10085237,股関節ローテーターカフ損傷,コカンセツローテーターカフソンショウ,
10085239,ＪＡＧ１遺伝子変異,JAG1イデンシヘンイ,
10085242,慢性冠症候群,マンセイカンショウコウグン,
10085244,遺伝性肺動脈性肺高血圧症,イデンセイハイドウミャクセイハイコウケツアツショウ,
10085246,身体改造,シンタイカイゾウ,
10085248,術後リンパ嚢腫,ジュツゴリンパノウシュ,
10085250,脳実質外動脈塞栓症,ノウジッシツガイドウミャクソクセンショウ,
10085251,眼窩腫脹,ガンカシュチョウ,
10085252,涙腺・耳介・歯・指症候群,ルイセンジカイシシショウコウグン,ルイセンジカイハユビショウコウグン
10085254,尿中癌細胞陽性,ニョウチュウガンサイボウヨウセイ,
10085255,頭部磁気共鳴画像,トウブジキキョウメイガゾウ,
10085256,頭部磁気共鳴画像異常,トウブジキキョウメイガゾウイジョウ,
10085257,頭部磁気共鳴画像正常,トウブジキキョウメイガゾウセイジョウ,
10085267,メルケル細胞ポリオーマウイルス感染,メルケルサイボウポリオーマウイルスカンセン,
10085270,口腔内装置装着,コウクウナイソウチソウチャク,コウコウナイソウチソウチャク
10085278,胆嚢コンピュータ断層撮影,タンノウコンピュータダンソウサツエイ,
10085280,線維腺腫様乳腺症,センイセンシュヨウニュウセンショウ,
10085281,扁平足再建,ヘンペイソクサイケン,
10085282,腸脂肪腫症,チョウシボウシュショウ,
10085284,心臓ポリープ,シンゾウポリープ,
10085287,肛門淋菌感染,コウモンリンキンカンセン,
10085291,歯肉検査,シニクケンサ,
10085292,先端恐怖症,センタンキョウフショウ,
10085294,後天性左室流出路閉塞,コウテンセイサシツリュウシュツロヘイソク,
10085295,人工心臓弁線維症,ジンコウシンゾウベンセンイショウ,
10085296,人工心臓弁石灰化,ジンコウシンゾウベンセッカイカ,
10085298,頚静脈出血,ケイジョウミャクシュッケツ,
10085310,腸間膜動脈塞栓術,チョウカンマクドウミャクソクセンジュツ,
10085311,腰動脈塞栓術,ヨウドウミャクソクセンジュツ,
10085315,悪性脊髄圧迫,アクセイセキズイアッパク,
10085320,ワイセラ感染,ワイセラカンセン,
10085324,乳頭のレイノー現象,ニュウトウノレイノーゲンショウ,
10085325,カテーテル血栓溶解療法,カテーテルケッセンヨウカイリョウホウ,
10085326,頭頂葉てんかん,トウチョウヨウテンカン,
10085330,末梢動脈ステント除去,マッショウドウミャクステントジョキョ,
10085346,腎臓限局型血栓性微小血管症,ジンゾウゲンキョクガタケッセンセイビショウケッカンショウ,
10085347,被包化膵壊死,ヒホウカスイエシ,
10085348,バイオテンシオメトリー,バイオテンシオメトリー,
10085349,頚原性嚥下障害,ケイゲンセイエンゲショウガイ,
10085352,免疫性肺疾患,メンエキセイハイシッカン,
10085355,骨新生物切除,コツシンセイブツセツジョ,
10085357,後天性低カルシウム尿性高カルシウム血症,コウテンセイテイカルシウムニョウセイコウカルシウムケッショウ,コウテンセイテイカルシウムニョウセイコウカルシウムケツショウ
10085362,遺伝性耳硬化症,イデンセイジコウカショウ,イデンセイミミコウカショウ
10085363,テープストリッピング法,テープストリッピングホウ,
10085364,肺静脈性肺高血圧症,ハイジョウミャクセイハイコウケツアツショウ,
10085365,経表皮水分蒸散量測定,ケイヒョウヒスイブンジョウサンリョウソクテイ,
10085366,心臓治療手技,シンゾウチリョウシュギ,
10085367,皮膚吸引水疱液検査,ヒフキュウインスイホウエキケンサ,
10085368,子宮頚部瘢痕,シキュウケイブハンコン,
10085369,胃腸吻合部出血,イチョウフンゴウブシュッケツ,
10085372,粘液腫,ネンエキシュ,
10085373,瘢痕の炎症,ハンコンノエンショウ,
10085377,三叉神経刺激,サンサシンケイシゲキ,
10085378,ヒドロキシアパタイト結晶沈着症,ヒドロキシアパタイトケッショウチンチャクショウ,
10085379,ケーラー心臓顔症候群,ケーラーシンゾウガンショウコウグン,
10085388,ストーマヘルニア修復,ストーマヘルニアシュウフク,
10085389,内分泌系検査,ナイブンピケイケンサ,ナイブンピツケイケンサ
10085390,肺動脈圧迫,ハイドウミャクアッパク,
10085391,瘢痕ヘルニア穿孔,ハンコンヘルニアセンコウ,
10085406,視神経乳頭周囲色素沈着,シシンケイニュウトウシュウイシキソチンチャク,
10085407,偽前房蓄膿,ギゼンボウチクノウ,
10085408,食物蛋白誘発胃腸炎症候群,ショクモツタンパクユウハツイチョウエンショウコウグン,
10085409,後天性骨癒合症,コウテンセイコツユゴウショウ,
10085418,後腹膜障害,コウフクマクショウガイ,
10085419,壊死性リンパ節症,エシセイリンパセツショウ,
10085423,重度月経出血,ジュウドゲッケイシュッケツ,
10085424,異常子宮出血,イジョウシキュウシュッケツ,
10085425,敗血症性心内膜炎,ハイケツショウセイシンナイマクエン,
10085426,不適切な製品中断計画,フテキセツナセイヒンチュウダンケイカク,
10085431,ＨＥＲ２陽性唾液腺癌,HER2ヨウセイダエキセンガン,
10085433,結膜菲薄化,ケツマクヒハクカ,
10085436,熱凝固,ネツギョウコ,
10085438,抗ＬＲＰ２腎症,コウLRP2ジンショウ,
10085439,抗メラノーマ分化関連蛋白５抗体陽性,コウメラノーマブンカカンレンタンパク5コウタイヨウセイ,
10085442,冷凍麻酔,レイトウマスイ,
10085443,系統転換白血病,ケイトウテンカンハッケツビョウ,
10085447,クロード症候群,クロードショウコウグン,
10085448,ウェーバー症候群,ウェーバーショウコウグン,
10085451,ベネディクト症候群,ベネディクトショウコウグン,
10085455,チオレドキシン還元酵素活性,チオレドキシンカンゲンコウソカッセイ,
10085456,膀胱ヘルニア,ボウコウヘルニア,
10085461,クロストリジウム・ディフィシレ感染ＡＴＬＡＳスコア,クロストリジウムディフィシレカンセンATLASスコア,
10085462,播種性血管内凝固ＩＳＴＨスコア,ハシュセイケッカンナイギョウコISTHスコア,
10085463,出血量評価,シュッケツリョウヒョウカ,
10085464,中毒重症度スコア,チュウドクジュウショウドスコア,
10085465,血液脳関門破綻療法,ケツエキノウカンモンハタンリョウホウ,
10085466,アナフィラキシー後肥満細胞アネルギー,アナフィラキシーゴヒマンサイボウアネルギー,
10085467,死戦期呼吸,シセンキコキュウ,
10085481,ホルモン受容体陽性ＨＥＲ２陰性乳癌,ホルモンジュヨウタイヨウセイHER2インセイニュウガン,
10085482,卵巣位置移動,ランソウイチイドウ,
10085483,フィブリノゲン分解産物増加,フィブリノゲンブンカイサンブツゾウカ,
10085484,射精管嚢胞,シャセイカンノウホウ,
10085492,ワクチン由来ＳＡＲＳ－ＣｏＶ－２感染,ワクチンユライSARSCoV2カンセン,
10085493,ＳＡＲＳ－ＣｏＶ－２ＲＮＡ,SARSCoV2RNA,
10085494,ＳＡＲＳ－ＣｏＶ－２ＲＮＡ検出不能,SARSCoV2RNAケンシュツフノウ,
10085495,ＳＡＲＳ－ＣｏＶ－２ＲＮＡ増加,SARSCoV2RNAゾウカ,
10085496,ＳＡＲＳ－ＣｏＶ－２ＲＮＡ減少,SARSCoV2RNAゲンショウ,
10085497,ＳＡＲＳ－ＣｏＶ－２ＲＮＡ変動,SARSCoV2RNAヘンドウ,
10085503,急性ＣＯＶＩＤ－１９後症候群,キュウセイCOVID19ゴショウコウグン,
10085507,Ｂ細胞除去後の回復,Bサイボウジョキョゴノカイフク,
10085508,ＣＡＲ－Ｔ細胞持続性の消失,CARTサイボウジゾクセイノショウシツ,
10085518,皮膚Ｂ細胞リンパ腫,ヒフBサイボウリンパシュ,
10085519,放射線化学療法,ホウシャセンカガクリョウホウ,
10085520,フィネガンスコア増加,フィネガンスコアゾウカ,
10085521,錐体－杆体ジストロフィー,スイタイカンタイジストロフィー,
10085525,小脳扁桃偏位,ショウノウヘントウヘンイ,
10085526,細菌性筋炎,サイキンセイキンエン,
10085527,気管支ポリープ切除,キカンシポリープセツジョ,
10085529,剣状突起切除,ケンジョウトッキセツジョ,
10085530,ＣＯＶＩＤ－１９スクリーニング,COVID19スクリーニング,
10085531,細菌性歯肉炎,サイキンセイシニクエン,
10085532,肩関節内ハイドロダイレーション,カタカンセツナイハイドロダイレーション,
10085542,上斜筋ミオキミア,ジョウシャキンミオキミア,
10085543,神経原性骨折,シンケイゲンセイコッセツ,
10085544,尿道瘻造設,ニョウドウロウゾウセツ,
10085545,陰茎壊疽,インケイエソ,
10085546,免疫介在性神経障害,メンエキカイザイセイシンケイショウガイ,
10085547,免疫介在性副腎機能不全,メンエキカイザイセイフクジンキノウフゼン,
10085548,メタニューモウイルス細気管支炎,メタニューモウイルスサイキカンシエン,
10085549,パラインフルエンザウイルス気管支炎,パラインフルエンザウイルスキカンシエン,
10085550,メタニューモウイルス肺炎,メタニューモウイルスハイエン,
10085551,レンサ球菌性気管支炎,レンサキュウキンセイキカンシエン,
10085552,コクサッキー気管支炎,コクサッキーキカンシエン,
10085561,ホルモン受容体陰性ＨＥＲ２陽性乳癌,ホルモンジュヨウタイインセイHER2ヨウセイニュウガン,
10085563,骨髄再構築遅延,コツズイサイコウチクチエン,
10085573,サイトカイン増加,サイトカインゾウカ,
10085576,根治的精巣摘除,コンチテキセイソウテキジョ,
10085585,骨－髄膜瘻孔,コツズイマクロウコウ,
10085586,小脳吸収値低下,ショウノウキュウシュウチテイカ,
10085595,結膜下線維症,ケツマクカセンイショウ,
10085596,骨セメント注入症候群,コツセメントチュウニュウショウコウグン,
10085600,急性無菌性関節炎,キュウセイムキンセイカンセツエン,
10085610,肝性糖尿病,カンセイトウニョウビョウ,
10085611,絞扼性痔核,コウヤクセイジカク,
10085612,ストレス潰瘍出血,ストレスカイヨウシュッケツ,
10085613,包皮浮腫,ホウヒフシュ,
10085626,スカンジナビア脳卒中スケール,スカンジナビアノウソッチュウスケール,
10085627,十二指腸破裂,ジュウニシチョウハレツ,
10085628,放射線性気管支炎,ホウシャセンセイキカンシエン,
10085631,放射線リンパ浮腫,ホウシャセンリンパフシュ,
10085633,上咽頭スワブ,ジョウイントウスワブ,
10085634,尿中免疫グロブリンＧ増加,ニョウチュウメンエキグロブリンGゾウカ,
10085635,リンパ節超音波検査,リンパセツチョウオンパケンサ,
10085636,瘢痕部不快感,ハンコンブフカイカン,
10085637,歯の修復,ハノシュウフク,
10085644,放射線性貧血,ホウシャセンセイヒンケツ,
10085645,子宮肉芽腫,シキュウニクゲシュ,
10085653,赤血球電気泳動指数増加,セッケッキュウデンキエイドウシスウゾウカ,
10085656,アルコール性脳症,アルコールセイノウショウ,
10085657,口腔顔面肉芽腫症,コウクウガンメンニクゲシュショウ,コウコウガンメンニクゲシュショウ
10085658,歯根穿孔,シコンセンコウ,
10085660,結膜欠損,ケツマクケッソン,
10085663,淡明細胞乳頭状腎細胞癌,タンメイサイボウニュウトウジョウジンサイボウガン,
10085665,鎖骨上窩痛,サコツジョウカツウ,
10085667,尿中トランスフェリン増加,ニョウチュウトランスフェリンゾウカ,
10085670,末梢神経超音波検査,マッショウシンケイチョウオンパケンサ,
10085672,強膜形成,キョウマクケイセイ,
10085681,糖鎖抗原２４２,トウサコウゲン242,
10085683,アビトロフィア・デフェクティバ性心内膜炎,アビトロフィアデフェクティバセイシンナイマクエン,
10085684,侵襲性肺炎桿菌症候群,シンシュウセイハイエンカンキンショウコウグン,
10085689,胎児血管潅流障害,タイジケッカンカンリュウショウガイ,
10085693,口蓋垂偏位,コウガイスイヘンイ,
10085695,シンプソン・ゴラビ・ベーメル症候群,シンプソンゴラビベーメルショウコウグン,
10085701,悪露滞留,オロタイリュウ,
10085704,カタスレニア,カタスレニア,
10085706,キャビンフィーバー,キャビンフィーバー,
10085708,吸角療法,キュウカクリョウホウ,
10085709,サイトケラチン１９,サイトケラチン19,
10085710,サイトケラチン１９減少,サイトケラチン19ゲンショウ,
10085726,腹壁洞,フクヘキドウ,
10085728,ＣＨＡＰＬＥ症候群,CHAPLEショウコウグン,
10085731,術後凝固能亢進,ジュツゴギョウコノウコウシン,
10085732,眼瞼脂肪,ガンケンシボウ,
10085733,錯聴,サクチョウ,
10085734,楕円瞳孔,ダエンドウコウ,
10085739,口腔ワクチン接種部位病変,コウクウワクチンセッシュブイビョウヘン,コウコウワクチンセッシュブイビョウヘン
10085740,非確定的結核菌検査,ヒカクテイテキケッカクキンケンサ,
10085741,非確定的検査結果,ヒカクテイテキケンサケッカ,
10085742,鎖骨下動脈硬化症,サコツカドウミャクコウカショウ,
10085753,末梢脊椎関節炎,マッショウセキツイカンセツエン,
10085756,心房補充調律,シンボウホジュウチョウリツ,
10085758,眼瞼反転,ガンケンホンテン,
10085759,増殖性奇形腫症候群,ゾウショクセイキケイシュショウコウグン,
10085762,真菌性乳様突起炎,シンキンセイニュウヨウトッキエン,
10085765,皮弁術,ヒベンジュツ,
10085766,播種状表在性光線性汗孔角化症,ハシュジョウヒョウザイセイコウセンセイカンコウカクカショウ,
10085767,直腸神経内分泌腫瘍,チョクチョウシンケイナイブンピシュヨウ,チョクチョウシンケイナイブンピツシュヨウ
10085774,微小骨折手術,ビショウコッセツシュジュツ,
10085777,トロンビン生成試験,トロンビンセイセイシケン,
10085778,重症皮膚副作用,ジュウショウヒフフクサヨウ,
10085779,内頚動脈偽閉塞,ナイケイドウミャクギヘイソク,
10085780,先天性くも膜嚢胞,センテンセイクモマクノウホウ,
10085781,子宮動脈塞栓術,シキュウドウミャクソクセンジュツ,
10085782,肺高分解能コンピュータ断層撮影,ハイコウブンカイノウコンピュータダンソウサツエイ,
10085796,メッケル腔腫瘍,メッケルクウシュヨウ,
10085801,細菌感染指数増加,サイキンカンセンシスウゾウカ,
10085806,抗ミエリンオリゴデンドロサイト糖蛋白抗体関連疾患,コウミエリンオリゴデンドロサイトトウタンパクコウタイカンレンシッカン,
10085821,腸骨動脈硬化症,チョウコツドウミャクコウカショウ,
10085831,黄斑部チェリーレッドスポット,オウハンブチェリーレッドスポット,
10085832,角膜裂傷,カクマクレッショウ,
10085848,遺残虫垂炎,イザンチュウスイエン,
10085849,上腸間膜動脈解離,ジョウチョウカンマクドウミャクカイリ,
10085850,成人多系統炎症性症候群,セイジンタケイトウエンショウセイショウコウグン,
10085856,睡眠恐怖症,スイミンキョウフショウ,
10085858,医療機器調整,イリョウキキチョウセイ,
10085859,免疫抑制剤濃度異常,メンエキヨクセイザイノウドイジョウ,
10085860,ＶＥＸＡＳ症候群,VEXASショウコウグン,
10085861,アデノウイルス性間質性腎炎,アデノウイルスセイカンシツセイジンエン,
10085864,肝神経内分泌腫瘍,カンシンケイナイブンピシュヨウ,カンシンケイナイブンピツシュヨウ
10085871,色素性類上皮色素細胞腫,シキソセイルイジョウヒシキソサイボウシュ,
10085875,放射線照射部位感染,ホウシャセンショウシャブイカンセン,
10085879,心筋損傷,シンキンソンショウ,
10085881,耳鼻咽喉障害,ジビインコウショウガイ,
10085882,ＰＵＲＡ症候群,PURAショウコウグン,
10085884,肛門性器扁平苔癬,コウモンセイキヘンペイタイセン,
10085888,穿刺部位炎症,センシブイエンショウ,
10085893,胆嚢血腫,タンノウケッシュ,
10085900,大網炎,ダイモウエン,タイモウエン
10085901,尿中フィブリノゲン増加,ニョウチュウフィブリノゲンゾウカ,
10085905,遺伝性小球性貧血,イデンセイショウキュウセイヒンケツ,
10085907,外傷性心臓損傷,ガイショウセイシンゾウソンショウ,
10085912,抗甲状腺抗体増加,コウコウジョウセンコウタイゾウカ,
10085915,頭部超音波検査,トウブチョウオンパケンサ,
10085916,頭部超音波検査異常,トウブチョウオンパケンサイジョウ,
10085917,頭部超音波検査正常,トウブチョウオンパケンサセイジョウ,
10085919,脈波伝播速度,ミャクハデンパソクド,
10085920,腎盂瘻造設,ジンウロウゾウセツ,
10085921,低インスリン症,テイインスリンショウ,
10085922,鋸歯状ポリポーシス症候群,キョシジョウポリポーシスショウコウグン,
10085923,緑色爪症候群,リョクショクソウショウコウグン,
10085924,耳の炎症,ミミノエンショウ,
10085933,ダニ除去,ダニジョキョ,
10085934,血管確保部位蜂巣炎,ケッカンカクホブイホウソウエン,
10085935,血管確保部位壊死,ケッカンカクホブイエシ,
10085936,血管確保部位膿瘍,ケッカンカクホブイノウヨウ,
10085937,血管確保部位潰瘍,ケッカンカクホブイカイヨウ,
10085938,血管確保部位皮膚炎,ケッカンカクホブイヒフエン,
10085939,血管確保部位湿疹,ケッカンカクホブイシッシン,
10085940,小腸神経内分泌腫瘍,ショウチョウシンケイナイブンピシュヨウ,ショウチョウシンケイナイブンピツシュヨウ
10085941,血管確保部位過敏反応,ケッカンカクホブイカビンハンノウ,
10085942,大静脈造影,ダイジョウミャクゾウエイ,
10085943,ヘモグロビンＪ陽性,ヘモグロビンJヨウセイ,
10085944,出血性小脳梗塞,シュッケツセイショウノウコウソク,
10085945,血管確保部位変色,ケッカンカクホブイヘンショク,
10085946,血管確保部位異常感覚,ケッカンカクホブイイジョウカンカク,
10085959,細菌性胸膜炎,サイキンセイキョウマクエン,
10085960,甲状腺新生物切除,コウジョウセンシンセイブツセツジョ,
10085970,特発性炎症性ミオパチー,トクハツセイエンショウセイミオパチー,
10085971,補足運動野症候群,ホソクウンドウヤショウコウグン,
10085972,ヘモクロマトーシスキャリアー,ヘモクロマトーシスキャリアー,
10085974,譫妄評価法,センモウヒョウカホウ,
10085977,肛門嚢胞,コウモンノウホウ,
10085983,デングウイルス検査,デングウイルスケンサ,
10085984,抗ポリエチレングリコール抗体陽性,コウポリエチレングリコールコウタイヨウセイ,
10085985,抗ポリエチレングリコール抗体陰性,コウポリエチレングリコールコウタイインセイ,
10085989,レクレルシア性菌血症,レクレルシアセイキンケツショウ,
10085990,ＢＣＧ関連膀胱炎,BCGカンレンボウコウエン,
10085995,顆粒球百分率増加,カリュウキュウヒャクブンリツゾウカ,
10085996,顆粒球百分率減少,カリュウキュウヒャクブンリツゲンショウ,
10085997,神経障害性そう痒症,シンケイショウガイセイソウヨウショウ,
10085998,免疫エフェクター細胞脳症スコア,メンエキエフェクターサイボウノウショウスコア,
10086004,尿管細胞診,ニョウカンサイボウシン,
10086006,後天性第Ｖ因子欠乏症,コウテンセイダイ5インシケツボウショウ,
10086007,アレルギー性リンパ管炎,アレルギーセイリンパカンエン,
10086008,アトロピン負荷試験,アトロピンフカシケン,
10086017,三次性副腎不全,サンジセイフクジンフゼン,
10086030,放射免疫療法,ホウシャメンエキリョウホウ,
10086034,角膜上皮増殖,カクマクジョウヒゾウショク,
10086039,母乳提供者,ボニュウテイキョウシャ,
10086040,水晶体フェザリング,スイショウタイフェザリング,
10086041,慢性肺移植片対宿主病,マンセイハイイショクヘンタイシュクシュビョウ,
10086042,歯の放射線関連障害,ハノホウシャセンカンレンショウガイ,
10086043,Ｂ型肝炎免疫確立,Bガタカンエンメンエキカクリツ,
10086044,Ａ型肝炎免疫確立,Aガタカンエンメンエキカクリツ,
10086045,Ｅ型肝炎免疫確立,Eガタカンエンメンエキカクリツ,
10086046,生殖器瘢痕,セイショクキハンコン,
10086047,重金属正常,ジュウキンゾクセイジョウ,
10086048,重金属減少,ジュウキンゾクゲンショウ,
10086049,重金属異常,ジュウキンゾクイジョウ,
10086050,重金属増加,ジュウキンゾクゾウカ,
10086051,重金属検査,ジュウキンゾクケンサ,
10086059,遺残尿膜管切除,イザンニョウマクカンセツジョ,
10086061,便脂肪検査,ベンシボウケンサ,
10086065,リウマチ性髄膜炎,リウマチセイズイマクエン,
10086077,悪性胃潰瘍,アクセイイカイヨウ,
10086078,慢性心房腸異常調律症候群,マンセイシンボウチョウイジョウチョウリツショウコウグン,
10086085,尿管壁肥厚,ニョウカンヘキヒコウ,
10086086,卵管卵巣癒着剥離,ランカンランソウユチャクハクリ,
10086087,腹腔内石灰化,フククウナイセッカイカ,フックウナイセッカイカ
10086088,肝脂肪腫,カンシボウシュ,
10086091,多系統炎症性症候群,タケイトウエンショウセイショウコウグン,
10086092,埋没歯,マイボツシ,
10086093,腸血管障害,チョウケッカンショウガイ,
10086096,三尖弁疾患（混合型）,サンセンベンシッカンコンゴウガタ,
10086097,脳実質外動脈瘤,ノウジッシツガイドウミャクリュウ,
10086098,脳実質外動脈解離,ノウジッシツガイドウミャクカイリ,
10086099,処置後循環器合併症,ショチゴジュンカンキガッペイショウ,
10086100,月経随伴性気胸,ゲッケイズイハンセイキキョウ,
10086101,網膜上膜剥離,モウマクジョウマクハクリ,
10086104,寒冷恐怖症,カンレイキョウフショウ,
10086114,遊走性焦点発作を伴う乳児てんかん,ユウソウセイショウテンホッサヲトモナウニュウジテンカン,
10086116,非感染性乳様突起炎,ヒカンセンセイニュウヨウトッキエン,
10086117,肺コンプライアンス低下,ハイコンプライアンステイカ,
10086118,肺動脈硬化症,ハイドウミャクコウカショウ,
10086119,人工気管再建,ジンコウキカンサイケン,
10086123,斑状皮膚萎縮症,ハンジョウヒフイシュクショウ,
10086126,血管穿刺部位知覚不全,ケッカンセンシブイチカクフゼン,
10086128,ウイルス性脳脊髄炎,ウイルスセイノウセキズイエン,
10086129,細菌性脳脊髄炎,サイキンセイノウセキズイエン,
10086130,急性壊死性脊髄炎,キュウセイエシセイセキズイエン,
10086137,不健康な生活スタイル,フケンコウナセイカツスタイル,
10086138,マンガン欠乏症,マンガンケツボウショウ,
10086139,クロム欠乏症,クロムケツボウショウ,
10086140,亜鉛代謝障害,アエンタイシャショウガイ,
10086141,無カタラーゼ血症,ムカタラーゼケッショウ,ムカタラーゼケツショウ
10086142,モリブデン欠乏症,モリブデンケツボウショウ,
10086143,糖蛋白代謝障害,トウタンパクタイシャショウガイ,
10086144,消化管ホルモン分泌過多,ショウカカンホルモンブンピカタ,ショウカカンホルモンブンピツカタ
10086145,ビタミンＢ６過剰症,ビタミンB6カジョウショウ,
10086146,思春期障害,シシュンキショウガイ,
10086147,バナジウム欠乏症,バナジウムケツボウショウ,
10086148,先天性ラクターゼ欠損症,センテンセイラクターゼケッソンショウ,
10086154,顔面ミオキミア,ガンメンミオキミア,
10086156,脳ノカルジア症,ノウノカルジアショウ,
10086157,抗血小板第４因子抗体陽性,コウケッショウバンダイ4インシコウタイヨウセイ,
10086158,血小板減少症を伴う血栓症,ケッショウバンゲンショウショウヲトモナウケッセンショウ,
10086159,抗血小板第４因子抗体検査,コウケッショウバンダイ4インシコウタイケンサ,
10086160,抗血小板第４因子抗体陰性,コウケッショウバンダイ4インシコウタイインセイ,
10086163,原発性両側副腎皮質大結節性過形成,ゲンパツセイリョウソクフクジンヒシツダイケッセツセイカケイセイ,
10086164,１７－ヒドロキシプロゲステロン,17ヒドロキシプロゲステロン,
10086165,ポルフィロモナス性菌血症,ポルフィロモナスセイキンケツショウ,
10086166,ダーモスコピー,ダーモスコピー,
10086167,カンピロバクター検査,カンピロバクターケンサ,
10086181,ＢＲＵＥ,BRUE,
10086182,補体フラグメントＢｂ増加,ホタイフラグメントBbゾウカ,
10086185,くも膜嚢胞手術,クモマクノウホウシュジュツ,
10086186,半月板症,ハンゲツバンショウ,
10086187,分類不能脊椎関節炎,ブンルイフノウセキツイカンセツエン,
10086189,難聴を伴う母系遺伝糖尿病,ナンチョウヲトモナウボケイイデントウニョウビョウ,
10086190,喉頭蓋谷嚢胞,コウトウガイコクノウホウ,
10086191,頭部インパルス検査,トウブインパルスケンサ,
10086195,周辺部滲出性出血性脈絡網膜症,シュウヘンブシンシュツセイシュッケツセイミャクラクモウマクショウ,
10086196,消化性潰瘍修復,ショウカセイカイヨウシュウフク,
10086201,慢性炎症反応症候群,マンセイエンショウハンノウショウコウグン,
10086202,オピオイド節約療法,オピオイドセツヤクリョウホウ,
10086203,経尿道的膀胱凝固,ケイニョウドウテキボウコウギョウコ,
10086209,ルブラウイルス検査,ルブラウイルスケンサ,
10086210,表在性静脈血栓症,ヒョウザイセイジョウミャクケッセンショウ,
10086211,口腔内検査,コウクウナイケンサ,コウコウナイケンサ
10086212,ブラストシスティス検査,ブラストシスティスケンサ,
10086213,ホロトランスコバラミン検査,ホロトランスコバラミンケンサ,
10086214,アストロウイルス検査,アストロウイルスケンサ,
10086215,臍帯遅延結紮,サイタイチエンケッサツ,
10086217,蛇行状血管腫,ダコウジョウケッカンシュ,
10086218,抗タイチン抗体,コウタイチンコウタイ,
10086219,無菌性膿疱,ムキンセイノウホウ,
10086229,リンパ球／単球比増加,リンパキュウタンキュウヒゾウカ,
10086230,早期再分極症候群,ソウキサイブンキョクショウコウグン,
10086250,後天性冠動脈瘻,コウテンセイカンドウミャクロウ,
10086251,真菌性筋炎,シンキンセイキンエン,
10086255,びまん性浸潤性リンパ球症候群,ビマンセイシンジュンセイリンパキュウショウコウグン,
10086258,組織球症－リンパ節腫大プラス症候群,ソシキキュウショウリンパセツシュダイプラスショウコウグン,
10086270,甲状腺ホルモン検査,コウジョウセンホルモンケンサ,
10086271,ＢＡＲＤ１遺伝子変異,BARD1イデンシヘンイ,
10086273,抗精神病薬療法,コウセイシンビョウヤクリョウホウ,
10086276,多巣性線維性硬化症,タソウセイセンイセイコウカショウ,
10086277,関節瘻,カンセツロウ,
10086278,筋梗塞,キンコウソク,
10086279,リウマチ性滑液包炎,リウマチセイカツエキホウエン,
10086293,腫脹関節数異常,シュチョウカンセツスウイジョウ,
10086294,光感受性発作,ヒカリカンジュセイホッサ,
10086295,心筋ストレインイメージング異常,シンキンストレインイメージングイジョウ,
10086296,ＷＵポリオーマウイルス感染,WUポリオーマウイルスカンセン,
10086297,心筋ストレインイメージング,シンキンストレインイメージング,
10086303,食物蛋白誘発腸症,ショクモツタンパクユウハツチョウショウ,
10086307,右房下大静脈シャント,ウボウカダイジョウミャクシャント,
10086308,後天性右室流出路閉塞,コウテンセイウシツリュウシュツロヘイソク,
10086309,鎮痛解除,チンツウカイジョ,
10086310,医療機器音響の問題,イリョウキキオンキョウノモンダイ,
10086324,緊張性ハムストリング症候群,キンチョウセイハムストリングショウコウグン,
10086342,前眼部血管新生,ゼンガンブケッカンシンセイ,
10086346,ワクチン誘発性抗体陰性,ワクチンユウハツセイコウタイインセイ,
10086347,ポリマーアレルギー,ポリマーアレルギー,
10086352,肢移植,シイショク,
10086353,腰椎屈曲症候群,ヨウツイクッキョクショウコウグン,
10086354,リポ蛋白代謝障害,リポタンパクタイシャショウガイ,
10086355,肩腱板断裂関節症,カタケンバンダンレツカンセツショウ,
10086362,胆嚢ポリープ切除,タンノウポリープセツジョ,
10086363,胸部打聴診音増強,キョウブダチョウシンオンゾウキョウ,
10086364,歯肉縁下掻爬術,シニクエンカソウハジュツ,
10086366,駆出率が軽度低下した心不全,クシュツリツガケイドテイカシタシンフゼン,
10086380,歯科補てつ物除去,シカホテツブツジョキョ,
10086381,骨盤内臓器脱,コツバンナイゾウキダツ,
10086385,同胞抗争障害,ドウホウコウソウショウガイ,
10086390,病気休暇,ビョウキキュウカ,
10086395,眼動脈閉塞,ガンドウミャクヘイソク,
10086396,吸啜・嚥下・呼吸協調運動障害,キュウテツエンゲコキュウキョウチョウウンドウショウガイ,
10086397,気道陽圧療法,キドウヨウアツリョウホウ,
10086403,ワルデンストローム高γグロブリン血症性紫斑病,ワルデンストロームコウガンマグロブリンケッショウセイシハンビョウ,ワルデンストロームコウガンマグロブリンケツショウセイシハンビョウ
10086406,眼動脈瘤,ガンドウミャクリュウ,
10086407,骨盤アライメント不良,コツバンアライメントフリョウ,
10086414,医療機器機能不良なし,イリョウキキキノウフリョウナシ,
10086415,高齢者の偶発的製品曝露,コウレイシャノグウハツテキセイヒンバクロ,
10086416,ナイセリア検査陰性,ナイセリアケンサインセイ,
10086417,腸閉塞手術,チョウヘイソクシュジュツ,
10086418,肝新生物摘出,カンシンセイブツテキシュツ,
10086419,カフェイン依存,カフェインイゾン,
10086420,複合的理学療法,フクゴウテキリガクリョウホウ,
10086421,骨ミネラル喪失,コツミネラルソウシツ,
10086422,羊水指数正常,ヨウスイシスウセイジョウ,
10086423,小膝蓋骨症候群,ショウシツガイコツショウコウグン,
10086425,新生児高血糖,シンセイジコウケットウ,
10086426,動物介在療法,ドウブツカイザイリョウホウ,
10086427,口蓋エキスパンダー除去,コウガイエキスパンダージョキョ,
10086433,ステロイド外用薬離脱反応,ステロイドガイヨウヤクリダツハンノウ,
10086434,カテーテル留置部位神経損傷,カテーテルリュウチブイシンケイソンショウ,
10086435,敗血症性脳塞栓症,ハイケツショウセイノウソクセンショウ,
10086436,貧血網膜症,ヒンケツモウマクショウ,
10086437,腫瘍アブレーション後症候群,シュヨウアブレーションゴショウコウグン,
10086444,急性黄斑神経網膜症,キュウセイオウハンシンケイモウマクショウ,
10086446,製品の後味,セイヒンノアトアジ,
10086448,脳心臓症候群,ノウシンゾウショウコウグン,
10086450,奇異性咬筋膨隆,キイセイコウキンボウリュウ,
10086454,甘味料に対する反応,カンミリョウニタイスルハンノウ,
10086455,胆嚢上皮内腫瘍,タンノウジョウヒナイシュヨウ,
10086456,胆嚢内乳頭状腫瘍,タンノウナイニュウトウジョウシュヨウ,
10086457,呼吸器病原体検出キットによる検査,コキュウキビョウゲンタイケンシュツキットニヨルケンサ,
10086461,ウイルス尿,ウイルスニョウ,
10086462,後天性網膜色素上皮肥大,コウテンセイモウマクシキソジョウヒヒダイ,
10086464,医療機器キャリブレーションの不具合,イリョウキキキャリブレーションノフグアイ,
10086465,血清遊離コルチゾール減少,ケッセイユウリコルチゾールゲンショウ,
10086467,分節性動脈中膜融解,ブンセツセイドウミャクチュウマクユウカイ,
10086468,睡眠関連過運動発作てんかん,スイミンカンレンカウンドウホッサテンカン,
10086470,赤血球異形成,セッケッキュウイケイセイ,
10086476,皮膚充填剤反応,ヒフジュウテンザイハンノウ,
10086483,製品用量の混同,セイヒンヨウリョウノコンドウ,
10086487,トロポニンＣ増加,トロポニンCゾウカ,
10086488,トロポニンＣ減少,トロポニンCゲンショウ,
10086489,腫瘍縮小効果判定,シュヨウシュクショウコウカハンテイ,
10086499,脳内シスチン沈着物,ノウナイシスチンチンチャクブツ,
10086500,静脈血流速度低下,ジョウミャクケツリュウソクドテイカ,
10086501,静脈血流速度上昇,ジョウミャクケツリュウソクドジョウショウ,
10086503,次世代シーケンス解析,ジセダイシーケンスカイセキ,
10086504,全ゲノムシーケンス解析,ゼンゲノムシーケンスカイセキ,
10086509,癌スクリーニング,ガンスクリーニング,
10086510,予防的患者体位変換,ヨボウテキカンジャタイイヘンカン,
10086511,三叉神経ニューロパチー,サンサシンケイニューロパチー,
10086512,性器毛包炎,セイキモウホウエン,
10086519,ジェームズタウンキャニオンウイルス感染,ジェームズタウンキャニオンウイルスカンセン,
10086520,喉頭蓋機能不全,コウトウガイキノウフゼン,
10086521,ジェームズタウンキャニオン脳炎,ジェームズタウンキャニオンノウエン,
10086523,腫瘍血流遮断術,シュヨウケツリュウシャダンジュツ,
10086524,感染性耳瘻,カンセンセイジロウ,
10086533,頭蓋頚椎脱臼,トウガイケイツイダッキュウ,
10086534,音楽耳症候群,オンガクミミショウコウグン,
10086535,コレ・シカール症候群,コレシカールショウコウグン,
10086536,定期予防接種の未投与,テイキヨボウセッシュノミトウヨ,
10086537,定期予防接種の未完了,テイキヨボウセッシュノミカンリョウ,
10086546,悪性中大脳動脈症候群,アクセイチュウダイノウドウミャクショウコウグン,
10086550,脳律動異常,ノウリツドウイジョウ,
10086551,クランクシャフト現象,クランクシャフトゲンショウ,
10086552,処置後心臓弁剥離,ショチゴシンゾウベンハクリ,
10086558,殿筋跛行,デンキンハコウ,
10086559,第ＶＩＩＩ因子活性測定,ダイ8インシカッセイソクテイ,
10086560,動脈瘤血栓症,ドウミャクリュウケッセンショウ,
10086561,卵巣刺激への低応答,ランソウシゲキヘノテイオウトウ,
10086562,ＡＳＩＡ症候群,ASIAショウコウグン,
10086564,喉頭蓋膿瘍,コウトウガイノウヨウ,
10086566,喉頭感覚ニューロパチー,コウトウカンカクニューロパチー,
10086567,嗅覚障害,キュウカクショウガイ,
10086568,口腔鼻腔瘻,コウクウビクウロウ,コウコウビクウロウ
10086569,腎石灰乳嚢胞,ジンセッカイニュウノウホウ,
10086574,腟タンポン挿入,チツタンポンソウニュウ,
10086577,リンパ嚢腫ドレナージ,リンパノウシュドレナージ,
10086585,食道神経内分泌癌,ショクドウシンケイナイブンピガン,ショクドウシンケイナイブンピツガン
10086591,医薬品ノマディズム,イヤクヒンノマディズム,
10086592,性的禁欲,セイテキキンヨク,
10086594,口腔帯状疱疹,コウクウタイジョウホウシン,コウコウタイジョウホウシン
10086596,代謝性脳卒中,タイシャセイノウソッチュウ,
10086599,組織内シスチン沈着物,ソシキナイシスチンチンチャクブツ,
10086600,組織内シスチン沈着物増加,ソシキナイシスチンチンチャクブツゾウカ,
10086602,慢性砒素毒性,マンセイヒソドクセイ,
10086605,小児急性発症神経精神症候群,ショウニキュウセイハッショウシンケイセイシンショウコウグン,
10086606,カロリーサイクル法,カロリーサイクルホウ,
10086607,進行性脳症浮腫ヒプスアリスミア視神経萎縮症候群,シンコウセイノウショウフシュヒプスアリスミアシシンケイイシュクショウコウグン,
10086613,体位療法,タイイリョウホウ,
10086614,肩甲帯痛,ケンコウタイツウ,
10086615,線維柱帯切除術後のレーザー切糸,センイチュウタイセツジョジュツゴノレーザーセッシ,
10086620,動的心筋形成術,ドウテキシンキンケイセイジュツ,
10086621,大腸内圧測定,ダイチョウナイアツソクテイ,
10086622,顎の震え,アゴノフルエ,
10086623,眼・指趾・食道・十二指腸症候群,ガンシシショクドウジュウニシチョウショウコウグン,
10086640,腹膜形成,フクマクケイセイ,
10086641,予防的頭蓋照射,ヨボウテキトウガイショウシャ,
10086644,中心性漿液性脈絡網膜症,チュウシンセイショウエキセイミャクラクモウマクショウ,
10086645,アグリゲイティバクター感染,アグリゲイティバクターカンセン,
10086651,口腔移植片対宿主病,コウクウイショクヘンタイシュクシュビョウ,コウコウイショクヘンタイシュクシュビョウ
10086652,虹彩裂傷,コウサイレッショウ,
10086653,乳房線維腫症,ニュウボウセンイシュショウ,
10086656,経表皮性排除疾患,ケイヒョウヒセイハイジョシッカン,
10086657,毛包障害,モウホウショウガイ,
10086658,腫瘍随伴性多毛症,シュヨウズイハンセイタモウショウ,
10086662,壊血病性貧血,カイケツビョウセイヒンケツ,
10086663,リンパ節サルコイドーシス,リンパセツサルコイドーシス,
10086664,遺伝性高胎児ヘモグロビン血症,イデンセイコウタイジヘモグロビンケッショウ,イデンセイコウタイジヘモグロビンケツショウ
10086665,プリンヌクレオシドホスホリラーゼ欠損症,プリンヌクレオシドホスホリラーゼケッソンショウ,
10086673,子宮頚部結核,シキュウケイブケッカク,
10086674,バルカン腎症,バルカンジンショウ,
10086675,女性生殖器ポリープ,ジョセイセイショクキポリープ,
10086676,結核性骨盤内炎症性疾患,ケッカクセイコツバンナイエンショウセイシッカン,
10086677,バルトリン腺障害,バルトリンセンショウガイ,
10086678,梅毒性骨盤内炎症性疾患,バイドクセイコツバンナイエンショウセイシッカン,
10086679,処置による生殖器感染,ショチニヨルセイショクキカンセン,
10086684,糖尿病性心血管系合併症,トウニョウビョウセイシンケッカンケイガッペイショウ,
10086685,先天性ステロイド合成不全,センテンセイステロイドゴウセイフゼン,
10086686,悪性中枢神経系新生物,アクセイチュウスウシンケイケイシンセイブツ,
10086687,先天性結合組織障害,センテンセイケツゴウソシキショウガイ,
10086688,糖尿病性皮膚合併症,トウニョウビョウセイヒフガッペイショウ,
10086689,四肢の先天性筋骨格障害,シシノセンテンセイキンコッカクショウガイ,
10086690,糖尿病性神経系合併症,トウニョウビョウセイシンケイケイガッペイショウ,
10086691,頭頚部の先天性筋骨格障害,トウケイブノセンテンセイキンコッカクショウガイ,
10086692,脊椎の先天性筋骨格障害,セキツイノセンテンセイキンコッカクショウガイ,
10086693,眼黒色腫,ガンコクショクシュ,
10086694,リソソーム蓄積症,リソソームチクセキショウ,
10086695,頭蓋の先天性筋骨格障害,トウガイノセンテンセイキンコッカクショウガイ,
10086696,糖尿病性消化管合併症,トウニョウビョウセイショウカカンガッペイショウ,
10086697,良性神経膠腫,リョウセイシンケイコウシュ,
10086698,血液学的新生物,ケツエキガクテキシンセイブツ,
10086699,体幹の先天性筋骨格障害,タイカンノセンテンセイキンコッカクショウガイ,
10086700,先天性筋骨格障害,センテンセイキンコッカクショウガイ,
10086702,血液学的嚢胞,ケツエキガクテキノウホウ,
10086703,眼嚢胞,ガンノウホウ,
10086705,ＧＡＴＡ２欠損症,GATA2ケッソンショウ,
10086706,心筋収縮性低下,シンキンシュウシュクセイテイカ,
10086708,先天性シャーガス病,センテンセイシャーガスビョウ,
10086710,ボルナウイルス感染,ボルナウイルスカンセン,
10086712,ＣＡＲ導入遺伝子コピー数定量,CARドウニュウイデンシコピースウテイリョウ,
10086713,先天性パルボウイルスＢ１９感染,センテンセイパルボウイルスB19カンセン,
10086714,分類不能なＢ細胞性リンパ腫,ブンルイフノウナBサイボウセイリンパシュ,
10086715,分類不能な悪性リンパ腫,ブンルイフノウナアクセイリンパシュ,
10086716,分類不能なＴ細胞性リンパ腫,ブンルイフノウナTサイボウセイリンパシュ,
10086717,特発性環境不耐症,トクハツセイカンキョウフタイショウ,
10086719,会陰腫脹,エインシュチョウ,
10086721,肝血管障害,カンケッカンショウガイ,
10086722,リウマチ性胸膜炎,リウマチセイキョウマクエン,
10086724,腱鞘滲出液,ケンショウシンシュツエキ,
10086725,ＥＣＯＧパフォーマンスステータス異常,ECOGパフォーマンスステータスイジョウ,
10086726,眼性斜頚,ガンセイシャケイ,
10086727,ＣＲＩＡ症候群,CRIAショウコウグン,
10086728,カルノフスキ尺度異常,カルノフスキシャクドイジョウ,
10086731,学習能力の発達障害,ガクシュウノウリョクノハッタツショウガイ,
10086737,バンコマイシン注入反応,バンコマイシンチュウニュウハンノウ,
10086739,家族性軟骨石灰化症,カゾクセイナンコツセッカイカショウ,
10086740,束枝ブロック,ソクシブロック,
10086741,熱帯性ざ瘡,ネッタイセイザソウ,
10086743,母体死亡,ボタイシボウ,
10086745,アメーバ腫,アメーバシュ,
10086746,水痘脳炎,スイトウノウエン,
10086747,水痘髄膜炎,スイトウズイマクエン,
10086748,産科破傷風,サンカハショウフウ,
10086750,肺ヒストプラスマ症,ハイヒストプラスマショウ,
10086751,骨包虫症,コツホウチュウショウ,
10086752,肺ブラストミセス症,ハイブラストミセスショウ,
10086753,眼の嚢虫症,メノノウチュウショウ,
10086754,中枢性甲状腺機能低下症,チュウスウセイコウジョウセンキノウテイカショウ,
10086758,免疫状態不明,メンエキジョウタイフメイ,
10086764,製品適用スケジュール不明,セイヒンテキヨウスケジュールフメイ,
10086765,製品不明のワクチン投与,セイヒンフメイノワクチントウヨ,
10086769,子宮頚部神経内分泌癌,シキュウケイブシンケイナイブンピガン,シキュウケイブシンケイナイブンピツガン
10086775,両親による血液製剤拒否,リョウシンニヨルケツエキセイザイキョヒ,
10086776,血液製剤拒否,ケツエキセイザイキョヒ,
10086779,大腸のカルチノイド腫瘍,ダイチョウノカルチノイドシュヨウ,
10086784,口腔疣贅性過形成,コウクウユウゼイセイカケイセイ,コウコウユウゼイセイカケイセイ
10086801,眼擦過傷,ガンサッカショウ,
10086805,先天性瞳孔不同症,センテンセイドウコウフドウショウ,
10086809,遺伝子関連薬物相互作用,イデンシカンレンヤクブツソウゴサヨウ,
10086810,ラベル表示された遺伝子関連薬物相互作用の問題,ラベルヒョウジサレタイデンシカンレンヤクブツソウゴサヨウノモンダイ,
10086812,ラベル表示された遺伝子関連薬物相互作用による投薬過誤,ラベルヒョウジサレタイデンシカンレンヤクブツソウゴサヨウニヨルトウヤクカゴ,
10086817,遠隔転移を伴う尿路の悪性新生物,エンカクテンイヲトモナウニョウロノアクセイシンセイブツ,
10086818,機能的音声評価,キノウテキオンセイヒョウカ,
10086819,ウイルス性腹部感染,ウイルスセイフクブカンセン,
10086820,角膜反射試験,カクマクハンシャシケン,
10086833,眼窩上神経痛,ガンカジョウシンケイツウ,
10086834,ワクチン同時接種,ワクチンドウジセッシュ,
10086845,エルスバーグ症候群,エルスバーグショウコウグン,
10086846,頭蓋筋膜炎,トウガイキンマクエン,
10086849,運動感覚障害,ウンドウカンカクショウガイ,
10086851,顎下膿瘍,ガッカノウヨウ,ガクカノウヨウ
10086854,妊娠関連感染,ニンシンカンレンカンセン,
10086861,ＣＯＶＩＤ－１９ブレイクスルー感染,COVID19ブレイクスルーカンセン,
10086865,口腔冷却療法,コウクウレイキャクリョウホウ,コウコウレイキャクリョウホウ
10086866,放射線疲労,ホウシャセンヒロウ,
10086875,ワクチン接種ストレス関連反応,ワクチンセッシュストレスカンレンハンノウ,
10086880,製品適用経路不明,セイヒンテキヨウケイロフメイ,
10086892,子宮内ガス,シキュウナイガス,
10086893,大径線維ニューロパチー,ダイケイセンイニューロパチー,
10086905,Ｅ型肝炎ＲＮＡ陰性,EガタカンエンRNAインセイ,
10086906,Ｅ型肝炎ＲＮＡ陽性,EガタカンエンRNAヨウセイ,
10086907,良性線維束性収縮症候群,リョウセイセンイソクセイシュウシュクショウコウグン,
10086915,胎動増加,タイドウゾウカ,
10086925,眼球計測,ガンキュウケイソク,
10086931,新生児菌血症,シンセイジキンケツショウ,
10086936,肺ブラ破裂,ハイブラハレツ,
10086941,分娩時外傷による頭皮損傷,ブンベンジガイショウニヨルトウヒソンショウ,
10086942,先天性ウイルス感染,センテンセイウイルスカンセン,
10086943,新生児低酸素性虚血性脳症,シンセイジテイサンソセイキョケツセイノウショウ,
10086944,分娩時外傷による骨損傷,ブンベンジガイショウニヨルコツソンショウ,ブンベンジガイショウニヨルホネソンショウ
10086945,胎児タバコ症候群,タイジタバコショウコウグン,
10086946,新生児頭蓋内出血,シンセイジトウガイナイシュッケツ,
10086953,消化管スキャン異常,ショウカカンスキャンイジョウ,
10086954,奇異な外観,キイナガイカン,
10086958,肝肉腫,カンニクシュ,
10086959,脳神経新生物,ノウシンケイシンセイブツ,
10086960,後腹膜の良性新生物,コウフクマクノリョウセイシンセイブツ,
10086969,医学的適応による早産,イガクテキテキオウニヨルソウザン,
10086970,抗肝サイトゾル抗体１型陽性,コウカンサイトゾルコウタイ1ガタヨウセイ,
10086976,先天性口唇小窩,センテンセイコウシンショウカ,
10086982,虚血性脱髄,キョケツセイダツズイ,
10086987,頭蓋底腫瘍,トウガイテイシュヨウ,
10086989,特発性上強膜血管拡張,トクハツセイジョウキョウマクケッカンカクチョウ,
10086996,ディサニア,ディサニア,
10086997,ペーシング誘発性心筋症,ペーシングユウハツセイシンキンショウ,
10086998,喉頭神経麻痺,コウトウシンケイマヒ,
10086999,上喉頭神経麻痺,ジョウコウトウシンケイマヒ,
10087000,子宮付属器石灰化,シキュウフゾクキセッカイカ,
10087002,感染誘発性セロコンバージョン,カンセンユウハツセイセロコンバージョン,
10087007,前立腺周囲静脈叢拡張,ゼンリツセンシュウイジョウミャクソウカクチョウ,
10087008,母体のボディ・マス・インデックス減少,ボタイノボディマスインデックスゲンショウ,
10087009,母体のボディ・マス・インデックス増加,ボタイノボディマスインデックスゾウカ,
10087010,母体の妊娠期の体重過剰増加,ボタイノニンシンキノタイジュウカジョウゾウカ,
10087011,母体妊娠前の過少体重,ボタイニンシンマエノカショウタイジュウ,
10087012,母体のボディ・マス・インデックス,ボタイノボディマスインデックス,
10087013,母体妊娠前の肥満,ボタイニンシンマエノヒマン,
10087030,大網浮腫,ダイモウフシュ,タイモウフシュ
10087033,コンドームカテーテル留置,コンドームカテーテルリュウチ,
10087034,聴覚治療,チョウカクチリョウ,
10087035,尿路画像,ニョウロガゾウ,
10087036,ポリメラーゼ連鎖反応陰性,ポリメラーゼレンサハンノウインセイ,
10087037,アンジオテンシン変換酵素異常,アンジオテンシンヘンカンコウソイジョウ,
10087038,良性再発肝内胆汁うっ滞,リョウセイサイハツカンナイタンジュウウッタイ,
10087039,アンジオテンシン変換酵素正常,アンジオテンシンヘンカンコウソセイジョウ,
10087040,ポリープ様膀胱炎,ポリープヨウボウコウエン,
10087041,ラジオアイソトープ治療,ラジオアイソトープチリョウ,
10087047,尿路画像異常,ニョウロガゾウイジョウ,
10087048,尿路画像正常,ニョウロガゾウセイジョウ,
10087060,レプチン濃度減少,レプチンノウドゲンショウ,
10087061,先天性レプチン欠乏症,センテンセイレプチンケツボウショウ,
10087062,後天性レプチン欠乏症,コウテンセイレプチンケツボウショウ,
10087063,蝸牛損傷,カギュウソンショウ,
10087064,粘膜類天疱瘡,ネンマクルイテンポウソウ,
10087065,髄圧迫症候群,ズイアッパクショウコウグン,
10087066,尿管瘤修復,ニョウカンリュウシュウフク,
10087067,喉頭蓋ポリープ,コウトウガイポリープ,
10087068,扁平上皮細胞増殖性病変,ヘンペイジョウヒサイボウゾウショクセイビョウヘン,
10087073,胎児体重,タイジタイジュウ,
10087077,網膜微小血管症,モウマクビショウケッカンショウ,
10087080,腸チフス免疫,チョウチフスメンエキ,
10087084,良性末梢神経鞘腫,リョウセイマッショウシンケイショウシュ,
10087085,前立腺うっ血,ゼンリツセンウッケツ,
10087089,尿路上皮乳頭腫,ニョウロジョウヒニュウトウシュ,
10087091,温式自己免疫性溶血性貧血,オンシキジコメンエキセイヨウケツセイヒンケツ,
10087095,製品滅菌の問題,セイヒンメッキンノモンダイ,
10087099,膵血管腫,スイケッカンシュ,
10087101,筋原線維性ミオパチー,キンゲンセンイセイミオパチー,
10087102,末梢静脈血栓症,マッショウジョウミャクケッセンショウ,
10087103,植皮除去,ショクヒジョキョ,
10087104,転移感染,テンイカンセン,
10087106,慢性心筋炎,マンセイシンキンエン,
10087111,手廃用症候群,シュハイヨウショウコウグン,
10087115,無許可プロバイダーからの製品適用,ムキョカプロバイダーカラノセイヒンテキヨウ,
10087122,椎体終板陥凹,ツイタイシュウバンカンオウ,
10087125,プレグネノロン欠乏症,プレグネノロンケツボウショウ,
10087131,経皮的硬膜外神経形成,ケイヒテキコウマクガイシンケイケイセイ,
10087132,肝動脈出血,カンドウミャクシュッケツ,
10087134,胸膜損傷,キョウマクソンショウ,
10087135,頭部圧挫損傷,トウブアツザソンショウ,
10087136,心臓移植不全,シンゾウイショクフゼン,
10087137,心肺移植不全,シンパイイショクフゼン,
10087138,振動症候群,シンドウショウコウグン,
10087144,巨大眼球,キョダイガンキュウ,
10087145,先天性女性生殖器障害,センテンセイジョセイセイショクキショウガイ,
10087146,先天性女性生殖器瘻,センテンセイジョセイセイショクキロウ,
10087147,進行性骨幹異形成症,シンコウセイコッカンイケイセイショウ,
10087148,先天性脱毛症,センテンセイダツモウショウ,
10087149,先天性声門下狭窄,センテンセイセイモンカキョウサク,
10087150,点状軟骨異形成症,テンジョウナンコツイケイセイショウ,
10087151,骨軟骨異形成症,コツナンコツイケイセイショウ,
10087152,先天性喉頭奇形,センテンセイコウトウキケイ,
10087153,無乳頭症,ムニュウトウショウ,
10087154,先天性大静脈狭窄,センテンセイダイジョウミャクキョウサク,
10087155,胸膜奇形,キョウマクキケイ,
10087156,陰茎欠損症,インケイケッソンショウ,
10087157,無嗅脳症,ムキュウノウショウ,
10087158,ドゥ・ラ・シャペル症候群,ドゥラシャペルショウコウグン,
10087162,ＣＳＦクロール減少,CSFクロールゲンショウ,
10087164,表在性炎症性皮膚症,ヒョウザイセイエンショウセイヒフショウ,
10087171,ヤオ症候群,ヤオショウコウグン,
10087174,声帯運動障害,セイタイウンドウショウガイ,
10087175,先天性声帯麻痺,センテンセイセイタイマヒ,
10087183,セローマ切除,セローマセツジョ,
10087184,皮膚粘膜毒性,ヒフネンマクドクセイ,
10087199,磁気共鳴静脈造影,ジキキョウメイジョウミャクゾウエイ,
10087200,頭蓋内磁気共鳴静脈造影,トウガイナイジキキョウメイジョウミャクゾウエイ,
10087202,尿中抗原検査,ニョウチュウコウゲンケンサ,
10087203,眼窩周囲皮膚炎,ガンカシュウイヒフエン,
10087204,ストーマ脱出,ストーマダッシュツ,
10087208,Ｓ状静脈洞血栓症,Sジョウジョウミャクドウケッセンショウ,
10087209,毛巣病,モウソウビョウ,
10087210,乳児姿勢非対称,ニュウジシセイヒタイショウ,
10087214,血清糖化蛋白増加,ケッセイトウカタンパクゾウカ,
10087215,口腔咽頭瘻,コウクウイントウロウ,コウコウイントウロウ
10087216,急性眼移植片対宿主病,キュウセイガンイショクヘンタイシュクシュビョウ,
10087218,関節インピンジメント,カンセツインピンジメント,
10087220,胸腺癌,キョウセンガン,
10087221,敗血症性心筋症,ハイケツショウセイシンキンショウ,
10087235,硝子体浮遊物レーザー治療,ショウシタイフユウブツレーザーチリョウ,
10087236,腸骨鼠径神経痛,チョウコツソケイシンケイツウ,
10087237,心房静止,シンボウセイシ,
10087247,角膜上皮デブリードマン,カクマクジョウヒデブリードマン,
10087250,脂肪硬化性粘液線維性腫瘍,シボウコウカセイネンエキセンイセイシュヨウ,
10087251,バウヒン弁症候群,バウヒンベンショウコウグン,
10087266,喉頭蓋新生物,コウトウガイシンセイブツ,
10087273,陥没骨折,カンボツコッセツ,
10087274,口腔咽頭吸引,コウクウイントウキュウイン,コウコウイントウキュウイン
10087275,ハイデルベルク分類,ハイデルベルクブンルイ,
10087276,結腸直腸腺腫,ケッチョウチョクチョウセンシュ,
10087281,免疫性強膜炎,メンエキセイキョウマクエン,
10087283,赤血球輸血,セッケッキュウユケツ,
10087285,陰茎瘢痕,インケイハンコン,
10087288,腫瘍学的評価,シュヨウガクテキヒョウカ,
10087290,気管支動脈肥厚,キカンシドウミャクヒコウ,
10087292,トロンボモジュリン増加,トロンボモジュリンゾウカ,
10087305,脳梁の細胞傷害性病変,ノウリョウノサイボウショウガイセイビョウヘン,
10087307,ＳＵＮＡ症候群,SUNAショウコウグン,
10087310,好酸球性血管中心性線維症,コウサンキュウセイケッカンチュウシンセイセンイショウ,
10087311,虫垂アデノカルチノイド,チュウスイアデノカルチノイド,
10087313,ＣＤ１９抗原陰性,CD19コウゲンインセイ,
10087314,ＣＤ１９発現減少,CD19ハツゲンゲンショウ,
10087315,ＣＤ１９抗原消失,CD19コウゲンショウシツ,
10087316,ヒト精巣上体蛋白４増加,ヒトセイソウジョウタイタンパク4ゾウカ,
10087317,偽性低カルシウム血症,ギセイテイカルシウムケッショウ,ギセイテイカルシウムケツショウ
10087319,高血糖クリーゼ,コウケットウクリーゼ,
10087324,原発性皮膚腺様嚢胞癌,ゲンパツセイヒフセンヨウノウホウガン,
10087325,骨セメントアレルギー,コツセメントアレルギー,
10087328,網状赤血球ヘモグロビン増加,モウジョウセッケッキュウヘモグロビンゾウカ,
10087329,網状赤血球ヘモグロビン減少,モウジョウセッケッキュウヘモグロビンゲンショウ,
10087332,ヘパリンコファクターＩＩ欠乏症,ヘパリンコファクター2ケツボウショウ,
10087333,大転子疼痛症候群,ダイテンシトウツウショウコウグン,
10087335,顎顔面痛,ガクガンメンツウ,
10087339,臍石,サイセキ,
10087353,骨盤貯留液ドレナージ,コツバンチョリュウエキドレナージ,
10087355,頭部コンピュータ断層撮影静脈造影,トウブコンピュータダンソウサツエイジョウミャクゾウエイ,
10087362,胃神経内分泌癌,イシンケイナイブンピガン,イシンケイナイブンピツガン
10087363,腸間膜のカルチノイド腫瘍,チョウカンマクノカルチノイドシュヨウ,
10087364,消化器神経内分泌癌,ショウカキシンケイナイブンピガン,ショウカキシンケイナイブンピツガン
10087367,腸管バリア機能障害,チョウカンバリアキノウショウガイ,
10087368,覆髄法,フクズイホウ,
10087370,優位眼評価,ユウイガンヒョウカ,
10087376,後天性全身性リポジストロフィー,コウテンセイゼンシンセイリポジストロフィー,
10087377,家族性部分的リポジストロフィー,カゾクセイブブンテキリポジストロフィー,
10087386,植皮壊死,ショクヒエシ,
10087387,切開部位の皮膚のひだ,セッカイブイノヒフノヒダ,
10087390,自然破水,シゼンハスイ,
10087391,子宮頚管ステント留置,シキュウケイカンステントリュウチ,
10087399,精子凍結保存,セイシトウケツホゾン,
10087400,腫瘍随伴性好酸球増加症,シュヨウズイハンセイコウサンキュウゾウカショウ,
10087405,自然脾破裂,シゼンヒハレツ,
10087406,血管確保部位静脈炎,ケッカンカクホブイジョウミャクエン,
10087409,尿毒症性心筋症,ニョウドクショウセイシンキンショウ,
10087411,男性生殖器スミア,ダンセイセイショクキスミア,
10087412,放射線性好中球減少症,ホウシャセンセイコウチュウキュウゲンショウショウ,
10087413,放射線性血小板減少症,ホウシャセンセイケッショウバンゲンショウショウ,
10087414,食道過角化,ショクドウカカクカ,
10087419,陰茎皮膚炎,インケイヒフエン,
10087422,熱性てんかん重積状態,ネッセイテンカンジュウセキジョウタイ,ネツセイテンカンジュウセキジョウタイ
10087423,ＮＳＡＩＤ増悪呼吸器疾患,NSAIDゾウアクコキュウキシッカン,
10087430,後天性喉頭嚢胞,コウテンセイコウトウノウホウ,
10087431,腟壊死,チツエシ,
10087432,眼血管血栓症,ガンケッカンケッセンショウ,
10087433,放射線心臓損傷,ホウシャセンシンゾウソンショウ,
10087435,偽性糖尿病,ギセイトウニョウビョウ,
10087436,巨核球系異形成,キョカクキュウケイイケイセイ,
10087437,唾液測定,ダエキソクテイ,
10087439,子宮広間膜平滑筋腫,シキュウコウカンマクヘイカツキンシュ,
10087440,脳血管形成,ノウケッカンケイセイ,
10087445,第ＶＩＩＩ因子活性上昇,ダイ8インシカッセイジョウショウ,
10087446,第ＶＩＩＩ因子活性正常,ダイ8インシカッセイセイジョウ,
10087447,第ＶＩＩＩ因子活性異常,ダイ8インシカッセイイジョウ,
10087448,第ＶＩＩＩ因子活性低下,ダイ8インシカッセイテイカ,
10087454,放射状角膜切開,ホウシャジョウカクマクセッカイ,
10087455,ポリグラフ検査,ポリグラフケンサ,
10087456,頭皮血腫,トウヒケッシュ,
10087458,ＰＣＤＨ１９遺伝子変異,PCDH19イデンシヘンイ,
10087459,ＰＣＤＨ１９遺伝子関連てんかん,PCDH19イデンシカンレンテンカン,
10087463,筋酵素異常,キンコウソイジョウ,
10087465,初発難治性てんかん重積状態,ショハツナンチセイテンカンジュウセキジョウタイ,
10087476,胎児心機能検査異常,タイジシンキノウケンサイジョウ,
10087477,胎児脳スキャン異常,タイジノウスキャンイジョウ,
10087480,免疫性重症筋無力症,メンエキセイジュウショウキンムリョクショウ,
10087492,感覚処理感受性,カンカクショリカンジュセイ,
10087497,乳児帽状腱膜下脳脊髄液貯留,ニュウジボウジョウケンマクカノウセキズイエキチョリュウ,
10087499,遠隔転移を伴う前立腺神経内分泌癌,エンカクテンイヲトモナウゼンリツセンシンケイナイブンピガン,エンカクテンイヲトモナウゼンリツセンシンケイナイブンピツガン
10087500,先天性異所性脾臓,センテンセイイショセイヒゾウ,
10087502,後天性遊走脾,コウテンセイユウソウヒ,
10087503,脾固定,ヒコテイ,
10087504,脾捻転,ヒネンテン,
10087505,Ｔ細胞リンパ球増加症,Tサイボウリンパキュウゾウカショウ,
10087509,キリップ分類,キリップブンルイ,
10087510,肛門乳頭腫,コウモンニュウトウシュ,
10087512,コントラスト心エコー図,コントラストシンエコーズ,
10087513,回腸結腸瘻閉鎖,カイチョウケッチョウロウヘイサ,
10087517,扁平母斑,ヘンペイボハン,
10087518,前腕阻血運動負荷試験,ゼンワンソケツウンドウフカシケン,
10087519,胆嚢萎縮,タンノウイシュク,
10087520,間脳症候群,カンノウショウコウグン,
10087545,皮膚粗鬆症,ヒフソショウショウ,
10087547,心結核,シンケッカク,
10087549,刺青関連皮膚反応,シセイカンレンヒフハンノウ,イレズミカンレンヒフハンノウ
10087551,カポジ肉腫様血管内皮腫,カポジニクシュヨウケッカンナイヒシュ,
10087553,毛様小帯脆弱,モウヨウショウタイゼイジャク,
10087554,トリガーポイント,トリガーポイント,
10087559,肺アブレーション,ハイアブレーション,
10087560,心臓由来脂肪酸結合蛋白,シンゾウユライシボウサンケツゴウタンパク,
10087567,免疫性心膜炎,メンエキセイシンマクエン,
10087572,スノアプラスティ,スノアプラスティ,
10087574,血液媒介感染,ケツエキバイカイカンセン,
10087576,動脈再疎通術,ドウミャクサイソツウジュツ,
10087580,ＲＳウイルス免疫,RSウイルスメンエキ,
10087583,グリンスパン症候群,グリンスパンショウコウグン,
10087588,マルファン体型,マルファンタイケイ,
10087589,皮下注入,ヒカチュウニュウ,
10087591,異常経血塊,イジョウケイケツカイ,
10087592,椎骨動脈窓形成,ツイコツドウミャクソウケイセイ,
10087600,大動脈瘤血栓症,ダイドウミャクリュウケッセンショウ,
10087601,冷マラリア,レイマラリア,
10087602,中條・西村症候群,ナカジョウニシムラショウコウグン,
10087605,神経原性咳嗽,シンケイゲンセイガイソウ,
10087612,ファーター膨大部生検,ファーターボウダイブセイケン,
10087613,テノン嚢肥厚,テノンノウヒコウ,
10087616,気管支圧迫,キカンシアッパク,
10087620,胸部スキャン異常,キョウブスキャンイジョウ,
10087621,末梢側ＳＩＮＥ,マッショウソクSINE,
10087622,造影剤ステント周囲滲み出し像,ゾウエイザイステントシュウイシミダシゾウ,
10087623,元電子タバコ使用者,モトデンシタバコシヨウシャ,
10087626,視床卒中,シショウソッチュウ,
10087627,上顎洞底挙上術,ジョウガクドウテイキョジョウジュツ,
10087635,エナメル質形成術,エナメルシツケイセイジュツ,
10087636,涙腺多形性腺腫,ルイセンタケイセイセンシュ,
10087637,心臓弁脂肪浸潤,シンゾウベンシボウシンジュン,
10087638,ビデオ眼球運動記録,ビデオガンキュウウンドウキロク,
10087640,ＣＤ４５発現増加,CD45ハツゲンゾウカ,
10087641,ＣＤ４５発現減少,CD45ハツゲンゲンショウ,
10087655,プレソセラピー,プレソセラピー,
10087656,門脈圧亢進性胆道症,モンミャクアツコウシンセイタンドウショウ,
10087665,抗スルファチド自己抗体陰性,コウスルファチドジココウタイインセイ,
10087666,抗スルファチド自己抗体,コウスルファチドジココウタイ,
10087667,抗スルファチド自己抗体陽性,コウスルファチドジココウタイヨウセイ,
10087670,放射線甲状腺機能低下症,ホウシャセンコウジョウセンキノウテイカショウ,
10087672,椎骨脳底動脈解離,ツイコツノウテイドウミャクカイリ,
10087675,肺動脈カテーテル挿入,ハイドウミャクカテーテルソウニュウ,
10087676,良性膵高酵素血症,リョウセイスイコウコウソケッショウ,リョウセイスイコウコウソケツショウ
10087677,遅発性発作,チハツセイホッサ,
10087685,月経頭痛,ゲッケイズツウ,
10087686,ＡＰＯＬ１介在性腎疾患,APOL1カイザイセイジンシッカン,
10087692,鼓膜硬化症,コマクコウカショウ,
10087693,先天性肺気道奇形,センテンセイハイキドウキケイ,
10087697,毛髪プルテスト,モウハツプルテスト,
10087707,膵嚢胞腺腫,スイノウホウセンシュ,
10087710,陰茎海綿体注射テスト,インケイカイメンタイチュウシャテスト,
10087712,妊娠中の低サイロキシン血症,ニンシンチュウノテイサイロキシンケッショウ,ニンシンチュウノテイサイロキシンケツショウ
10087719,食物蛋白誘発アレルギー性直腸結腸炎,ショクモツタンパクユウハツアレルギーセイチョクチョウケッチョウエン,
10087730,デジタルＸ線撮影,デジタルXセンサツエイ,
10087733,緑内障性視神経症,リョクナイショウセイシシンケイショウ,
10087739,後天性ろう唖,コウテンセイロウア,
10087740,α１アンチトリプシン欠乏症キャリアー,アルファ1アンチトリプシンケツボウショウキャリアー,
10087742,四肢不同,シシフドウ,
10087746,水痘帯状疱疹ウイルス血症,スイトウタイジョウホウシンウイルスケッショウ,スイトウタイジョウホウシンウイルスケツショウ
10087748,歯突起形成不全,シトッキケイセイフゼン,
10087750,免疫比ろう法,メンエキヒロウホウ,
10087751,単純ヘルペスウイルス性尿道炎,タンジュンヘルペスウイルスセイニョウドウエン,
10087752,ダグラス窩生検,ダグラスカセイケン,
10087754,外側膝蓋支帯解離術,ガイソクシツガイシタイカイリジュツ,
10087755,卵管脱,ランカンダツ,
10087761,ジヒドロピリミジンデヒドロゲナーゼジェノタイピング,ジヒドロピリミジンデヒドロゲナーゼジェノタイピング,
10087765,骨盤底ヘルニア,コツバンテイヘルニア,
10087766,エアロゾル化学療法,エアロゾルカガクリョウホウ,
10087767,遠隔転移を伴う中皮腫,エンカクテンイヲトモナウチュウヒシュ,
10087774,血管造瘻術,ケッカンゾウロウジュツ,
10087778,耳管形成術,ジカンケイセイジュツ,
10087780,タウロドント,タウロドント,
10087785,ラテックス－フルーツ症候群,ラテックスフルーツショウコウグン,
10087788,ワクチン接種後のデング熱,ワクチンセッシュゴノデングネツ,
10087792,デングショック症候群,デングショックショウコウグン,
10087795,薬剤耐性変異,ヤクザイタイセイヘンイ,
10087797,骨関節スポロトリコーシス,コツカンセツスポロトリコーシス,
10087798,上行性弛緩性麻痺,ジョウコウセイシカンセイマヒ,
10087799,耳垢不足,ジコウブソク,
10087800,メイ・グリュンワルド・ギムザ染色,メイグリュンワルドギムザセンショク,
10087801,慢性外傷性脳症,マンセイガイショウセイノウショウ,
10087802,人工心臓弁逆流,ジンコウシンゾウベンギャクリュウ,
10087803,動脈血流速度上昇,ドウミャクケツリュウソクドジョウショウ,
10087804,動脈血流速度低下,ドウミャクケツリュウソクドテイカ,
10087805,ラステリ手術,ラステリシュジュツ,
10087806,透析効果検査異常,トウセキコウカケンサイジョウ,
10087807,抗ポリエチレングリコール抗体,コウポリエチレングリコールコウタイ,
10087816,腎動脈血行再建,ジンドウミャクケッコウサイケン,
10087819,皮膚壊死性クモ刺咬症,ヒフエシセイクモシコウショウ,
10087824,てんかん性めまい（回転性）,テンカンセイメマイカイテンセイ,
10087826,口腔皮膚瘻,コウクウヒフロウ,コウコウヒフロウ
10087828,肺血管形成,ハイケッカンケイセイ,
10087830,エンドトキシン検査,エンドトキシンケンサ,
10087834,間質性肺異常,カンシツセイハイイジョウ,
10087835,振動性心臓図,シンドウセイシンゾウズ,
10087842,悪性新生物少数病変進行,アクセイシンセイブツショウスウビョウヘンシンコウ,
10087843,ビーバーテール肝,ビーバーテールカン,
10087846,卵巣予備能低下,ランソウヨビノウテイカ,
10087848,子宮鏡下組織摘出,シキュウキョウカソシキテキシュツ,
10087850,逆説的乾癬性関節炎,ギャクセツテキカンセンセイカンセツエン,
10087857,経頭蓋直流電気刺激,ケイトウガイチョクリュウデンキシゲキ,
10087864,胎児への薬剤投与,タイジヘノヤクザイトウヨ,
10087867,新生児細菌性肺炎,シンセイジサイキンセイハイエン,
10087868,移植患者,イショクカンジャ,
10087869,多発根ニューロパチー,タハツコンニューロパチー,
10087870,ＨＩＶ検査判定保留,HIVケンサハンテイホリュウ,
10087875,自己免疫性小脳性運動失調,ジコメンエキセイショウノウセイウンドウシッチョウ,
10087876,皮膚充填剤注入部位感染,ヒフジュウテンザイチュウニュウブイカンセン,
10087878,凝固因子量異常,ギョウコインシリョウイジョウ,
10087885,三重視,サンジュウシ,
10087889,扁桃アブレーション,ヘントウアブレーション,
10087890,肺内リンパ節腫脹,ハイナイリンパセツシュチョウ,
10087893,反応性愛着障害,ハンノウセイアイチャクショウガイ,
10087895,尿中ヘモジデリン陽性,ニョウチュウヘモジデリンヨウセイ,
10087899,頚椎症性筋萎縮症,ケイツイショウセイキンイシュクショウ,
10087900,角膜神経痛,カクマクシンケイツウ,
10087901,リンパ管奇形,リンパカンキケイ,
10087902,胎児性アルコールスペクトラム障害,タイジセイアルコールスペクトラムショウガイ,
10087907,ヤンセン骨幹端軟骨異形成症,ヤンセンコッカンタンナンコツイケイセイショウ,
10087908,レイン症候群,レインショウコウグン,
10087909,グルテン失調症,グルテンシッチョウショウ,
10087912,ブルック・シュピーグラー症候群,ブルックシュピーグラーショウコウグン,
10087914,逆説的皮膚反応,ギャクセツテキヒフハンノウ,
10087916,ＲＢＭ２０変異,RBM20ヘンイ,
10087917,腸間膜静脈塞栓症,チョウカンマクジョウミャクソクセンショウ,
10087918,傾向外試験結果,ケイコウガイシケンケッカ,
10087921,リガーゼ連鎖反応検査,リガーゼレンサハンノウケンサ,
10087924,一過性新生児高甲状腺刺激ホルモン血症,イッカセイシンセイジコウコウジョウセンシゲキホルモンケッショウ,イッカセイシンセイジコウコウジョウセンシゲキホルモンケツショウ
10087930,併用薬の薬効欠如,ヘイヨウヤクノヤッコウケツジョ,
10087931,併用薬の薬効減弱,ヘイヨウヤクノヤッコウゲンジャク,
10087934,扁平苔癬類天疱瘡,ヘンペイタイセンルイテンポウソウ,
10087935,気管支ステント挿入,キカンシステントソウニュウ,
10087938,穿刺部位変色,センシブイヘンショク,
10087939,血管穿刺部位変色,ケッカンセンシブイヘンショク,
10087940,穿刺部位発疹,センシブイホッシン,センシブイハッシン
10087943,全身性接触皮膚炎,ゼンシンセイセッショクヒフエン,
10087945,腹壁痛,フクヘキツウ,
10087954,モノクローナル免疫グロブリン,モノクローナルメンエキグロブリン,
10087955,レプチン濃度,レプチンノウド,
10087956,α１酸性糖蛋白,アルファ1サンセイトウタンパク,
10087957,大赤血球,ダイセッケッキュウ,
10087958,ＣＳＦクロール,CSFクロール,
10087963,尿膜管洞感染,ニョウマクカンドウカンセン,
10087966,ゴデット徴候陽性,ゴデットチョウコウヨウセイ,
10087967,てんかん発作時頭痛,テンカンホッサジズツウ,
10087968,精索静脈血栓症,セイサクジョウミャクケッセンショウ,
10087973,肺壊疽,ハイエソ,
10087974,血管確保部位溢出,ケッカンカクホブイイッシュツ,
10087975,後腹膜壊死,コウフクマクエシ,
10087980,遺伝性αトリプターゼ血症,イデンセイアルファトリプターゼケッショウ,イデンセイアルファトリプターゼケツショウ
10087982,アルカリ尿,アルカリニョウ,
10087983,糖尿病性筋壊死,トウニョウビョウセイキンエシ,
10087984,抗可溶性肝抗原／肝膵抗体,コウカヨウセイカンコウゲンカンスイコウタイ,
10087988,頚神経叢ブロック,ケイシンケイソウブロック,
10087993,ナノ粒子毒性,ナノリュウシドクセイ,
10087994,前立腺陽電子放出断層撮影,ゼンリツセンヨウデンシホウシュツダンソウサツエイ,
10087998,テストステロン欠乏症候群,テストステロンケツボウショウコウグン,
10088002,脊椎肋骨異骨症,セキツイロッコツイコツショウ,
10088005,頚動脈破裂症候群,ケイドウミャクハレツショウコウグン,
10088008,乳腺腺筋上皮腫,ニュウセンセンキンジョウヒシュ,
10088009,先天性臍腸管瘻,センテンセイサイチョウカンロウ,
10088015,肝血管造影,カンケッカンゾウエイ,
10088021,バリウムＸ線,バリウムXセン,
10088022,多血球系異形成を伴う骨髄異形成症候群,タケッキュウケイイケイセイヲトモナウコツズイイケイセイショウコウグン,
10088023,芽球増加を伴う骨髄異形成症候群,ガキュウゾウカヲトモナウコツズイイケイセイショウコウグン,
10088024,環状鉄芽球を伴う骨髄異形成症候群,カンジョウテツガキュウヲトモナウコツズイイケイセイショウコウグン,
10088025,単一血球系統の異形成を伴う骨髄異形成症候群,タンイツケッキュウケイトウノイケイセイヲトモナウコツズイイケイセイショウコウグン,
10088031,酸素結合能減少,サンソケツゴウノウゲンショウ,
10088035,末梢血単核細胞アフェレーシス,マッショウケツタンカクサイボウアフェレーシス,
10088043,ライム関節炎,ライムカンセツエン,
10088046,隅角癒着解離術,グウカクユチャクカイリジュツ,
10088047,脊髄低酸素症,セキズイテイサンソショウ,
10088048,免疫比濁法,メンエキヒダクホウ,
10088050,子宮平滑筋腫壊死,シキュウヘイカツキンシュエシ,
10088051,子宮平滑筋腫脱出,シキュウヘイカツキンシュダッシュツ,
10088052,子宮平滑筋腫石灰化,シキュウヘイカツキンシュセッカイカ,
10088053,ジストニア重積状態,ジストニアジュウセキジョウタイ,
10088054,胎盤浮腫,タイバンフシュ,
10088058,抗インターフェロンγ自己抗体症候群,コウインターフェロンガンマジココウタイショウコウグン,
10088061,クレブシエラ尿路感染,クレブシエラニョウロカンセン,
10088062,三尖弁血栓,サンセンベンケッセン,
10088066,感染による喘息増悪,カンセンニヨルゼンソクゾウアク,
10088067,肢断端形成術,シダンタンケイセイジュツ,
10088073,起立性頻脈,キリツセイヒンミャク,
10088074,膠原性胃炎,コウゲンセイイエン,
10088077,口蓋穿孔,コウガイセンコウ,
10088078,陰茎色素沈着,インケイシキソチンチャク,
10088079,熱傷浮腫,ネッショウフシュ,
10088081,類天疱瘡抗体パネル検査,ルイテンポウソウコウタイパネルケンサ,
10088083,腸間膜リンパ節炎,チョウカンマクリンパセツエン,
10088084,マーシャル・ホワイト症候群,マーシャルホワイトショウコウグン,
10088090,耳乾燥,ジカンソウ,ミミカンソウ
10088091,注射による偶発的気泡,チュウシャニヨルグウハツテキキホウ,
10088093,耳鼻咽喉鏡検査,ジビインコウキョウケンサ,
10088094,抗ＰＭ／Ｓｃｌ抗体,コウPMSclコウタイ,
10088095,抗ヌクレオソーム抗体,コウヌクレオソームコウタイ,
10088096,抗ＰＣＮＡ抗体,コウPCNAコウタイ,
10088098,三叉神経感覚消失,サンサシンケイカンカクショウシツ,
10088099,先天性三叉神経感覚消失,センテンセイサンサシンケイカンカクショウシツ,
10088103,発作性中枢性無呼吸,ホッサセイチュウスウセイムコキュウ,
10088109,Ｓ１００蛋白増加,S100タンパクゾウカ,
10088110,腰部脊柱管の再キャリブレーション,ヨウブセキチュウカンノサイキャリブレーション,
10088112,線維粘液腫,センイネンエキシュ,
10088113,ワクシニアウイルス性眼感染,ワクシニアウイルスセイガンカンセン,
10088114,先天性ワクシニアウイルス感染,センテンセイワクシニアウイルスカンセン,
10088115,カンピロバクター性菌血症,カンピロバクターセイキンケツショウ,
10088118,体位変換性低酸素血症症候群,タイイヘンカンセイテイサンソケッショウショウコウグン,タイイヘンカンセイテイサンソケツショウショウコウグン
10088119,ワクチン相互作用,ワクチンソウゴサヨウ,
10088125,ＷＮＴ４欠乏症,WNT4ケツボウショウ,
10088129,腫瘍生検,シュヨウセイケン,
10088135,処置後髄膜炎,ショチゴズイマクエン,
10088138,前立腺マッサージ,ゼンリツセンマッサージ,
10088140,トランスフェリン受容体増加,トランスフェリンジュヨウタイゾウカ,
10088151,安静療法,アンセイリョウホウ,
10088152,ホルモン検査,ホルモンケンサ,
10088153,びらん性膿疱性皮膚症,ビランセイノウホウセイヒフショウ,
10088154,ビタミン検査,ビタミンケンサ,
10088155,スン法,スンホウ,
10088156,高トリグリセリド血症ウエスト表現型,コウトリグリセリドケッショウウエストヒョウゲンガタ,コウトリグリセリドケツショウウエストヒョウゲンガタ
10088168,前房形成術,ゼンボウケイセイジュツ,
10088172,家族性拡張型心筋症,カゾクセイカクチョウガタシンキンショウ,
10088174,眼カナロプラスティ,ガンカナロプラスティ,メカナロプラスティ
10088178,喉頭磁気共鳴画像,コウトウジキキョウメイガゾウ,
10088182,胆汁酸増加,タンジュウサンゾウカ,
10088183,胆汁酸,タンジュウサン,
10088190,子宮頚部リンパ腫,シキュウケイブリンパシュ,
10088192,グルタル酸血症１型,グルタルサンケッショウ1ガタ,グルタルサンケツショウ1ガタ
10088200,乳児神経軸索ジストロフィー,ニュウジシンケイジクサクジストロフィー,
10088203,黄斑低形成,オウハンテイケイセイ,
10088204,フマラーゼ欠損症,フマラーゼケッソンショウ,
10088205,血管輪およびスリング,ケッカンリンオヨビスリング,
10088210,遺伝性歯肉線維腫症,イデンセイシニクセンイシュショウ,
10088214,巨大歯,キョダイシ,
10088215,矮小歯,ワイショウシ,
10088216,アルコール性脊髄症,アルコールセイセキズイショウ,
10088217,脳葉酸欠乏,ノウヨウサンケツボウ,
10088221,左室流出路圧較差上昇,サシツリュウシュツロアツカクサジョウショウ,
10088225,肺創路切開止血術,ハイソウジセッカイシケツジュツ,
10088227,全身γ線測定,ゼンシンガンマセンソクテイ,
10088232,ガス注入による黄斑下血腫移動術,ガスチュウニュウニヨルオウハンカケッシュイドウジュツ,
10088234,サル痘免疫,サルトウメンエキ,
10088236,同種免疫性胎児肝障害,ドウシュメンエキセイタイジカンショウガイ,
10088237,乳児良性巨頭症,ニュウジリョウセイキョトウショウ,
10088238,小脳嚢胞,ショウノウノウホウ,
10088243,エナメル腫,エナメルシュ,
10088246,左室心筋重量係数,サシツシンキンジュウリョウケイスウ,
10088247,心電図ＲＲ間隔異常,シンデンズRRカンカクイジョウ,
10088248,心電図ＲＲ間隔短縮,シンデンズRRカンカクタンシュク,
10088249,側頭動脈拍動増加,ソクトウドウミャクハクドウゾウカ,
10088250,オルソバイオロジクス治療,オルソバイオロジクスチリョウ,
10088251,Ｎ－テロペプチド異常,Nテロペプチドイジョウ,
10088252,Ｎ－テロペプチド正常,Nテロペプチドセイジョウ,
10088253,Ｎ－テロペプチド減少,Nテロペプチドゲンショウ,
10088254,Ｎ－テロペプチド増加,Nテロペプチドゾウカ,
10088263,双生歯,ソウセイシ,
10088264,脳肋骨下顎症候群,ノウロッコツカガクショウコウグン,
10088265,胆汁酸合成障害,タンジュウサンゴウセイショウガイ,
10088270,鬚髯毛包炎,シュゼンモウホウエン,
10088271,前立腺動脈塞栓術,ゼンリツセンドウミャクソクセンジュツ,
10088274,歯の癒着,ハノユチャク,
10088275,睡眠時無呼吸治療装置埋込み,スイミンジムコキュウチリョウソウチウメコミ,
10088291,核酸検査陽性,カクサンケンサヨウセイ,
10088292,心臓機器埋込み,シンゾウキキウメコミ,
10088293,心臓機器置換,シンゾウキキチカン,
10088308,歯の癒合,ハノユゴウ,
10088309,エナメル上皮線維肉腫,エナメルジョウヒセンイニクシュ,
10088310,筋機能療法,キンキノウリョウホウ,
10088315,根尖周囲疾患,コンセンシュウイシッカン,
10088316,キャッシュバレーウイルス感染,キャッシュバレーウイルスカンセン,
10088317,家族性心房細動,カゾクセイシンボウサイドウ,
10088318,先天性パラミオトニー,センテンセイパラミオトニー,
10088323,下垂肩症候群,カスイケンショウコウグン,カスイカタショウコウグン
10088327,瞳孔捕獲,ドウコウホカク,
10088328,放射線脳壊死,ホウシャセンノウエシ,
10088333,補体検査,ホタイケンサ,
10088339,異所性心房調律,イショセイシンボウチョウリツ,
10088340,食道コンピュータ断層撮影異常,ショクドウコンピュータダンソウサツエイイジョウ,
10088344,リゾビウム・ラジオバクター性菌血症,リゾビウムラジオバクターセイキンケツショウ,
10088346,視覚情報処理障害,シカクジョウホウショリショウガイ,
10088347,胃食道出血,イショクドウシュッケツ,
10088350,心室流出路再建術,シンシツリュウシュツロサイケンジュツ,
10088352,深部組織損傷,シンブソシキソンショウ,
10088354,ガンサー症候群,ガンサーショウコウグン,
10088355,ギャロウェイ・モワト症候群,ギャロウェイモワトショウコウグン,
10088357,血管確保部位硬結,ケッカンカクホブイコウケツ,
10088358,血管確保部位反応,ケッカンカクホブイハンノウ,
10088362,免疫性視神経炎,メンエキセイシシンケイエン,
10088363,分化抗原群,ブンカコウゲングン,
10088369,咽頭造影,イントウゾウエイ,
10088375,放射線脳症,ホウシャセンノウショウ,
10088376,スーパーオキシドジスムターゼ活性上昇,スーパーオキシドジスムターゼカッセイジョウショウ,
10088379,ドーパミン作動薬離脱症候群,ドーパミンサドウヤクリダツショウコウグン,
10088386,労作性横紋筋融解症,ロウサセイオウモンキンユウカイショウ,
10088387,処女膜タグ,ショジョマクタグ,
10088388,抗体依存性増強,コウタイイゾンセイゾウキョウ,
10088389,呼吸器疾患増強,コキュウキシッカンゾウキョウ,
10088390,涙点形成術,ルイテンケイセイジュツ,
10088402,爪異形成,ソウイケイセイ,ツメイケイセイ
10088403,喉頭血管腫,コウトウケッカンシュ,
10088404,肥厚性ニューロパチー,ヒコウセイニューロパチー,
10088408,歯原性敗血症,シゲンセイハイケツショウ,
10088409,下垂体後葉注射,カスイタイコウヨウチュウシャ,
10088419,胸骨切除,キョウコツセツジョ,
10088420,直腸新生物切除,チョクチョウシンセイブツセツジョ,
10088424,ポワリエ・ビアンヴニュ神経発達症候群,ポワリエビアンヴニュシンケイハッタツショウコウグン,
10088425,水分関連皮膚損傷,スイブンカンレンヒフソンショウ,
10088427,陰茎嚢胞,インケイノウホウ,
10088432,眼脳皮膚症候群,ガンノウヒフショウコウグン,
10088433,尿量変動,ニョウリョウヘンドウ,
10088436,食道壁肥厚,ショクドウヘキヒコウ,
10088442,経母体胎児治療,ケイボタイタイジチリョウ,
10088444,神経発達遅延,シンケイハッタツチエン,
10088449,尿路痙攣,ニョウロケイレン,
10088450,希釈性貧血,キシャクセイヒンケツ,
10088458,圧迫性丘疹,アッパクセイキュウシン,
10088459,巨脳症,キョノウショウ,
10088462,便中ラクトフェリン,ベンチュウラクトフェリン,
10088463,便中ラクトフェリン増加,ベンチュウラクトフェリンゾウカ,
10088468,メインザー・サルディノ症候群,メインザーサルディノショウコウグン,
10088471,ファゼカススケール,ファゼカススケール,
10088474,歯科材料アレルギー,シカザイリョウアレルギー,
10088479,上顎側方拡大,ジョウガクソクホウカクダイ,
10088485,ジアミンオキシダーゼ欠乏症,ジアミンオキシダーゼケツボウショウ,
10088486,創傷蜂巣炎,ソウショウホウソウエン,
10088495,下顎歯列弓拡大,カガクシレツキュウカクダイ,
10088496,犬歯移動,ケンシイドウ,
10088498,経血塊,ケイケツカイ,
10088501,マイクロニードリング,マイクロニードリング,
10088509,虫垂の良性神経内分泌腫瘍,チュウスイノリョウセイシンケイナイブンピシュヨウ,チュウスイノリョウセイシンケイナイブンピツシュヨウ
10088511,前立腺肉腫,ゼンリツセンニクシュ,
10088517,偽性リクター症候群,ギセイリクターショウコウグン,
10088518,球後浮腫,キュウゴフシュ,
10088522,ウイルス性直腸炎,ウイルスセイチョクチョウエン,
10088528,発話潜時,ハツワセンジ,
10088536,カプリポックスウイルス感染,カプリポックスウイルスカンセン,
10088537,カプリポックスウイルス検査,カプリポックスウイルスケンサ,
10088550,免疫性多発性漿膜炎,メンエキセイタハツセイショウマクエン,
10088551,肺動脈ステント挿入,ハイドウミャクステントソウニュウ,
10088552,涙液層不安定,ルイエキソウフアンテイ,
10088554,肝ヘルニア,カンヘルニア,
10088561,特発性若年性骨粗鬆症,トクハツセイジャクネンセイコツソショウショウ,
10088562,膨大型腎盂,ボウダイガタジンウ,
10088563,ニコチンアレルギー,ニコチンアレルギー,
10088567,胃十二指腸動脈瘤,イジュウニシチョウドウミャクリュウ,
10088568,ＰＣＳＫ９遺伝子変異,PCSK9イデンシヘンイ,
10088569,アポＢ遺伝子変異,アポBイデンシヘンイ,
10088572,薬物性肝障害の疑い,ヤクブツセイカンショウガイノウタガイ,
10088586,四肢コンピュータ断層撮影,シシコンピュータダンソウサツエイ,
10088598,非てんかん性発作性イベント,ヒテンカンセイホッサセイイベント,
10088602,メチルマロン酸血症,メチルマロンサンケッショウ,メチルマロンサンケツショウ
10088604,妊娠性痒疹,ニンシンセイヨウシン,
10088606,睡眠時頭痛,スイミンジズツウ,
10088609,尿中扁平上皮細胞増加,ニョウチュウヘンペイジョウヒサイボウゾウカ,
10088612,肝蛭検査陽性,カンテツケンサヨウセイ,
10088614,カリウム異常症,カリウムイジョウショウ,
10088619,ハイリスク児,ハイリスクジ,
10088620,上衣下嚢胞,ジョウイカノウホウ,
10088621,下垂体茎断裂症候群,カスイタイケイダンレツショウコウグン,
10088622,嚥下障害管理,エンゲショウガイカンリ,
10088623,爪下膿瘍,ソウカノウヨウ,
10088625,胎便排泄遅延,タイベンハイセツチエン,
10088626,脊椎安定化,セキツイアンテイカ,
10088628,Ｈ６３Ｄ変異,H63Dヘンイ,
10088633,皮膚レーザー療法,ヒフレーザーリョウホウ,
10088634,皮膚表面再建,ヒフヒョウメンサイケン,
10088635,吻合部閉塞,フンゴウブヘイソク,
10088639,歯槽骨欠損,シソウコツケッソン,
10088640,眼内レンズ使用者,ガンナイレンズシヨウシャ,
10088641,肝一過性早期濃染,カンイッカセイソウキノウセン,
10088647,大脳半球切除,ダイノウハンキュウセツジョ,
10088648,脂肪血関節症,シボウケツカンセツショウ,
10088652,乳児下痢,ニュウジゲリ,
10088653,新生児胃食道逆流,シンセイジイショクドウギャクリュウ,
10088658,骨成長刺激,コツセイチョウシゲキ,ホネセイチョウシゲキ
10088659,ヒト上皮成長因子受容体検査,ヒトジョウヒセイチョウインシジュヨウタイケンサ,
10088660,十二指腸断端瘻,ジュウニシチョウダンタンロウ,
10088671,循環腫瘍細胞陰性,ジュンカンシュヨウサイボウインセイ,
10088672,循環腫瘍細胞陽性,ジュンカンシュヨウサイボウヨウセイ,
10088673,循環腫瘍細胞数,ジュンカンシュヨウサイボウスウ,
10088681,気管支断端フラップ被覆,キカンシダンタンフラップヒフク,
10088688,表在性静脈網に沿った色素沈着,ヒョウザイセイジョウミャクモウニソッタシキソチンチャク,
10088689,口蓋栓塞子,コウガイセンソクシ,
10088693,過成長症候群,カセイチョウショウコウグン,
10088695,血管確保部位瘢痕,ケッカンカクホブイハンコン,
10088696,血管確保部位裂傷,ケッカンカクホブイレッショウ,
10088697,血管確保部位熱感,ケッカンカクホブイネッカン,ケッカンカクホブイネツカン
10088698,血管確保部位線維症,ケッカンカクホブイセンイショウ,
10088699,血管確保部位蒼白,ケッカンカクホブイソウハク,
10088700,血管確保部位損傷,ケッカンカクホブイソンショウ,
10088701,血管確保部位不快感,ケッカンカクホブイフカイカン,
10088702,血管確保部位知覚過敏,ケッカンカクホブイチカクカビン,
10088703,血管確保部位冷感,ケッカンカクホブイレイカン,
10088714,トロンボモジュリン,トロンボモジュリン,
10088715,ＣＤ４リンパ球百分率,CD4リンパキュウヒャクブンリツ,
10088716,ステノトロフォモナス検査,ステノトロフォモナスケンサ,
10088717,ＣＤ１９抗原,CD19コウゲン,
10088718,グロボトリアオシルスフィンゴシン,グロボトリアオシルスフィンゴシン,
10088726,舌根粘膜切除,ゼッコンネンマクセツジョ,
10088727,胆管離断,タンカンリダン,
10088728,コア減圧,コアゲンアツ,
10088733,エンテロコッカス検査陰性,エンテロコッカスケンサインセイ,
10088735,ビタミンＥ欠乏性運動失調症,ビタミンEケツボウセイウンドウシッチョウショウ,
10088736,スポロトリックス検査,スポロトリックスケンサ,
10088737,スポロトリックス検査陽性,スポロトリックスケンサヨウセイ,
10088740,前嚢混濁,ゼンノウコンダク,
10088742,ラブソン・メンデンホール症候群,ラブソンメンデンホールショウコウグン,
10088747,ストーマ粘膜皮膚離開,ストーマネンマクヒフリカイ,
10088748,腸黄色腫,チョウオウショクシュ,
10088752,子宮内膜菲薄化,シキュウナイマクヒハクカ,
10088756,歯冠切除術,シカンセツジョジュツ,
10088758,妊娠に合併する母体疾患,ニンシンニガッペイスルボタイシッカン,
10088765,大腿骨切除,ダイタイコツセツジョ,
10088766,声帯出血,セイタイシュッケツ,
10088768,硬化性類上皮線維肉腫,コウカセイルイジョウヒセンイニクシュ,
10088771,関節炎－皮膚炎症候群,カンセツエンヒフエンショウコウグン,
10088772,埋伏歯開窓,マイフクシカイソウ,
10088773,播種性淋菌感染,ハシュセイリンキンカンセン,
10088778,心臓マッピング,シンゾウマッピング,
10088779,ＦＧＦＲ３遺伝子変異,FGFR3イデンシヘンイ,
10088780,特発性ヒスタミン作動性血管性浮腫,トクハツセイヒスタミンサドウセイケッカンセイフシュ,
10088781,ムエンケ症候群,ムエンケショウコウグン,
10088782,胸腺退縮不全,キョウセンタイシュクフゼン,
10088783,乳酸桿菌菌血症,ニュウサンカンキンキンケツショウ,
10088793,ＮＴＲＫ融合遺伝子検査,NTRKユウゴウイデンシケンサ,
10088794,ＮＴＲＫ融合遺伝子陰性,NTRKユウゴウイデンシインセイ,
10088795,ＮＴＲＫ融合遺伝子癌,NTRKユウゴウイデンシガン,
10088796,ＮＴＲＫ遺伝子増幅,NTRKイデンシゾウフク,
10088797,ＮＴＲＫ融合遺伝子陽性,NTRKユウゴウイデンシヨウセイ,
10088800,青色光線療法,セイショクコウセンリョウホウ,
10088801,内視鏡的点墨,ナイシキョウテキテンボク,
10088802,ドライニードル,ドライニードル,
10088806,過誤につながる略語の使用,カゴニツナガルリャクゴノシヨウ,
10088807,嘔吐反射試験,オウトハンシャシケン,
10088816,ＣＡＮＯＭＡＤ症候群,CANOMADショウコウグン,
10088821,歯周病・歯内疾患,シシュウビョウシナイシッカン,
10088822,腫瘍壊死因子β増加,シュヨウエシインシベータゾウカ,
10088828,心臓由来脂肪酸結合蛋白増加,シンゾウユライシボウサンケツゴウタンパクゾウカ,
10088833,乳児発症ＳＴＩＮＧ関連血管炎,ニュウジハッショウSTINGカンレンケッカンエン,
10088837,限局性リポジストロフィー,ゲンキョクセイリポジストロフィー,
10088840,異常遺伝子キャリアー,イジョウイデンシキャリアー,
10088841,ＡＬＧ８遺伝子変異キャリアー,ALG8イデンシヘンイキャリアー,
10088845,脊椎インプラント挿入,セキツイインプラントソウニュウ,
10088847,歯間乳頭保存切開,シカンニュウトウホゾンセッカイ,
10088851,ＤＡＭＰ症候群,DAMPショウコウグン,
10088861,キューティバクテリウム・アクネス感染,キューティバクテリウムアクネスカンセン,
10088862,ピアシング関連合併症,ピアシングカンレンガッペイショウ,
10088863,キューティバクテリウム検査陽性,キューティバクテリウムケンサヨウセイ,
10088869,好酸球性胆管炎,コウサンキュウセイタンカンエン,
10088870,パールマン症候群,パールマンショウコウグン,
10088871,ハーバー症候群,ハーバーショウコウグン,
10088873,モレル・ラバリー漿液腫,モレルラバリーショウエキシュ,
10088876,血管確保部位腫瘤,ケッカンカクホブイシュリュウ,
10088877,血管確保部位刺激感,ケッカンカクホブイシゲキカン,
10088878,乳汁分泌開始遅延,ニュウジュウブンピカイシチエン,ニュウジュウブンピツカイシチエン
10088879,乳汁分泌不全,ニュウジュウブンピフゼン,ニュウジュウブンピツフゼン
10088882,特発性膵炎,トクハツセイスイエン,
10088883,染色体微細重複,センショクタイビサイジュウフク,センショクタイビサイチョウフク
10088892,顎関節強直,ガクカンセツキョウチョク,
10088894,副交感神経活動低下,フクコウカンシンケイカツドウテイカ,
10088895,血管内皮由来弛緩因子,ケッカンナイヒユライシカンインシ,
10088896,百日咳様症候群,ヒャクニチゼキヨウショウコウグン,
10088898,薬剤再投与後再発,ヤクザイサイトウヨゴサイハツ,
10088899,薬剤投与中止後消失,ヤクザイトウヨチュウシゴショウシツ,
10088900,耳小骨骨折,ジショウコツコッセツ,
10088901,心臓コンピュータ断層撮影,シンゾウコンピュータダンソウサツエイ,
10088902,心臓コンピュータ断層撮影異常,シンゾウコンピュータダンソウサツエイイジョウ,
10088903,心臓コンピュータ断層撮影正常,シンゾウコンピュータダンソウサツエイセイジョウ,
10088909,新生児肺高血圧症,シンセイジハイコウケツアツショウ,
10088914,ラクトースを含まない食事,ラクトースヲフクマナイショクジ,
10088915,睡眠欲求の増加,スイミンヨッキュウノゾウカ,
10088916,熱性幻覚,ネツセイゲンカク,
10088917,低い登校率,ヒクイトウコウリツ,
10088922,右利き,ミギキキ,
10088923,抗第Ｘａ因子測定,コウダイ10aインシソクテイ,
10088924,偽ヘパリン抵抗性,ギヘパリンテイコウセイ,
10088925,肺経由動脈熱希釈法,ハイケイユドウミャクネツキシャクホウ,
10088926,尿中カリウム／クレアチニン比,ニョウチュウカリウムクレアチニンヒ,
10088930,偶発的高位脊髄麻酔,グウハツテキコウイセキズイマスイ,
10088932,陰嚢結石,インノウケッセキ,
10088933,中殿筋症候群,チュウデンキンショウコウグン,
10088934,血管内砕石,ケッカンナイサイセキ,
10088940,ブレインフォグ,ブレインフォグ,
10088941,骨癒合不全,コツユゴウフゼン,ホネユゴウフゼン
10088942,心耳閉鎖不全,シンジヘイサフゼン,
10088943,眼の注射部位異物感,メノチュウシャブイイブツカン,
10088948,高原虫血症,コウゲンチュウケッショウ,コウゲンチュウケツショウ
10088951,線維柱帯色素沈着,センイチュウタイシキソチンチャク,
10088955,下肢静止不能症候群の症状増強,カシセイシフノウショウコウグンノショウジョウゾウキョウ,
10088958,ウイルスベクター排出,ウイルスベクターハイシュツ,
10088959,弾発趾,ダンパツシ,
10088960,免疫性脊髄炎,メンエキセイセキズイエン,
10088961,非標的組織への意図しない形質導入,ヒヒョウテキソシキヘノイトシナイケイシツドウニュウ,
10088963,ラパデリノ症候群,ラパデリノショウコウグン,
10088964,肝胆道系手術,カンタンドウケイシュジュツ,
10088965,舌びらん,シタビラン,
10088967,大網捻転,ダイモウネンテン,タイモウネンテン
10088969,好酸球性胆嚢炎,コウサンキュウセイタンノウエン,
10088970,アデノシンデアミナーゼ２欠損症,アデノシンデアミナーゼ2ケッソンショウ,
10088971,関節パンヌス,カンセツパンヌス,
10088973,細胞異型を伴う子宮内膜増殖症,サイボウイケイヲトモナウシキュウナイマクゾウショクショウ,
10088977,Ｚ症候群,Zショウコウグン,
10088979,発作性徐脈症候群,ホッサセイジョミャクショウコウグン,
10088982,低侵襲骨接合,テイシンシュウコツセツゴウ,
10088983,十二指腸うっ滞,ジュウニシチョウウッタイ,
10088984,神経膠嚢胞,シンケイコウノウホウ,
10088985,乳腺分泌癌,ニュウセンブンピガン,ニュウセンブンピツガン
10088986,ピンプリックテスト,ピンプリックテスト,
10089003,ＡＧＥＰ－ＤＲＥＳＳオーバーラップ,AGEPDRESSオーバーラップ,
10089004,ＣＨＡＮＴＥＲ症候群,CHANTERショウコウグン,
10089005,僧帽弁異形成,ソウボウベンイケイセイ,
10089006,脳幹圧迫,ノウカンアッパク,
10089007,脊椎コンピュータ断層撮影正常,セキツイコンピュータダンソウサツエイセイジョウ,
10089008,関節超音波検査異常,カンセツチョウオンパケンサイジョウ,
10089009,脊椎コンピュータ断層撮影異常,セキツイコンピュータダンソウサツエイイジョウ,
10089010,脳溝開大,ノウコウカイダイ,
10089011,関節超音波検査正常,カンセツチョウオンパケンサセイジョウ,
10089012,精神医学的ケア,セイシンイガクテキケア,
10089013,器質性脳疾患,キシツセイノウシッカン,
10089014,電気療法,デンキリョウホウ,
10089015,骨盤磁気共鳴画像,コツバンジキキョウメイガゾウ,
10089032,薬理学的心負荷試験異常,ヤクリガクテキシンフカシケンイジョウ,
10089035,脳動脈バイパス手術,ノウドウミャクバイパスシュジュツ,
10089038,長軸方向グローバルストレイン異常,チョウジクホウコウグローバルストレインイジョウ,
10089039,長軸方向グローバルストレイン,チョウジクホウコウグローバルストレイン,
10089048,扁桃扁平上皮乳頭腫,ヘントウヘンペイジョウヒニュウトウシュ,
10089049,治療薬物モニタリング,チリョウヤクブツモニタリング,
10089050,リュープス症候群,リュープスショウコウグン,
10089054,骨脂肪腫,コツシボウシュ,
10089056,腹部癒着剥離,フクブユチャクハクリ,
10089057,血管アクセス装置培養,ケッカンアクセスソウチバイヨウ,
10089059,血管アクセス装置培養陰性,ケッカンアクセスソウチバイヨウインセイ,
10089060,血管アクセス装置培養陽性,ケッカンアクセスソウチバイヨウヨウセイ,
10089063,胸部放射線療法,キョウブホウシャセンリョウホウ,
10089070,結核腫,ケッカクシュ,
10089072,非代償性甲状腺機能低下症,ヒダイショウセイコウジョウセンキノウテイカショウ,
10089075,幽門再建,ユウモンサイケン,
10089078,オルトレキシア,オルトレキシア,
10089084,咬合負荷測定,コウゴウフカソクテイ,
10089091,多剤過敏症,タザイカビンショウ,
10089092,異型リンパ過形成,イケイリンパカケイセイ,
10089094,鎖骨下静脈塞栓症,サコツカジョウミャクソクセンショウ,
10089097,医療機器関連真菌血症,イリョウキキカンレンシンキンケッショウ,イリョウキキカンレンシンキンケツショウ
10089106,中心動脈圧,チュウシンドウミャクアツ,
10089108,蝸牛形成不全,カギュウケイセイフゼン,
10089109,頭頂葉脳卒中,トウチョウヨウノウソッチュウ,
10089110,後頭葉脳卒中,コウトウヨウノウソッチュウ,
10089111,足脈拍増加,ソクミャクハクゾウカ,
10089138,肺動脈解離,ハイドウミャクカイリ,
10089139,下垂体黄色肉芽腫,カスイタイオウショクニクゲシュ,
10089140,下垂体細胞腫,カスイタイサイボウシュ,
10089142,歯肉側鼓形空隙拡大,シニクガワコケイクウゲキカクダイ,
10089146,ＰＡＣＳ１神経発達障害,PACS1シンケイハッタツショウガイ,
10089147,単眼視,タンガンシ,
10089149,包皮形成術,ホウヒケイセイジュツ,
10089157,感染性嚢炎,カンセンセイノウエン,
10089161,ＨＥＲ２陽性結腸直腸癌,HER2ヨウセイケッチョウチョクチョウガン,
10089162,ＨＥＲ２低発現乳癌,HER2テイハツゲンニュウガン,
10089163,ＨＥＲ２陽性膀胱癌,HER2ヨウセイボウコウガン,
10089164,ＨＥＲ２陽性胆道癌,HER2ヨウセイタンドウガン,
10089165,ＨＥＲ２陽性子宮頚部癌,HER2ヨウセイシキュウケイブガン,
10089166,ＨＥＲ２陽性卵巣癌,HER2ヨウセイランソウガン,
10089167,ＨＥＲ２陽性子宮内膜癌,HER2ヨウセイシキュウナイマクガン,
10089168,ＨＥＲ２陽性膵癌,HER2ヨウセイスイガン,
10089169,免疫性血管炎,メンエキセイケッカンエン,
10089170,脾臓低潅流,ヒゾウテイカンリュウ,
10089173,頚部超音波検査,ケイブチョウオンパケンサ,
10089175,子宮峡部創陥凹,シキュウキョウブソウカンオウ,
10089178,パリスター・ホール症候群,パリスターホールショウコウグン,
10089179,尺側重複肢症,シャクソクジュウフクシショウ,シャクソクチョウフクシショウ
10089183,ミュヒニック症候群,ミュヒニックショウコウグン,
10089187,タナトフォリック骨異形成症,タナトフォリックコツイケイセイショウ,
10089188,頭蓋外胚葉性異形成,トウガイガイハイヨウセイイケイセイ,
10089190,サルベージ放射線療法,サルベージホウシャセンリョウホウ,
10089200,レーザー走査型サイトメトリー,レーザーソウサガタサイトメトリー,
10089205,脊髄神経鞘腫,セキズイシンケイショウシュ,
10089207,プレジオモナス・シゲロイデス感染,プレジオモナスシゲロイデスカンセン,
10089208,ＰＤ－Ｌ２陽性癌,PDL2ヨウセイガン,
10089209,ＰＤ－Ｌ２蛋白発現,PDL2タンパクハツゲン,
10089210,ＰＤ－Ｌ１陽性癌,PDL1ヨウセイガン,
10089211,ＰＤ－１検査,PD1ケンサ,
10089212,ＰＤ－Ｌ２検査,PDL2ケンサ,
10089213,ＰＤ－Ｌ１検査陰性,PDL1ケンサインセイ,
10089214,ＰＤ－Ｌ２検査陰性,PDL2ケンサインセイ,
10089215,ＰＤ－Ｌ１検査,PDL1ケンサ,
10089216,ＰＤ－Ｌ１蛋白発現,PDL1タンパクハツゲン,
10089222,コペプチン,コペプチン,
10089224,マンソネラ症,マンソネラショウ,
10089227,尿路顔症候群,ニョウロガンショウコウグン,
10089230,後頭葉てんかん,コウトウヨウテンカン,
10089232,プロゲステロン欠乏症,プロゲステロンケツボウショウ,
10089234,子宮平滑筋腫破裂,シキュウヘイカツキンシュハレツ,
10089238,結腸肛門吻合,ケッチョウコウモンフンゴウ,
10089239,ＭｙＢＰＣ３遺伝子変異,MyBPC3イデンシヘンイ,
10089240,腸間膜静脈性血管瘤,チョウカンマクジョウミャクセイケッカンリュウ,
10089241,不快性射乳反射,フカイセイシャニュウハンシャ,
10089242,傍十二指腸ヘルニア,ボウジュウニシチョウヘルニア,
10089244,ピロール尿症,ピロールニョウショウ,
10089248,片側間代発作,ヘンソクカンダイホッサ,ヘンソクカンタイホッサ
10089252,気道圧迫,キドウアッパク,
10089253,強皮症オーバーラップ症候群,キョウヒショウオーバーラップショウコウグン,
10089259,ＦＩＢ－４インデックス,FIB4インデックス,
10089266,シトロバクター検査,シトロバクターケンサ,
10089269,食道運動亢進,ショクドウウンドウコウシン,
10089273,直腸スワブ,チョクチョウスワブ,
10089277,卵巣白質ジストロフィー,ランソウハクシツジストロフィー,
10089278,淋疾予防,リンシツヨボウ,
10089280,慢性硬化性唾液腺炎,マンセイコウカセイダエキセンエン,
10089281,正中口蓋嚢胞,セイチュウコウガイノウホウ,
10089282,逆行性腎内手術,ギャッコウセイジンナイシュジュツ,
10089290,夜間高血圧,ヤカンコウケツアツ,
10089291,唾液腺管内視鏡検査,ダエキセンカンナイシキョウケンサ,
10089292,角膜培養,カクマクバイヨウ,
10089305,気管支動脈造影,キカンシドウミャクゾウエイ,
10089309,睡眠関連低換気,スイミンカンレンテイカンキ,
10089314,胎児型後大脳動脈,タイジガタコウダイノウドウミャク,
10089318,介護ストレス症候群,カイゴストレスショウコウグン,
10089319,ＲＥＴ融合遺伝子検査,RETユウゴウイデンシケンサ,
10089320,ＲＥＴ融合遺伝子陰性,RETユウゴウイデンシインセイ,
10089321,ＲＥＴ融合遺伝子陽性,RETユウゴウイデンシヨウセイ,
10089322,ＲＥＴ融合遺伝子癌,RETユウゴウイデンシガン,
10089323,ＲＥＴ遺伝子過剰発現,RETイデンシカジョウハツゲン,
10089324,ＲＥＴ遺伝子増幅,RETイデンシゾウフク,
10089325,骨磁気共鳴画像,コツジキキョウメイガゾウ,ホネジキキョウメイガゾウ
10089326,若年性ポリポーシス症候群,ジャクネンセイポリポーシスショウコウグン,
10089330,涙腺石灰化,ルイセンセッカイカ,
10089331,膀胱癌関連の尿遺伝子検査,ボウコウガンカンレンノニョウイデンシケンサ,
10089332,遠位鎖骨切除,エンイサコツセツジョ,
10089333,リンパ節血管筋腫性過誤腫,リンパセツケッカンキンシュセイカゴシュ,
10089336,結腸直腸新生物,ケッチョウチョクチョウシンセイブツ,
10089342,先天性脳神経支配異常症,センテンセイノウシンケイシハイイジョウショウ,
10089344,脊髄放射線療法,セキズイホウシャセンリョウホウ,
10089346,免疫複合体膜性増殖性糸球体腎炎,メンエキフクゴウタイマクセイゾウショクセイシキュウタイジンエン,
10089348,側頭骨茎状突起切除,ソクトウコツケイジョウトッキセツジョ,
10089355,大腸血管拡張症,ダイチョウケッカンカクチョウショウ,
10089358,妊娠性鼻炎,ニンシンセイビエン,
10089359,フサリウム心内膜炎,フサリウムシンナイマクエン,
10089364,器質性うつ病,キシツセイウツビョウ,
10089373,脳脊髄照射,ノウセキズイショウシャ,
10089374,経十二指腸的乳頭形成術,ケイジュウニシチョウテキニュウトウケイセイジュツ,
10089375,歯肉剥離掻爬術,シニクハクリソウハジュツ,
10089384,前頭鼻異形成,ゼントウビイケイセイ,
10089388,安静・冷却・圧迫・挙上処置,アンセイレイキャクアッパクキョジョウショチ,
10089389,塩素過敏症,エンソカビンショウ,
10089398,ラジオアイソトープ検査結果偽陰性,ラジオアイソトープケンサケッカギインセイ,
10089401,椎骨脳底動脈梗塞,ツイコツノウテイドウミャクコウソク,
10089406,体動脈肺動脈瘻,タイドウミャクハイドウミャクロウ,
10089421,カテーテル留置部位離開,カテーテルリュウチブイリカイ,
10089422,骨芽細胞の逆説的フレア,コツガサイボウノギャクセツテキフレア,
10089423,顆粒球コロニー刺激因子検査,カリュウキュウコロニーシゲキインシケンサ,
10089430,骨掻爬,コツソウハ,
10089432,歯牙のホワイトニング,シガノホワイトニング,
10089433,眼瞼角結膜炎,ガンケンカクケツマクエン,
10089434,歯の知覚検査,ハノチカクケンサ,
10089435,脳磁図検査,ノウジズケンサ,
10089436,口腔上顎洞瘻修復,コウクウジョウガクドウロウシュウフク,コウコウジョウガクドウロウシュウフク
10089437,分離肝潅流法,ブンリカンカンリュウホウ,
10089438,加齢性前庭障害,カレイセイゼンテイショウガイ,
10089439,歯原性粘液腫,シゲンセイネンエキシュ,
10089440,眼窩容積形成術,ガンカヨウセキケイセイジュツ,
10089441,摘出後ソケット症候群,テキシュツゴソケットショウコウグン,
10089442,硬膜拡張,コウマクカクチョウ,
10089443,老人性嚥下,ロウジンセイエンゲ,
10089452,一次性穿刺様頭痛,イチジセイセンシヨウズツウ,
10089459,側頭動脈狭窄,ソクトウドウミャクキョウサク,
10089460,放射線性白質脳症,ホウシャセンセイハクシツノウショウ,
10089461,脈絡叢黄色肉芽腫,ミャクラクソウオウショクニクゲシュ,
10089463,顔面神経動的再建術,ガンメンシンケイドウテキサイケンジュツ,
10089466,若年性黄色肉芽腫,ジャクネンセイオウショクニクゲシュ,
10089468,自己血パッチ法,ジコケツパッチホウ,
10089469,頬部形成術,キョウブケイセイジュツ,
10089470,口腔鼻腔瘻修復,コウクウビクウロウシュウフク,コウコウビクウロウシュウフク
10089471,頭蓋底再建,トウガイテイサイケン,
10089472,微小血管再建,ビショウケッカンサイケン,
10089479,縦隔リンパ節切除,ジュウカクリンパセツセツジョ,
10089480,梨状口狭窄,リジョウコウキョウサク,
10089494,ＣＲＩＳＰＲ検査,CRISPRケンサ,
10089495,透過フォトプレチスモグラフィー,トウカフォトプレチスモグラフィー,
10089497,胃ステント除去,イステントジョキョ,
10089503,胸膜脂肪腫,キョウマクシボウシュ,
10089507,緩和的放射線療法,カンワテキホウシャセンリョウホウ,
10089512,蝶形椎,チョウケイツイ,
10089516,大腸偽脂肪腫,ダイチョウギシボウシュ,
10089517,人工授精不成功,ジンコウジュセイフセイコウ,
10089518,副腎静脈サンプリング,フクジンジョウミャクサンプリング,
10089519,ストレス過食,ストレスカショク,
10089520,頬骨膿瘍,キョウコツノウヨウ,
10089521,横隔膜縫縮術,オウカクマクホウシュクジュツ,
10089522,消化管用逆流防止補綴材除去,ショウカカンヨウギャクリュウボウシホテツザイジョキョ,
10089523,腎切開,ジンセッカイ,
10089535,鼻口蓋管嚢胞,ビコウガイカンノウホウ,
10089536,リポ蛋白関連ホスホリパーゼＡ２増加,リポタンパクカンレンホスホリパーゼA2ゾウカ,
10089539,口内組織係留症,コウナイソシキケイリュウショウ,
10089543,αヒドロキシ酪酸増加,アルファヒドロキシラクサンゾウカ,
10089544,レスピロウイルス検査陰性,レスピロウイルスケンサインセイ,
10089545,ルブラウイルス検査陰性,ルブラウイルスケンサインセイ,
10089554,治療抵抗性濾胞性リンパ腫,チリョウテイコウセイロホウセイリンパシュ,
10089555,再発高悪性度Ｂ細胞リンパ腫,サイハツコウアクセイドBサイボウリンパシュ,
10089556,再発濾胞性リンパ腫,サイハツロホウセイリンパシュ,
10089557,難治性高悪性度Ｂ細胞リンパ腫,ナンチセイコウアクセイドBサイボウリンパシュ,
10089558,Ｅ型肝炎ウイルス検査陰性,Eガタカンエンウイルスケンサインセイ,
10089560,口唇切除,コウシンセツジョ,
10089561,歯槽骨切除,シソウコツセツジョ,
10089568,免疫毒性,メンエキドクセイ,
10089575,内耳磁気共鳴画像,ナイジジキキョウメイガゾウ,
10089577,胆汁酸減少,タンジュウサンゲンショウ,
10089578,胆汁酸異常,タンジュウサンイジョウ,
10089582,放射線浮腫,ホウシャセンフシュ,
10089584,心膜腔鏡検査,シンマククウキョウケンサ,
10089590,腸住血吸虫症,チョウジュウケツキュウチュウショウ,
10089596,強膜化角膜,キョウマクカカクマク,
10089597,心室中隔厚測定,シンシツチュウカクアツソクテイ,
10089598,オレキシン,オレキシン,
10089599,オレキシン欠乏症,オレキシンケツボウショウ,
10089607,後天性爪異形成,コウテンセイソウイケイセイ,コウテンセイツメイケイセイ
10089609,腎炎関連自己抗体,ジンエンカンレンジココウタイ,
10089612,鼻腔瘻,ビクウロウ,
10089614,異型リンパ球増加,イケイリンパキュウゾウカ,
10089620,神経包虫症,シンケイホウチュウショウ,
10089622,免疫エフェクター細胞関連ＨＬＨ様症候群,メンエキエフェクターサイボウカンレンHLHヨウショウコウグン,
10089623,肝放線菌症,カンホウセンキンショウ,
10089624,爪甲下鞘嚢腫,ソウコウカショウノウシュ,
10089625,骨盤切除,コツバンセツジョ,
10089636,低ヘモグロビン血症,テイヘモグロビンケッショウ,テイヘモグロビンケツショウ
10089637,発作後失明,ホッサゴシツメイ,
10089638,壊疽性裂孔ヘルニア,エソセイレッコウヘルニア,
10089649,偽性アテトーゼ,ギセイアテトーゼ,
10089650,遺伝性ＡＴＴＲアミロイド心筋症,イデンセイATTRアミロイドシンキンショウ,
10089657,カリウムチャネル遺伝子変異によるミオクローヌスてんかん・運動失調,カリウムチャネルイデンシヘンイニヨルミオクローヌステンカンウンドウシッチョウ,
10089671,橈側列形成不全,トウソクレツケイセイフゼン,
10089676,進行性ミオクローヌスてんかん,シンコウセイミオクローヌステンカン,
10089678,末梢血管血腫,マッショウケッカンケッシュ,
10089679,偽性クッシング症候群,ギセイクッシングショウコウグン,
10089684,視神経鞘髄膜腫,シシンケイショウズイマクシュ,
10089685,インフルエンザ心筋炎,インフルエンザシンキンエン,
10089686,多嚢胞性甲状腺疾患,タノウホウセイコウジョウセンシッカン,
10089687,尿中白血球異常,ニョウチュウハッケッキュウイジョウ,
10089691,肝偽病変,カンギビョウヘン,
10089692,脊髄挫傷,セキズイザショウ,
10089693,骨折経皮的鋼線刺入固定術,コッセツケイヒテキコウセンシニュウコテイジュツ,
10089701,片頭痛前駆症状,ヘンズツウゼンクショウジョウ,
10089702,三倍体症候群,サンバイタイショウコウグン,
10089704,心室心筋切除,シンシツシンキンセツジョ,
10089706,非定型片頭痛,ヒテイケイヘンズツウ,
10089708,マイクロ波マンモグラフィーによる病変部測定,マイクロハマンモグラフィーニヨルビョウヘンブソクテイ,
10089711,前立腺磁気共鳴画像,ゼンリツセンジキキョウメイガゾウ,
10089712,グリコール酸減少,グリコールサンゲンショウ,
10089713,グリコール酸異常,グリコールサンイジョウ,
10089714,ヒト上皮成長因子受容体陽性,ヒトジョウヒセイチョウインシジュヨウタイヨウセイ,
10089715,サポウイルス感染,サポウイルスカンセン,
10089716,グリコール酸,グリコールサン,
10089717,グリコール酸正常,グリコールサンセイジョウ,
10089728,直腸粘膜切除,チョクチョウネンマクセツジョ,
10089730,Ａ２０ハプロ不全症,A20ハプロフゼンショウ,
10089731,ＴＮＦＡＩＰ３変異,TNFAIP3ヘンイ,
10089732,粘液溶解療法,ネンエキヨウカイリョウホウ,
10089733,ニコチンガム使用者,ニコチンガムシヨウシャ,
10089740,尿中黄体形成ホルモン検査,ニョウチュウオウタイケイセイホルモンケンサ,
10089744,性的活動減退,セイテキカツドウゲンタイ,
10089745,性生活障害,セイセイカツショウガイ,
10089746,神経心理学的症状,シンケイシンリガクテキショウジョウ,
10089749,ステノトロフォモナス・マルトフィリア肺炎,ステノトロフォモナスマルトフィリアハイエン,
10089750,消化器病型シャーガス病,ショウカキビョウガタシャーガスビョウ,
10089751,筋眼脳病,キンガンノウビョウ,
10089754,先天性肝内動脈門脈瘻,センテンセイカンナイドウミャクモンミャクロウ,
10089758,眼窩周囲損傷,ガンカシュウイソンショウ,
10089759,血漿動脈硬化指数,ケッショウドウミャクコウカシスウ,
10089760,セクシュアルハラスメント,セクシュアルハラスメント,
10089765,距骨下関節制動術,キョコツカカンセツセイドウジュツ,
10089766,心漏斗部切除,シンロウトブセツジョ,
10089767,永久歯欠損症,エイキュウシケッソンショウ,
10089768,異所性歯牙,イショセイシガ,
10089769,単発性正中上顎中切歯症候群,タンパツセイセイチュウジョウガクチュウセッシショウコウグン,
10089770,大網被覆,ダイモウヒフク,タイモウヒフク
10089802,幼若血小板比率減少,ヨウジャクケッショウバンヒリツゲンショウ,
10089803,幼若血小板比率,ヨウジャクケッショウバンヒリツ,
10089804,幼若血小板比率増加,ヨウジャクケッショウバンヒリツゾウカ,
10089805,進行性全身性肥満細胞症,シンコウセイゼンシンセイヒマンサイボウショウ,
10089809,フィラデルフィア染色体検査,フィラデルフィアセンショクタイケンサ,
10089811,頭位性短頭,トウイセイタントウ,
10089812,レンチウイルス感染,レンチウイルスカンセン,
10089816,鼻弁手術,ビベンシュジュツ,
10089817,股関節唇再建,コカンセツシンサイケン,
10089819,心膜損傷,シンマクソンショウ,
10089820,心膜破裂,シンマクハレツ,
10089828,精嚢欠損,セイノウケッソン,
10089829,ＨＩＶ検査偽陰性,HIVケンサギインセイ,
10089831,短毛髪成長期症候群,タンモウハツセイチョウキショウコウグン,
10089832,退形成性神経節膠腫,タイケイセイセイシンケイセツコウシュ,
10089842,ヤコブセン症候群,ヤコブセンショウコウグン,
10089843,腹腔洗浄細胞診,フククウセンジョウサイボウシン,フックウセンジョウサイボウシン
10089844,出血性腸梗塞,シュッケツセイチョウコウソク,
10089848,気管支ステント除去,キカンシステントジョキョ,
10089849,顎顔面領域筋膜隙感染,ガクガンメンリョウイキキンマクゲキカンセン,
10089856,癌スクリーニング正常,ガンスクリーニングセイジョウ,
10089857,癌細胞陽性,ガンサイボウヨウセイ,
10089858,癌スクリーニング異常,ガンスクリーニングイジョウ,
10089869,給付金受給者,キュウフキンジュキュウシャ,
10089872,ＮＵＤＴ１５遺伝子多型,NUDT15イデンシタケイ,
10089874,知覚転位,チカクテンイ,
10089883,用量未調節薬の投与,ヨウリョウミチョウセツヤクノトウヨ,
10089884,用量未調整,ヨウリョウミチョウセイ,
10089885,血管硬結,ケッカンコウケツ,
10089888,足脈拍,ソクミャクハク,
10089891,ＣＡＲ導入遺伝子定量,CARドウニュウイデンシテイリョウ,
10089892,ＣＡＲ導入遺伝子増加,CARドウニュウイデンシゾウカ,
10089893,ＣＡＲ導入遺伝子コピー数増加,CARドウニュウイデンシコピースウゾウカ,
10089896,大動脈心瘻,ダイドウミャクシンロウ,
10089899,炎症性乳頭状過形成,エンショウセイニュウトウジョウカケイセイ,
10089900,遺伝性乾燥赤血球症,イデンセイカンソウセッケッキュウショウ,
10089905,くすぶり型全身性肥満細胞症,クスブリガタゼンシンセイヒマンサイボウショウ,
10089918,不安評価尺度スコア,フアンヒョウカシャクドスコア,
10089924,胆管腫瘍辺縁切除,タンカンシュヨウヘンエンセツジョ,
10089926,胸水乳酸脱水素酵素増加,キョウスイニュウサンダッスイソコウソゾウカ,
10089928,高銅血症,コウドウケッショウ,コウドウケツショウ
10089930,皮膚リンパ管炎,ヒフリンパカンエン,
10089935,脳血管漏斗状拡大,ノウケッカンロウトジョウカクダイ,
10089937,上皮炎,ジョウヒエン,
10089938,痛む脚と動く足趾症候群,イタムアシトウゴクソクシショウコウグン,
10089939,不均一高濃度乳房,フキンイツコウノウドニュウボウ,
10089940,尿管結紮,ニョウカンケッサツ,
10089941,マトリックスメタロプロテイナーゼインヒビター１増加,マトリックスメタロプロテイナーゼインヒビター1ゾウカ,
10089948,寄生虫検査陰性,キセイチュウケンサインセイ,
10089951,失文法,シツブンポウ,
10089954,低フェニルアラニン血症,テイフェニルアラニンケッショウ,テイフェニルアラニンケツショウ
10089957,肺住血吸虫症,ハイジュウケツキュウチュウショウ,
10089959,神経浮腫,シンケイフシュ,
10089961,閉塞性と拘束性の混合障害を伴う肺疾患,ヘイソクセイトコウソクセイノコンゴウショウガイヲトモナウハイシッカン,
10089967,好酸球性肝炎,コウサンキュウセイカンエン,
10089974,皮質下脳卒中,ヒシツカノウソッチュウ,
10089975,鎖骨遠位端骨溶解症,サコツエンイタンコツヨウカイショウ,
10089976,心臓粘液腫切除,シンゾウネンエキシュセツジョ,
10089977,増殖性外毛根鞘性腫瘍,ゾウショクセイガイモウコンショウセイシュヨウ,
10089997,神経根周囲療法,シンケイコンシュウイリョウホウ,
10090002,中枢神経系リステリア感染,チュウスウシンケイケイリステリアカンセン,
10090004,肺捻転,ハイネンテン,
10090005,大動脈解離修復,ダイドウミャクカイリシュウフク,
10090006,腎尿管膀胱切除,ジンニョウカンボウコウセツジョ,
10090008,精液増加症,セイエキゾウカショウ,
10090011,グルカゴン刺激試験,グルカゴンシゲキシケン,
10090013,内耳コンピュータ断層撮影,ナイジコンピュータダンソウサツエイ,
10090018,ヒトヘルペスウイルス６ウイルス血症,ヒトヘルペスウイルス6ウイルスケッショウ,ヒトヘルペスウイルス6ウイルスケツショウ
10090020,陰部乾燥,インブカンソウ,
10090022,自己免疫性副甲状腺機能低下症,ジコメンエキセイフクコウジョウセンキノウテイカショウ,
10090023,自己免疫性卵巣炎,ジコメンエキセイランソウエン,
10090026,耳垢腺腫,ジコウセンシュ,
10090027,網目状静脈瘤,アミメジョウジョウミャクリュウ,
10090028,鵞足炎,ガソクエン,
10090033,閉経期ざ瘡,ヘイケイキザソウ,
10090039,静脈再狭窄,ジョウミャクサイキョウサク,
10090043,眼球クローヌス,ガンキュウクローヌス,
10090044,アルドステロン／レニン比,アルドステロンレニンヒ,
10090055,直腸タンポナーデ,チョクチョウタンポナーデ,
10090056,悪性骨化性線維粘液性腫瘍,アクセイコッカセイセンイネンエキセイシュヨウ,アクセイコツカセイセンイネンエキセイシュヨウ
10090064,骨盤静脈塞栓術,コツバンジョウミャクソクセンジュツ,
10090065,ダーサン症候群,ダーサンショウコウグン,
10090066,チャン・ヤンセン症候群,チャンヤンセンショウコウグン,
10090067,脊椎切除術,セキツイセツジョジュツ,
10090068,胎児毒性試験,タイジドクセイシケン,
10090069,集合体恐怖症,シュウゴウタイキョウフショウ,
10090070,卵巣乳頭腫,ランソウニュウトウシュ,
10090083,インターロイキン遺伝子発現陰性,インターロイキンイデンシハツゲンインセイ,
10090084,インターロイキン遺伝子陽性癌,インターロイキンイデンシヨウセイガン,
10090085,インターロイキン遺伝子発現,インターロイキンイデンシハツゲン,
10090086,インターロイキン遺伝子発現陽性,インターロイキンイデンシハツゲンヨウセイ,
10090087,ハンドル症候群,ハンドルショウコウグン,
10090088,胆膵癌,タンスイガン,
10090089,昆虫食,コンチュウショク,
10090090,虫垂粘液性腫瘍,チュウスイネンエキセイシュヨウ,
10090101,縫工筋転位術,ホウコウキンテンイジュツ,
10090102,細菌性滑液包炎,サイキンセイカツエキホウエン,
10090106,前立腺部尿路上皮癌,ゼンリツセンブニョウロジョウヒガン,
10090117,コーネル小児譫妄評価スコア,コーネルショウニセンモウヒョウカスコア,
10090118,抗ＤＮＡＪＢ９抗体,コウDNAJB9コウタイ,
10090119,ドーパミン過感受性精神病,ドーパミンカカンジュセイセイシンビョウ,
10090121,遠隔心臓モニタリング,エンカクシンゾウモニタリング,
10090122,顆粒球吸着除去療法,カリュウキュウキュウチャクジョキョリョウホウ,
10090124,両眼視機能障害,リョウガンシキノウショウガイ,
10090125,サーベル鞘気管,サーベルショウキカン,
10090126,偽性大動脈縮窄,ギセイダイドウミャクシュクサク,
10090127,静脈拡張症,ジョウミャクカクチョウショウ,
10090128,肝葉欠損,カンヨウケッソン,
10090129,コレシストキニン増加,コレシストキニンゾウカ,
10090130,２型プロコラーゲン－Ｎ－プロペプチド増加,2ガタプロコラーゲンNプロペプチドゾウカ,
10090131,２型プロコラーゲン－Ｎ－プロペプチド減少,2ガタプロコラーゲンNプロペプチドゲンショウ,
10090155,抗肝サイトゾル抗体１型陰性,コウカンサイトゾルコウタイ1ガタインセイ,
10090156,抗肝サイトゾル抗体１型,コウカンサイトゾルコウタイ1ガタ,
10090158,細菌性爪感染,サイキンセイソウカンセン,サイキンセイツメカンセン
10090159,腹膜肥厚,フクマクヒコウ,
10090161,正中離開閉鎖,セイチュウリカイヘイサ,
10090162,上顎骨切り術,ジョウガクコツキリジュツ,
10090163,γ－アミノ酪酸アミノトランスフェラーゼ増加,ガンマアミノラクサンアミノトランスフェラーゼゾウカ,
10090164,播種性単純ヘルペス,ハシュセイタンジュンヘルペス,
10090165,言語療法,ゲンゴリョウホウ,
10090166,胃結腸瘻,イケッチョウロウ,
10090169,肝臓の鉄過剰症,カンゾウノテツカジョウショウ,
10090170,脾臓の鉄過剰症,ヒゾウノテツカジョウショウ,
10090171,坐骨大腿インピンジメント症候群,ザコツダイタイインピンジメントショウコウグン,
10090172,肛門性器肉芽腫症,コウモンセイキニクゲシュショウ,
10090177,コロストミーバッグ使用者,コロストミーバッグシヨウシャ,
10090178,逆睫毛除去,サカサマツゲジョキョ,
10090186,Ｃ型インフルエンザウイルス検査陰性,Cガタインフルエンザウイルスケンサインセイ,
10090187,Ｂ型インフルエンザウイルス検査陰性,Bガタインフルエンザウイルスケンサインセイ,
10090200,インターフェロノパシー,インターフェロノパシー,
10090201,家族性凍瘡状エリテマトーデス,カゾクセイトウソウジョウエリテマトーデス,
10090205,感染性腸潰瘍,カンセンセイチョウカイヨウ,
10090210,先天性形成不全,センテンセイケイセイフゼン,
10090212,自己免疫性ノドパチー,ジコメンエキセイノドパチー,
10090213,ハーベイ・ブラッドショー指数異常,ハーベイブラッドショーシスウイジョウ,
10090214,免疫エフェクター細胞関連血液毒性,メンエキエフェクターサイボウカンレンケツエキドクセイ,
10090219,ハーベイ・ブラッドショー指数,ハーベイブラッドショーシスウ,
10090224,消化管用逆流防止補綴材留置,ショウカカンヨウギャクリュウボウシホテツザイリュウチ,
10090225,第ＸＩＩ因子活性低下,ダイ12インシカッセイテイカ,
10090226,上位交差症候群,ジョウイコウサショウコウグン,
10090227,持続性片側頭痛,ジゾクセイヘンソクズツウ,
10090228,β－フィブリノゲン４５５Ｇ／Ａ変異,ベータフィブリノゲン455GAヘンイ,
10090229,アガストンスコア,アガストンスコア,
10090230,第ＸＩＩＩ因子変異,ダイ13インシヘンイ,
10090231,マトリックスメタロプロテイナーゼ－１増加,マトリックスメタロプロテイナーゼ1ゾウカ,
10090232,食道平滑筋腫,ショクドウヘイカツキンシュ,
10090247,第ＶＩＩ因子活性低下,ダイ7インシカッセイテイカ,
10090248,医療的臨死介助,イリョウテキリンシカイジョ,
10090249,人工心臓弁閉塞,ジンコウシンゾウベンヘイソク,
10090250,ＳＨＯＲＴ症候群,SHORTショウコウグン,
10090251,自己免疫性脊髄炎,ジコメンエキセイセキズイエン,
10090253,補体成分Ｃ５増加,ホタイセイブンC5ゾウカ,
10090254,瘢痕脳回,ハンコンノウカイ,
10090255,デングウイルス血症,デングウイルスケッショウ,デングウイルスケツショウ
10090256,ワクチンウイルス血症,ワクチンウイルスケッショウ,ワクチンウイルスケツショウ
10090260,母体免疫,ボタイメンエキ,
10090265,循環腫瘍ＤＮＡ検査陽性,ジュンカンシュヨウDNAケンサヨウセイ,
10090266,循環腫瘍ＤＮＡ検査,ジュンカンシュヨウDNAケンサ,
10090267,循環腫瘍ＤＮＡ検査陰性,ジュンカンシュヨウDNAケンサインセイ,
10090273,ＱＯＬ尺度,QOLシャクド,
10090285,消化管バシジオボルス症,ショウカカンバシジオボルスショウ,
10090287,神経皮膚症候群,シンケイヒフショウコウグン,
10090288,胸郭低形成,キョウカクテイケイセイ,
10090290,輪状咽頭機能不全,リンジョウイントウキノウフゼン,
10090293,腎コロボーマ症候群,ジンコロボーマショウコウグン,
10090297,限局性黒色腫,ゲンキョクセイコクショクシュ,
10090298,意義不明の特発性血球異形成,イギフメイノトクハツセイケッキュウイケイセイ,
10090299,意義不明のクローン性血球減少症,イギフメイノクローンセイケッキュウゲンショウショウ,
10090300,バシジオボルス症,バシジオボルスショウ,
10090301,関節変形,カンセツヘンケイ,
10090302,意義不明の特発性血球減少症,イギフメイノトクハツセイケッキュウゲンショウショウ,
10090311,誤った医療機器の選択,アヤマッタイリョウキキノセンタク,
10090312,ケアの移行時の投薬過誤,ケアノイコウジノトウヤクカゴ,
10090323,妊娠の可能性のない女性,ニンシンノカノウセイノナイジョセイ,
10090324,最終月経による分娩予定日決定,サイシュウゲッケイニヨルブンベンヨテイビケッテイ,
10090325,急性壊死性胆嚢炎,キュウセイエシセイタンノウエン,
10090331,毛様体解離裂,モウヨウタイカイリレツ,
10090332,胸郭変形矯正,キョウカクヘンケイキョウセイ,
10090333,弾発肩甲骨症候群,ダンパツケンコウコツショウコウグン,
10090334,嗅溝髄膜腫,キュウコウズイマクシュ,
10090340,誤った医療機器,アヤマッタイリョウキキ,
10090342,製品の知識不足,セイヒンノチシキブソク,
10090347,モノアミンオキシダーゼ増加,モノアミンオキシダーゼゾウカ,
10090349,皮質手指領域脳卒中,ヒシツシュシリョウイキノウソッチュウ,ヒシツテユビリョウイキノウソッチュウ
10090351,エール・ブラウン強迫観念・強迫行為評価スケール,エールブラウンキョウハクカンネンキョウハクコウイヒョウカスケール,
10090354,菱脳シナプシス,リョウノウシナプシス,
10090355,低アルギニン血症,テイアルギニンケッショウ,テイアルギニンケツショウ
10090363,先天性握り母指症,センテンセイニギリボシショウ,
10090364,濃縮胆汁症候群,ノウシュクタンジュウショウコウグン,
10090365,歯科骨移植,シカコツイショク,
10090366,大腿骨全置換,ダイタイコツゼンチカン,
10090367,シュワン細胞腫切除,シュワンサイボウシュセツジョ,
10090368,鼻粘膜切除術,ビネンマクセツジョジュツ,
10090378,銅欠乏性貧血,ドウケツボウセイヒンケツ,
10090382,ポドコニオシス,ポドコニオシス,
10090383,ピラロウスキ・ビョルンソン症候群,ピラロウスキビョルンソンショウコウグン,
10090384,陰嚢切除,インノウセツジョ,
10090390,身体損傷,シンタイソンショウ,
10090393,陰茎血管腫,インケイケッカンシュ,
10090395,免疫介在性胃腸障害,メンエキカイザイセイイチョウショウガイ,
10090396,ＨＭＧ－ＣｏＡ還元酵素抗体検査,HMGCoAカンゲンコウソコウタイケンサ,
10090397,抗横紋筋抗体検査,コウオウモンキンコウタイケンサ,
10090402,胸壁硬直,キョウヘキコウチョク,
10090403,播種性エンテロウイルス感染,ハシュセイエンテロウイルスカンセン,
10090407,歯科用コンピュータ断層撮影,シカヨウコンピュータダンソウサツエイ,
10090419,頭頚部形成手術,トウケイブケイセイシュジュツ,
10090426,網膜外層管状構造,モウマクガイソウカンジョウコウゾウ,
10090427,平坦型上皮異型,ヘイタンガタジョウヒイケイ,
10090428,シャルコー・ライデン結晶陰性,シャルコーライデンケッショウインセイ,
10090429,シャルコー・ライデン結晶陽性,シャルコーライデンケッショウヨウセイ,
10090430,好中球生着検査,コウチュウキュウセイチャクケンサ,
10090431,好中球生着不全,コウチュウキュウセイチャクフゼン,
10090432,血小板生着不全,ケッショウバンセイチャクフゼン,
10090433,血小板生着検査,ケッショウバンセイチャクケンサ,
10090434,好中球生着遅延,コウチュウキュウセイチャクチエン,
10090435,血小板生着遅延,ケッショウバンセイチャクチエン,
10090436,血小板回復の二次不全,ケッショウバンカイフクノニジフゼン,
10090444,医療機器の細菌性のゆるみ,イリョウキキノサイキンセイノユルミ,
10090458,ライム病による眼症状,ライムビョウニヨルガンショウジョウ,
10090460,音声スペクトログラフィー,オンセイスペクトログラフィー,
10090461,慢性肥厚性カンジダ症,マンセイヒコウセイカンジダショウ,
10090462,慢性肥厚性喉頭炎,マンセイヒコウセイコウトウエン,
10090463,頚部磁気共鳴画像異常,ケイブジキキョウメイガゾウイジョウ,
10090464,心磁気共鳴画像異常,シンジキキョウメイガゾウイジョウ,
10090465,頚部コンピュータ断層撮影異常,ケイブコンピュータダンソウサツエイイジョウ,
10090466,頚部磁気共鳴画像正常,ケイブジキキョウメイガゾウセイジョウ,
10090467,心磁気共鳴画像正常,シンジキキョウメイガゾウセイジョウ,
10090468,頚部コンピュータ断層撮影正常,ケイブコンピュータダンソウサツエイセイジョウ,
10090469,水晶体嚢切除,スイショウタイノウセツジョ,
10090470,ＴＯＲＣＨ検査,TORCHケンサ,
10090472,停留精巣手術,テイリュウセイソウシュジュツ,
10090473,皮膚温上昇,ヒフオンジョウショウ,
10090474,結紮後心臓症候群,ケッサツゴシンゾウショウコウグン,
10090475,軟骨固定,ナンコツコテイ,
10090476,吸引分娩不成功,キュウインブンベンフセイコウ,
10090477,乳房異常感覚,ニュウボウイジョウカンカク,
10090478,皮膚温低下,ヒフオンテイカ,
10090479,軟部組織手術,ナンブソシキシュジュツ,
10090481,エスカッシャン切除術,エスカッシャンセツジョジュツ,
10090482,運動盲,ウンドウモウ,
10090483,白血球接着不全症,ハッケッキュウセッチャクフゼンショウ,
10090499,レーザー手術,レーザーシュジュツ,
10090510,白血球アルカリホスファターゼ異常,ハッケッキュウアルカリホスファターゼイジョウ,
10090511,非自発的な医学的治療,ヒジハツテキナイガクテキチリョウ,
10090512,ディアス・ローガン症候群,ディアスローガンショウコウグン,
10090513,不適切洞頻脈,フテキセツドウヒンミャク,
10090514,乳疱,ニュウホウ,
10090515,感情移入の欠如,カンジョウイニュウノケツジョ,
10090529,スーパーオキシドジスムターゼ活性低下,スーパーオキシドジスムターゼカッセイテイカ,
10090530,エボラウイルス検査,エボラウイルスケンサ,
10090531,青色白内障,セイショクハクナイショウ,
10090532,サポウイルス検査,サポウイルスケンサ,
10090533,メタゲノム解析,メタゲノムカイセキ,
10090534,アディポネクチン減少,アディポネクチンゲンショウ,
10090535,ＳＬＣ６Ａ１神経発達障害,SLC6A1シンケイハッタツショウガイ,
10090537,特発性乳児高カルシウム血症,トクハツセイニュウジコウカルシウムケッショウ,トクハツセイニュウジコウカルシウムケツショウ
10090545,出血リスク評価,シュッケツリスクヒョウカ,
10090554,甲状腺ホルモン不応症,コウジョウセンホルモンフオウショウ,
10090555,無甲状腺症,ムコウジョウセンショウ,
10090556,ヤング・シンプソン症候群,ヤングシンプソンショウコウグン,
10090557,甲状腺刺激ホルモン放出ホルモン欠損症,コウジョウセンシゲキホルモンホウシュツホルモンケッソンショウ,
10090558,甲状腺刺激ホルモン放出ホルモン抵抗性,コウジョウセンシゲキホルモンホウシュツホルモンテイコウセイ,
10090559,バンフォース・ラザロ症候群,バンフォースラザロショウコウグン,
10090560,コッヘル・ドゥブレ・セメレーニュ症候群,コッヘルドゥブレセメレーニュショウコウグン,
10090561,妊娠甲状腺機能亢進症,ニンシンコウジョウセンキノウコウシンショウ,
10090562,甲状腺機能低下性ミオパチー,コウジョウセンキノウテイカセイミオパチー,
10090570,筋力検査,キンリョクケンサ,
10090571,ピログルタミン酸塩検査,ピログルタミンサンエンケンサ,
10090572,末梢神経ブロック遷延,マッショウシンケイブロックセンエン,
10090578,顎関節症,ガクカンセツショウ,
10090579,甲状腺壊疽,コウジョウセンエソ,
10090580,家族性孤立性副甲状腺機能低下症,カゾクセイコリツセイフクコウジョウセンキノウテイカショウ,
10090581,放射線性副甲状腺機能低下症,ホウシャセンセイフクコウジョウセンキノウテイカショウ,
10090582,ウォルコット・ラリソン症候群,ウォルコットラリソンショウコウグン,
10090590,複合アシルＣｏＡ脱水素酵素欠損症,フクゴウアシルCoAダッスイソコウソケッソンショウ,
10090591,残存症状,ザンゾンショウジョウ,
10090592,歯科治療恐怖症,シカチリョウキョウフショウ,
10090605,増量投与,ゾウリョウトウヨ,
10090610,アファンタジア,アファンタジア,
10090613,透析中のプレポンプ静脈圧の上昇,トウセキチュウノプレポンプジョウミャクアツノジョウショウ,
10090614,透析中のプレポンプ動脈圧の上昇,トウセキチュウノプレポンプドウミャクアツノジョウショウ,
10090618,遺伝子治療,イデンシチリョウ,
10090619,ブラストシスティス検査陽性,ブラストシスティスケンサヨウセイ,
10090621,汎発性膿疱性乾癬,ハンパツセイノウホウセイカンセン,
10090625,製品レジメンの混同,セイヒンレジメンノコンドウ,
10090626,製品含量の混同,セイヒンガンリョウノコンドウ,
10090630,品質に問題のある製品の投与,ヒンシツニモンダイノアルセイヒンノトウヨ,
10090631,血漿動脈硬化指数上昇,ケッショウドウミャクコウカシスウジョウショウ,
10090632,血漿動脈硬化指数異常,ケッショウドウミャクコウカシスウイジョウ,
10090633,血漿動脈硬化指数低下,ケッショウドウミャクコウカシスウテイカ,
10090638,出血性膵嚢胞,シュッケツセイスイノウホウ,
10090642,陰茎弯曲修復,インケイワンキョクシュウフク,
10090644,チクングニヤ検査,チクングニヤケンサ,
10090645,チクングニヤ免疫,チクングニヤメンエキ,
10090651,上室性徐脈,ジョウシツセイジョミャク,
10090652,１５ｑ１３．３微細欠失症候群,15q13.3ビサイケッシツショウコウグン,
10090653,食道蛇行,ショクドウダコウ,
10090656,顔面美容手技,ガンメンビヨウシュギ,
10090662,光温熱療法,ヒカリオンネツリョウホウ,
10090663,網膜血管増殖性腫瘍,モウマクケッカンゾウショクセイシュヨウ,
10090664,副胎盤,フクタイバン,
10090665,心膜減圧症候群,シンマクゲンアツショウコウグン,
10090672,肺炎症性偽腫瘍,ハイエンショウセイギシュヨウ,
10090674,ファゼカススケール異常,ファゼカススケールイジョウ,
10090682,心臓振盪,シンゾウシントウ,
10090683,万華鏡視,マンゲキョウシ,
10090686,クレアチンキナーゼ異常,クレアチンキナーゼイジョウ,
10090692,時計描画テスト異常,トケイビョウガテストイジョウ,
10090698,病院不安抑うつ尺度異常,ビョウインフアンヨクウツシャクドイジョウ,
10090701,腸管由来感染,チョウカンユライカンセン,
10090704,経皮的中隔心筋焼灼術,ケイヒテキチュウカクシンキンショウシャクジュツ,
10090707,精巣ハイポトロフィー,セイソウハイポトロフィー,
10090708,ゲメラ感染,ゲメラカンセン,
10090710,脊椎骨盤固定,セキツイコツバンコテイ,
10090711,腎動脈の早期分枝,ジンドウミャクノソウキブンシ,
10090713,末梢神経過剰興奮,マッショウシンケイカジョウコウフン,
10090717,腸間膜肥厚,チョウカンマクヒコウ,
10090718,好中球ＣＤ６４発現増加,コウチュウキュウCD64ハツゲンゾウカ,
10090719,好中球ＣＤ６４発現,コウチュウキュウCD64ハツゲン,
10090724,心筋炎・筋炎・重症筋無力症オーバーラップ症候群,シンキンエンキンエンジュウショウキンムリョクショウオーバーラップショウコウグン,
10090731,前皮神経絞扼症候群,ゼンヒシンケイコウヤクショウコウグン,
10090732,腟平滑筋腫,チツヘイカツキンシュ,
10090739,ＭＵＴＹＨ関連ポリポーシス,MUTYHカンレンポリポーシス,
10090740,脾サルコイドーシス,ヒサルコイドーシス,
10090741,ラウフ・シュタインドル症候群,ラウフシュタインドルショウコウグン,
10090742,乳房透光法,ニュウボウトウコウホウ,
10090743,エワルト徴候,エワルトチョウコウ,
10090744,消化管内微生物過剰増殖,ショウカカンナイビセイブツカジョウゾウショク,
10090748,肺残気量増加,ハイザンキリョウゾウカ,
10090749,可視性ブラシュコ線,カシセイブラシュコセン,
10090750,使用行動,シヨウコウドウ,
10090752,クラミジア気管支炎,クラミジアキカンシエン,
10090760,肝磁気共鳴補正Ｔ１値,カンジキキョウメイホセイT1チ,
10090762,リンパ球サブセットパネル検査,リンパキュウサブセットパネルケンサ,
10090763,肺塞栓後症候群,ハイソクセンゴショウコウグン,
10090766,乳房の放射状瘢痕,ニュウボウノホウシャジョウハンコン,
10090768,不正な処方せん入手,フセイナショホウセンニュウシュ,
10090770,消化管神経内分泌腫瘍,ショウカカンシンケイナイブンピシュヨウ,ショウカカンシンケイナイブンピツシュヨウ
10090776,ゼッケル症候群,ゼッケルショウコウグン,
10090779,十二指腸切開乳頭部局所切除術,ジュウニシチョウセッカイニュウトウブキョクショセツジョジュツ,
10090781,腸静脈炎,チョウジョウミャクエン,
10090782,ヒトボカウイルス検査,ヒトボカウイルスケンサ,
10090790,不随意発声,フズイイハッセイ,
10090793,心膜穿孔,シンマクセンコウ,
10090798,筋膜皮弁手術,キンマクヒベンシュジュツ,
10090802,無疱疹性帯状疱疹,ムホウシンセイタイジョウホウシン,
10090809,自己免疫性血管炎,ジコメンエキセイケッカンエン,
10090810,胸部大動脈血管内修復,キョウブダイドウミャクケッカンナイシュウフク,
10090827,扁桃非対称,ヘントウヒタイショウ,
10090828,慢性増殖性歯髄炎,マンセイゾウショクセイシズイエン,
10090829,膵壊死組織切除,スイエシソシキセツジョ,
10090840,医原性カポジ肉腫,イゲンセイカポジニクシュ,
10090841,マーデン・ウォーカー症候群,マーデンウォーカーショウコウグン,
10090852,胸腔排液検査正常,キョウクウハイエキケンサセイジョウ,
10090855,副腎ユーイング肉腫,フクジンユーイングニクシュ,
10090856,代謝機能障害関連脂肪肝炎,タイシャキノウショウガイカンレンシボウカンエン,
10090857,代謝障害関連肝疾患,タイシャショウガイカンレンカンシッカン,
10090858,骨髄異形成症候群／骨髄増殖性腫瘍オーバーラップ症候群,コツズイイケイセイショウコウグンコツズイゾウショクセイシュヨウオーバーラップショウコウグン,
10090866,ＭＥＴ遺伝子増幅,METイデンシゾウフク,
10090868,シュードモナス性口内炎,シュードモナスセイコウナイエン,
10090873,下咽頭喉頭頚部食道摘出術,カイントウコウトウケイブショクドウテキシュツジュツ,
10090878,緑内障ドレナージ装置露出,リョクナイショウドレナージソウチロシュツ,
10090879,椎前間隙感染,ツイゼンカンゲキカンセン,
10090880,腸管神経節神経腫症,チョウカンシンケイセツシンケイシュショウ,
10090881,子宮内母体感染曝露,シキュウナイボタイカンセンバクロ,
10090883,乳房アブレーション,ニュウボウアブレーション,
10090884,中枢神経系細菌感染,チュウスウシンケイケイサイキンカンセン,
10090885,深在性嚢胞性胃炎,シンザイセイノウホウセイイエン,
10090892,丘疹紫斑性グローブソックス症候群,キュウシンシハンセイグローブソックスショウコウグン,
10090893,ビブリオ・フルビアリス感染,ビブリオフルビアリスカンセン,
10090895,外傷性くも膜下出血,ガイショウセイクモマクカシュッケツ,
10090897,涙腺生検,ルイセンセイケン,
10090898,旅行恐怖症,リョコウキョウフショウ,
10090899,旅行恐怖,リョコウキョウフ,
10090901,上顎洞副口,ジョウガクドウフクコウ,
10090902,前房内インプラント,ゼンボウナイインプラント,
10090904,男性生殖器超音波検査,ダンセイセイショクキチョウオンパケンサ,
10090905,体茎異常,タイケイイジョウ,
10090906,臍欠損,サイケッソン,
10090911,遺伝性乳癌卵巣癌症候群,イデンセイニュウガンランソウガンショウコウグン,
10090912,頭蓋内石灰化,トウガイナイセッカイカ,
10090919,舌虫症,シタムシショウ,
10090924,唾液うっ滞,ダエキウッタイ,
10090926,副腎抗体検査,フクジンコウタイケンサ,
10090927,副腎抗体検査陽性,フクジンコウタイケンサヨウセイ,
10090928,副腎抗体検査陰性,フクジンコウタイケンサインセイ,
10090930,抗コリン作用,コウコリンサヨウ,
10090931,大麻相互作用,タイマソウゴサヨウ,
10090933,冠動脈スローフロー現象,カンドウミャクスローフローゲンショウ,
10090937,免疫介在性下垂体機能低下症,メンエキカイザイセイカスイタイキノウテイカショウ,
10090938,特発性硬膜下血腫,トクハツセイコウマクカケッシュ,
10090942,腟ペッサリー抜去,チツペッサリーバッキョ,
10090947,色素性痒疹,シキソセイヨウシン,
10090951,外傷疼痛,ガイショウトウツウ,
10090952,グルクロノシルトランスフェラーゼ減少,グルクロノシルトランスフェラーゼゲンショウ,
10090956,小児期の非対称性屈側周囲発疹,ショウニキノヒタイショウセイクッソクシュウイホッシン,ショウニキノヒタイショウセイクッソクシュウイハッシン
10090966,偽滴状角膜,ギテキジョウカクマク,
10090967,網膜色素上皮変化,モウマクシキソジョウヒヘンカ,
10090970,甲状腺機能低下性心筋症,コウジョウセンキノウテイカセイシンキンショウ,
10090972,免疫性粘膜炎,メンエキセイネンマクエン,
10090974,唾液腺筋上皮腫,ダエキセンキンジョウヒシュ,
10090975,子宮内膜症の外科的切除,シキュウナイマクショウノゲカテキセツジョ,
10090977,コプロプラキシア,コプロプラキシア,
10090979,ヴァン・ネック・オデルバーグ病,ヴァンネックオデルバーグビョウ,
10090980,腎血管周囲類上皮細胞腫瘍,ジンケッカンシュウイルイジョウヒサイボウシュヨウ,
10090982,免疫介在性直腸炎,メンエキカイザイセイチョクチョウエン,
10090983,筋筒炎,キントウエン,
10090984,血中放射性ゲルマニウム増加,ケッチュウホウシャセイゲルマニウムゾウカ,
10090985,視床微小出血,シショウビショウシュッケツ,
10090987,非淡明細胞型腎細胞癌,ヒタンメイサイボウガタジンサイボウガン,
10090988,肝血管瘻,カンケッカンロウ,
10090991,ガワーズ徴候,ガワーズチョウコウ,
10090993,気管偽膜,キカンギマク,
10090996,播種性大腸菌感染,ハシュセイダイチョウキンカンセン,
10091001,生検部位合併症,セイケンブイガッペイショウ,
10091003,ＬＡＧ－３検査陰性,LAG3ケンサインセイ,
10091004,ＬＡＧ－３発現,LAG3ハツゲン,
10091005,ＬＡＧ－３検査,LAG3ケンサ,
10091013,低アミラーゼ血症,テイアミラーゼケッショウ,テイアミラーゼケツショウ
10091015,ストーマ部合併症,ストーマブガッペイショウ,
10091016,ストーマ部創傷,ストーマブソウショウ,
10091019,水俣病,ミナマタビョウ,
10091022,フィッツパトリック分類のフォトスキンタイプ,フィッツパトリックブンルイノフォトスキンタイプ,
10091023,フィッツパトリック分類のフォトスキンタイプＩＩ,フィッツパトリックブンルイノフォトスキンタイプ2,
10091024,フィッツパトリック分類のフォトスキンタイプＩＩＩ,フィッツパトリックブンルイノフォトスキンタイプ3,
10091025,フィッツパトリック分類のフォトスキンタイプＩＶ,フィッツパトリックブンルイノフォトスキンタイプ4,
10091026,フィッツパトリック分類のフォトスキンタイプＶＩ,フィッツパトリックブンルイノフォトスキンタイプ6,
10091028,フィッツパトリック分類のフォトスキンタイプＶ,フィッツパトリックブンルイノフォトスキンタイプ5,
10091029,フィッツパトリック分類のフォトスキンタイプＩ,フィッツパトリックブンルイノフォトスキンタイプ1,
10091031,オリゴクローナルバンド測定,オリゴクローナルバンドソクテイ,
10091033,ＡＲＩＤ１Ａ遺伝子変異,ARID1Aイデンシヘンイ,
10091034,非定型スティーヴンス・ジョンソン症候群,ヒテイケイスティーヴンスジョンソンショウコウグン,
10091046,尿管生検正常,ニョウカンセイケンセイジョウ,
10091047,気管吸引培養陽性,キカンキュウインバイヨウヨウセイ,
10091048,褥瘡治療,ジョクソウチリョウ,
10091049,腸新生物手術,チョウシンセイブツシュジュツ,
10091050,超音波肝エラストグラフィー,チョウオンパカンエラストグラフィー,
10091051,慢性前立腺炎／慢性骨盤痛症候群,マンセイゼンリツセンエンマンセイコツバンツウショウコウグン,
10091052,胃潜血検査,イセンケツケンサ,
10091053,気管吸引培養陰性,キカンキュウインバイヨウインセイ,
10091054,尿管生検異常,ニョウカンセイケンイジョウ,
10091055,胃潜血検査陰性,イセンケツケンサインセイ,
10091060,心因性そう痒症,シンインセイソウヨウショウ,
10091062,慢性腎臓病関連そう痒症,マンセイジンゾウビョウカンレンソウヨウショウ,
10091063,悪性度不明のメラノサイト腫瘍,アクセイドフメイノメラノサイトシュヨウ,
10091066,アクチノマイセス菌血症,アクチノマイセスキンケツショウ,
10091072,心膜癒着術,シンマクユチャクジュツ,
10091075,子宮頚部無形成,シキュウケイブムケイセイ,
10091076,衝動性眼球運動障害,ショウドウセイガンキュウウンドウショウガイ,
10091077,肛門直腸ヘルペス,コウモンチョクチョウヘルペス,
10091078,肛門直腸帯状疱疹,コウモンチョクチョウタイジョウホウシン,
10091079,胸腺神経内分泌腫瘍,キョウセンシンケイナイブンピシュヨウ,キョウセンシンケイナイブンピツシュヨウ
10091082,血液学的血清療法,ケツエキガクテキケッセイリョウホウ,
10091083,遺伝性感覚自律神経ニューロパチー,イデンセイカンカクジリツシンケイニューロパチー,
10091084,網膜切除,モウマクセツジョ,
10091085,放射性シード局在化,ホウシャセイシードキョクザイカ,
10091099,骨矯正装具による治療,コツキョウセイソウグニヨルチリョウ,
10091101,ニコルスキー徴候テスト,ニコルスキーチョウコウテスト,
10091102,ニコルスキー徴候陽性,ニコルスキーチョウコウヨウセイ,
10091103,ニコルスキー徴候陰性,ニコルスキーチョウコウインセイ,
10091104,高トランスフェリン血症,コウトランスフェリンケッショウ,コウトランスフェリンケツショウ
10091107,先天性血栓性血小板減少性紫斑病,センテンセイケッセンセイケッショウバンゲンショウセイシハンビョウ,
10091111,ＨＴＬＶ－２検査陰性,HTLV2ケンサインセイ,
10091112,脛骨粗面移動術,ケイコツソメンイドウジュツ,
10091116,リノグラム,リノグラム,
10091118,胸筋インプラント挿入,キョウキンインプラントソウニュウ,
10091119,胚・胎児毒性,ハイタイジドクセイ,
10091122,非適格な供給者からの原料の使用,ヒテキカクナキョウキュウシャカラノゲンリョウノシヨウ,
10091123,製造設備の滅菌の問題,セイゾウセツビノメッキンノモンダイ,
10091124,製造試験室の分析試験法の管理の問題,セイゾウシケンシツノブンセキシケンホウノカンリノモンダイ,
10091131,回盲弁脂肪腫,カイモウベンシボウシュ,
10091132,真菌性小腸炎,シンキンセイショウチョウエン,
10091134,骨髄のマクロファージによる血球貪食像陽性,コツズイノマクロファージニヨルケッキュウドンショクゾウヨウセイ,
10091136,頚動脈形成不全,ケイドウミャクケイセイフゼン,
10091138,硝子体嵌頓症候群,ショウシタイカントンショウコウグン,
10091140,階段恐怖症,カイダンキョウフショウ,
10091145,非定型パーキンソニズム,ヒテイケイパーキンソニズム,
10091146,ネオエーリキア症,ネオエーリキアショウ,
10091148,門脈類洞血管障害,モンミャクルイドウケッカンショウガイ,
10091153,後根神経節障害,コウコンシンケイセツショウガイ,
10091154,アルギニン濃度減少,アルギニンノウドゲンショウ,
10091155,上縦隔症候群,ジョウジュウカクショウコウグン,
10091156,腸間膜生検,チョウカンマクセイケン,
10091159,心膜剥離,シンマクハクリ,
10091160,爪床修復,ソウショウシュウフク,
10091169,処方せん不要医薬品の使用の追加条件不履行,ショホウセンフヨウイヤクヒンノシヨウノツイカジョウケンフリコウ,
10091170,処方せん不要医薬品の使用の追加条件の問題,ショホウセンフヨウイヤクヒンノシヨウノツイカジョウケンノモンダイ,
10091172,側脳室のリング状結節,ソクノウシツノリングジョウケッセツ,
10091173,左側門脈圧亢進症,サソクモンミャクアツコウシンショウ,
10091179,粘膜内シュワン細胞性過誤腫,ネンマクナイシュワンサイボウセイカゴシュ,
10091180,膝軟骨下骨形成,シツナンコツカコツケイセイ,ヒザナンコツカコツケイセイ
10091181,涙液機能不全症候群,ルイエキキノウフゼンショウコウグン,
10091182,首振り人形症候群,クビフリニンギョウショウコウグン,
10091183,シスタチンＣ減少,シスタチンCゲンショウ,
10091185,血管反応性試験,ケッカンハンノウセイシケン,
10091190,人工脊椎使用者,ジンコウセキツイシヨウシャ,
10091195,クーレン・ド・フリース症候群,クーレンドフリースショウコウグン,
10091196,頭部固定,トウブコテイ,
10091198,マヤロウイルス病,マヤロウイルスビョウ,
10091204,涙器洗浄,ルイキセンジョウ,
10091205,処置による膵炎,ショチニヨルスイエン,
10091210,ループス網膜症,ループスモウマクショウ,
10091211,アムスラーグリッド検査,アムスラーグリッドケンサ,
10091212,心室憩室,シンシツケイシツ,
10091214,ホモバニリン酸増加,ホモバニリンサンゾウカ,
10091216,ペスカタリアン食,ペスカタリアンショク,
10091222,唾液腺筋上皮癌,ダエキセンキンジョウヒガン,
10091223,二房性胆嚢,ニボウセイタンノウ,
10091224,淋菌性タイソン腺炎,リンキンセイタイソンセンエン,
10091226,肩甲骨切除,ケンコウコツセツジョ,
10091228,脊椎ロッド矯正,セキツイロッドキョウセイ,
10091231,健康評価質問票スコア減少,ケンコウヒョウカシツモンヒョウスコアゲンショウ,
10091232,健康評価質問票スコア,ケンコウヒョウカシツモンヒョウスコア,
10091233,健康評価質問票スコア増加,ケンコウヒョウカシツモンヒョウスコアゾウカ,
10091234,ＢＡＳＤＡＩスコア減少,BASDAIスコアゲンショウ,
10091235,ＢＡＳＤＡＩスコア,BASDAIスコア,
10091236,ＢＡＳＤＡＩスコア増加,BASDAIスコアゾウカ,
10091246,月経てんかん,ゲッケイテンカン,
10091251,不妊手術を受けたパートナー,フニンシュジュツヲウケタパートナー,
10091252,ヒアルロン酸注入,ヒアルロンサンチュウニュウ,
10091256,耳下腺石灰化,ジカセンセッカイカ,
10091257,黄斑色素変化,オウハンシキソヘンカ,
10091258,耳管カテーテル挿入,ジカンカテーテルソウニュウ,
10091259,無顎症,ムガクショウ,
10091260,敗血症性急性腎障害,ハイケツショウセイキュウセイジンショウガイ,
10091261,硬膜形成術,コウマクケイセイジュツ,
10091262,眼の輪状締結術,メノリンジョウテイケツジュツ,
10091263,超音波内視鏡下肝胃吻合術,チョウオンパナイシキョウカカンイフンゴウジュツ,
10091264,Ｂ細胞系白血病／リンパ腫パネル検査,Bサイボウケイハッケツビョウリンパシュパネルケンサ,
10091270,ミュラー管嚢胞,ミュラーカンノウホウ,
10091271,骨形成術,コツケイセイジュツ,
10091275,心胸郭比減少,シンキョウカクヒゲンショウ,
10091276,界面液化腔症候群,カイメンエキカクウショウコウグン,
10091280,落屑性炎症性腟炎,ラクセツセイエンショウセイチツエン,
10091281,ヒト乳頭腫ウイルス再燃,ヒトニュウトウシュウイルスサイネン,
10091282,消化管自律神経腫瘍,ショウカカンジリツシンケイシュヨウ,
10091283,アイスパックテスト,アイスパックテスト,
10091284,日常生活動作評価,ニチジョウセイカツドウサヒョウカ,
10091285,副腎－腎融合,フクジンジンユウゴウ,
10091289,不整脈誘発性心筋症,フセイミャクユウハツセイシンキンショウ,
10091290,新生児代謝性骨疾患,シンセイジタイシャセイコツシッカン,
10091291,ストロフルス痒疹,ストロフルスヨウシン,
10091292,胎児尿路拡張,タイジニョウロカクチョウ,
10091295,ウィルムス腫瘍遺伝子検査,ウィルムスシュヨウイデンシケンサ,
10091298,バニリルマンデル酸減少,バニリルマンデルサンゲンショウ,
10091299,バニリルマンデル酸,バニリルマンデルサン,
10091300,バニリルマンデル酸増加,バニリルマンデルサンゾウカ,
10091303,顔面神経炎,ガンメンシンケイエン,
10091307,ＣＨＤ４関連神経発達症候群,CHD4カンレンシンケイハッタツショウコウグン,
10091309,左心耳内造影欠損,サシンジナイゾウエイケッソン,
10091310,膵周囲の炎症,スイシュウイノエンショウ,
10091317,喉頭ジスキネジア,コウトウジスキネジア,
10091319,腫瘍溶解性ウイルス療法,シュヨウヨウカイセイウイルスリョウホウ,
10091320,ピット・ホプキンス症候群,ピットホプキンスショウコウグン,
10091321,腫瘍炎症関連神経毒性,シュヨウエンショウカンレンシンケイドクセイ,
10091328,プレバイオティクス・ダイエット,プレバイオティクスダイエット,
10091342,角膜神経再生,カクマクシンケイサイセイ,
10091343,抗ヌクレオソーム抗体陽性,コウヌクレオソームコウタイヨウセイ,
10091349,下位交差症候群,カイコウサショウコウグン,
10091351,コンピュータ断層撮影静脈造影,コンピュータダンソウサツエイジョウミャクゾウエイ,
10091353,エクマン・ウエストボルグ・ジュリン症候群,エクマンウエストボルグジュリンショウコウグン,
10091354,眼歯指症候群、ラザファード型,ガンシシショウコウグンラザファードガタ,
10091355,ＧＡＰＯ症候群,GAPOショウコウグン,
10091361,副腎梗塞,フクジンコウソク,
10091363,バルタザールスコア,バルタザールスコア,
10091364,潜在妊娠,センザイニンシン,
10091365,眼角固定,ガンカクコテイ,
10091366,紡錘細胞型／硬化型横紋筋肉腫,ボウスイサイボウガタコウカガタオウモンキンニクシュ,
10091370,消失肺症候群,ショウシツハイショウコウグン,
10091371,産科検査,サンカケンサ,
10091374,免疫測定,メンエキソクテイ,
10091381,トランスフェリン受容体減少,トランスフェリンジュヨウタイゲンショウ,
10091386,肝管十二指腸吻合,カンカンジュウニシチョウフンゴウ,
10091389,ヘパリン結合蛋白増加,ヘパリンケツゴウタンパクゾウカ,
10091390,ＰＮＨクローン増加,PNHクローンゾウカ,
10091393,子宮胎盤急性アテローム症,シキュウタイバンキュウセイアテロームショウ,
10091394,コールドフラッシュ,コールドフラッシュ,
10091399,膀胱低悪性度乳頭状尿路上皮新生物,ボウコウテイアクセイドニュウトウジョウニョウロジョウヒシンセイブツ,
10091401,粒子線治療,リュウシセンチリョウ,
10091407,マイコバクテリウム・パラフィニカム感染,マイコバクテリウムパラフィニカムカンセン,
10091419,腓骨過成長,ヒコツカセイチョウ,
10091422,ＣＡＬＦＡＮ症候群,CALFANショウコウグン,
10091424,マキュージック・カウフマン症候群,マキュージックカウフマンショウコウグン,
10091425,早期警告スコア２,ソウキケイコクスコア2,
10091426,国際前立腺症状スコア増加,コクサイゼンリツセンショウジョウスコアゾウカ,
10091427,国際前立腺症状スコア,コクサイゼンリツセンショウジョウスコア,
10091433,体性痛,タイセイツウ,
10091434,ストマトコッカス検査,ストマトコッカスケンサ,
10091435,エンテロバクター検査,エンテロバクターケンサ,
10091436,歯膿瘍ドレナージ,シノウヨウドレナージ,
10091452,正中神経圧迫,セイチュウシンケイアッパク,
10091462,眼瞼変色,ガンケンヘンショク,
10091463,血清反応陰性脊椎関節炎,ケッセイハンノウインセイセキツイカンセツエン,
10091465,重複子宮頚部,ジュウフクシキュウケイブ,チョウフクシキュウケイブ
10091469,鼻部腫脹,ビブシュチョウ,
10091476,チャンディプラウイルス検査陽性,チャンディプラウイルスケンサヨウセイ,
10091477,チャンディプラウイルス感染,チャンディプラウイルスカンセン,
10091478,チャンディプラウイルス検査陰性,チャンディプラウイルスケンサインセイ,
10091487,人工虹彩移植,ジンコウコウサイイショク,
10091493,ヒト好中球リポカリン増加,ヒトコウチュウキュウリポカリンゾウカ,
10091496,捺印細胞診,ナツインサイボウシン,
10091497,ビエッティ結晶状ジストロフィー,ビエッティケッショウジョウジストロフィー,
10091498,胆汁円柱腎症,タンジュウエンチュウジンショウ,
10091502,共尾虫症,キョウビチュウショウ,
10091507,アリストロキア酸腎症,アリストロキアサンジンショウ,
10091509,甲状腺アブレーション,コウジョウセンアブレーション,
10091510,Ｂ症状,Bショウジョウ,
10091518,好気性腟炎,コウキセイチツエン,
10091522,ソルビトール不耐症,ソルビトールフタイショウ,
10091528,ウィッテフェーン・コルク症候群,ウィッテフェーンコルクショウコウグン,
10091529,クフォー・ラケブ症候群,クフォーラケブショウコウグン,
10091530,脳腱黄色腫症,ノウケンオウショクシュショウ,
10091531,ポワッサンウイルス感染,ポワッサンウイルスカンセン,
10091532,小児間質性肺疾患,ショウニカンシツセイハイシッカン,
10091533,眼卒中,ガンソッチュウ,
10091534,ポワッサンウイルス脳炎,ポワッサンウイルスノウエン,
10091535,神経原性肺水腫,シンケイゲンセイハイスイシュ,
10091536,ピンチオフ症候群,ピンチオフショウコウグン,
10091537,ヘリコバクター菌血症,ヘリコバクターキンケツショウ,
10091546,鼻腔内瘢痕,ビクウナイハンコン,
10091549,アルカノバクテリウム感染,アルカノバクテリウムカンセン,
10091550,アルカノバクテリウム検査,アルカノバクテリウムケンサ,
10091551,フロー・ボリューム曲線,フローボリュームキョクセン,
10091562,テルソン症候群,テルソンショウコウグン,
10091563,胸鎖乳突筋症候群,キョウサニュウトツキンショウコウグン,
10091567,クックス症候群,クックスショウコウグン,
10091572,乳腺良性葉状腫瘍,ニュウセンリョウセイヨウジョウシュヨウ,
10091574,卵管塞栓術,ランカンソクセンジュツ,
10091576,心因性食欲不振,シンインセイショクヨクフシン,
10091577,蛋白細胞解離陽性,タンパクサイボウカイリヨウセイ,
10091580,生体電気インピーダンス法,セイタイデンキインピーダンスホウ,
10091584,混合型網膜剥離,コンゴウガタモウマクハクリ,
10091585,鼻ほじり癖,ハナホジリヘキ,
10091586,ブルッフ膜石灰化,ブルッフマクセッカイカ,
10091587,強膜脈絡膜石灰化,キョウマクミャクラクマクセッカイカ,
10091595,予後不良,ヨゴフリョウ,
10091602,腫瘍随伴性類白血病反応,シュヨウズイハンセイルイハッケツビョウハンノウ,
10091605,乳探し反射不良,チチサガシハンシャフリョウ,
10091606,非対称性緊張性頚反射の残存,ヒタイショウセイキンチョウセイケイハンシャノザンゾン,
10091607,食後低血圧,ショクゴテイケツアツ,
10091616,硝子体嵌頓,ショウシタイカントン,
10091617,前立腺ＭＲＩ拡散強調画像異常,ゼンリツセンMRIカクサンキョウチョウガゾウイジョウ,
10091626,皮膚膠原性血管症,ヒフコウゲンセイケッカンショウ,
10091631,白血病神経浸潤,ハッケツビョウシンケイシンジュン,
10091633,背反射低下,ハイハンシャテイカ,
10091634,把握反射低下,ハアクハンシャテイカ,
10091635,足踏み反射低下,アシブミハンシャテイカ,
10091636,モロー反射低下,モローハンシャテイカ,
10091638,高分化型脂肪肉腫,コウブンカガタシボウニクシュ,
10091639,ＴＩＲ,TIR,
10091641,ＴＢＲ,TBR,
10091642,ＴＡＲ,TAR,
10091646,自発的オルガズム,ジハツテキオルガズム,
10091647,患肢温存手術,カンシオンゾンシュジュツ,
10091652,潰瘍性空腸炎,カイヨウセイクウチョウエン,
10091656,偽性ジストニア,ギセイジストニア,
10091658,ＮＰＨＰ３関連メッケル様症候群,NPHP3カンレンメッケルヨウショウコウグン,
10091661,眼毛包虫症,ガンモウホウチュウショウ,
10091664,日常生活動作低下,ニチジョウセイカツドウサテイカ,
10091665,胎児脳細胞移植,タイジノウサイボウイショク,
10091666,リガ・フェーデ病,リガフェーデビョウ,
10091667,乳房コンピュータ断層撮影,ニュウボウコンピュータダンソウサツエイ,
10091668,口腔顔面筋機能療法,コウクウガンメンキンキノウリョウホウ,コウコウガンメンキンキノウリョウホウ
10091669,眼・下顎・顔症候群,ガンカガクガンショウコウグン,
10091675,圧反射不全,アツハンシャフゼン,
10091676,結膜抗原誘発試験,ケツマクコウゲンユウハツシケン,
10091677,鼻粘膜抗原誘発試験,ビネンマクコウゲンユウハツシケン,
10091678,気管支抗原誘発試験,キカンシコウゲンユウハツシケン,
10091690,子宮頚部腺様基底細胞癌,シキュウケイブセンヨウキテイサイボウガン,
10091697,高地肺水腫,コウチハイスイシュ,
10091700,ベーレ・スティーブンソン脳回状頭皮症候群,ベーレスティーブンソンノウカイジョウトウヒショウコウグン,
10091701,結核性敗血症,ケッカクセイハイケツショウ,
10091702,ディエツ・ヨングマンズ症候群,ディエツヨングマンズショウコウグン,
10091714,Ｘ連鎖ジストニア・パーキンソニズム,Xレンサジストニアパーキンソニズム,
10091715,遅発性アカシジア,チハツセイアカシジア,
10091721,パスツレラ菌血症,パスツレラキンケツショウ,
10091728,筋膜下血腫,キンマクカケッシュ,
10091730,急性角膜水腫,キュウセイカクマクスイシュ,
10091731,一酸化窒素測定,イッサンカチッソソクテイ,
10091734,心臓性頭痛,シンゾウセイズツウ,
10091735,後天性無眼球症,コウテンセイムガンキュウショウ,
10091745,出血性蜂巣炎,シュッケツセイホウソウエン,
10091748,角膜酸素欠乏,カクマクサンソケツボウ,
10091749,ハーベイ・ブラッドショー指数減少,ハーベイブラッドショーシスウゲンショウ,
10091750,ヤンセン・ド・フリース症候群,ヤンセンドフリースショウコウグン,
10091751,ハーベイ・ブラッドショー指数増加,ハーベイブラッドショーシスウゾウカ,
10091752,限局性強膜結節,ゲンキョクセイキョウマクケッセツ,
10091754,疾患活動性スコア,シッカンカツドウセイスコア,
10091765,肝偽脂肪腫,カンギシボウシュ,
10091767,ＭＥＴ遺伝子エクソン１４スキッピング変異陰性,METイデンシエクソン14スキッピングヘンイインセイ,
10091768,ＭＥＴ融合遺伝子癌,METユウゴウイデンシガン,
10091769,ＭＥＴ遺伝子エクソン１４スキッピング変異検査,METイデンシエクソン14スキッピングヘンイケンサ,
10091770,ＭＥＴ融合遺伝子陰性,METユウゴウイデンシインセイ,
10091771,ＭＥＴ遺伝子エクソン１４スキッピング変異,METイデンシエクソン14スキッピングヘンイ,
10091772,ＭＥＴ遺伝子増幅癌,METイデンシゾウフクガン,
10091773,ＭＥＴ遺伝子エクソン１４スキッピング変異陽性,METイデンシエクソン14スキッピングヘンイヨウセイ,
10091774,ＭＥＴ融合遺伝子検査,METユウゴウイデンシケンサ,
10091775,ＭＥＴ融合遺伝子過剰発現,METユウゴウイデンシカジョウハツゲン,
10091776,ＭＥＴ遺伝子エクソン１４スキッピング変異癌,METイデンシエクソン14スキッピングヘンイガン,
10091777,ＭＥＴ融合遺伝子陽性,METユウゴウイデンシヨウセイ,
10091779,Ｔ細胞性悪性腫瘍,Tサイボウセイアクセイシュヨウ,
10091780,デスミン遺伝子変異,デスミンイデンシヘンイ,
10091784,乳腺の構築の乱れ,ニュウセンノコウチクノミダレ,
10091785,網膜星状細胞腫,モウマクセイジョウサイボウシュ,
10091786,解離性心筋内血腫,カイリセイシンキンナイケッシュ,
10091797,サヴァン症候群,サヴァンショウコウグン,
10091800,低位歯,テイイシ,
10091801,口腔紅色肥厚症,コウクウコウショクヒコウショウ,コウコウコウショクヒコウショウ
10091803,相貌変形視,ソウボウヘンケイシ,
10091804,疾患寛解期,シッカンカンカイキ,
10091806,大動脈弁下膜切除,ダイドウミャクベンカマクセツジョ,
10091807,炎症性腸疾患に伴うぶどう膜炎,エンショウセイチョウシッカンニトモナウブドウマクエン,
10091808,シャピロ症候群,シャピロショウコウグン,
10091815,十二指腸結腸吻合,ジュウニシチョウケッチョウフンゴウ,
10091816,カプセル内視鏡滞留,カプセルナイシキョウタイリュウ,
10091818,乳腺内リンパ節腫脹,ニュウセンナイリンパセツシュチョウ,
10091821,前庭誘発筋電位検査,ゼンテイユウハツキンデンイケンサ,
10091825,間葉系幹細胞治療,カンヨウケイカンサイボウチリョウ,
10091834,悪性黒色腫第０期,アクセイコクショクシュダイ0キ,
10091835,変性心臓弁膜疾患,ヘンセイシンゾウベンマクシッカン,
10091840,結合組織病関連間質性肺疾患,ケツゴウソシキビョウカンレンカンシツセイハイシッカン,
10091844,播種性ノカルジア症,ハシュセイノカルジアショウ,
10091845,皮膚リンパ管型ノカルジア症,ヒフリンパカンガタノカルジアショウ,
10091850,尿中ビタミンＣ陽性,ニョウチュウビタミンCヨウセイ,
10091852,ウィルムス腫瘍遺伝子過剰発現,ウィルムスシュヨウイデンシカジョウハツゲン,
10091855,気管気管支,キカンキカンシ,
10091856,胃上皮下新生物,イジョウヒカシンセイブツ,
10091857,陰嚢膿瘤,インノウノウリュウ,
10091865,心室過興奮,シンシツカコウフン,
10091866,真菌性腹部感染,シンキンセイフクブカンセン,
10091867,感染性アクロコルドン,カンセンセイアクロコルドン,
10091869,シアノトキシン中毒,シアノトキシンチュウドク,
10091872,湿疹性口唇炎,シッシンセイコウシンエン,
10091874,ＩｇＧ欠損症,IgGケッソンショウ,
10091875,反応性感染性皮膚粘膜発疹,ハンノウセイカンセンセイヒフネンマクホッシン,ハンノウセイカンセンセイヒフネンマクハッシン
10091876,内耳低レベルレーザー療法,ナイジテイレベルレーザーリョウホウ,
10091877,ＷＡＧＲ症候群,WAGRショウコウグン,
10091880,慢性疾患代償不全,マンセイシッカンダイショウフゼン,
10091881,眼内レンズ膜切除,ガンナイレンズマクセツジョ,
10091886,睡眠関連律動性運動障害,スイミンカンレンリツドウセイウンドウショウガイ,
10091892,網膜血管芽腫,モウマクケッカンガシュ,
10091896,レジオネラ検査陰性,レジオネラケンサインセイ,
10091897,毛孔閉塞３徴候,モウコウヘイソク3チョウコウ,
10091898,門脈周囲線維症,モンミャクシュウイセンイショウ,
10091899,乳頭癌様核を有する非浸潤性甲状腺濾胞性腫瘍,ニュウトウガンヨウカクヲユウスルヒシンジュンセイコウジョウセンロホウセイシュヨウ,
10091900,四肢超音波検査,シシチョウオンパケンサ,
10091904,脈圧,ミャクアツ,
10091905,脂質管理,シシツカンリ,
10091906,粘膜刺激感,ネンマクシゲキカン,
10091909,椎弓形成術,ツイキュウケイセイジュツ,
10091911,四辺形間隙症候群,シヘンケイカンゲキショウコウグン,
10091913,家族性低カリウム血性アルカローシス,カゾクセイテイカリウムケッセイアルカローシス,カゾクセイテイカリウムケツセイアルカローシス
10091914,ＤＹＲＫ１Ａ症候群,DYRK1Aショウコウグン,
10091915,メイヨースコア,メイヨースコア,
10091921,不安評価尺度スコア異常,フアンヒョウカシャクドスコアイジョウ,
10091922,鰓眼顔症候群,サイガンガンショウコウグン,
10091928,頭皮生検,トウヒセイケン,
10091931,水晶体嚢膨張症候群,スイショウタイノウボウチョウショウコウグン,
10091932,もやもやエコー心,モヤモヤエコーシン,
10091936,頭蓋内静脈洞狭窄,トウガイナイジョウミャクドウキョウサク,
10091940,眼の扁平濾過胞,メノヘンペイロカホウ,
10091950,中心窩牽引複視症候群,チュウシンカケンインフクシショウコウグン,
10091954,過敏性回腸パウチ症候群,カビンセイカイチョウパウチショウコウグン,
10091955,骨クリーゼ,コツクリーゼ,
10091956,低悪性度乳頭状尿路上皮新生物,テイアクセイドニュウトウジョウニョウロジョウヒシンセイブツ,
10091957,尿素窒素分画排泄率,ニョウソチッソブンカクハイセツリツ,
10091958,結膜嚢胞切除術,ケツマクノウホウセツジョジュツ,
10091963,中心視野消失,チュウシンシヤショウシツ,
10091964,多瞳孔,タドウコウ,
10091965,房水異常流入,ボウスイイジョウリュウニュウ,
10091973,免疫麻痺,メンエキマヒ,
10091974,筋延長術,キンエンチョウジュツ,
10091976,子宮内膜間質結節,シキュウナイマクカンシツケッセツ,
10091977,心電図ＱＲＳ群交互脈,シンデンズQRSグンコウゴミャク,
10091980,マラリア血液スミア,マラリアケツエキスミア,
10091981,切開部位漿液腫,セッカイブイショウエキシュ,
10091982,自己腸再建手術,ジコチョウサイケンシュジュツ,
10091984,発症前１型糖尿病,ハッショウゼン1ガタトウニョウビョウ,ハッショウマエ1ガタトウニョウビョウ
10091988,外傷性前立腺損傷,ガイショウセイゼンリツセンソンショウ,
10091989,ＦＧＦＲ２遺伝子変異,FGFR2イデンシヘンイ,
10091990,ＦＧＦＲ３遺伝子過剰発現,FGFR3イデンシカジョウハツゲン,
10091991,ＦＧＦＲ１融合遺伝子検査,FGFR1ユウゴウイデンシケンサ,
10091992,ＦＧＦＲ３融合遺伝子検査陰性,FGFR3ユウゴウイデンシケンサインセイ,
10091993,ＦＧＦＲ４融合遺伝子検査陽性,FGFR4ユウゴウイデンシケンサヨウセイ,
10091994,ＦＧＦＲ１遺伝子変異,FGFR1イデンシヘンイ,
10091995,ＦＧＦＲ１遺伝子過剰発現,FGFR1イデンシカジョウハツゲン,
10091996,ＦＧＦＲ１融合遺伝子検査陰性,FGFR1ユウゴウイデンシケンサインセイ,
10091997,ＦＧＦＲ２融合遺伝子癌,FGFR2ユウゴウイデンシガン,
10091998,ＦＧＦＲ１遺伝子増幅,FGFR1イデンシゾウフク,
10091999,ＦＧＦＲ４遺伝子変異,FGFR4イデンシヘンイ,
10092000,ＦＧＦＲ１融合遺伝子検査陽性,FGFR1ユウゴウイデンシケンサヨウセイ,
10092001,ＦＧＦＲ２融合遺伝子検査陰性,FGFR2ユウゴウイデンシケンサインセイ,
10092002,ＦＧＦＲ３融合遺伝子検査,FGFR3ユウゴウイデンシケンサ,
10092003,ＦＧＦＲ４融合遺伝子検査陰性,FGFR4ユウゴウイデンシケンサインセイ,
10092004,ＦＧＦＲ３融合遺伝子癌,FGFR3ユウゴウイデンシガン,
10092005,ＦＧＦＲ３遺伝子増幅,FGFR3イデンシゾウフク,
10092006,ＦＧＦＲ４遺伝子増幅,FGFR4イデンシゾウフク,
10092007,ＦＧＦＲ２遺伝子過剰発現,FGFR2イデンシカジョウハツゲン,
10092008,ＦＧＦＲ３融合遺伝子検査陽性,FGFR3ユウゴウイデンシケンサヨウセイ,
10092009,ＦＧＦＲ４遺伝子過剰発現,FGFR4イデンシカジョウハツゲン,
10092010,ＦＧＦＲ２融合遺伝子検査陽性,FGFR2ユウゴウイデンシケンサヨウセイ,
10092011,ＦＧＦＲ２融合遺伝子検査,FGFR2ユウゴウイデンシケンサ,
10092012,ＦＧＦＲ４融合遺伝子検査,FGFR4ユウゴウイデンシケンサ,
10092013,ＦＧＦＲ１融合遺伝子癌,FGFR1ユウゴウイデンシガン,
10092014,ＦＧＦＲ４融合遺伝子癌,FGFR4ユウゴウイデンシガン,
10092015,ＦＧＦＲ２遺伝子増幅,FGFR2イデンシゾウフク,
10092017,静脈拍動,ジョウミャクハクドウ,
10092018,製品無効,セイヒンムコウ,
10092021,ＨＥＲ２超低発現乳癌,HER2チョウテイハツゲンニュウガン,
10092022,ハンタウイルス検査,ハンタウイルスケンサ,
10092023,プーマラウイルス検査,プーマラウイルスケンサ,
10092025,胆嚢癒着,タンノウユチャク,
10092028,ＯＰＲＭ１遺伝子多型,OPRM1イデンシタケイ,
10092035,ヘモグロビンＤ,ヘモグロビンD,
10092039,メンデル遺伝型マイコバクテリア易感染症,メンデルイデンガタマイコバクテリアイカンセンショウ,
10092040,ＢＣＧ感染,BCGカンセン,
10092044,輪状咽頭筋圧痕像,リンジョウイントウキンアッコンゾウ,
10092046,遺伝学的検査,イデンガクテキケンサ,
10092048,ヒップ周囲径,ヒップシュウイケイ,
10092055,内転筋管症候群,ナイテンキンカンショウコウグン,
10092056,肺動脈内膜肉腫,ハイドウミャクナイマクニクシュ,
10092058,胸膜癒着剥離,キョウマクユチャクハクリ,
10092059,大動脈弓置換,ダイドウミャクキュウチカン,
10092061,眼窩周囲湿疹,ガンカシュウイシッシン,
10092062,閉経後骨量減少症,ヘイケイゴコツリョウゲンショウショウ,
10092063,混合型精巣性索間質性腫瘍,コンゴウガタセイソウセイサクカンシツセイシュヨウ,
10092065,ヘルスケア関連感染,ヘルスケアカンレンカンセン,
10092066,組込み部位分析,クミコミブイブンセキ,
10092067,ウイルス性尿道炎,ウイルスセイニョウドウエン,
10092068,肛門直腸ポリープ,コウモンチョクチョウポリープ,
10092069,片側骨端固定術,ヘンソクコッタンコテイジュツ,
10092070,遅発性の子宮内膜アブレーションの失敗,チハツセイノシキュウナイマクアブレーションノシッパイ,
10092085,不適切なバッチ製造記録,フテキセツナバッチセイゾウキロク,
10092086,規格外試験結果の不適切な管理,キカクガイシケンケッカノフテキセツナカンリ,
10092092,睡眠関連呼吸障害,スイミンカンレンコキュウショウガイ,
10092093,ショートタンデムリピート検査,ショートタンデムリピートケンサ,
10092094,放射線骨損傷,ホウシャセンコツソンショウ,
10092095,トランスフェリン飽和度正常,トランスフェリンホウワドセイジョウ,
10092096,不飽和鉄結合能正常,フホウワテツケツゴウノウセイジョウ,
10092097,偽性高血圧,ギセイコウケツアツ,
10092098,肢延長術,シエンチョウジュツ,
10092099,ＢＡＳＦＩスコア,BASFIスコア,
10092100,ＢＡＳＦＩスコア増加,BASFIスコアゾウカ,
10092106,先天性クロール下痢症,センテンセイクロールゲリショウ,
10092108,喀毛症,カクモウショウ,
10092109,寒冷昇圧試験,カンレイショウアツシケン,
10092110,糖原病ＸＩ型,トウゲンビョウ11ガタ,
10092112,膀胱癒着,ボウコウユチャク,
10092116,可溶性ＳＴ２増加,カヨウセイST2ゾウカ,
10092118,腹腔動脈切除,フククウドウミャクセツジョ,フックウドウミャクセツジョ
10092119,バルトリン腺の小細胞神経内分泌癌,バルトリンセンノショウサイボウシンケイナイブンピガン,バルトリンセンノショウサイボウシンケイナイブンピツガン
10092122,胆管切除,タンカンセツジョ,
10092124,膀胱内凝血除去,ボウコウナイギョウケツジョキョ,
10092126,先端線維角化腫,センタンセンイカクカシュ,
10092127,急性壊死性脳症,キュウセイエシセイノウショウ,
10092128,経食道心臓刺激,ケイショクドウシンゾウシゲキ,
10092137,ヒストプラスマ検査,ヒストプラスマケンサ,
10092146,糞線虫検査,フンセンチュウケンサ,
10092147,発作性ジスキネジア,ホッサセイジスキネジア,
10092151,リンパ節梗塞,リンパセツコウソク,
10092152,直腸シェービング,チョクチョウシェービング,
10092153,グリソン鞘切離,グリソンショウセツリ,
10092154,高位頚静脈球,コウイケイジョウミャクキュウ,
10092155,皮下液体貯留,ヒカエキタイチョリュウ,
10092156,肺疾患の感染性増悪,ハイシッカンノカンセンセイゾウアク,
10092157,進行性波状角膜上皮症,シンコウセイハジョウカクマクジョウヒショウ,
10092165,駆出率が改善した心不全,クシュツリツガカイゼンシタシンフゼン,
10092168,ウイルスの染色体組込み,ウイルスノセンショクタイクミコミ,
10092171,ニコチン製品使用者,ニコチンセイヒンシヨウシャ,
10092172,ＡＳＸＬ３遺伝子変異,ASXL3イデンシヘンイ,
10092176,卵巣サイズ小,ランソウサイズショウ,
10092178,気管皮膚瘻,キカンヒフロウ,
10092182,肺残気量減少,ハイザンキリョウゲンショウ,
10092186,放射線性尿道炎,ホウシャセンセイニョウドウエン,
10092187,腸リンパ管腫,チョウリンパカンシュ,
10092188,クリスタルセラピー,クリスタルセラピー,
10092189,子宮広間膜障害,シキュウコウカンマクショウガイ,
10092191,抗ＩｇＬＯＮ５抗体関連疾患,コウIgLON5コウタイカンレンシッカン,
10092193,精巣内精子採取術,セイソウナイセイシサイシュジュツ,
10092197,マイコバクテリウム・マリナム肉芽腫,マイコバクテリウムマリナムニクゲシュ,
10092201,口蓋瘻,コウガイロウ,
10092202,結膜スワブ,ケツマクスワブ,
10092203,切除不能癌,セツジョフノウガン,
10092207,ＡＴＭ遺伝子変異,ATMイデンシヘンイ,
10092208,脳脊髄液漏修復,ノウセキズイエキロウシュウフク,
10092209,外毛根鞘癌,ガイモウコンショウガン,
10092210,靱帯結合断裂,ジンタイケツゴウダンレツ,
10092211,僧帽弁副組織,ソウボウベンフクソシキ,
10092216,シャント造影,シャントゾウエイ,
10092217,妊孕性温存,ニンヨウセイオンゾン,
10092218,アキュポトミー,アキュポトミー,
10092220,頚動脈圧迫,ケイドウミャクアッパク,
10092226,眼内視鏡検査,ガンナイシキョウケンサ,
10092227,気腫性膵炎,キシュセイスイエン,
10092229,リンパ浮腫胆汁うっ滞症候群１,リンパフシュタンジュウウッタイショウコウグン1,
10092230,２－アミノアジピン酸および２－オキソアジピン酸尿症,2アミノアジピンサンオヨビ2オキソアジピンサンニョウショウ,
10092242,腹腔動脈ステント挿入,フククウドウミャクステントソウニュウ,フックウドウミャクステントソウニュウ
10092250,妊娠正期,ニンシンセイキ,
10092254,マイボーム腺圧出法,マイボームセンアッシュツホウ,
10092260,脊椎動的安定化デバイス挿入,セキツイドウテキアンテイカデバイスソウニュウ,
10092263,腸管リポフスチン症,チョウカンリポフスチンショウ,
10092264,心臓植込み型電子機器動作停止,シンゾウウエコミガタデンシキキドウサテイシ,
10092284,顎下腺腫大,ガッカセンシュダイ,ガクカセンシュダイ
10092285,ヒトメタニューモウイルス検査陰性,ヒトメタニューモウイルスケンサインセイ,
10092286,アデノウイルス検査陰性,アデノウイルスケンサインセイ,
10092287,ヒトライノウイルス検査陰性,ヒトライノウイルスケンサインセイ,
10092293,ピリドキサミン５’－リン酸オキシダーゼ欠損症,ピリドキサミン5リンサンオキシダーゼケッソンショウ,
10092295,ガラクトースエピメラーゼ欠損症,ガラクトースエピメラーゼケッソンショウ,
10092296,内転母指,ナイテンボシ,
10092297,同種免疫性溶血性貧血,ドウシュメンエキセイヨウケツセイヒンケツ,
10092303,クリプトコッカス感染後炎症反応症候群,クリプトコッカスカンセンゴエンショウハンノウショウコウグン,
10092305,社会経済的不安定性,シャカイケイザイテキフアンテイセイ,
10092309,危険意識の欠如,キケンイシキノケツジョ,
10092311,椎骨脳底動脈硬化症,ツイコツノウテイドウミャクコウカショウ,
10092314,無認可のプロバイダーによって調剤された製品,ムニンカノプロバイダーニヨッテチョウザイサレタセイヒン,
10092315,不適切な設定での製品投与,フテキセツナセッテイデノセイヒントウヨ,
10092316,無認可のプロバイダーによって処方された製品,ムニンカノプロバイダーニヨッテショホウサレタセイヒン,
10092321,無機能腎,ムキノウジン,
10092322,胃の神経内分泌細胞過形成,イノシンケイナイブンピサイボウカケイセイ,イノシンケイナイブンピツサイボウカケイセイ
10092323,頚部－舌症候群,ケイブゼツショウコウグン,
10092325,ルコント法,ルコントホウ,
10092326,僧帽弁騎乗,ソウボウベンキジョウ,
10092327,肺動脈絞扼解除術,ハイドウミャクコウヤクカイジョジュツ,
10092328,二心室転換術,ニシンシツテンカンジュツ,
10092329,心房中隔欠損作成術,シンボウチュウカクケッソンサクセイジュツ,
10092332,口腔咽頭紅斑,コウクウイントウコウハン,コウコウイントウコウハン
10092338,克山病,コクサンビョウ,
10092339,脊髄くも膜下硬膜外併用麻酔,セキズイクモマクカコウマクガイヘイヨウマスイ,
10092341,男性生殖器検査,ダンセイセイショクキケンサ,
10092344,角膜染色検査スコア,カクマクセンショクケンサスコア,
10092345,角膜染色検査スコア異常,カクマクセンショクケンサスコアイジョウ,
10092350,高ホスファターゼ症－知的障害症候群,コウホスファターゼショウチテキショウガイショウコウグン,
10092352,アフリカ・トリパノソーマ症再発,アフリカトリパノソーマショウサイハツ,
10092357,心房中隔ステント留置,シンボウチュウカクステントリュウチ,
10092358,メタニューモウイルス気管支炎,メタニューモウイルスキカンシエン,
10092360,一時的バルーン閉塞試験,イチジテキバルーンヘイソクシケン,
10092361,腫瘍随伴性心膜炎,シュヨウズイハンセイシンマクエン,
10092373,湿疹面積・重症度指数,シッシンメンセキジュウショウドシスウ,
10092374,偶発滑液包,グウハツカツエキホウ,
10092375,トリコモナス検査,トリコモナスケンサ,
10092376,ウレアプラズマ検査,ウレアプラズマケンサ,
10092377,巨大腎杯症,キョダイジンパイショウ,
10092378,毛包周囲炎,モウホウシュウイエン,
10092380,区域性憩室関連大腸炎,クイキセイケイシツカンレンダイチョウエン,
10092383,粗な顔貌,ソナガンボウ,
10092384,気管移植,キカンイショク,
10092385,リヒテンシュタイン病,リヒテンシュタインビョウ,
10092386,眼窩内動静脈奇形,ガンカナイドウジョウミャクキケイ,
10092387,肺静脈瘤,ハイジョウミャクリュウ,
10092395,１７ｑ１２微細欠失症候群,17q12ビサイケッシツショウコクグン,
10092398,角膜失明,カクマクシツメイ,
10092399,全身写真撮影,ゼンシンシャシンサツエイ,
10092400,結腸内バイパス,ケッチョウナイバイパス,
10092401,組織トランスグルタミナーゼＩｇＡ抗体検査,ソシキトランスグルタミナーゼIgAコウタイケンサ,
10092402,ゲメラ性菌血症,ゲメラセイキンケツショウ,
10092403,ゲメラ属細菌検査,ゲメラゾクサイキンケンサ,
10092423,卵巣機能温存,ランソウキノウオンゾン,
10092431,機能的半球離断術,キノウテキハンキュウリダンジュツ,
10092432,透明中隔穿孔術,トウメイチュウカクセンコウジュツ,
10092433,網膜過誤腫,モウマクカゴシュ,
10092434,モノソミー２２,モノソミー22,
10092435,胆汁胸,タンジュウキョウ,
10092436,精神運動遅滞と特徴的顔貌を伴う小児筋緊張低下,セイシンウンドウチタイトトクチョウテキガンボウヲトモナウショウニキンキンチョウテイカ,
10092437,視神経乳頭過誤腫,シシンケイニュウトウカゴシュ,
10092450,非感染性毛包炎,ヒカンセンセイモウホウエン,
10092451,残気率上昇,ザンキリツジョウショウ,
10092455,動静脈奇形クリッピング,ドウジョウミャクキケイクリッピング,
10092456,肺エントラップメント,ハイエントラップメント,
10092458,無力奇形精子症,ムリョクキケイセイシショウ,
10092459,陰茎形成術,インケイケイセイジュツ,
10092460,卵巣悪性腫瘍推定値上昇,ランソウアクセイシュヨウスイテイチジョウショウ,
10092461,卵巣悪性腫瘍推定値低下,ランソウアクセイシュヨウスイテイチテイカ,
10092462,膝動脈塞栓術,シツドウミャクソクセンジュツ,
10092472,食道静脈性血管瘤,ショクドウジョウミャクセイケッカンリュウ,
10092476,微細嚢胞黄斑浮腫,ビサイノウホウオウハンフシュ,
10092479,フルオレセイン消失試験,フルオレセインショウシツシケン,
10092481,代謝性白内障,タイシャセイハクナイショウ,
10092483,ホルモン受容体陽性ＨＥＲ２陽性乳癌,ホルモンジュヨウタイヨウセイHER2ヨウセイニュウガン,
10092501,遠隔転移を伴う神経内分泌腫瘍,エンカクテンイヲトモナウシンケイナイブンピシュヨウ,エンカクテンイヲトモナウシンケイナイブンピツシュヨウ
10092504,遠隔転移を伴う膵・消化管神経内分泌腫瘍,エンカクテンイヲトモナウスイショウカカンシンケイナイブンピシュヨウ,エンカクテンイヲトモナウスイショウカカンシンケイナイブンピツシュヨウ
10092514,抗アシアロ糖蛋白受容体抗体,コウアシアロトウタンパクジュヨウタイコウタイ,
10092515,リシン中毒,リシンチュウドク,
10092516,総肺静脈還流異常修復,ソウハイジョウミャクカンリュウイジョウシュウフク,
10092517,安井法,ヤスイホウ,
10092520,肺毛細血管拡張症,ハイモウサイケッカンカクチョウショウ,
10092526,尿路変向術,ニョウロヘンコウジュツ,
10092540,血清糖化蛋白減少,ケッセイトウカタンパクゲンショウ,
10092541,胃腺癌第４期,イセンガンダイ4キ,
10092543,アルドステロン／レニン比増加,アルドステロンレニンヒゾウカ,
10092546,椎骨脳底動脈狭窄,ツイコツノウテイドウミャクキョウサク,
10092547,低カリウム血症性腎症,テイカリウムケッショウセイジンショウ,テイカリウムケツショウセイジンショウ
10092549,リッチャー・シンツェル症候群,リッチャーシンツェルショウコウグン,
10092552,走査型レーザー検眼鏡検査,ソウサガタレーザーケンガンキョウケンサ,
10092553,心膜皮膚瘻,シンマクヒフロウ,
10092556,心室中隔の左方偏位,シンシツチュウカクノサホウヘンイ,
10092557,大型血小板数減少,オオガタケッショウバンスウゲンショウ,
10092559,視床下部性肥満,シショウカブセイヒマン,
10092567,経口食塩負荷試験,ケイコウショクエンフカシケン,
10092568,ＳＣＮ１１Ａ遺伝子変異,SCN11Aイデンシヘンイ,
10092569,腫瘍内注射,シュヨウナイチュウシャ,
10092572,胸壁超音波検査,キョウヘキチョウオンパケンサ,
10092574,尿道海綿体形成術,ニョウドウカイメンタイケイセイジュツ,
10092579,視神経乳頭浮腫,シシンケイニュウトウフシュ,
10092581,子宮筋層菲薄化,シキュウキンソウヒハクカ,
10092584,後天性動静脈奇形,コウテンセイドウジョウミャクキケイ,
10092586,多臓器不全評価スコア,タゾウキフゼンヒョウカスコア,
10092588,ハイパーファンタジア,ハイパーファンタジア,
10092590,内頚静脈狭窄,ナイケイジョウミャクキョウサク,
10092591,免疫エフェクター細胞脳症スコア正常,メンエキエフェクターサイボウノウショウスコアセイジョウ,
10092592,免疫エフェクター細胞脳症スコア異常,メンエキエフェクターサイボウノウショウスコアイジョウ,
10092594,肩甲上神経障害,ケンコウジョウシンケイショウガイ,
10092595,コクシジオイデス検査,コクシジオイデスケンサ,
10092598,光学式顕微内視鏡検査,コウガクシキケンビナイシキョウケンサ,
10092599,複雑性憩室炎,フクザツセイケイシツエン,
10092600,放射線性腹膜炎,ホウシャセンセイフクマクエン,
10092605,浸透圧性腎症,シントウアツセイジンショウ,
10092606,侵襲性肺炎球菌感染症,シンシュウセイハイエンキュウキンカンセンショウ,
10092608,ガルベストン見当識・健忘検査,ガルベストンケントウシキケンボウケンサ,
10092611,製品情報内容に関する苦情,セイヒンジョウホウナイヨウニカンスルクジョウ,
10092612,ＡＳＴ／ＡＬＴ比増加,ASTALTヒゾウカ,
10092615,家族性低βリポ蛋白血症,カゾクセイテイベータリポタンパクケッショウ,カゾクセイテイベータリポタンパクケツショウ
10092619,甲状腺視神経症,コウジョウセンシシンケイショウ,
10092622,気道加湿,キドウカシツ,
10092623,隅角穿刺術,グウカクセンシジュツ,
10092626,着用型除細動器療法,チャクヨウガタジョサイドウキリョウホウ,
10092630,口角形成術,コウカクケイセイジュツ,
10092639,パラインフルエンザウイルス検査陽性,パラインフルエンザウイルスケンサヨウセイ,
10092640,パラインフルエンザウイルス検査,パラインフルエンザウイルスケンサ,
10092641,パラインフルエンザウイルス検査陰性,パラインフルエンザウイルスケンサインセイ,
10092644,鼻涙管空気逆流,ビルイカンクウキギャクリュウ,
10092645,精巣組織凍結保存,セイソウソシキトウケツホゾン,
10092647,コクリア感染,コクリアカンセン,
10092649,患者と医療機器間の相互作用の問題,カンジャトイリョウキキカンノソウゴサヨウノモンダイ,
10092650,医療機器の狭窄,イリョウキキノキョウサク,
10092651,製造中の医療機器の組み立て過誤,セイゾウチュウノイリョウキキノクミタテカゴ,
10092653,医療機器の出力の問題,イリョウキキノシュツリョクノモンダイ,
10092655,肥満手術後低血糖,ヒマンシュジュツゴテイケットウ,
10092661,肺粘液性類表皮癌,ハイネンエキセイルイヒョウヒガン,
10092663,手の握り込み,テノニギリコミ,
10092665,微小肺動静脈瘻,ビショウハイドウジョウミャクロウ,
10092667,キメリズム検査,キメリズムケンサ,
10092680,非定型欠神発作,ヒテイケイケッシンホッサ,
10092683,前臨床期心不全,ゼンリンショウキシンフゼン,
10092693,低置胎盤,テイチタイバン,
10092700,せつ切除,セツセツジョ,
10092701,ジペプチジルペプチダーゼＩＶ増加,ジペプチジルペプチダーゼ4ゾウカ,
10092702,ジペプチジルペプチダーゼＩＶ,ジペプチジルペプチダーゼ4,
10092703,出血熱ウイルスパネル検査,シュッケツネツウイルスパネルケンサ,
10092704,ＣＤ３リンパ球,CD3リンパキュウ,
10092705,ＣＤ１９リンパ球,CD19リンパキュウ,
10092706,グルタチオン還元酵素活性測定,グルタチオンカンゲンコウソカッセイソクテイ,
10092707,子宮病変部切除,シキュウビョウヘンブセツジョ,
10092720,製品乾燥剤の問題,セイヒンカンソウザイノモンダイ,
10092722,ＡＬＤＥＮスコア,ALDENスコア,
10092725,角膜上皮症,カクマクジョウヒショウ,
10092728,ＰＴＥＮ過誤腫症候群,PTENカゴシュショウコウグン,
10092730,タウンズ・ブロックス症候群,タウンズブロックスショウコウグン,
10092731,輸液蘇生,ユエキソセイ,
10092733,ドナー由来セルフリーＤＮＡ増加,ドナーユライセルフリーDNAゾウカ,
10092740,腟結石,チツケッセキ,
10092741,ベール症候群,ベールショウコウグン,
10092744,ＢＣＧ骨髄炎,BCGコツズイエン,
10092746,アナルゴセデーション,アナルゴセデーション,
10092747,アレルギー体質,アレルギータイシツ,
10092757,篩骨洞瘻,シコツドウロウ,
10092758,気管壊死,キカンエシ,
10092759,腹胸部瘻,フクキョウブロウ,
10092760,扁桃壊死,ヘントウエシ,
10092761,鼻咽頭閉塞,ビイントウヘイソク,
10092762,前頭洞瘻,ゼントウドウロウ,
10092763,咽頭麻痺,イントウマヒ,
10092764,咽頭知覚過敏,イントウチカクカビン,
10092765,肺間質糖原病,ハイカンシツトウゲンビョウ,
10092766,肺小葉低形成,ハイショウヨウテイケイセイ,
10092767,脳・肺・甲状腺症候群,ノウハイコウジョウセンショウコウグン,
10092768,咽頭角化症,イントウカクカショウ,
10092769,気管の骨化,キカンノコツカ,キカンノコッカ
10092773,睫毛切除,ショウモウセツジョ,
10092774,鼻前庭狭窄,ビゼンテイキョウサク,
10092778,授乳時痛,ジュニュウジツウ,
10092784,失語発作,シツゴホッサ,
10092786,サーファクタント代謝異常,サーファクタントタイシャイジョウ,
10092787,ＣＡＲ－Ｔ細胞クローン増殖陽性,CARTサイボウクローンゾウショクヨウセイ,
10092791,骨軟骨形成術,コツナンコツケイセイジュツ,
10092792,胃十二指腸動脈塞栓術,イジュウニシチョウドウミャクソクセンジュツ,
10092793,エンテログラフィ,エンテログラフィ,
10092801,ノロウイルス検査陰性,ノロウイルスケンサインセイ,
10092802,良性家族性乳児てんかん,リョウセイカゾクセイニュウジテンカン,
10092803,ＲｅｇｉＳＣＡＲスコア,RegiSCARスコア,
10092804,声帯嚢胞切除,セイタイノウホウセツジョ,
10092806,低輝度欠損,テイキドケッソン,
10092807,鼠径部超音波検査,ソケイブチョウオンパケンサ,
10092811,白質消失病,ハクシツショウシツビョウ,
10092813,ＲＵＣＡＭスコア,RUCAMスコア,
10092818,後天性腎動静脈瘻,コウテンセイジンドウジョウミャクロウ,
10092819,鎖骨下動脈形成,サコツカドウミャクケイセイ,
10092820,腸管超音波検査,チョウカンチョウオンパケンサ,
10092821,筋肉内血管腫,キンニクナイケッカンシュ,
10092826,涙小管断裂,ルイショウカンダンレツ,
10092830,肝弯曲部授動,カンワンキョクブジュドウ,
10092832,シュワルツ・松尾症候群,シュワルツマツオショウコウグン,
10092834,進行性多巣性白質脳症－免疫再構築症候群,シンコウセイタソウセイハクシツノウショウメンエキサイコウチクショウコウグン,
10092839,強膜圧迫検査,キョウマクアッパクケンサ,
10092841,サギングアイ症候群,サギングアイショウコウグン,
10092847,汚染された製品の投与,オセンサレタセイヒンノトウヨ,
10092852,胆汁逆流性胃障害,タンジュウギャクリュウセイイショウガイ,
10092855,移植心冠動脈病変,イショクシンカンドウミャクビョウヘン,
10092856,肝被膜下液貯留,カンヒマクカエキチョリュウ,
10092857,移植関連血栓性微小血管症,イショクカンレンケッセンセイビショウケッカンショウ,
10092858,拡張期安静時冠内圧比,カクチョウキアンセイジカンナイアツヒ,
10092860,膝関節トルクの評価,シツカンセツトルクノヒョウカ,ヒザカンセツトルクノヒョウカ
10092861,肝静脈遮断術,カンジョウミャクシャダンジュツ,
10092862,唾液腺超音波検査,ダエキセンチョウオンパケンサ,
10092863,爪乳頭腫,ツメニュウトウシュ,
10092864,リン酸化タウ増加,リンサンカタウゾウカ,
10092866,泉門の早期閉鎖,センモンノソウキヘイサ,
10092869,頭血腫除去,トウケッシュジョキョ,
10092870,遠位大腿骨置換,エンイダイタイコツチカン,
10092879,播種性腹膜平滑筋腫症,ハシュセイフクマクヘイカツキンシュショウ,
10092880,緑膿菌性毛包炎,リョクノウキンセイモウホウエン,
10092888,自己免疫性胸膜炎,ジコメンエキセイキョウマクエン,
10092889,耳培養,ミミバイヨウ,
10092894,抗ＪＣウイルス抗体陽性,コウJCウイルスコウタイヨウセイ,
10092896,人工関節周囲感染,ジンコウカンセツシュウイカンセン,
10092897,アスペルギルス外耳炎,アスペルギルスガイジエン,
10092898,脾静脈拡張,ヒジョウミャクカクチョウ,
10092903,尿膜管結石,ニョウマクカンケッセキ,
10092905,レルミット・ダクロス病,レルミットダクロスビョウ,
10092906,ＨＣＮ１遺伝子変異,HCN1イデンシヘンイ,
10092907,不整脈原性心筋症,フセイミャクゲンセイシンキンショウ,
10092908,ＢＲＩＰ１遺伝子変異,BRIP1イデンシヘンイ,
10092909,下大静脈圧迫,カダイジョウミャクアッパク,
10092910,レチノール結合蛋白異常,レチノールケツゴウタンパクイジョウ,
10092912,細胞膨化致死毒素陽性,サイボウボウカチシドクソヨウセイ,
10092914,気道内視鏡検査,キドウナイシキョウケンサ,
10092920,移動補助,イドウホジョ,
10092922,装具使用,ソウグシヨウ,
10092926,棘間靱帯腫脹,キョクカンジンタイシュチョウ,キョッカンジンタイシュチョウ
10092927,乳腺腺症,ニュウセンセンショウ,
10092929,ペルゲル・フェット核異常,ペルゲルフェットカクイジョウ,
10092930,偽ペルゲル・フェット核異常,ギペルゲルフェットカクイジョウ,
10092934,ミオステアトーシス,ミオステアトーシス,
10092935,製品適用の問題,セイヒンテキヨウノモンダイ,
10092936,会陰浮腫,エインフシュ,
10092938,視覚性運動失調,シカクセイウンドウシッチョウ,
10092940,綴字障害,テイジショウガイ,テツジショウガイ
10092942,肺リンパ腫様肉芽腫症,ハイリンパシュヨウニクゲシュショウ,
10092950,呼吸ガス分析,コキュウガスブンセキ,
10092955,脾動脈出血,ヒドウミャクシュッケツ,
10092957,肺間質の肥厚,ハイカンシツノヒコウ,
10092959,医療機器設置過誤,イリョウキキセッチカゴ,
10092961,尿道ポリープ切除,ニョウドウポリープセツジョ,
10092963,α－Ｌ－フコシダーゼ検査,アルファLフコシダーゼケンサ,
10092970,増殖性レトロウイルス検査,ゾウショクセイレトロウイルスケンサ,
10092973,角膜上皮損傷,カクマクジョウヒソンショウ,
10092974,肝内リンパうっ滞,カンナイリンパウッタイ,
10092975,子宮内輸血,シキュウナイユケツ,
10092976,妊娠甲状腺機能低下症,ニンシンコウジョウセンキノウテイカショウ,
10092979,アポリポ蛋白Ｃ－ＩＩＩ増加,アポリポタンパクC3ゾウカ,
10092980,短テロメア症候群,タンテロメアショウコウグン,
10092982,形成腟出血,ケイセイチツシュッケツ,
10092986,胆道カンジダ症,タンドウカンジダショウ,
10092987,エピジェネティック変化,エピジェネティックヘンカ,
10092988,未承認国での製品使用,ミショウニンコクデノセイヒンシヨウ,
10092993,ランソンスコア,ランソンスコア,
10092994,グラスゴー・イムリースコア,グラスゴーイムリースコア,
10092995,ＭＳＩ－Ｈ／ｄＭＭＲ癌,MSIHdMMRガン,
10092998,異常角化,イジョウカクカ,
10092999,乳房カンジダ症,ニュウボウカンジダショウ,
10093002,脾硬化性血管腫様結節性形質転換,ヒコウカセイケッカンシュヨウケッセツセイケイシツテンカン,
10093003,発作後片頭痛,ホッサゴヘンズツウ,
10093007,上殿皮神経絞扼症候群,ジョウデンヒシンケイコウヤクショウコウグン,ジョウデンピシンケイコウヤクショウコウグン
10093009,悪性消化管間質腫瘍,アクセイショウカカンカンシツシュヨウ,
10093012,肛門直腸損傷,コウモンチョクチョウソンショウ,
10093015,アスパラギン酸βヒドロキシラーゼ増加,アスパラギンサンベータヒドロキシラーゼゾウカ,
10093017,多発性自然治癒性有棘細胞上皮腫,タハツセイシゼンチユセイユウキョクサイボウジョウヒシュ,
10093024,側腹部不快感,ソクフクブフカイカン,
10093026,頚動脈仮性動脈瘤,ケイドウミャクカセイドウミャクリュウ,
10093038,赤外分光分析,セキガイブンコウブンセキ,
10093040,クレアチンキナーゼＢＢ増加,クレアチンキナーゼBBゾウカ,
10093041,クレアチンキナーゼＢＢ,クレアチンキナーゼBB,
10093042,クレアチンキナーゼＭＭ増加,クレアチンキナーゼMMゾウカ,
10093043,クレアチンキナーゼＭＢ減少,クレアチンキナーゼMBゲンショウ,
10093044,クレアチンキナーゼＭＢ異常,クレアチンキナーゼMBイジョウ,
10093045,クレアチンキナーゼＭＭ減少,クレアチンキナーゼMMゲンショウ,
10093052,腸間膜切除,チョウカンマクセツジョ,
10093053,脾動脈硬化症,ヒドウミャクコウカショウ,
10093056,腹腔動脈解離,フククウドウミャクカイリ,フックウドウミャクカイリ
10093058,放射線眼損傷,ホウシャセンガンソンショウ,
10093066,慢性組織球性絨毛間炎,マンセイソシキキュウセイジュウモウカンエン,
10093074,肺トキソカラ症,ハイトキソカラショウ,
10093076,ＡＰＯＬ１遺伝子変異,APOL1イデンシヘンイ,
10093078,乾燥性気管炎,カンソウセイキカンエン,
10093079,常染色体優性低カルシウム血症１型,ジョウセンショクタイユウセイテイカルシウムケッショウ1ガタ,ジョウセンショクタイユウセイテイカルシウムケツショウ1ガタ
10093083,透析アクセス除去,トウセキアクセスジョキョ,
10093084,動静脈グラフト除去,ドウジョウミャクグラフトジョキョ,
10093085,動静脈グラフト移植,ドウジョウミャクグラフトイショク,
10093086,腎臓移植片対宿主病,ジンゾウイショクヘンタイシュクシュビョウ,
10093088,顔色関連メラノーシス,カオイロカンレンメラノーシス,
10093089,好酸球性細気管支炎,コウサンキュウセイサイキカンシエン,
10093090,前庭水管拡大症,ゼンテイスイカンカクダイショウ,
10093091,卵巣静脈拡張,ランソウジョウミャクカクチョウ,
10093092,肺動脈造影欠損,ハイドウミャクゾウエイケッソン,
10093100,良性新生物進行,リョウセイシンセイブツシンコウ,
10093101,外部の製造供給の管理の問題,ガイブノセイゾウキョウキュウノカンリノモンダイ,
10093102,セルバンクの問題,セルバンクノモンダイ,
10093103,細胞培養生産の問題,サイボウバイヨウセイサンノモンダイ,
10093104,無菌プロセスシミュレーションの問題,ムキンプロセスシミュレーションノモンダイ,
10093105,製造設備のメンテナンスの問題,セイゾウセツビノメンテナンスノモンダイ,
10093106,セルバンクの管理の問題,セルバンクノカンリノモンダイ,
10093107,製造時の細胞培養管理の問題,セイゾウジノサイボウバイヨウカンリノモンダイ,
10093121,眼内粒子,ガンナイリュウシ,
10093122,ＡＣＫＲ１遺伝子多型,ACKR1イデンシタケイ,
10093124,シュワン細胞腫症,シュワンサイボウシュショウ,
10093125,複数菌敗血症,フクスウキンハイケツショウ,
10093126,骨髄増殖性腫瘍の転化,コツズイゾウショクセイシュヨウノテンカ,
10093129,ナチュラルキラー／Ｔ細胞リンパ腫,ナチュラルキラーTサイボウリンパシュ,
10093134,殿部単純ヘルペス感染,デンブタンジュンヘルペスカンセン,
10093136,眼科用薬物送達機器留置,ガンカヨウヤクブツソウタツキキリュウチ,
10093138,尿中変形赤血球,ニョウチュウヘンケイセッケッキュウ,
10093139,医療機器の濾過の問題,イリョウキキノロカノモンダイ,
10093140,意図しない医療機器の互換性の問題,イトシナイイリョウキキノゴカンセイノモンダイ,
10093141,医療機器の電磁両立性の問題,イリョウキキノデンジリョウリツセイノモンダイ,
10093142,医療機器内の空気の問題,イリョウキキナイノクウキノモンダイ,
10093143,医療機器の機械部品の潤滑の問題,イリョウキキノキカイブヒンノジュンカツノモンダイ,
10093164,製造の適格性評価の問題,セイゾウノテキカクセイヒョウカノモンダイ,
10093165,製造のバリデーションの問題,セイゾウノバリデーションノモンダイ,
10093171,ヒストトリプシー,ヒストトリプシー,
10093176,ＢＩ－ＲＡＤＳ判定不能,BIRADSハンテイフノウ,
10093177,ＢＩ－ＲＡＤＳ陰性,BIRADSインセイ,
10093178,ＢＩ－ＲＡＤＳ異常あり,BIRADSイジョウアリ,
10093182,精巣放射線療法,セイソウホウシャセンリョウホウ,
10093185,Ｂ細胞性悪性腫瘍,Bサイボウセイアクセイシュヨウ,
10093186,高異型度漿液性卵巣癌,コウイケイドショウエキセイランソウガン,
10093188,後脊髄症候群,コウセキズイショウコウグン,
10093189,コレシストキニン胆道シンチグラフィ,コレシストキニンタンドウシンチグラフィ,
10093190,関節包切開術,カンセツホウセッカイジュツ,
10093191,バチルス検査,バチルスケンサ,
10093203,脂漏性メラノーシス,シロウセイメラノーシス,
10093210,疾患スティグマの懸念,シッカンスティグマノケネン,
10093211,脳卒中後不安,ノウソッチュウゴフアン,
10093222,マイクロソマトグノシア,マイクロソマトグノシア,
10093224,医療機器の不適合の問題,イリョウキキノフテキゴウノモンダイ,
10093225,医療機器の温度生産の問題,イリョウキキノオンドセイサンノモンダイ,
10093233,顔面中央部低形成,ガンメンチュウオウブテイケイセイ,
10093239,露髄,ロズイ,
10093245,肝静脈出血,カンジョウミャクシュッケツ,
10093246,腸管不全,チョウカンフゼン,
10093247,巨大十二指腸,キョダイジュウニシチョウ,
10093248,外傷性腹部臓器脱出,ガイショウセイフクブゾウキダッシュツ,
10093258,視覚誘発性動揺病,シカクユウハツセイドウヨウビョウ,
10093264,神秘体験,シンピタイケン,
10093265,洞察体験,ドウサツタイケン,
10093271,製造データ管理システムの問題,セイゾウデータカンリシステムノモンダイ,
10093278,シュードモナス検査陰性,シュードモナスケンサインセイ,
10093280,視神経石灰化,シシンケイセッカイカ,
10093281,サイトメガロウイルス気道感染,サイトメガロウイルスキドウカンセン,
10093284,心房細動のコンバージョンポーズ,シンボウサイドウノコンバージョンポーズ,
10093285,製品保管の問題,セイヒンホカンノモンダイ,
10093286,薬剤漸増漸減の問題,ヤクザイゼンゾウゼンゲンノモンダイ,
10093287,用量過誤,ヨウリョウカゴ,
10093288,医療機器の交付の問題,イリョウキキノコウフノモンダイ,
10093289,製品選択の問題,セイヒンセンタクノモンダイ,
10093290,医療機器のプログラミングの問題,イリョウキキノプログラミングノモンダイ,
10093291,重複治療の問題,ジュウフクチリョウノモンダイ,チョウフクチリョウノモンダイ
10093294,予想を上回る薬効,ヨソウヲウワマワルヤッコウ,
10093297,インターロイキン２受容体減少,インターロイキン2ジュヨウタイゲンショウ,
10093298,ベイトンスコア,ベイトンスコア,
10093299,アシルカルニチンプロファイル,アシルカルニチンプロファイル,
10093307,母子間のボンディング障害,ボシカンノボンディングショウガイ,
10093308,情報技術使用障害,ジョウホウギジュツシヨウショウガイ,
10093312,膀胱血管腫,ボウコウケッカンシュ,
10093314,製造における外部供給者の適格性の問題,セイゾウニオケルガイブキョウキュウシャノテキカクセイノモンダイ,
10093315,適切な根拠なく繰り返された分析試験,テキセツナコンキョナククリカエサレタブンセキシケン,
10093318,避妊中の破綻出血,ヒニンチュウノハタンシュケツ,
10093320,側頭頭頂後頭葉離断術,ソクトウトウチョウコウトウヨウリダンジュツ,
10093327,胆嚢コンピュータ断層撮影異常,タンノウコンピュータダンソウサツエイイジョウ,
10093330,母体のボディ・マス・インデックス正常,ボタイノボディマスインデックスセイジョウ,
10093335,ヒアリン閉塞性糸球体微小血管症,ヒアリンヘイソクセイシキュウタイビショウケッカンショウ,
10093336,外陰部形成術,ガイインブケイセイジュツ,
10093338,細菌精液症,サイキンセイエキショウ,
10093342,冠動脈血栓除去,カンドウミャクケッセンジョキョ,
10093343,適応外使用の疑い,テキオウガイシヨウノウタガイ,
10093357,ツツガ虫寄生,ツツガムシキセイ,
10093358,心房電気機械解離,シンボウデンキキカイカイリ,
10093362,未承認の使用に対する製品無効,ミショウニンノシヨウニタイスルセイヒンムコウ,
10093364,パキコロイド色素上皮症,パキコロイドシキソジョウヒショウ,
10093365,左室拡張終期容積,サシツカクチョウシュウキヨウセキ,
10093366,網膜下注射,モウマクカチュウシャ,
10093367,射精後尿検査,シャセイゴニョウケンサ,
10093368,靱帯浮腫,ジンタイフシュ,
10093377,いじめの被害者,イジメノヒガイシャ,
10093378,男性性器膿瘍,ダンセイセイキノウヨウ,
10093382,睡眠時棘徐波活性化を示す発達性てんかん性脳症,スイミンジキョクジョハカッセイカヲシメスハッタツセイテンカンセイノウショウ,
10093383,早期乳児発達性てんかん性脳症,ソウキニュウジハッタツセイテンカンセイノウショウ,
10093386,てんかん性陰性ミオクローヌス,テンカンセイインセイミオクローヌス,
10093387,両側強直間代発作,リョウソクキョウチョクカンダイホッサ,リョウソクキョウチョクカンタイホッサ
10093388,発作性麻痺,ホッサセイマヒ,
10093389,ミオクロニー強直間代発作,ミオクロニーキョウチョクカンダイホッサ,ミオクロニーキョウチョクカンタイホッサ
10093390,欠神強直間代発作,ケッシンキョウチョクカンダイホッサ,ケッシンキョウチョクカンタイホッサ
10093401,過誤により実施された製品使用過程における誤った技法,カゴニヨリジッシサレタセイヒンシヨウカテイニオケルアヤマッタギホウ,
